sale_time,amount_sold,payment_type
2025-05-22 14:53:00,18.0,Debit Card
2025-05-22 15:08:00,18.0,Pix
2025-05-22 16:05:00,6.0,Cash
2025-05-22 16:08:00,14.0,Credit Card
2025-05-22 16:12:00,16.0,Credit Card
2025-05-22 16:20:00,12.0,Credit Card
2025-05-22 16:21:00,16.0,Credit Card
2025-05-22 16:22:00,8.0,Debit Card
2025-05-22 16:36:00,18.0,Pix
2025-05-22 16:39:00,8.0,Debit Card
2025-05-22 16:44:00,8.0,Cash
2025-05-22 16:47:00,16.0,Debit Card
2025-05-22 16:58:00,8.0,Pix
2025-05-22 17:03:00,12.0,Cash
2025-05-22 18:08:00,8.0,Debit Card
2025-05-22 18:11:00,13.0,Cash
2025-05-22 18:11:00,8.0,Cash
2025-05-23 13:35:00,6.0,Credit Card
2025-05-23 13:50:00,4.5,Cash
2025-05-23 14:04:00,10.0,Debit Card
2025-05-23 14:07:00,16.0,Cash
2025-05-23 14:43:00,16.0,Cash
2025-05-23 15:01:00,14.0,Debit Card
2025-05-23 15:12:00,4.5,Cash
2025-05-23 15:14:00,8.0,Debit Card
2025-05-23 15:27:00,8.0,Debit Card
2025-05-23 15:34:00,22.0,Debit Card
2025-05-23 15:41:00,14.0,Debit Card
2025-05-23 15:44:00,22.0,Debit Card
2025-05-23 16:02:00,16.0,Pix
2025-05-23 16:06:00,12.0,Pix
2025-05-23 16:09:00,22.0,Pix
2025-05-23 16:10:00,4.0,Debit Card
2025-05-23 16:16:00,10.0,Debit Card
2025-05-23 16:20:00,26.0,Cash
2025-05-23 16:20:00,8.0,Pix
2025-05-23 16:28:00,8.0,Pix
2025-05-23 16:29:00,10.0,Pix
2025-05-23 16:31:00,12.0,Pix
2025-05-23 16:35:00,23.0,Cash
2025-05-23 16:39:00,16.0,Debit Card
2025-05-23 16:52:00,32.0,Pix
2025-05-23 16:36:00,16.0,Debit Card
2025-05-23 17:11:00,8.0,Pix
2025-05-23 17:22:00,8.0,Pix
2025-05-23 17:57:00,8.0,Debit Card
2025-05-23 18:10:00,30.5,Pix
2025-05-23 18:33:00,10.0,Debit Card
2025-05-23 18:56:00,12.0,Cash
2025-05-24 10:54:00,6.0,Cash
2025-05-24 11:10:00,13.0,Pix
2025-05-24 11:53:00,8.0,Cash
2025-05-24 12:08:00,50.0,Debit Card
2025-05-24 12:10:00,8.0,Cash
2025-05-24 12:53:00,24.0,Pix
2025-05-24 12:59:00,6.0,Cash
2025-05-24 13:04:00,6.0,Pix
2025-05-24 13:17:00,10.0,Cash
2025-05-24 13:20:00,8.0,Cash
2025-05-24 13:26:00,13.0,Credit Card
2025-05-24 13:27:00,4.5,Debit Card
2025-05-24 13:34:00,6.0,Cash
2025-05-24 13:37:00,12.0,Cash
2025-05-24 13:47:00,8.0,Cash
2025-05-24 13:52:00,8.0,Cash
2025-05-24 13:52:00,16.0,Debit Card
2025-05-24 13:57:00,14.0,Credit Card
2025-05-24 13:57:00,8.0,Cash
2025-05-24 14:01:00,5.0,Cash
2025-05-24 15:24:00,8.0,Cash
2025-05-24 15:29:00,20.0,Cash
2025-05-24 15:39:00,28.0,Debit Card
2025-05-24 15:46:00,10.0,Cash
2025-05-24 15:52:00,25.0,Cash
2025-05-24 15:53:00,16.0,Cash
2025-05-24 15:53:00,10.0,Cash
2025-05-24 15:56:00,14.0,Credit Card
2025-05-24 16:01:00,12.0,Pix
2025-05-24 16:04:00,24.0,Pix
2025-05-24 16:05:00,12.0,Pix
2025-05-24 16:07:00,4.0,Cash
2025-05-24 16:09:00,6.0,Cash
2025-05-24 16:12:00,18.0,Pix
2025-05-24 16:15:00,14.0,Pix
2025-05-24 16:16:00,8.0,Pix
2025-05-24 16:23:00,8.0,Debit Card
2025-05-24 16:27:00,8.0,Credit Card
2025-05-24 16:30:00,4.0,Credit Card
2025-05-24 16:38:00,12.0,Cash
2025-05-24 16:40:00,16.0,Cash
2025-05-24 16:40:00,6.0,Debit Card
2025-05-24 16:49:00,18.0,Credit Card
2025-05-24 16:56:00,6.0,Cash
2025-05-24 17:00:00,8.0,Credit Card
2025-05-24 17:21:00,24.0,Debit Card
2025-05-24 17:24:00,10.0,Debit Card
2025-05-24 17:30:00,6.0,Cash
2025-05-24 17:36:00,16.0,Debit Card
2025-05-25 14:55:00,24.0,Pix
2025-05-25 15:08:00,4.5,Cash
2025-05-25 15:08:00,8.0,Cash
2025-05-25 15:11:00,22.0,Cash
2025-05-25 15:27:00,20.0,Debit Card
2025-05-25 15:36:00,6.0,Credit Card
2025-05-25 15:39:00,6.0,Debit Card
2025-05-25 15:53:00,22.0,Debit Card
2025-05-25 16:03:00,20.0,Debit Card
2025-05-25 16:18:00,12.0,Credit Card
2025-05-25 16:25:00,24.0,Debit Card
2025-05-25 16:28:00,22.0,Debit Card
2025-05-25 16:32:00,20.0,Debit Card
2025-05-25 16:37:00,10.0,Debit Card
2025-05-25 16:41:00,18.0,Debit Card
2025-05-25 16:41:00,13.0,Credit Card
2025-05-25 16:45:00,32.0,Cash
2025-05-25 16:46:00,8.0,Pix
2025-05-25 16:50:00,18.0,Debit Card
2025-05-25 16:51:00,16.0,Cash
2025-05-25 17:06:00,12.5,Credit Card
2025-05-25 17:31:00,24.5,Pix
2025-05-25 17:34:00,12.0,Pix
2025-05-25 17:39:00,16.0,Cash
2025-05-25 17:41:00,4.0,Cash
2025-05-25 17:43:00,10.5,Cash
2025-05-25 17:49:00,36.0,Cash
2025-05-25 17:50:00,24.0,Debit Card
2025-05-25 17:57:00,24.0,Debit Card
2025-05-25 18:19:00,31.0,Credit Card
2025-05-25 18:21:00,8.0,Cash
2025-05-25 18:24:00,24.0,Cash
2025-05-25 18:36:00,16.0,Credit Card
2025-05-25 18:37:00,32.0,Credit Card
2025-05-25 18:39:00,8.0,Cash
2025-05-25 18:48:00,8.0,Debit Card
2025-05-25 18:52:00,24.0,Pix
2025-05-26 14:27:00,8.0,Debit Card
2025-05-26 14:27:00,4.0,Cash
2025-05-26 14:32:00,5.0,Cash
2025-05-26 14:41:00,4.0,Cash
2025-05-26 14:49:00,14.0,Debit Card
2025-05-26 14:50:00,6.0,Cash
2025-05-26 14:57:00,4.0,Cash
2025-05-26 15:05:00,4.5,Cash
2025-05-26 15:20:00,6.0,Cash
2025-05-26 15:26:00,6.0,Debit Card
2025-05-26 15:30:00,6.0,Debit Card
2025-05-26 15:34:00,8.0,Credit Card
2025-05-26 15:37:00,4.0,Cash
2025-05-26 16:02:00,16.0,Debit Card
2025-05-26 16:03:00,6.0,Cash
2025-05-26 16:09:00,8.0,Cash
2025-05-26 16:33:00,8.0,Credit Card
2025-05-26 16:36:00,8.0,Debit Card
2025-05-26 16:45:00,20.0,Credit Card
2025-05-26 16:49:00,22.0,Credit Card
2025-05-26 16:49:00,16.0,Debit Card
2025-05-26 17:12:00,16.0,Cash
2025-05-26 17:15:00,4.5,Debit Card
2025-05-26 17:26:00,10.0,Pix
2025-05-26 17:26:00,8.0,Cash
2025-05-26 17:50:00,12.0,Pix
2025-05-26 18:01:00,6.0,Credit Card
2025-05-26 18:25:00,16.0,Debit Card
2025-05-26 18:33:00,14.0,Pix
2025-05-26 19:13:00,12.0,Cash
2025-05-26 16:21:00,16.0,Cash
2025-05-27 13:54:00,16.0,Pix
2025-05-27 14:00:00,4.0,Cash
2025-05-27 14:05:00,4.0,Cash
2025-05-27 14:27:00,10.0,Debit Card
2025-05-27 14:47:00,8.0,Cash
2025-05-27 14:53:00,10.0,Debit Card
2025-05-27 15:04:00,16.0,Debit Card
2025-05-27 15:22:00,32.0,Credit Card
2025-05-27 15:50:00,18.0,Cash
2025-05-27 16:08:00,16.0,Debit Card
2025-05-27 16:09:00,6.0,Pix
2025-05-27 16:48:00,12.0,Debit Card
2025-05-27 16:53:00,6.0,Credit Card
2025-05-27 17:08:00,16.0,Debit Card
2025-05-27 17:24:00,16.0,Cash
2025-05-27 17:38:00,30.0,Pix
2025-05-27 17:44:00,16.0,Pix
2025-05-27 18:21:00,34.0,Multiple
2025-05-27 18:22:00,12.0,Pix
2025-05-27 18:26:00,12.0,Debit Card
2025-05-27 18:31:00,8.0,Cash
2025-05-28 14:43:00,4.0,Cash
2025-05-29 14:51:00,10.0,Credit Card
2025-05-29 15:37:00,6.5,Cash
2025-05-29 15:44:00,15.5,Multiple
2025-05-29 16:03:00,9.0,Cash
2025-05-29 16:51:00,9.0,Debit Card
2025-05-30 15:27:00,12.0,Pix
2025-05-30 15:39:00,31.0,Debit Card
2025-05-30 15:40:00,18.0,Debit Card
2025-05-30 15:41:00,26.0,Cash
2025-05-30 15:55:00,9.0,Debit Card
2025-05-30 15:56:00,8.0,Debit Card
2025-05-30 15:57:00,6.0,Pix
2025-05-30 16:03:00,6.5,Pix
2025-05-30 16:15:00,18.0,Cash
2025-05-30 16:29:00,26.0,Cash
2025-05-30 16:43:00,27.0,Cash
2025-05-30 16:48:00,6.5,Cash
2025-05-30 16:51:00,9.0,Pix
2025-05-30 16:55:00,37.0,Debit Card
2025-05-30 17:02:00,26.0,Debit Card
2025-05-30 17:15:00,43.0,Cash
2025-05-30 17:19:00,9.0,Pix
2025-05-30 17:26:00,9.0,Pix
2025-05-30 17:26:00,18.0,Debit Card
2025-05-30 17:31:00,8.0,Cash
2025-05-30 17:36:00,18.0,Debit Card
2025-05-30 18:16:00,10.0,Debit Card
2025-05-30 18:27:00,8.5,Cash
2025-05-31 10:27:00,4.0,Credit Card
2025-05-31 10:53:00,18.0,Pix
2025-05-31 11:07:00,9.0,Debit Card
2025-05-31 11:30:00,28.0,Cash
2025-05-31 11:36:00,9.0,Credit Card
2025-05-31 11:39:00,18.0,Cash
2025-05-31 12:26:00,5.0,Cash
2025-05-31 12:46:00,18.0,Cash
2025-05-31 12:50:00,13.0,Debit Card
2025-05-31 13:05:00,16.0,Cash
2025-05-31 13:08:00,10.0,Debit Card
2025-05-31 13:15:00,18.0,Debit Card
2025-05-31 13:32:00,4.0,Debit Card
2025-05-31 13:48:00,2.0,Cash
2025-05-31 13:49:00,5.0,Cash
2025-05-31 14:08:00,54.0,Debit Card
2025-05-31 14:09:00,12.0,Debit Card
2025-05-31 14:18:00,19.0,Debit Card
2025-05-31 14:43:00,4.5,Pix
2025-05-31 14:57:00,29.0,Credit Card
2025-05-31 15:03:00,6.5,Cash
2025-05-31 15:15:00,42.0,Pix
2025-05-31 15:16:00,8.0,Credit Card
2025-05-31 15:40:00,46.0,Cash
2025-05-31 15:59:00,12.0,Credit Card
2025-05-31 16:26:00,4.0,Cash
2025-05-31 16:27:00,14.5,Debit Card
2025-05-31 16:32:00,28.0,Debit Card
2025-05-31 16:33:00,9.0,Pix
2025-05-31 16:33:00,9.0,Debit Card
2025-05-31 16:41:00,28.0,Debit Card
2025-05-31 16:42:00,43.0,Debit Card
2025-05-31 16:53:00,12.0,Credit Card
2025-05-31 16:58:00,28.0,Cash
2025-05-31 16:59:00,4.0,Debit Card
2025-05-31 17:05:00,9.0,Debit Card
2025-05-31 17:05:00,18.0,Credit Card
2025-05-31 17:17:00,19.0,Debit Card
2025-05-31 17:32:00,12.0,Cash
2025-05-31 17:33:00,10.0,Cash
2025-05-31 17:55:00,9.0,Debit Card
2025-05-31 17:57:00,22.0,Debit Card
2025-06-01 15:11:00,12.0,Multiple
2025-06-01 15:18:00,6.5,Debit Card
2025-06-01 15:23:00,6.0,Multiple
2025-06-01 15:26:00,35.0,Credit Card
2025-06-01 15:30:00,29.0,Debit Card
2025-06-01 15:35:00,12.5,Credit Card
2025-06-01 15:48:00,8.5,Cash
2025-06-01 15:50:00,13.0,Pix
2025-06-01 15:58:00,4.0,Cash
2025-06-01 16:01:00,18.0,Debit Card
2025-06-01 16:05:00,13.0,Cash
2025-06-01 16:11:00,6.0,Cash
2025-06-01 16:14:00,31.0,Debit Card
2025-06-01 16:16:00,14.0,Debit Card
2025-06-01 16:16:00,12.0,Cash
2025-06-01 16:19:00,14.0,Cash
2025-06-01 16:21:00,16.0,Pix
2025-06-01 16:25:00,20.0,Credit Card
2025-06-01 16:28:00,29.0,Cash
2025-06-01 16:30:00,14.0,Pix
2025-06-01 16:30:00,28.0,Credit Card
2025-06-01 16:36:00,17.0,Pix
2025-06-01 16:39:00,6.0,Cash
2025-06-01 16:42:00,18.0,Credit Card
2025-06-01 16:50:00,18.0,Debit Card
2025-06-01 16:50:00,18.0,Pix
2025-06-01 16:53:00,9.0,Cash
2025-06-01 16:59:00,9.0,Pix
2025-06-01 17:05:00,9.0,Cash
2025-06-01 17:20:00,23.0,Credit Card
2025-06-01 17:21:00,16.0,Pix
2025-06-01 17:27:00,18.0,Debit Card
2025-06-01 17:31:00,32.0,Debit Card
2025-06-01 17:39:00,27.0,Pix
2025-06-01 17:43:00,23.0,Pix
2025-06-01 17:54:00,28.0,Cash
2025-06-01 17:58:00,27.0,Credit Card
2025-06-01 18:06:00,18.0,Debit Card
2025-06-01 18:07:00,6.0,Cash
2025-06-01 18:07:00,19.0,Credit Card
2025-06-01 18:08:00,18.0,Credit Card
2025-06-01 18:20:00,16.0,Cash
2025-06-01 18:22:00,12.0,Cash
2025-06-01 18:22:00,18.0,Credit Card
2025-06-02 13:47:00,26.0,Cash
2025-06-02 13:57:00,6.0,Cash
2025-06-02 14:14:00,6.0,Cash
2025-06-02 14:20:00,10.0,Cash
2025-06-02 14:31:00,6.0,Cash
2025-06-02 14:33:00,9.0,Debit Card
2025-06-02 14:37:00,4.5,Credit Card
2025-06-02 14:41:00,18.0,Debit Card
2025-06-02 14:48:00,18.0,Pix
2025-06-02 14:52:00,10.0,Cash
2025-06-02 15:17:00,19.0,Debit Card
2025-06-02 15:27:00,14.0,Cash
2025-06-02 15:30:00,10.0,Credit Card
2025-06-02 15:37:00,4.0,Cash
2025-06-02 15:50:00,10.0,Cash
2025-06-02 16:05:00,25.5,Cash
2025-06-02 16:23:00,18.0,Cash
2025-06-02 16:24:00,16.0,Cash
2025-06-02 16:28:00,8.0,Cash
2025-06-02 16:33:00,4.0,Cash
2025-06-02 16:37:00,12.0,Cash
2025-06-02 16:43:00,9.0,Cash
2025-06-02 17:10:00,20.0,Cash
2025-06-02 17:37:00,9.0,Cash
2025-06-03 14:05:00,9.0,Debit Card
2025-06-03 14:09:00,20.0,Debit Card
2025-06-03 14:45:00,9.0,Pix
2025-06-03 15:07:00,6.0,Debit Card
2025-06-03 15:14:00,21.0,Cash
2025-06-03 15:15:00,10.0,Credit Card
2025-06-03 15:38:00,10.0,Multiple
2025-06-03 15:38:00,13.0,Pix
2025-06-03 15:50:00,18.0,Pix
2025-06-03 16:29:00,9.0,Debit Card
2025-06-03 16:30:00,18.0,Credit Card
2025-06-03 16:30:00,27.0,Pix
2025-06-03 16:42:00,4.0,Cash
2025-06-03 16:46:00,4.0,Cash
2025-06-03 16:53:00,9.0,Debit Card
2025-06-03 17:07:00,18.0,Cash
2025-06-03 17:14:00,10.0,Debit Card
2025-06-03 18:04:00,27.0,Debit Card
2025-06-03 18:25:00,14.0,Pix
2025-06-04 13:37:00,6.0,Cash
2025-06-04 13:37:00,6.5,Cash
2025-06-04 13:40:00,15.0,Cash
2025-06-04 13:42:00,18.0,Pix
2025-06-04 13:48:00,14.0,Debit Card
2025-06-04 14:01:00,12.0,Debit Card
2025-06-04 14:05:00,6.0,Debit Card
2025-06-04 14:17:00,12.0,Cash
2025-06-04 14:21:00,9.0,Cash
2025-06-04 15:24:00,9.0,Cash
2025-06-04 15:34:00,6.0,Cash
2025-06-04 15:55:00,9.0,Credit Card
2025-06-04 15:59:00,20.0,Pix
2025-06-04 15:59:00,17.0,Debit Card
2025-06-04 16:25:00,10.0,Credit Card
2025-06-04 16:32:00,24.0,Debit Card
2025-06-04 16:38:00,20.5,Pix
2025-06-04 16:55:00,6.5,Debit Card
2025-06-04 16:58:00,6.0,Debit Card
2025-06-04 17:09:00,20.0,Debit Card
2025-06-04 17:40:00,15.0,Debit Card
2025-06-04 17:55:00,13.0,On Credit
2025-06-04 18:02:00,9.0,Pix
2025-06-04 18:09:00,6.5,Cash
2025-06-04 18:23:00,9.0,Debit Card
2025-06-04 18:23:00,6.0,Cash
2025-06-04 18:42:00,13.0,Debit Card
2025-06-04 18:51:00,9.0,Credit Card
2025-06-04 19:05:00,9.0,Cash
2025-06-04 19:06:00,6.0,Pix
2025-06-04 14:06:00,6.0,Cash
2025-06-06 13:58:00,9.0,Debit Card
2025-06-06 14:58:00,6.0,Pix
2025-06-06 15:15:00,40.0,Debit Card
2025-06-06 15:33:00,6.5,Debit Card
2025-06-06 15:41:00,27.0,Cash
2025-06-06 15:42:00,19.0,Pix
2025-06-06 15:57:00,9.0,Cash
2025-06-06 16:03:00,14.0,Pix
2025-06-06 16:18:00,18.0,Credit Card
2025-06-06 16:21:00,14.0,Debit Card
2025-06-06 16:34:00,27.0,Pix
2025-06-06 16:41:00,26.0,Debit Card
2025-06-06 16:53:00,14.0,Pix
2025-06-06 16:57:00,9.0,Debit Card
2025-06-06 17:00:00,18.0,Pix
2025-06-06 17:07:00,36.0,Credit Card
2025-06-06 17:11:00,9.0,Debit Card
2025-06-06 17:11:00,13.0,Credit Card
2025-06-06 17:15:00,10.0,Cash
2025-06-06 17:17:00,10.0,Credit Card
2025-06-06 17:17:00,18.0,Pix
2025-06-06 17:26:00,23.0,Pix
2025-06-06 17:28:00,12.0,Cash
2025-06-06 17:45:00,54.0,Debit Card
2025-06-06 17:51:00,9.0,Cash
2025-06-06 17:59:00,9.0,Pix
2025-06-06 18:07:00,9.0,Cash
2025-06-06 18:14:00,9.0,Pix
2025-06-06 18:15:00,10.0,Pix
2025-06-06 18:18:00,10.0,Pix
2025-06-06 18:38:00,6.0,Pix
2025-06-06 18:48:00,13.0,Debit Card
2025-06-06 18:48:00,9.0,Pix
2025-06-07 10:18:00,15.0,Cash
2025-06-07 10:47:00,19.0,Debit Card
2025-06-07 11:13:00,20.0,Cash
2025-06-07 11:16:00,4.0,Cash
2025-06-07 11:30:00,10.0,Cash
2025-06-07 11:32:00,10.0,Pix
2025-06-07 11:36:00,9.0,Debit Card
2025-06-07 12:14:00,28.0,Cash
2025-06-07 12:17:00,9.0,Debit Card
2025-06-07 12:25:00,27.0,Credit Card
2025-06-07 12:27:00,13.0,Debit Card
2025-06-07 12:35:00,18.0,Debit Card
2025-06-07 12:37:00,6.5,Debit Card
2025-06-07 12:37:00,10.0,Pix
2025-06-07 12:37:00,10.0,Pix
2025-06-07 13:09:00,23.0,Debit Card
2025-06-07 13:10:00,6.0,Debit Card
2025-06-07 13:18:00,6.0,Debit Card
2025-06-07 13:21:00,12.0,Cash
2025-06-07 13:22:00,6.0,Cash
2025-06-07 13:36:00,18.0,Debit Card
2025-06-07 13:40:00,13.0,Credit Card
2025-06-07 13:49:00,26.0,Debit Card
2025-06-07 13:50:00,8.0,Cash
2025-06-07 13:56:00,6.0,Cash
2025-06-07 14:04:00,9.0,Debit Card
2025-06-07 14:05:00,10.0,Cash
2025-06-07 14:19:00,18.0,Debit Card
2025-06-07 14:20:00,6.5,Pix
2025-06-07 14:31:00,9.0,Credit Card
2025-06-07 14:40:00,8.0,Cash
2025-06-07 14:48:00,10.0,Debit Card
2025-06-07 15:02:00,12.0,Cash
2025-06-07 15:04:00,12.0,Pix
2025-06-07 15:06:00,16.0,Debit Card
2025-06-07 15:09:00,30.0,Multiple
2025-06-07 15:12:00,5.0,Cash
2025-06-07 15:16:00,16.0,Cash
2025-06-07 15:25:00,52.0,Cash
2025-06-07 15:29:00,45.0,Cash
2025-06-07 15:34:00,19.0,Debit Card
2025-06-07 15:35:00,12.0,Cash
2025-06-07 15:44:00,14.0,Debit Card
2025-06-07 15:46:00,25.0,Debit Card
2025-06-07 15:58:00,15.0,Debit Card
2025-06-07 16:02:00,15.0,On Credit
2025-06-07 16:02:00,22.0,Cash
2025-06-07 16:02:00,15.0,Pix
2025-06-07 16:11:00,8.0,Pix
2025-06-07 16:13:00,17.0,Debit Card
2025-06-07 16:23:00,8.0,Cash
2025-06-07 16:25:00,12.0,Cash
2025-06-07 16:26:00,8.0,Cash
2025-06-07 16:29:00,9.0,Credit Card
2025-06-07 16:32:00,9.0,Debit Card
2025-06-07 16:41:00,22.0,Debit Card
2025-06-07 16:42:00,16.0,Cash
2025-06-07 16:46:00,43.0,Multiple
2025-06-07 16:49:00,14.0,Debit Card
2025-06-07 16:54:00,26.0,Pix
2025-06-07 16:55:00,18.0,Pix
2025-06-07 17:01:00,4.0,Debit Card
2025-06-07 17:02:00,18.0,Cash
2025-06-07 17:04:00,20.0,Cash
2025-06-07 17:08:00,10.0,Pix
2025-06-07 17:13:00,16.0,Cash
2025-06-07 17:13:00,20.0,Pix
2025-06-07 17:19:00,15.0,Cash
2025-06-07 17:19:00,18.0,Pix
2025-06-07 17:23:00,27.0,Credit Card
2025-06-07 17:29:00,12.0,Debit Card
2025-06-07 17:30:00,6.0,Cash
2025-06-07 17:30:00,6.0,Cash
2025-06-07 17:39:00,18.0,Credit Card
2025-06-07 17:39:00,9.0,Debit Card
2025-06-07 17:47:00,6.0,Cash
2025-06-07 17:52:00,18.0,Debit Card
2025-06-07 18:17:00,30.0,Credit Card
2025-06-07 18:20:00,29.0,Debit Card
2025-06-07 18:22:00,16.0,Debit Card
2025-06-08 14:50:00,14.0,Cash
2025-06-08 15:01:00,9.0,Debit Card
2025-06-08 15:08:00,48.0,Debit Card
2025-06-08 15:24:00,26.0,Cash
2025-06-08 15:32:00,56.0,Cash
2025-06-08 15:45:00,23.0,Debit Card
2025-06-08 15:47:00,21.0,Debit Card
2025-06-08 15:50:00,44.0,Debit Card
2025-06-08 15:55:00,30.0,Debit Card
2025-06-08 16:03:00,13.0,Cash
2025-06-08 16:04:00,34.0,Cash
2025-06-08 16:15:00,38.0,Pix
2025-06-08 16:15:00,6.5,Credit Card
2025-06-08 16:20:00,26.5,Pix
2025-06-08 16:28:00,12.0,Cash
2025-06-08 16:28:00,18.0,Debit Card
2025-06-08 16:35:00,16.0,Debit Card
2025-06-08 16:37:00,12.0,Credit Card
2025-06-08 16:37:00,10.0,Credit Card
2025-06-08 16:42:00,18.0,Multiple
2025-06-08 16:42:00,18.0,Debit Card
2025-06-08 16:55:00,9.0,Debit Card
2025-06-08 16:55:00,29.0,Pix
2025-06-08 16:57:00,4.0,Cash
2025-06-08 17:05:00,28.0,Cash
2025-06-08 17:10:00,8.0,Cash
2025-06-08 17:23:00,36.0,Pix
2025-06-08 17:27:00,8.0,Cash
2025-06-08 17:32:00,10.0,Pix
2025-06-08 17:36:00,6.0,Cash
2025-06-08 17:41:00,9.0,Pix
2025-06-08 17:50:00,27.0,Pix
2025-06-09 13:41:00,12.0,Cash
2025-06-09 13:45:00,10.0,Debit Card
2025-06-09 14:00:00,15.0,Cash
2025-06-09 14:24:00,16.0,Cash
2025-06-09 14:26:00,6.0,Cash
2025-06-09 14:51:00,17.0,Cash
2025-06-09 14:52:00,18.0,Cash
2025-06-09 14:57:00,27.0,Cash
2025-06-09 14:57:00,9.0,Cash
2025-06-09 15:16:00,18.0,Cash
2025-06-09 15:23:00,9.0,Debit Card
2025-06-09 15:25:00,10.0,Pix
2025-06-09 15:31:00,18.0,Debit Card
2025-06-09 15:34:00,23.0,Credit Card
2025-06-09 15:35:00,6.5,Pix
2025-06-09 15:39:00,13.0,Pix
2025-06-09 15:40:00,27.0,Cash
2025-06-09 15:42:00,18.0,Debit Card
2025-06-09 15:54:00,20.0,Pix
2025-06-09 15:54:00,4.0,Cash
2025-06-09 16:11:00,9.0,Pix
2025-06-09 16:14:00,9.0,Debit Card
2025-06-09 16:17:00,12.0,Debit Card
2025-06-09 16:19:00,8.0,Debit Card
2025-06-09 16:24:00,6.5,Debit Card
2025-06-09 16:24:00,9.0,Debit Card
2025-06-09 16:28:00,18.0,Pix
2025-06-09 16:40:00,8.0,Cash
2025-06-09 16:44:00,20.0,Debit Card
2025-06-09 16:47:00,9.0,Cash
2025-06-09 16:56:00,20.0,Cash
2025-06-09 17:15:00,9.0,Debit Card
2025-06-09 17:24:00,9.0,Debit Card
2025-06-09 17:25:00,6.5,Credit Card
2025-06-09 17:35:00,38.0,Pix
2025-06-09 17:36:00,9.0,Cash
2025-06-09 18:01:00,9.0,Cash
2025-06-09 18:18:00,27.0,Pix
2025-06-09 18:43:00,9.0,Credit Card
2025-06-09 18:44:00,10.0,Credit Card
2025-06-09 18:49:00,18.0,Pix
2025-06-09 18:52:00,18.0,Pix
2025-06-10 13:39:00,13.0,Pix
2025-06-10 13:51:00,18.0,Debit Card
2025-06-10 14:28:00,9.0,Debit Card
2025-06-10 14:28:00,6.5,Debit Card
2025-06-10 14:34:00,10.0,Cash
2025-06-10 14:55:00,18.0,Pix
2025-06-10 14:58:00,18.0,Cash
2025-06-10 15:16:00,16.0,Cash
2025-06-10 15:17:00,24.0,Debit Card
2025-06-10 15:34:00,13.0,Debit Card
2025-06-10 15:34:00,8.0,Cash
2025-06-10 15:37:00,12.0,Debit Card
2025-06-10 15:41:00,16.0,Debit Card
2025-06-10 15:46:00,18.0,Cash
2025-06-10 15:48:00,20.0,Pix
2025-06-10 15:51:00,18.0,Cash
2025-06-10 15:57:00,9.0,Pix
2025-06-10 15:57:00,20.0,Cash
2025-06-10 16:04:00,20.0,Pix
2025-06-10 16:05:00,28.0,Credit Card
2025-06-10 16:21:00,10.0,Cash
2025-06-10 16:22:00,9.0,Pix
2025-06-10 16:33:00,9.0,Debit Card
2025-06-10 16:37:00,6.5,Debit Card
2025-06-10 16:37:00,22.0,Debit Card
2025-06-10 16:41:00,27.0,Debit Card
2025-06-10 16:46:00,8.0,Cash
2025-06-10 17:00:00,9.0,Cash
2025-06-10 17:09:00,23.0,Cash
2025-06-10 17:13:00,9.0,Cash
2025-06-10 17:23:00,18.0,Credit Card
2025-06-10 17:51:00,21.0,Pix
2025-06-10 18:01:00,10.0,Debit Card
2025-06-10 18:03:00,18.0,Credit Card
2025-06-10 18:27:00,9.0,Debit Card
2025-06-11 14:10:00,6.0,Pix
2025-06-11 14:32:00,6.0,Cash
2025-06-11 14:48:00,9.0,Debit Card
2025-06-11 14:51:00,20.0,Credit Card
2025-06-11 14:56:00,16.0,Debit Card
2025-06-11 14:57:00,33.0,Credit Card
2025-06-11 14:59:00,6.5,Debit Card
2025-06-11 15:00:00,10.0,Cash
2025-06-11 15:06:00,8.0,Cash
2025-06-11 15:07:00,9.0,Cash
2025-06-11 15:25:00,31.0,Cash
2025-06-11 15:28:00,10.0,Cash
2025-06-11 15:35:00,9.0,Cash
2025-06-11 15:55:00,4.0,Cash
2025-06-11 15:56:00,18.0,Debit Card
2025-06-11 16:07:00,12.0,Cash
2025-06-11 16:08:00,9.0,Cash
2025-06-11 16:09:00,9.0,Cash
2025-06-11 16:24:00,9.0,Cash
2025-06-11 16:46:00,10.0,Credit Card
2025-06-11 16:48:00,10.0,Credit Card
2025-06-11 16:48:00,9.0,Credit Card
2025-06-11 16:50:00,18.0,Pix
2025-06-11 17:07:00,9.0,Debit Card
2025-06-11 17:09:00,9.0,Cash
2025-06-11 17:16:00,6.5,Cash
2025-06-11 17:44:00,20.0,Cash
2025-06-11 17:54:00,18.0,Credit Card
2025-06-11 18:00:00,9.0,Pix
2025-06-11 19:17:00,15.0,Credit Card
2025-06-12 13:53:00,26.0,Pix
2025-06-12 14:12:00,18.0,Pix
2025-06-12 14:15:00,4.0,Cash
2025-06-12 14:29:00,4.5,Pix
2025-06-12 14:58:00,6.0,Debit Card
2025-06-12 14:58:00,4.0,Debit Card
2025-06-12 14:59:00,6.0,Cash
2025-06-12 15:03:00,14.0,Debit Card
2025-06-12 15:05:00,20.0,Debit Card
2025-06-12 15:33:00,4.5,Cash
2025-06-12 15:33:00,4.0,Pix
2025-06-12 15:47:00,6.5,Credit Card
2025-06-12 16:06:00,9.0,Debit Card
2025-06-12 16:09:00,10.0,Cash
2025-06-12 16:48:00,18.0,Pix
2025-06-12 16:49:00,18.0,Credit Card
2025-06-12 16:49:00,9.0,Debit Card
2025-06-12 17:02:00,18.0,Debit Card
2025-06-12 17:13:00,9.0,Pix
2025-06-12 17:24:00,31.0,Debit Card
2025-06-12 17:32:00,18.0,Credit Card
2025-06-12 17:39:00,4.0,Pix
2025-06-12 17:42:00,18.0,Debit Card
2025-06-12 18:13:00,10.0,Debit Card
2025-06-12 18:18:00,10.0,Cash
2025-06-12 18:26:00,9.0,Credit Card
2025-06-13 13:53:00,9.0,Cash
2025-06-13 13:53:00,15.0,Cash
2025-06-13 14:16:00,6.5,Debit Card
2025-06-13 14:23:00,9.0,Debit Card
2025-06-13 14:36:00,9.0,Debit Card
2025-06-13 14:40:00,4.5,Cash
2025-06-13 14:46:00,30.0,Cash
2025-06-13 14:52:00,8.0,Debit Card
2025-06-13 15:02:00,21.0,Cash
2025-06-13 15:10:00,30.0,Pix
2025-06-13 15:12:00,5.0,Cash
2025-06-13 15:17:00,25.0,Cash
2025-06-13 15:17:00,29.0,Pix
2025-06-13 15:24:00,4.0,Cash
2025-06-13 15:37:00,10.0,Meal Voucher
2025-06-13 15:48:00,20.0,Multiple
2025-06-13 15:55:00,6.0,Debit Card
2025-06-13 16:09:00,13.0,Pix
2025-06-13 16:11:00,18.0,Cash
2025-06-13 16:21:00,40.0,Cash
2025-06-13 16:27:00,38.0,Pix
2025-06-13 16:34:00,12.0,Cash
2025-06-13 16:35:00,9.0,Cash
2025-06-13 16:46:00,9.0,Cash
2025-06-13 16:46:00,15.0,Cash
2025-06-13 17:21:00,23.0,Debit Card
2025-06-13 17:26:00,10.0,Credit Card
2025-06-13 17:26:00,46.0,Pix
2025-06-13 17:50:00,9.0,Credit Card
2025-06-13 17:51:00,20.0,Debit Card
2025-06-13 17:51:00,9.0,Pix
2025-06-13 17:54:00,18.0,Debit Card
2025-06-14 10:48:00,36.0,Pix
2025-06-14 10:58:00,9.0,Cash
2025-06-14 11:01:00,45.0,Debit Card
2025-06-14 11:06:00,18.0,Debit Card
2025-06-14 12:15:00,9.0,Cash
2025-06-14 12:27:00,9.0,Cash
2025-06-14 12:52:00,4.0,Cash
2025-06-14 13:51:00,10.5,Debit Card
2025-06-14 14:27:00,18.0,Debit Card
2025-06-14 14:27:00,6.5,Credit Card
2025-06-14 14:30:00,23.0,Pix
2025-06-14 15:16:00,4.5,Cash
2025-06-14 15:18:00,6.5,Cash
2025-06-14 15:21:00,24.0,Debit Card
2025-06-14 15:35:00,18.0,Debit Card
2025-06-14 15:55:00,72.0,Pix
2025-06-14 15:55:00,18.0,Debit Card
2025-06-14 16:02:00,6.5,Cash
2025-06-14 16:14:00,27.0,Credit Card
2025-06-14 16:16:00,6.5,Debit Card
2025-06-14 16:31:00,4.0,Cash
2025-06-14 16:41:00,9.0,Debit Card
2025-06-14 16:51:00,12.0,Cash
2025-06-14 17:01:00,6.5,Pix
2025-06-14 17:10:00,12.0,Debit Card
2025-06-14 17:12:00,12.0,Cash
2025-06-14 17:33:00,8.0,Debit Card
2025-06-14 17:37:00,28.0,Pix
2025-06-14 17:53:00,18.0,Credit Card
2025-06-14 18:02:00,6.0,Cash
2025-06-14 18:12:00,6.5,Debit Card
2025-06-15 15:17:00,8.0,Debit Card
2025-06-15 15:18:00,8.0,Debit Card
2025-06-15 15:26:00,8.0,Cash
2025-06-15 15:31:00,18.0,Debit Card
2025-06-15 15:37:00,18.0,Debit Card
2025-06-15 15:42:00,9.0,Debit Card
2025-06-15 15:43:00,4.0,Credit Card
2025-06-15 15:45:00,6.5,Debit Card
2025-06-15 15:46:00,6.5,Credit Card
2025-06-15 16:03:00,23.0,Debit Card
2025-06-15 16:04:00,10.0,Debit Card
2025-06-15 16:10:00,18.0,Cash
2025-06-15 16:16:00,18.0,Cash
2025-06-15 16:17:00,9.0,Cash
2025-06-15 16:19:00,13.0,On Credit
2025-06-15 16:26:00,28.0,Debit Card
2025-06-15 16:36:00,36.0,Debit Card
2025-06-15 16:49:00,14.0,Debit Card
2025-06-15 17:00:00,25.0,Cash
2025-06-15 17:09:00,10.0,Debit Card
2025-06-15 17:11:00,24.0,Pix
2025-06-15 17:19:00,6.0,Cash
2025-06-15 17:24:00,15.0,Debit Card
2025-06-15 17:34:00,6.0,Debit Card
2025-06-15 17:34:00,13.0,Cash
2025-06-15 17:48:00,24.0,Debit Card
2025-06-15 18:03:00,16.0,Pix
2025-06-15 18:05:00,6.0,Cash
2025-06-16 14:32:00,6.0,Cash
2025-06-16 14:55:00,8.0,Debit Card
2025-06-16 15:12:00,15.0,Cash
2025-06-16 15:17:00,6.0,Debit Card
2025-06-16 15:39:00,6.0,Cash
2025-06-16 15:56:00,9.0,Cash
2025-06-16 15:58:00,18.0,Debit Card
2025-06-16 16:02:00,6.0,Credit Card
2025-06-16 16:09:00,47.0,Debit Card
2025-06-16 16:11:00,28.0,Cash
2025-06-16 16:13:00,30.0,Debit Card
2025-06-16 16:19:00,6.0,Cash
2025-06-16 16:24:00,25.0,Pix
2025-06-16 16:39:00,16.0,Cash
2025-06-16 16:39:00,13.0,Debit Card
2025-06-16 16:45:00,5.0,Credit Card
2025-06-16 16:46:00,6.5,Cash
2025-06-16 16:46:00,3.0,Cash
2025-06-16 16:47:00,10.0,Cash
2025-06-16 16:50:00,36.0,Debit Card
2025-06-16 17:04:00,6.5,Debit Card
2025-06-16 17:32:00,10.0,Debit Card
2025-06-16 17:33:00,19.0,Debit Card
2025-06-16 17:38:00,9.0,Debit Card
2025-06-16 17:38:00,10.0,Debit Card
2025-06-16 17:47:00,18.0,Debit Card
2025-06-16 17:49:00,18.0,Debit Card
2025-06-16 17:49:00,14.0,Debit Card
2025-06-16 17:51:00,8.0,Pix
2025-06-16 17:58:00,9.0,Credit Card
2025-06-16 17:58:00,8.0,Pix
2025-06-16 18:01:00,27.0,Cash
2025-06-16 18:10:00,6.5,Cash
2025-06-16 18:21:00,12.0,Debit Card
2025-06-16 18:48:00,9.0,Pix
2025-06-16 15:56:00,28.0,Pix
2025-06-17 13:47:00,18.0,Cash
2025-06-17 14:02:00,12.0,Cash
2025-06-17 14:26:00,15.0,Debit Card
2025-06-17 14:49:00,6.0,Cash
2025-06-17 15:26:00,6.0,Credit Card
2025-06-17 15:27:00,6.0,Cash
2025-06-17 15:28:00,8.0,Cash
2025-06-17 15:34:00,8.0,Pix
2025-06-17 15:44:00,6.5,Meal Voucher
2025-06-17 15:45:00,6.5,Pix
2025-06-17 15:47:00,15.0,Pix
2025-06-17 15:51:00,22.0,Pix
2025-06-17 15:53:00,4.5,Cash
2025-06-17 16:13:00,10.0,Cash
2025-06-17 16:16:00,10.0,Debit Card
2025-06-17 16:16:00,10.0,Cash
2025-06-17 16:19:00,13.0,Cash
2025-06-17 16:31:00,25.0,Debit Card
2025-06-17 16:52:00,32.0,Debit Card
2025-06-17 16:57:00,12.0,Pix
2025-06-17 17:09:00,20.0,Pix
2025-06-17 17:11:00,10.0,Pix
2025-06-17 17:20:00,6.5,Pix
2025-06-17 17:51:00,6.5,Cash
2025-06-17 18:55:00,36.0,Cash
2025-06-17 19:03:00,18.0,Credit Card
2025-06-18 14:06:00,49.5,Pix
2025-06-18 14:14:00,6.0,Debit Card
2025-06-18 14:16:00,15.0,Pix
2025-06-18 14:23:00,10.0,Cash
2025-06-18 14:37:00,6.0,Cash
2025-06-18 14:47:00,9.0,Pix
2025-06-18 14:47:00,9.0,Debit Card
2025-06-18 15:00:00,13.0,Debit Card
2025-06-18 15:01:00,6.0,Cash
2025-06-18 15:03:00,6.5,Debit Card
2025-06-18 15:19:00,4.0,Pix
2025-06-18 15:41:00,8.0,Cash
2025-06-18 15:42:00,19.0,Debit Card
2025-06-18 16:06:00,12.0,Cash
2025-06-18 16:06:00,10.0,Cash
2025-06-18 16:09:00,8.0,Pix
2025-06-18 16:10:00,14.0,Cash
2025-06-18 16:13:00,21.0,Debit Card
2025-06-18 16:15:00,10.0,Cash
2025-06-18 16:18:00,22.0,Cash
2025-06-18 16:19:00,6.0,Debit Card
2025-06-18 16:19:00,9.0,Debit Card
2025-06-18 16:22:00,6.0,Debit Card
2025-06-18 16:34:00,18.0,Cash
2025-06-18 16:35:00,31.0,Credit Card
2025-06-18 16:45:00,20.0,Cash
2025-06-18 16:46:00,20.0,Credit Card
2025-06-18 16:55:00,45.0,Pix
2025-06-18 16:56:00,6.5,Credit Card
2025-06-18 17:13:00,6.0,Credit Card
2025-06-18 17:29:00,18.0,Cash
2025-06-18 17:30:00,30.0,Cash
2025-06-18 17:38:00,4.0,Cash
2025-06-18 18:08:00,6.0,Credit Card
2025-06-18 18:08:00,19.0,Credit Card
2025-06-18 18:11:00,9.0,Cash
2025-06-18 18:11:00,13.0,Pix
2025-06-18 18:19:00,9.0,Debit Card
2025-06-18 18:23:00,6.0,Pix
2025-06-18 18:42:00,9.0,Debit Card
2025-06-18 18:44:00,30.0,Debit Card
2025-06-19 14:22:00,26.0,Cash
2025-06-19 14:51:00,4.0,Cash
2025-06-19 14:56:00,4.0,Debit Card
2025-06-19 14:56:00,10.0,Debit Card
2025-06-19 15:11:00,39.0,Multiple
2025-06-19 15:17:00,8.0,Cash
2025-06-19 15:29:00,36.0,Multiple
2025-06-19 15:30:00,9.0,Pix
2025-06-19 15:38:00,18.0,Credit Card
2025-06-19 15:46:00,14.0,Debit Card
2025-06-19 15:48:00,25.0,Credit Card
2025-06-19 15:56:00,10.0,Cash
2025-06-19 15:57:00,8.0,Cash
2025-06-19 16:03:00,9.0,Cash
2025-06-19 16:18:00,23.0,Debit Card
2025-06-19 16:25:00,27.0,Cash
2025-06-19 16:27:00,10.0,Debit Card
2025-06-19 16:58:00,26.0,Pix
2025-06-19 17:01:00,6.0,Cash
2025-06-19 17:04:00,28.0,Pix
2025-06-19 17:33:00,45.0,Debit Card
2025-06-19 17:42:00,6.5,Credit Card
2025-06-19 17:42:00,18.0,Cash
2025-06-19 17:43:00,20.0,Debit Card
2025-06-19 17:46:00,53.0,Pix
2025-06-19 17:55:00,26.0,Pix
2025-06-19 17:55:00,28.0,Debit Card
2025-06-19 17:57:00,9.0,Debit Card
2025-06-19 18:08:00,22.0,Pix
2025-06-19 18:08:00,9.0,Cash
2025-06-19 18:16:00,18.0,Credit Card
2025-06-19 18:18:00,18.0,Cash
2025-06-19 18:20:00,9.0,Cash
2025-06-21 11:35:00,9.0,Cash
2025-06-21 11:49:00,21.0,Cash
2025-06-21 12:19:00,8.0,Pix
2025-06-21 12:54:00,9.0,Cash
2025-06-21 12:54:00,20.0,Credit Card
2025-06-21 13:05:00,10.0,Pix
2025-06-21 13:10:00,14.0,Pix
2025-06-21 13:28:00,12.0,Credit Card
2025-06-21 13:31:00,6.5,Debit Card
2025-06-21 14:06:00,6.5,Cash
2025-06-21 14:10:00,22.0,Debit Card
2025-06-21 14:12:00,8.0,Debit Card
2025-06-21 14:25:00,14.0,Credit Card
2025-06-21 14:39:00,10.0,Cash
2025-06-21 14:41:00,12.0,Cash
2025-06-21 14:45:00,6.0,Credit Card
2025-06-21 14:47:00,6.0,Cash
2025-06-21 14:48:00,6.5,Credit Card
2025-06-21 14:49:00,18.0,Debit Card
2025-06-21 14:50:00,4.0,Debit Card
2025-06-21 14:58:00,25.0,Cash
2025-06-21 15:03:00,15.0,Cash
2025-06-21 15:08:00,9.0,Cash
2025-06-21 15:14:00,12.0,Cash
2025-06-21 15:14:00,8.5,Debit Card
2025-06-21 15:23:00,9.0,Cash
2025-06-21 15:23:00,9.0,Cash
2025-06-21 15:28:00,22.0,Pix
2025-06-21 15:32:00,45.0,Cash
2025-06-21 15:39:00,22.0,Cash
2025-06-21 15:41:00,4.0,Cash
2025-06-21 15:52:00,18.0,Credit Card
2025-06-21 16:08:00,13.0,Credit Card
2025-06-21 16:18:00,18.0,Credit Card
2025-06-21 16:19:00,18.0,Debit Card
2025-06-21 16:28:00,9.0,Credit Card
2025-06-21 16:32:00,6.0,Pix
2025-06-21 16:35:00,9.0,Cash
2025-06-21 16:57:00,36.0,Debit Card
2025-06-21 17:19:00,9.0,Cash
2025-06-22 15:21:00,9.0,Debit Card
2025-06-22 15:28:00,14.0,Cash
2025-06-22 15:40:00,4.0,Cash
2025-06-22 16:10:00,35.0,Pix
2025-06-22 16:11:00,4.0,Cash
2025-06-22 16:16:00,18.0,Credit Card
2025-06-22 16:51:00,15.0,Debit Card
2025-06-22 17:10:00,30.0,Debit Card
2025-06-22 17:11:00,51.0,Credit Card
2025-06-22 17:25:00,22.0,Credit Card
2025-06-22 17:26:00,28.0,Debit Card
2025-06-23 13:47:00,15.0,Credit Card
2025-06-23 15:09:00,9.0,Cash
2025-06-23 15:19:00,10.0,Debit Card
2025-06-23 15:20:00,6.0,Cash
2025-06-23 15:28:00,9.0,Pix
2025-06-23 15:52:00,9.0,Cash
2025-06-23 16:00:00,9.0,Credit Card
2025-06-23 16:04:00,9.0,Cash
2025-06-23 16:06:00,18.0,Debit Card
2025-06-23 16:12:00,18.0,Cash
2025-06-23 16:18:00,25.0,Debit Card
2025-06-23 16:35:00,8.0,Debit Card
2025-06-23 16:36:00,54.0,Debit Card
2025-06-23 16:45:00,18.0,Debit Card
2025-06-23 16:58:00,41.0,Credit Card
2025-06-23 17:13:00,9.0,Cash
2025-06-23 17:30:00,23.0,Credit Card
2025-06-23 18:21:00,18.0,Cash
2025-06-23 18:22:00,27.0,Pix
2025-06-24 13:40:00,5.0,Cash
2025-06-24 13:52:00,5.0,Cash
2025-06-24 14:01:00,5.0,Cash
2025-06-24 14:06:00,10.0,Cash
2025-06-24 14:31:00,9.0,Cash
2025-06-24 14:42:00,9.0,Debit Card
2025-06-24 14:48:00,4.5,Cash
2025-06-24 15:23:00,4.5,Cash
2025-06-24 15:25:00,4.0,Cash
2025-06-24 15:42:00,9.0,Debit Card
2025-06-24 15:53:00,14.0,Debit Card
2025-06-24 15:58:00,23.5,Pix
2025-06-24 16:05:00,4.0,Cash
2025-06-24 16:22:00,8.0,Pix
2025-06-24 17:18:00,9.0,Pix
2025-06-24 17:21:00,6.0,Cash
2025-06-24 18:19:00,5.0,Cash
2025-06-24 18:19:00,6.0,Cash
2025-06-24 18:22:00,9.0,Debit Card
2025-06-24 18:25:00,5.0,Cash
2025-06-24 19:05:00,18.0,Debit Card
2025-06-24 19:05:00,18.0,Pix
2025-06-25 13:56:00,27.0,Pix
2025-06-25 14:15:00,15.0,Pix
2025-06-25 14:16:00,6.0,Cash
2025-06-25 14:18:00,10.0,Cash
2025-06-25 14:26:00,6.0,Pix
2025-06-25 15:07:00,18.0,Credit Card
2025-06-25 15:23:00,6.0,Pix
2025-06-25 15:29:00,9.0,Debit Card
2025-06-25 15:32:00,24.0,Pix
2025-06-25 15:37:00,9.0,Cash
2025-06-25 15:52:00,18.0,Pix
2025-06-25 17:44:00,17.0,Pix
2025-06-25 17:58:00,9.0,Cash
2025-06-25 18:14:00,36.0,Credit Card
2025-06-25 18:56:00,9.0,Pix
2025-06-25 18:59:00,18.0,Pix
2025-06-25 19:06:00,9.0,Credit Card
2025-06-27 14:12:00,9.0,Credit Card
2025-06-27 14:19:00,19.0,Credit Card
2025-06-27 14:20:00,9.0,Debit Card
2025-06-27 14:54:00,22.0,Pix
2025-06-27 15:00:00,9.0,Pix
2025-06-27 15:01:00,10.0,Debit Card
2025-06-27 15:05:00,8.0,Pix
2025-06-27 15:16:00,20.0,Cash
2025-06-27 15:16:00,18.0,Cash
2025-06-27 15:23:00,18.0,Cash
2025-06-27 15:31:00,38.0,Cash
2025-06-27 15:31:00,6.5,Debit Card
2025-06-27 15:38:00,18.0,Multiple
2025-06-27 15:43:00,14.0,Credit Card
2025-06-27 15:55:00,8.0,Pix
2025-06-27 16:08:00,27.0,Multiple
2025-06-27 16:08:00,9.0,Pix
2025-06-27 16:11:00,10.0,Debit Card
2025-06-27 16:33:00,24.0,Debit Card
2025-06-27 16:36:00,6.0,Cash
2025-06-27 16:51:00,15.0,Pix
2025-06-27 16:54:00,14.0,Pix
2025-06-27 17:20:00,9.0,Pix
2025-06-27 17:25:00,6.0,Debit Card
2025-06-27 17:39:00,12.0,Cash
2025-06-27 17:50:00,9.0,Credit Card
2025-06-27 18:31:00,10.0,Pix
2025-06-28 11:34:00,18.0,Pix
2025-06-28 11:46:00,6.0,Cash
2025-06-28 11:46:00,30.0,Credit Card
2025-06-28 12:37:00,6.0,Debit Card
2025-06-28 12:41:00,14.0,Debit Card
2025-06-28 13:19:00,18.0,Cash
2025-06-28 13:28:00,6.0,Pix
2025-06-28 14:02:00,6.0,Pix
2025-06-28 14:03:00,4.5,Credit Card
2025-06-28 14:09:00,6.5,Pix
2025-06-28 14:12:00,16.0,Debit Card
2025-06-28 14:43:00,9.0,Pix
2025-06-28 14:44:00,12.0,Pix
2025-06-28 14:49:00,18.0,Pix
2025-06-28 14:51:00,18.0,Pix
2025-06-28 15:08:00,4.0,Cash
2025-06-28 15:09:00,24.0,Credit Card
2025-06-28 15:11:00,15.0,Credit Card
2025-06-28 15:28:00,8.0,Credit Card
2025-06-28 15:36:00,23.0,Credit Card
2025-06-28 15:44:00,4.5,Cash
2025-06-28 15:56:00,10.5,Cash
2025-06-28 15:59:00,4.0,Cash
2025-06-28 16:00:00,58.0,Cash
2025-06-28 16:07:00,25.0,Debit Card
2025-06-28 16:12:00,26.0,Debit Card
2025-06-28 16:17:00,6.5,Credit Card
2025-06-28 16:34:00,18.0,Pix
2025-06-28 16:39:00,6.0,Pix
2025-06-28 16:43:00,6.0,Debit Card
2025-06-28 16:58:00,28.0,Credit Card
2025-06-28 16:58:00,9.0,Credit Card
2025-06-28 17:07:00,18.0,Debit Card
2025-06-28 17:15:00,13.0,Credit Card
2025-06-28 17:18:00,12.0,Cash
2025-06-28 17:20:00,12.0,Cash
2025-06-28 17:21:00,6.0,Cash
2025-06-28 17:25:00,8.0,Debit Card
2025-06-28 17:31:00,34.0,Cash
2025-06-28 17:36:00,6.0,Pix
2025-06-28 17:36:00,27.0,Cash
2025-06-28 17:59:00,9.0,Cash
2025-06-28 18:13:00,9.0,Debit Card
2025-06-28 18:22:00,19.0,Credit Card
2025-06-28 18:25:00,6.5,Debit Card
2025-06-28 18:31:00,4.0,Cash
2025-06-28 18:32:00,27.0,Pix
2025-06-29 15:01:00,6.0,Credit Card
2025-06-29 15:21:00,10.0,Debit Card
2025-06-29 15:59:00,6.5,Pix
2025-06-29 16:06:00,10.0,Pix
2025-06-29 16:33:00,18.0,Credit Card
2025-06-29 16:41:00,4.0,Cash
2025-06-29 16:59:00,10.0,Debit Card
2025-06-29 17:05:00,6.0,Cash
2025-06-29 17:05:00,18.0,Cash
2025-06-29 17:06:00,27.0,Pix
2025-06-29 17:09:00,9.0,Cash
2025-06-29 17:10:00,36.0,Credit Card
2025-06-29 17:22:00,36.0,Pix
2025-06-29 17:38:00,20.0,Credit Card
2025-06-29 17:53:00,15.0,Cash
2025-06-29 18:09:00,36.0,Credit Card
2025-06-29 18:17:00,37.0,Pix
2025-06-29 18:49:00,9.0,Cash
2025-06-30 14:56:00,9.0,Debit Card
2025-06-30 15:00:00,18.0,Cash
2025-06-30 15:14:00,9.0,Pix
2025-06-30 15:19:00,9.0,Debit Card
2025-06-30 15:56:00,18.0,Credit Card
2025-06-30 16:23:00,18.0,Credit Card
2025-06-30 16:33:00,6.0,Cash
2025-06-30 16:55:00,19.0,Debit Card
2025-07-01 14:12:00,10.0,Cash
2025-07-01 14:13:00,9.0,Cash
2025-07-01 15:03:00,9.0,Credit Card
2025-07-01 15:19:00,9.0,Pix
2025-07-01 15:23:00,10.0,Credit Card
2025-07-01 15:29:00,9.0,Cash
2025-07-01 15:57:00,20.0,Cash
2025-07-01 15:58:00,10.0,Cash
2025-07-01 16:08:00,4.0,Debit Card
2025-07-01 16:22:00,10.0,Cash
2025-07-01 16:26:00,6.0,Cash
2025-07-01 17:59:00,27.0,Cash
2025-07-01 18:17:00,18.0,Cash
2025-07-02 14:16:00,6.0,Debit Card
2025-07-02 14:21:00,16.0,Debit Card
2025-07-02 14:22:00,8.0,Pix
2025-07-02 14:25:00,18.0,Credit Card
2025-07-02 14:31:00,4.0,Debit Card
2025-07-02 14:37:00,12.0,Cash
2025-07-02 15:05:00,6.5,Cash
2025-07-02 15:07:00,10.0,Pix
2025-07-02 16:00:00,9.0,Cash
2025-07-02 16:01:00,9.0,Credit Card
2025-07-02 16:01:00,14.0,Meal Voucher
2025-07-02 16:10:00,18.0,Pix
2025-07-02 16:17:00,23.0,Pix
2025-07-02 16:46:00,9.0,Credit Card
2025-07-02 16:52:00,9.0,Credit Card
2025-07-02 17:10:00,18.0,Meal Voucher
2025-07-02 17:22:00,10.0,Cash
2025-07-02 17:38:00,6.5,Cash
2025-07-02 17:39:00,6.0,Pix
2025-07-02 17:41:00,13.0,On Credit
2025-07-02 18:17:00,18.0,Cash
2025-07-02 18:47:00,9.0,Pix
2025-07-03 13:53:00,18.0,Debit Card
2025-07-03 14:35:00,10.0,Cash
2025-07-03 14:46:00,6.0,Cash
2025-07-03 14:46:00,10.0,Pix
2025-07-03 14:46:00,5.0,Cash
2025-07-03 14:54:00,23.0,Pix
2025-07-03 15:06:00,18.0,Cash
2025-07-03 15:26:00,36.0,Pix
2025-07-03 15:38:00,6.5,Cash
2025-07-03 15:49:00,9.0,Cash
2025-07-03 15:49:00,10.0,Cash
2025-07-03 15:54:00,14.0,Cash
2025-07-03 15:57:00,27.0,Cash
2025-07-03 15:58:00,27.0,Pix
2025-07-03 16:04:00,9.0,Cash
2025-07-03 16:12:00,18.0,Pix
2025-07-03 16:22:00,27.0,Pix
2025-07-03 16:22:00,10.0,Pix
2025-07-03 16:28:00,10.0,Cash
2025-07-03 16:36:00,23.0,Credit Card
2025-07-03 16:47:00,18.0,Cash
2025-07-03 16:47:00,9.0,Cash
2025-07-03 17:02:00,23.0,Pix
2025-07-03 17:10:00,20.0,Cash
2025-07-03 17:12:00,20.0,Cash
2025-07-03 17:17:00,6.0,Cash
2025-07-03 17:39:00,19.0,Cash
2025-07-03 17:46:00,10.0,Meal Voucher
2025-07-03 17:46:00,15.0,On Credit
2025-07-03 17:59:00,16.0,Pix
2025-07-03 18:35:00,9.0,Cash
2025-07-03 18:46:00,30.0,Cash
2025-07-03 18:48:00,10.0,Cash
2025-07-04 14:03:00,13.0,Debit Card
2025-07-04 14:17:00,30.0,Pix
2025-07-04 14:17:00,37.0,Debit Card
2025-07-04 14:18:00,10.0,Cash
2025-07-04 14:20:00,6.0,Cash
2025-07-04 14:27:00,10.0,Pix
2025-07-04 14:29:00,8.0,Pix
2025-07-04 14:30:00,16.0,Cash
2025-07-04 14:37:00,15.0,Cash
2025-07-04 14:53:00,19.0,Pix
2025-07-04 15:02:00,32.0,Credit Card
2025-07-04 15:08:00,13.0,Meal Voucher
2025-07-04 15:18:00,23.0,Debit Card
2025-07-04 15:25:00,8.0,Cash
2025-07-04 15:26:00,13.0,Cash
2025-07-04 15:38:00,9.0,Cash
2025-07-04 15:40:00,20.0,Cash
2025-07-04 15:43:00,12.0,Pix
2025-07-04 15:45:00,12.0,Debit Card
2025-07-04 15:46:00,15.0,Pix
2025-07-04 16:15:00,6.0,Debit Card
2025-07-04 16:16:00,6.0,Cash
2025-07-04 16:17:00,6.0,Pix
2025-07-04 16:22:00,23.0,Cash
2025-07-04 16:25:00,27.0,Pix
2025-07-04 16:30:00,23.0,Cash
2025-07-04 16:38:00,21.0,Debit Card
2025-07-04 16:55:00,15.0,Pix
2025-07-04 17:02:00,18.0,Pix
2025-07-04 17:07:00,16.0,Cash
2025-07-04 17:20:00,10.0,Pix
2025-07-04 17:30:00,8.0,Debit Card
2025-07-04 18:26:00,18.0,Cash
2025-07-04 18:27:00,18.0,Credit Card
2025-07-04 18:39:00,6.0,Cash
2025-07-05 11:35:00,6.0,Cash
2025-07-05 11:40:00,32.0,Cash
2025-07-05 11:54:00,9.0,Pix
2025-07-05 11:58:00,6.0,Debit Card
2025-07-05 12:10:00,8.0,Cash
2025-07-05 12:10:00,9.0,Debit Card
2025-07-05 12:43:00,6.5,Credit Card
2025-07-05 12:47:00,18.0,Debit Card
2025-07-05 13:01:00,13.0,Cash
2025-07-05 13:01:00,10.0,Pix
2025-07-05 13:05:00,10.0,Cash
2025-07-05 13:07:00,4.0,Pix
2025-07-05 13:11:00,12.0,Credit Card
2025-07-05 13:20:00,6.0,Debit Card
2025-07-05 13:35:00,6.5,Pix
2025-07-05 13:37:00,9.0,Credit Card
2025-07-05 13:41:00,12.0,Pix
2025-07-05 13:50:00,12.0,Pix
2025-07-05 14:03:00,6.0,Debit Card
2025-07-05 14:07:00,9.0,Cash
2025-07-05 14:17:00,12.0,Cash
2025-07-05 14:26:00,9.0,Debit Card
2025-07-05 14:30:00,10.5,Credit Card
2025-07-05 14:44:00,10.0,Cash
2025-07-05 14:47:00,16.0,Debit Card
2025-07-05 14:49:00,36.0,Debit Card
2025-07-05 14:53:00,20.5,Pix
2025-07-05 14:54:00,9.0,Cash
2025-07-05 15:00:00,18.0,Cash
2025-07-05 15:04:00,47.0,Debit Card
2025-07-05 15:07:00,6.0,Pix
2025-07-05 15:12:00,30.0,Pix
2025-07-05 15:13:00,12.0,Cash
2025-07-05 15:14:00,40.0,Pix
2025-07-05 15:19:00,9.0,Cash
2025-07-05 15:21:00,8.0,Cash
2025-07-05 15:23:00,6.0,Debit Card
2025-07-05 15:33:00,30.0,Cash
2025-07-05 15:34:00,6.5,Debit Card
2025-07-05 15:37:00,34.0,Debit Card
2025-07-05 15:37:00,27.0,Cash
2025-07-05 15:42:00,28.0,Credit Card
2025-07-05 15:47:00,10.0,Pix
2025-07-05 15:57:00,13.0,Debit Card
2025-07-05 15:57:00,6.0,Pix
2025-07-05 16:00:00,6.0,Cash
2025-07-05 16:02:00,12.0,Debit Card
2025-07-05 16:04:00,4.5,Cash
2025-07-05 16:08:00,32.0,Debit Card
2025-07-05 16:15:00,46.0,Debit Card
2025-07-05 16:16:00,36.0,Debit Card
2025-07-05 16:16:00,9.0,Debit Card
2025-07-05 16:23:00,16.0,Cash
2025-07-05 16:27:00,36.0,Debit Card
2025-07-05 16:32:00,4.0,Cash
2025-07-05 16:34:00,10.0,Cash
2025-07-05 16:39:00,26.0,Credit Card
2025-07-05 16:40:00,13.5,Cash
2025-07-05 16:43:00,30.0,Cash
2025-07-05 16:44:00,18.0,Debit Card
2025-07-05 16:46:00,15.0,Credit Card
2025-07-05 16:50:00,14.0,Cash
2025-07-05 16:54:00,31.0,Pix
2025-07-05 16:54:00,13.0,Pix
2025-07-05 16:56:00,18.0,Debit Card
2025-07-05 17:05:00,8.0,Cash
2025-07-05 16:56:00,18.0,Cash
2025-07-05 17:07:00,18.0,Cash
2025-07-05 17:11:00,10.0,Debit Card
2025-07-05 17:14:00,15.0,Cash
2025-07-05 17:15:00,9.0,Debit Card
2025-07-05 17:19:00,9.0,Cash
2025-07-05 17:24:00,15.0,Cash
2025-07-05 17:26:00,23.0,Cash
2025-07-05 17:34:00,52.0,Cash
2025-07-05 17:36:00,10.0,Pix
2025-07-05 17:40:00,30.0,Debit Card
2025-07-05 17:42:00,15.0,Cash
2025-07-06 15:32:00,8.0,Debit Card
2025-07-06 15:37:00,24.5,Debit Card
2025-07-06 15:43:00,14.0,Cash
2025-07-06 15:47:00,36.0,Debit Card
2025-07-06 15:47:00,6.0,Debit Card
2025-07-06 15:51:00,20.0,Cash
2025-07-06 15:53:00,8.0,Cash
2025-07-06 15:54:00,21.0,Credit Card
2025-07-06 15:55:00,9.0,Cash
2025-07-06 16:04:00,20.0,Multiple
2025-07-06 16:05:00,16.0,Cash
2025-07-06 16:11:00,25.0,Debit Card
2025-07-06 16:18:00,30.0,Pix
2025-07-06 16:47:00,38.0,Debit Card
2025-07-06 16:54:00,40.0,Debit Card
2025-07-06 17:00:00,35.0,Pix
2025-07-06 17:08:00,54.0,Debit Card
2025-07-06 17:08:00,10.0,Meal Voucher
2025-07-06 17:18:00,55.0,Pix
2025-07-06 17:19:00,9.0,Credit Card
2025-07-06 17:21:00,24.0,Debit Card
2025-07-06 17:24:00,14.0,Cash
2025-07-06 17:51:00,19.0,Cash
2025-07-06 17:54:00,24.0,Credit Card
2025-07-06 17:55:00,24.5,Credit Card
2025-07-06 17:55:00,12.0,Credit Card
2025-07-06 18:03:00,6.0,Debit Card
2025-07-06 18:09:00,36.0,Debit Card
2025-07-06 18:11:00,8.0,On Credit
2025-07-06 18:11:00,14.0,Cash
2025-07-06 18:14:00,28.0,Cash
2025-07-06 18:14:00,4.0,Debit Card
2025-07-06 18:26:00,6.0,Cash
2025-07-07 13:36:00,9.0,Credit Card
2025-07-07 14:19:00,6.0,Debit Card
2025-07-07 14:26:00,21.0,Debit Card
2025-07-07 14:30:00,23.0,Pix
2025-07-07 14:35:00,13.0,Debit Card
2025-07-07 14:38:00,6.0,Pix
2025-07-07 14:41:00,10.0,Cash
2025-07-07 14:45:00,9.0,Credit Card
2025-07-07 14:47:00,12.0,Debit Card
2025-07-07 14:50:00,26.0,Credit Card
2025-07-07 14:54:00,19.0,Credit Card
2025-07-07 15:13:00,18.0,Cash
2025-07-07 15:13:00,9.0,Debit Card
2025-07-07 15:16:00,20.0,Pix
2025-07-07 15:22:00,9.0,Cash
2025-07-07 15:38:00,9.0,Pix
2025-07-07 15:41:00,30.0,Multiple
2025-07-07 15:42:00,9.0,Pix
2025-07-07 15:42:00,9.0,Pix
2025-07-07 15:50:00,10.0,Cash
2025-07-07 15:51:00,9.0,Cash
2025-07-07 15:55:00,18.0,Pix
2025-07-07 15:56:00,18.0,Debit Card
2025-07-07 15:58:00,12.0,Cash
2025-07-07 15:58:00,8.0,Debit Card
2025-07-07 16:00:00,8.0,Pix
2025-07-07 16:11:00,10.0,Cash
2025-07-07 16:12:00,6.0,Cash
2025-07-07 16:13:00,4.0,Debit Card
2025-07-07 16:21:00,16.0,Cash
2025-07-07 16:29:00,9.0,Cash
2025-07-07 16:33:00,16.0,Debit Card
2025-07-07 16:34:00,6.0,Cash
2025-07-07 16:35:00,10.0,Cash
2025-07-07 16:37:00,14.0,Cash
2025-07-07 16:42:00,15.0,Cash
2025-07-07 16:49:00,9.0,Cash
2025-07-07 16:52:00,6.0,Pix
2025-07-07 17:00:00,58.0,Debit Card
2025-07-07 17:01:00,8.0,Pix
2025-07-07 17:08:00,10.0,Cash
2025-07-07 17:09:00,15.0,Pix
2025-07-07 17:10:00,18.0,Debit Card
2025-07-07 17:17:00,9.0,Cash
2025-07-07 17:17:00,27.0,Cash
2025-07-07 17:18:00,35.0,Credit Card
2025-07-07 17:24:00,18.0,Cash
2025-07-07 17:26:00,13.0,Cash
2025-07-07 17:31:00,28.0,Cash
2025-07-07 17:39:00,9.0,Credit Card
2025-07-07 17:40:00,9.0,Cash
2025-07-07 17:47:00,15.0,Credit Card
2025-07-07 17:50:00,18.0,Debit Card
2025-07-07 17:56:00,18.0,Debit Card
2025-07-07 17:56:00,9.0,Cash
2025-07-07 17:57:00,23.0,Debit Card
2025-07-07 18:07:00,18.0,Debit Card
2025-07-07 18:10:00,6.0,Pix
2025-07-07 18:29:00,9.0,Debit Card
2025-07-07 18:42:00,13.0,Cash
2025-07-07 18:48:00,9.0,Debit Card
2025-07-07 18:49:00,18.0,Debit Card
2025-07-08 13:39:00,8.0,Pix
2025-07-08 13:45:00,4.0,Cash
2025-07-08 13:47:00,6.0,Cash
2025-07-08 13:56:00,10.0,Cash
2025-07-08 13:57:00,4.0,Cash
2025-07-08 13:57:00,6.5,Pix
2025-07-08 14:00:00,15.0,Pix
2025-07-08 14:02:00,6.0,Cash
2025-07-08 14:06:00,6.0,Cash
2025-07-08 14:15:00,12.5,Cash
2025-07-08 14:18:00,12.0,Debit Card
2025-07-08 14:31:00,8.0,Pix
2025-07-08 14:34:00,8.0,Cash
2025-07-08 14:47:00,16.0,Cash
2025-07-08 14:50:00,8.0,Pix
2025-07-08 14:56:00,27.0,Credit Card
2025-07-08 15:14:00,8.0,Debit Card
2025-07-08 15:35:00,10.0,Debit Card
2025-07-08 16:08:00,31.0,Pix
2025-07-08 16:10:00,10.0,Cash
2025-07-08 16:26:00,10.0,Cash
2025-07-08 16:26:00,6.5,Cash
2025-07-08 16:29:00,30.0,Pix
2025-07-08 16:36:00,18.0,Pix
2025-07-08 16:41:00,15.0,Debit Card
2025-07-08 16:44:00,10.0,Cash
2025-07-08 16:46:00,10.0,Cash
2025-07-08 16:51:00,27.0,Credit Card
2025-07-08 16:55:00,15.0,Cash
2025-07-08 16:58:00,24.0,Cash
2025-07-08 16:59:00,9.0,Debit Card
2025-07-08 17:08:00,18.0,Credit Card
2025-07-08 17:19:00,30.0,Cash
2025-07-08 17:29:00,9.0,Cash
2025-07-08 17:32:00,9.0,Pix
2025-07-08 17:34:00,10.0,Pix
2025-07-08 17:40:00,6.0,Debit Card
2025-07-08 17:53:00,4.5,Debit Card
2025-07-08 18:13:00,18.0,Cash
2025-07-08 18:27:00,24.0,Credit Card
2025-07-08 18:45:00,9.0,Credit Card
2025-07-09 13:47:00,12.0,Pix
2025-07-09 14:11:00,21.0,Pix
2025-07-09 14:20:00,15.0,Cash
2025-07-09 14:29:00,60.0,Debit Card
2025-07-09 14:34:00,6.0,Debit Card
2025-07-09 14:35:00,18.0,Cash
2025-07-09 14:41:00,9.0,Debit Card
2025-07-09 14:49:00,14.0,Cash
2025-07-09 14:50:00,10.0,Credit Card
2025-07-09 14:53:00,23.0,Credit Card
2025-07-09 14:53:00,4.0,Cash
2025-07-09 14:57:00,10.0,Debit Card
2025-07-09 15:05:00,20.0,Credit Card
2025-07-09 15:11:00,26.0,Debit Card
2025-07-09 15:29:00,9.0,Debit Card
2025-07-09 15:34:00,13.0,Cash
2025-07-09 15:39:00,15.0,Credit Card
2025-07-09 15:42:00,12.0,Debit Card
2025-07-09 15:46:00,18.0,Pix
2025-07-09 15:53:00,13.0,Debit Card
2025-07-09 16:01:00,11.0,Debit Card
2025-07-09 16:09:00,4.0,Cash
2025-07-09 16:10:00,6.0,Debit Card
2025-07-09 16:13:00,22.0,Debit Card
2025-07-09 16:17:00,6.0,Cash
2025-07-09 16:19:00,16.0,Pix
2025-07-09 16:22:00,44.0,Debit Card
2025-07-09 16:39:00,27.0,Cash
2025-07-09 16:40:00,6.0,Cash
2025-07-09 16:41:00,6.0,Cash
2025-07-09 16:46:00,4.5,Cash
2025-07-09 16:47:00,6.0,Cash
2025-07-09 16:47:00,9.0,Cash
2025-07-09 17:02:00,9.0,Pix
2025-07-09 17:10:00,14.0,Debit Card
2025-07-09 17:16:00,9.0,Debit Card
2025-07-09 17:22:00,10.0,Debit Card
2025-07-10 13:43:00,9.0,Cash
2025-07-10 14:13:00,10.0,Pix
2025-07-10 14:45:00,9.0,Pix
2025-07-10 14:48:00,4.0,Pix
2025-07-10 14:57:00,32.0,Pix
2025-07-10 14:57:00,14.0,Cash
2025-07-10 15:04:00,6.0,Cash
2025-07-10 15:33:00,8.0,Debit Card
2025-07-10 15:45:00,18.0,Credit Card
2025-07-10 15:56:00,9.0,Cash
2025-07-10 16:00:00,39.0,Pix
2025-07-10 16:02:00,10.0,Cash
2025-07-10 16:08:00,10.0,Cash
2025-07-10 16:14:00,8.0,Cash
2025-07-10 16:21:00,14.5,Cash
2025-07-10 16:22:00,9.0,Cash
2025-07-10 16:24:00,6.5,Debit Card
2025-07-10 16:29:00,6.0,Pix
2025-07-10 16:34:00,8.0,Cash
2025-07-10 16:47:00,8.0,Debit Card
2025-07-10 16:48:00,6.5,Credit Card
2025-07-10 17:00:00,10.0,Cash
2025-07-10 17:06:00,36.0,Pix
2025-07-10 17:09:00,9.0,Cash
2025-07-10 17:13:00,9.0,Debit Card
2025-07-10 17:15:00,12.0,Cash
2025-07-10 17:18:00,16.0,Cash
2025-07-10 17:25:00,10.0,Pix
2025-07-10 17:27:00,9.0,Meal Voucher
2025-07-10 17:37:00,23.0,Debit Card
2025-07-10 17:38:00,10.0,Pix
2025-07-10 17:43:00,20.0,Pix
2025-07-10 17:55:00,21.0,Cash
2025-07-10 18:02:00,17.0,On Credit
2025-07-10 18:04:00,22.0,Meal Voucher
2025-07-10 18:09:00,19.0,Pix
2025-07-10 18:22:00,27.0,Pix
2025-07-10 18:34:00,9.0,Cash
2025-07-11 13:42:00,9.0,Credit Card
2025-07-11 14:39:00,8.0,Cash
2025-07-11 14:50:00,27.0,Multiple
2025-07-11 15:12:00,38.0,Credit Card
2025-07-11 15:12:00,6.5,Pix
2025-07-11 15:13:00,9.0,Pix
2025-07-11 15:15:00,8.0,Cash
2025-07-11 15:30:00,18.0,Pix
2025-07-11 15:38:00,10.0,Credit Card
2025-07-11 15:43:00,6.0,Pix
2025-07-11 15:49:00,10.0,Pix
2025-07-11 15:51:00,21.0,Debit Card
2025-07-11 15:57:00,12.0,Debit Card
2025-07-11 15:59:00,6.0,Debit Card
2025-07-11 16:05:00,19.0,Debit Card
2025-07-11 16:07:00,12.0,Debit Card
2025-07-11 16:12:00,12.0,Cash
2025-07-11 16:23:00,8.0,Credit Card
2025-07-11 16:42:00,6.0,Cash
2025-07-11 16:42:00,9.0,Cash
2025-07-11 16:46:00,10.0,Cash
2025-07-11 16:50:00,8.0,Debit Card
2025-07-11 17:08:00,23.0,Cash
2025-07-11 17:10:00,10.0,Debit Card
2025-07-11 17:24:00,8.0,Cash
2025-07-11 17:31:00,66.0,Meal Voucher
2025-07-11 17:49:00,9.0,Pix
2025-07-11 17:51:00,9.0,Pix
2025-07-11 17:54:00,6.0,Cash
2025-07-11 17:57:00,6.0,Credit Card
2025-07-11 17:58:00,6.0,Cash
2025-07-11 18:00:00,10.0,Pix
2025-07-11 18:04:00,22.0,Pix
2025-07-11 18:06:00,21.0,Cash
2025-07-11 18:25:00,18.0,Cash
2025-07-11 18:57:00,13.0,Cash
2025-07-12 11:02:00,18.0,Pix
2025-07-12 11:09:00,12.0,Pix
2025-07-12 11:24:00,20.0,Debit Card
2025-07-12 11:49:00,13.0,Cash
2025-07-12 11:58:00,12.5,Cash
2025-07-12 11:59:00,12.0,Pix
2025-07-12 12:02:00,6.0,Pix
2025-07-12 12:31:00,10.0,Cash
2025-07-12 12:34:00,15.0,Debit Card
2025-07-12 12:56:00,22.0,Cash
2025-07-12 12:58:00,18.0,Debit Card
2025-07-12 13:04:00,6.0,Debit Card
2025-07-12 13:09:00,4.0,Cash
2025-07-12 13:18:00,3.0,Cash
2025-07-12 13:19:00,4.0,Debit Card
2025-07-12 13:43:00,39.0,Credit Card
2025-07-12 13:50:00,18.0,Cash
2025-07-12 13:52:00,36.0,Cash
2025-07-12 13:57:00,10.0,Pix
2025-07-12 13:59:00,4.0,Cash
2025-07-12 14:00:00,6.0,Cash
2025-07-12 14:10:00,12.0,Credit Card
2025-07-12 14:22:00,16.0,Meal Voucher
2025-07-12 14:35:00,15.0,Pix
2025-07-12 14:47:00,18.0,Credit Card
2025-07-12 15:03:00,12.0,Cash
2025-07-12 15:04:00,6.0,Cash
2025-07-12 15:05:00,4.0,Cash
2025-07-12 15:07:00,6.0,Cash
2025-07-12 15:07:00,18.0,Cash
2025-07-12 15:14:00,26.0,Pix
2025-07-12 15:21:00,36.0,Debit Card
2025-07-12 15:23:00,23.0,Credit Card
2025-07-12 15:24:00,9.0,Debit Card
2025-07-12 15:26:00,8.0,Pix
2025-07-12 15:38:00,9.0,Debit Card
2025-07-12 15:39:00,6.0,Cash
2025-07-12 15:41:00,18.0,Debit Card
2025-07-12 15:42:00,4.0,Cash
2025-07-12 15:46:00,6.0,Debit Card
2025-07-12 15:46:00,8.0,Pix
2025-07-12 15:51:00,45.0,Cash
2025-07-12 15:52:00,25.0,Cash
2025-07-12 15:57:00,18.0,Credit Card
2025-07-12 15:58:00,9.0,Debit Card
2025-07-12 15:59:00,6.5,Debit Card
2025-07-12 16:06:00,55.0,Credit Card
2025-07-12 16:06:00,13.0,Pix
2025-07-12 16:09:00,18.0,Credit Card
2025-07-12 16:19:00,15.0,Pix
2025-07-12 16:19:00,17.0,Cash
2025-07-12 16:28:00,9.0,Cash
2025-07-12 16:28:00,18.0,Cash
2025-07-12 16:39:00,9.0,Cash
2025-07-12 16:39:00,9.0,Cash
2025-07-12 16:39:00,9.0,Cash
2025-07-12 16:40:00,9.0,Cash
2025-07-12 16:45:00,10.0,Pix
2025-07-12 16:52:00,22.0,Pix
2025-07-12 16:53:00,15.0,Credit Card
2025-07-12 16:53:00,9.0,Cash
2025-07-12 16:56:00,6.5,Debit Card
2025-07-12 16:58:00,18.0,Debit Card
2025-07-12 17:36:00,17.0,Credit Card
2025-07-12 17:51:00,9.0,Credit Card
2025-07-12 18:02:00,29.0,Pix
2025-07-12 18:16:00,6.0,Debit Card
2025-07-12 18:17:00,18.0,Credit Card
2025-07-12 18:18:00,9.0,Pix
2025-07-12 18:33:00,26.0,Debit Card
2025-07-12 18:35:00,17.0,Pix
2025-07-13 15:00:00,18.0,Debit Card
2025-07-13 15:08:00,31.0,Credit Card
2025-07-13 15:10:00,20.0,Credit Card
2025-07-13 15:10:00,4.0,Cash
2025-07-13 15:11:00,8.0,Credit Card
2025-07-13 15:13:00,12.0,Pix
2025-07-13 15:27:00,14.0,Credit Card
2025-07-13 15:30:00,25.0,Cash
2025-07-13 15:34:00,30.0,Pix
2025-07-13 15:36:00,20.0,Cash
2025-07-13 15:40:00,36.0,Cash
2025-07-13 15:40:00,27.0,Cash
2025-07-13 15:51:00,6.0,Debit Card
2025-07-13 15:53:00,12.0,Debit Card
2025-07-13 15:53:00,9.0,Cash
2025-07-13 16:00:00,10.0,Cash
2025-07-13 16:03:00,16.0,Debit Card
2025-07-13 16:08:00,22.0,Debit Card
2025-07-13 16:12:00,26.0,Debit Card
2025-07-13 16:13:00,4.0,Credit Card
2025-07-13 16:14:00,12.0,Pix
2025-07-13 16:18:00,42.0,Debit Card
2025-07-13 16:20:00,6.0,Debit Card
2025-07-13 16:20:00,10.0,Debit Card
2025-07-13 16:33:00,12.0,Debit Card
2025-07-13 16:35:00,13.0,Pix
2025-07-13 16:36:00,15.0,Debit Card
2025-07-13 16:42:00,25.0,Cash
2025-07-13 16:46:00,10.0,Cash
2025-07-13 16:46:00,9.0,Debit Card
2025-07-13 16:50:00,20.0,Cash
2025-07-13 16:55:00,15.0,Pix
2025-07-13 17:01:00,13.0,Debit Card
2025-07-13 17:03:00,18.0,Cash
2025-07-13 17:12:00,38.5,Debit Card
2025-07-13 17:15:00,6.0,Cash
2025-07-13 17:15:00,14.0,Credit Card
2025-07-13 17:16:00,18.0,Debit Card
2025-07-13 17:23:00,12.5,Cash
2025-07-13 17:26:00,13.0,Debit Card
2025-07-13 17:28:00,20.0,Debit Card
2025-07-13 17:35:00,35.0,Cash
2025-07-13 17:43:00,10.0,Cash
2025-07-13 17:53:00,26.0,Pix
2025-07-13 18:00:00,43.0,Multiple
2025-07-13 18:02:00,60.0,Cash
2025-07-13 18:04:00,17.0,Credit Card
2025-07-13 18:13:00,13.0,Pix
2025-07-13 18:37:00,22.5,Cash
2025-07-14 13:57:00,6.5,Debit Card
2025-07-14 13:57:00,12.0,Cash
2025-07-14 13:58:00,8.0,Cash
2025-07-14 14:19:00,6.0,Debit Card
2025-07-14 14:22:00,12.0,Pix
2025-07-14 14:27:00,16.0,Credit Card
2025-07-14 14:29:00,16.0,Cash
2025-07-14 14:29:00,8.5,Cash
2025-07-14 14:30:00,6.0,Debit Card
2025-07-14 14:33:00,8.0,Cash
2025-07-14 14:36:00,16.0,Pix
2025-07-14 14:48:00,24.0,Cash
2025-07-14 14:56:00,15.0,Pix
2025-07-14 15:03:00,16.0,Debit Card
2025-07-14 15:09:00,50.0,Cash
2025-07-14 15:10:00,8.0,Debit Card
2025-07-14 15:12:00,22.0,Credit Card
2025-07-14 15:14:00,6.0,Debit Card
2025-07-14 15:15:00,18.0,Cash
2025-07-14 15:23:00,50.0,Cash
2025-07-14 15:29:00,18.0,Cash
2025-07-14 15:34:00,8.0,Cash
2025-07-14 15:34:00,18.0,Cash
2025-07-14 15:39:00,27.0,Debit Card
2025-07-14 15:49:00,15.0,Cash
2025-07-14 15:50:00,10.0,Cash
2025-07-14 15:52:00,17.5,Credit Card
2025-07-14 15:56:00,23.5,Cash
2025-07-14 16:17:00,10.0,Cash
2025-07-14 16:20:00,18.0,Debit Card
2025-07-14 16:23:00,6.0,Pix
2025-07-14 16:23:00,27.0,Pix
2025-07-14 16:43:00,8.0,Cash
2025-07-14 16:43:00,9.0,Pix
2025-07-14 16:55:00,18.0,Debit Card
2025-07-14 17:00:00,14.0,Pix
2025-07-14 17:01:00,8.0,Debit Card
2025-07-14 17:02:00,6.0,Cash
2025-07-14 17:02:00,13.0,Debit Card
2025-07-14 17:13:00,22.5,Multiple
2025-07-14 17:26:00,6.0,Cash
2025-07-14 17:27:00,8.0,Cash
2025-07-14 17:29:00,6.0,Pix
2025-07-14 17:31:00,8.0,Credit Card
2025-07-14 17:42:00,6.0,Credit Card
2025-07-14 17:44:00,6.0,Cash
2025-07-14 17:44:00,8.0,Credit Card
2025-07-14 17:45:00,9.0,Credit Card
2025-07-14 17:51:00,6.0,Credit Card
2025-07-14 18:09:00,8.0,Cash
2025-07-14 18:12:00,18.0,Cash
2025-07-14 18:12:00,9.0,Credit Card
2025-07-14 18:12:00,8.5,Cash
2025-07-14 18:21:00,6.0,Debit Card
2025-07-14 18:36:00,19.0,Cash
2025-07-14 18:36:00,24.0,Cash
2025-07-14 18:43:00,21.0,Debit Card
2025-07-14 18:56:00,9.0,Cash
2025-07-15 13:47:00,10.0,Cash
2025-07-15 13:58:00,10.0,Debit Card
2025-07-15 14:07:00,19.0,Credit Card
2025-07-15 14:22:00,8.0,Cash
2025-07-15 14:24:00,12.0,Cash
2025-07-15 14:26:00,6.0,Cash
2025-07-15 14:31:00,10.0,Debit Card
2025-07-15 14:34:00,18.0,Cash
2025-07-15 14:36:00,12.0,Cash
2025-07-15 14:36:00,13.0,Debit Card
2025-07-15 14:39:00,4.5,Debit Card
2025-07-15 14:55:00,21.0,Debit Card
2025-07-15 14:59:00,8.0,Cash
2025-07-15 15:08:00,20.0,Cash
2025-07-15 15:14:00,29.0,Pix
2025-07-15 15:22:00,18.0,Credit Card
2025-07-15 15:30:00,20.0,Debit Card
2025-07-15 15:38:00,10.0,Cash
2025-07-15 15:46:00,14.5,Cash
2025-07-15 16:02:00,12.0,Cash
2025-07-15 16:03:00,9.0,Cash
2025-07-15 16:06:00,6.0,Cash
2025-07-15 16:08:00,6.0,Debit Card
2025-07-15 16:08:00,9.0,Debit Card
2025-07-15 16:13:00,12.0,Cash
2025-07-15 16:14:00,6.0,Credit Card
2025-07-15 16:18:00,19.0,Cash
2025-07-15 16:19:00,9.0,Cash
2025-07-15 16:30:00,9.0,Pix
2025-07-15 16:35:00,6.0,Credit Card
2025-07-15 16:38:00,18.0,Debit Card
2025-07-15 16:40:00,15.0,Cash
2025-07-15 16:43:00,6.0,Cash
2025-07-15 16:48:00,18.0,Pix
2025-07-15 16:51:00,9.0,Cash
2025-07-15 16:53:00,27.0,Cash
2025-07-15 17:05:00,15.0,Cash
2025-07-15 17:12:00,12.0,Pix
2025-07-15 17:21:00,12.0,Debit Card
2025-07-15 17:33:00,6.0,Cash
2025-07-15 17:34:00,9.0,Credit Card
2025-07-15 17:43:00,10.0,Cash
2025-07-15 17:50:00,19.0,Cash
2025-07-15 17:57:00,18.0,Cash
2025-07-15 17:59:00,4.5,Cash
2025-07-15 18:22:00,19.0,Debit Card
2025-07-15 18:26:00,12.0,Pix
2025-07-15 18:39:00,9.0,Cash
2025-07-15 18:55:00,18.0,Debit Card
2025-07-15 18:56:00,6.0,Cash
2025-07-15 19:01:00,12.0,Cash
2025-07-16 14:07:00,36.0,Cash
2025-07-16 14:23:00,12.0,Cash
2025-07-16 14:47:00,12.0,Cash
2025-07-16 14:48:00,13.0,Credit Card
2025-07-16 14:48:00,4.5,Cash
2025-07-16 14:48:00,4.5,Cash
2025-07-16 15:10:00,4.0,Cash
2025-07-16 15:10:00,4.0,Cash
2025-07-16 15:11:00,12.0,Cash
2025-07-16 15:21:00,14.0,Cash
2025-07-16 15:52:00,10.0,Cash
2025-07-16 15:55:00,10.0,Pix
2025-07-16 16:00:00,9.0,Debit Card
2025-07-16 16:06:00,10.0,Pix
2025-07-16 16:12:00,20.0,Debit Card
2025-07-16 16:18:00,25.0,Debit Card
2025-07-16 16:20:00,10.0,Credit Card
2025-07-16 16:22:00,14.0,Pix
2025-07-16 16:28:00,20.0,Credit Card
2025-07-16 16:35:00,15.0,Credit Card
2025-07-16 16:36:00,22.0,Debit Card
2025-07-16 16:36:00,14.0,Debit Card
2025-07-16 16:47:00,10.0,Cash
2025-07-16 16:49:00,12.0,Cash
2025-07-16 16:50:00,12.0,Debit Card
2025-07-16 16:51:00,8.0,Debit Card
2025-07-16 16:57:00,28.0,Pix
2025-07-16 17:09:00,22.0,Cash
2025-07-16 17:15:00,18.0,Credit Card
2025-07-16 17:24:00,6.5,Cash
2025-07-16 17:27:00,24.0,Pix
2025-07-16 17:30:00,30.0,Cash
2025-07-16 17:37:00,8.0,Debit Card
2025-07-16 17:42:00,6.0,Cash
2025-07-16 17:42:00,9.0,Pix
2025-07-16 17:49:00,26.0,Cash
2025-07-16 17:57:00,14.0,Debit Card
2025-07-16 18:01:00,9.0,Pix
2025-07-16 18:04:00,9.0,Pix
2025-07-16 18:05:00,8.0,Debit Card
2025-07-16 18:08:00,6.0,Debit Card
2025-07-16 18:15:00,8.0,Cash
2025-07-16 18:16:00,18.0,Debit Card
2025-07-16 18:20:00,6.0,Debit Card
2025-07-17 15:44:00,20.0,Debit Card
2025-07-17 16:02:00,18.0,Credit Card
2025-07-17 16:30:00,9.0,Cash
2025-07-17 16:32:00,23.0,Pix
2025-07-17 16:42:00,10.0,Debit Card
2025-07-17 16:46:00,10.0,Debit Card
2025-07-17 16:55:00,18.0,Pix
2025-07-17 17:00:00,10.0,Cash
2025-07-17 17:00:00,36.0,Credit Card
2025-07-18 14:26:00,8.0,Credit Card
2025-07-18 14:41:00,15.0,Pix
2025-07-18 14:42:00,4.0,Cash
2025-07-18 14:54:00,28.0,Pix
2025-07-18 15:01:00,30.0,Pix
2025-07-18 15:08:00,9.0,Pix
2025-07-18 15:12:00,15.0,Cash
2025-07-18 15:16:00,4.0,Pix
2025-07-18 15:35:00,14.0,Pix
2025-07-18 15:38:00,15.0,Cash
2025-07-18 15:39:00,19.0,Pix
2025-07-18 15:59:00,18.0,Pix
2025-07-18 15:59:00,12.0,Debit Card
2025-07-18 16:23:00,8.0,Cash
2025-07-18 16:34:00,6.5,Debit Card
2025-07-18 16:40:00,6.0,Cash
2025-07-18 16:42:00,9.0,Cash
2025-07-18 17:22:00,18.0,Cash
2025-07-18 17:22:00,10.0,Cash
2025-07-18 17:34:00,6.0,Debit Card
2025-07-18 17:42:00,45.0,Debit Card
2025-07-18 17:47:00,6.0,Pix
2025-07-18 17:53:00,32.0,Cash
2025-07-18 17:56:00,9.0,Meal Voucher
2025-07-18 18:01:00,6.0,Pix
2025-07-18 18:02:00,14.0,Pix
2025-07-18 18:13:00,10.0,Cash
2025-07-18 18:17:00,18.0,Meal Voucher
2025-07-18 18:28:00,9.0,Credit Card
2025-07-18 18:34:00,9.0,Cash
2025-07-19 10:42:00,6.5,Credit Card
2025-07-19 10:53:00,18.0,Cash
2025-07-19 11:17:00,27.0,Debit Card
2025-07-19 11:18:00,27.0,Pix
2025-07-19 11:32:00,4.0,Debit Card
2025-07-19 11:53:00,22.0,Debit Card
2025-07-19 12:05:00,15.0,Debit Card
2025-07-19 12:12:00,18.0,Debit Card
2025-07-19 12:15:00,8.0,Debit Card
2025-07-19 12:35:00,6.5,Debit Card
2025-07-19 12:40:00,10.0,Cash
2025-07-19 12:41:00,6.0,Pix
2025-07-19 12:41:00,9.0,Cash
2025-07-19 13:19:00,24.0,Debit Card
2025-07-19 13:21:00,16.0,Debit Card
2025-07-19 13:26:00,9.0,Cash
2025-07-19 13:29:00,26.0,Credit Card
2025-07-19 13:33:00,12.0,Pix
2025-07-19 14:06:00,4.0,Cash
2025-07-19 14:07:00,13.0,Cash
2025-07-19 14:10:00,16.0,Debit Card
2025-07-19 14:31:00,12.0,Debit Card
2025-07-19 14:52:00,10.0,Cash
2025-07-19 14:58:00,20.0,Debit Card
2025-07-19 14:58:00,23.0,Cash
2025-07-19 15:03:00,6.0,Cash
2025-07-19 15:06:00,6.0,Debit Card
2025-07-19 15:18:00,6.0,Cash
2025-07-19 15:19:00,12.0,Cash
2025-07-19 15:24:00,15.0,Debit Card
2025-07-19 15:24:00,6.0,Pix
2025-07-19 15:26:00,4.0,Debit Card
2025-07-19 15:30:00,18.0,Debit Card
2025-07-19 15:33:00,24.0,Pix
2025-07-19 15:38:00,20.0,Pix
2025-07-19 15:39:00,9.0,Pix
2025-07-19 15:43:00,13.0,Debit Card
2025-07-19 15:45:00,15.0,Debit Card
2025-07-19 15:49:00,20.0,Credit Card
2025-07-19 15:53:00,12.0,Credit Card
2025-07-19 15:57:00,6.0,Credit Card
2025-07-19 16:00:00,28.0,Cash
2025-07-19 16:03:00,10.0,Cash
2025-07-19 16:10:00,24.0,Debit Card
2025-07-19 16:11:00,12.0,Pix
2025-07-19 16:14:00,19.5,Cash
2025-07-19 16:15:00,6.0,Credit Card
2025-07-19 16:19:00,30.0,Cash
2025-07-19 16:21:00,23.0,Debit Card
2025-07-19 16:33:00,20.0,Credit Card
2025-07-19 16:36:00,18.0,Cash
2025-07-19 16:44:00,26.0,Cash
2025-07-19 16:46:00,16.0,Debit Card
2025-07-19 16:50:00,20.0,Debit Card
2025-07-19 16:58:00,27.0,Debit Card
2025-07-19 17:04:00,32.0,Debit Card
2025-07-19 17:05:00,6.0,Debit Card
2025-07-19 17:07:00,26.0,Cash
2025-07-19 17:12:00,6.5,Cash
2025-07-19 17:20:00,30.0,Cash
2025-07-19 17:27:00,36.0,Credit Card
2025-07-19 17:30:00,6.0,Cash
2025-07-19 17:30:00,18.0,Cash
2025-07-19 17:35:00,10.0,Cash
2025-07-19 17:36:00,20.0,Cash
2025-07-19 17:45:00,12.5,Debit Card
2025-07-19 17:46:00,14.0,Debit Card
2025-07-19 17:59:00,14.0,Pix
2025-07-19 18:02:00,14.0,Cash
2025-07-19 18:13:00,6.0,Debit Card
2025-07-19 18:24:00,19.0,Debit Card
2025-07-19 18:24:00,9.0,Credit Card
2025-07-19 18:33:00,18.0,Cash
2025-07-19 18:45:00,19.5,Cash
2025-07-20 15:23:00,18.0,Pix
2025-07-20 15:26:00,18.0,Debit Card
2025-07-20 15:31:00,16.0,Debit Card
2025-07-20 15:40:00,6.0,Pix
2025-07-20 15:49:00,13.0,Pix
2025-07-20 15:57:00,19.0,Debit Card
2025-07-20 16:13:00,12.0,Debit Card
2025-07-20 16:13:00,18.0,Debit Card
2025-07-20 16:15:00,6.0,Credit Card
2025-07-20 16:16:00,36.0,Cash
2025-07-20 16:26:00,46.0,Multiple
2025-07-20 16:29:00,4.0,Cash
2025-07-20 16:32:00,19.0,Pix
2025-07-20 16:40:00,15.0,Pix
2025-07-20 16:42:00,28.0,Cash
2025-07-20 16:42:00,18.0,Pix
2025-07-20 16:49:00,16.0,Credit Card
2025-07-20 16:56:00,40.0,Pix
2025-07-20 17:02:00,44.0,Debit Card
2025-07-20 17:05:00,17.0,Cash
2025-07-20 17:06:00,8.0,Debit Card
2025-07-20 17:06:00,8.0,Cash
2025-07-20 17:13:00,29.0,Cash
2025-07-20 17:14:00,10.0,Pix
2025-07-20 17:19:00,18.0,Debit Card
2025-07-20 17:19:00,14.0,Pix
2025-07-20 17:31:00,46.0,Pix
2025-07-20 17:34:00,12.0,Cash
2025-07-20 17:36:00,20.0,Cash
2025-07-20 17:41:00,8.0,Pix
2025-07-20 17:46:00,12.0,Cash
2025-07-20 17:46:00,4.5,Cash
2025-07-20 17:47:00,8.0,Cash
2025-07-20 17:48:00,19.0,Pix
2025-07-20 17:52:00,20.0,Pix
2025-07-20 18:00:00,18.0,Cash
2025-07-20 18:02:00,19.0,Pix
2025-07-20 18:12:00,9.0,Cash
2025-07-20 18:14:00,18.0,Cash
2025-07-20 18:16:00,24.0,Debit Card
2025-07-20 18:20:00,10.0,Cash
2025-07-20 18:21:00,24.0,Debit Card
2025-07-20 18:23:00,9.0,Cash
2025-07-20 18:29:00,9.0,Cash
2025-07-21 13:53:00,12.0,Cash
2025-07-21 14:02:00,6.5,Cash
2025-07-21 14:28:00,6.0,Debit Card
2025-07-21 14:37:00,18.0,Pix
2025-07-21 14:54:00,16.0,Debit Card
2025-07-21 14:56:00,18.0,Credit Card
2025-07-21 15:02:00,16.0,Pix
2025-07-21 15:08:00,16.5,Credit Card
2025-07-21 15:08:00,4.0,Cash
2025-07-21 15:28:00,12.0,Cash
2025-07-21 15:29:00,6.0,Cash
2025-07-21 15:33:00,32.0,Cash
2025-07-21 15:34:00,18.0,Credit Card
2025-07-21 15:40:00,18.0,Debit Card
2025-07-21 15:44:00,33.0,Credit Card
2025-07-21 15:49:00,12.0,Cash
2025-07-21 15:49:00,40.0,Pix
2025-07-21 15:54:00,19.0,Debit Card
2025-07-21 16:01:00,16.0,Credit Card
2025-07-21 16:07:00,10.0,Cash
2025-07-21 16:14:00,6.0,Pix
2025-07-21 16:23:00,6.0,Cash
2025-07-21 16:24:00,18.0,Debit Card
2025-07-21 16:31:00,14.0,Pix
2025-07-21 16:36:00,6.0,Cash
2025-07-21 16:39:00,14.0,Cash
2025-07-21 16:40:00,6.0,Pix
2025-07-21 16:45:00,13.0,Pix
2025-07-21 16:50:00,20.0,Debit Card
2025-07-21 16:50:00,9.0,Cash
2025-07-21 16:53:00,9.0,Debit Card
2025-07-21 17:09:00,15.0,Cash
2025-07-21 17:16:00,6.0,Debit Card
2025-07-21 17:28:00,16.0,Debit Card
2025-07-21 17:44:00,8.0,Cash
2025-07-21 17:47:00,17.0,Debit Card
2025-07-21 17:59:00,27.0,Debit Card
2025-07-21 18:15:00,6.5,Pix
2025-07-21 18:30:00,20.0,Debit Card
2025-07-21 18:36:00,12.0,Credit Card
2025-07-21 19:03:00,16.0,Cash
2025-07-22 13:30:00,9.0,Credit Card
2025-07-22 13:43:00,4.5,Cash
2025-07-22 14:00:00,6.0,Cash
2025-07-22 14:08:00,8.0,Debit Card
2025-07-22 14:10:00,8.0,Cash
2025-07-22 14:33:00,6.0,Debit Card
2025-07-22 14:41:00,4.0,Cash
2025-07-22 14:44:00,6.0,Pix
2025-07-22 14:46:00,19.0,Pix
2025-07-22 14:55:00,12.0,Pix
2025-07-22 14:57:00,8.0,Cash
2025-07-22 15:01:00,21.0,Debit Card
2025-07-22 15:08:00,15.0,Debit Card
2025-07-22 15:14:00,4.0,Cash
2025-07-22 15:20:00,6.0,Debit Card
2025-07-22 15:22:00,12.0,Cash
2025-07-22 15:24:00,12.0,Cash
2025-07-22 15:26:00,6.0,Cash
2025-07-22 15:27:00,12.0,Cash
2025-07-22 15:30:00,12.0,Debit Card
2025-07-22 15:33:00,6.0,Credit Card
2025-07-22 15:37:00,20.5,Pix
2025-07-22 15:40:00,6.0,Pix
2025-07-22 15:42:00,13.0,Debit Card
2025-07-22 15:46:00,26.0,Pix
2025-07-22 15:46:00,9.0,Credit Card
2025-07-22 15:48:00,15.0,Debit Card
2025-07-22 15:49:00,8.0,Credit Card
2025-07-22 15:51:00,15.0,Debit Card
2025-07-22 16:09:00,8.0,Cash
2025-07-22 16:12:00,19.0,Debit Card
2025-07-22 16:13:00,6.0,Cash
2025-07-22 16:14:00,15.0,Pix
2025-07-22 16:23:00,12.0,Debit Card
2025-07-22 16:27:00,8.0,Pix
2025-07-22 16:31:00,16.0,Cash
2025-07-22 16:32:00,9.0,Debit Card
2025-07-22 16:33:00,6.0,Debit Card
2025-07-22 17:00:00,26.0,Debit Card
2025-07-22 17:00:00,4.0,Cash
2025-07-23 14:04:00,6.0,Cash
2025-07-23 14:58:00,6.0,Cash
2025-07-23 15:10:00,6.0,Pix
2025-07-23 15:32:00,19.0,Pix
2025-07-23 15:43:00,18.0,Pix
2025-07-23 15:44:00,18.0,Debit Card
2025-07-23 15:52:00,13.0,Debit Card
2025-07-23 15:53:00,6.0,Cash
2025-07-23 15:53:00,8.5,Debit Card
2025-07-23 15:55:00,18.0,Cash
2025-07-23 16:15:00,8.0,Cash
2025-07-23 16:22:00,24.0,Cash
2025-07-23 16:31:00,19.0,Credit Card
2025-07-23 16:32:00,15.0,Debit Card
2025-07-23 16:48:00,16.0,Debit Card
2025-07-23 16:57:00,6.5,Pix
2025-07-23 16:58:00,6.0,Debit Card
2025-07-23 17:05:00,10.0,Debit Card
2025-07-23 17:09:00,10.0,Credit Card
2025-07-23 17:12:00,18.0,Debit Card
2025-07-23 17:12:00,9.0,Debit Card
2025-07-23 17:16:00,24.0,Debit Card
2025-07-23 17:28:00,9.0,Pix
2025-07-23 17:32:00,10.0,Pix
2025-07-23 17:35:00,9.0,Pix
2025-07-23 17:54:00,18.0,Pix
2025-07-23 17:55:00,15.0,Cash
2025-07-23 17:57:00,10.0,Pix
2025-07-23 18:00:00,9.0,Debit Card
2025-07-23 18:18:00,9.0,Pix
2025-07-23 18:30:00,14.0,Debit Card
2025-07-23 18:33:00,24.0,Cash
2025-07-23 18:34:00,10.0,Debit Card
2025-07-23 18:38:00,6.0,Cash
2025-07-23 18:39:00,9.0,Credit Card
2025-07-23 18:44:00,25.0,Cash
2025-07-23 18:45:00,9.0,Pix
2025-07-23 18:47:00,9.0,Cash
2025-07-23 18:48:00,9.0,Pix
2025-07-23 18:51:00,4.0,Credit Card
2025-07-23 16:32:00,6.5,Cash
2025-07-25 13:49:00,18.0,Cash
2025-07-25 13:51:00,40.0,Credit Card
2025-07-25 13:52:00,18.0,Debit Card
2025-07-25 14:18:00,8.0,Cash
2025-07-25 14:25:00,18.0,Debit Card
2025-07-25 14:56:00,15.0,Cash
2025-07-25 15:00:00,18.0,Cash
2025-07-25 15:09:00,12.0,Cash
2025-07-25 15:10:00,8.0,Pix
2025-07-25 15:16:00,10.0,Debit Card
2025-07-25 15:19:00,18.0,Cash
2025-07-25 15:25:00,6.5,Cash
2025-07-25 15:33:00,9.0,Debit Card
2025-07-25 15:38:00,10.0,Cash
2025-07-25 15:45:00,19.0,Debit Card
2025-07-25 15:47:00,8.0,Debit Card
2025-07-25 15:48:00,9.0,Pix
2025-07-25 15:52:00,12.0,Pix
2025-07-25 15:56:00,21.0,Cash
2025-07-25 16:01:00,30.0,Cash
2025-07-25 16:01:00,16.0,Pix
2025-07-25 16:04:00,12.0,Debit Card
2025-07-25 16:06:00,8.0,Cash
2025-07-25 16:08:00,6.0,Debit Card
2025-07-25 16:09:00,16.0,Cash
2025-07-25 16:13:00,20.0,Pix
2025-07-25 16:16:00,13.0,Cash
2025-07-25 16:16:00,32.0,Debit Card
2025-07-25 16:23:00,26.0,Cash
2025-07-25 16:29:00,17.0,Debit Card
2025-07-25 16:30:00,9.0,Debit Card
2025-07-25 16:48:00,15.0,Cash
2025-07-25 16:49:00,4.0,Cash
2025-07-25 17:00:00,6.5,Cash
2025-07-25 17:02:00,13.0,Debit Card
2025-07-25 17:06:00,10.0,Cash
2025-07-25 17:11:00,30.0,Pix
2025-07-25 17:12:00,15.0,Cash
2025-07-25 17:14:00,14.0,Credit Card
2025-07-25 17:25:00,18.0,Debit Card
2025-07-25 17:38:00,28.0,Debit Card
2025-07-25 17:38:00,6.0,Cash
2025-07-25 17:38:00,14.0,Debit Card
2025-07-25 18:08:00,10.0,Cash
2025-07-25 18:08:00,9.0,Cash
2025-07-25 18:08:00,9.0,Debit Card
2025-07-25 18:13:00,20.0,Cash
2025-07-25 18:15:00,8.0,Credit Card
2025-07-25 18:21:00,9.0,Cash
2025-07-26 10:47:00,6.0,Debit Card
2025-07-26 10:51:00,4.5,Cash
2025-07-26 11:04:00,18.0,Debit Card
2025-07-26 11:19:00,20.0,Debit Card
2025-07-26 11:21:00,10.0,Pix
2025-07-26 11:22:00,40.0,Cash
2025-07-26 11:46:00,4.0,Debit Card
2025-07-26 11:47:00,18.0,Debit Card
2025-07-26 11:54:00,6.0,Pix
2025-07-26 11:59:00,6.5,Credit Card
2025-07-26 12:03:00,30.0,Pix
2025-07-26 12:05:00,9.0,Pix
2025-07-26 12:17:00,9.0,Debit Card
2025-07-26 12:21:00,4.0,Pix
2025-07-26 12:23:00,6.0,Debit Card
2025-07-26 12:27:00,9.0,Pix
2025-07-26 12:34:00,4.0,Cash
2025-07-26 12:34:00,19.0,Cash
2025-07-26 12:56:00,28.0,Pix
2025-07-26 12:56:00,14.0,Cash
2025-07-26 13:05:00,25.0,Debit Card
2025-07-26 13:11:00,19.0,Pix
2025-07-26 13:14:00,12.0,Cash
2025-07-26 13:15:00,9.0,Cash
2025-07-26 13:19:00,6.0,Debit Card
2025-07-26 13:36:00,13.0,Cash
2025-07-26 13:40:00,18.0,Pix
2025-07-26 14:00:00,8.0,Cash
2025-07-26 14:20:00,10.0,Cash
2025-07-26 14:28:00,6.0,Pix
2025-07-26 14:33:00,10.0,Credit Card
2025-07-26 14:34:00,8.0,Pix
2025-07-26 14:47:00,8.0,Pix
2025-07-26 14:57:00,8.0,Pix
2025-07-26 14:58:00,12.0,Debit Card
2025-07-26 15:05:00,6.0,Cash
2025-07-26 15:10:00,24.0,Debit Card
2025-07-26 15:17:00,16.0,Cash
2025-07-26 15:22:00,25.0,Debit Card
2025-07-26 15:24:00,18.0,Credit Card
2025-07-26 15:29:00,6.0,Cash
2025-07-26 15:30:00,12.0,Debit Card
2025-07-26 15:34:00,6.0,Cash
2025-07-26 15:39:00,20.0,Cash
2025-07-26 15:42:00,6.0,Cash
2025-07-26 15:42:00,19.5,Debit Card
2025-07-26 15:55:00,6.0,Credit Card
2025-07-26 16:03:00,16.0,Debit Card
2025-07-26 16:36:00,24.0,Cash
2025-07-26 16:38:00,12.0,Credit Card
2025-07-26 16:41:00,15.0,Debit Card
2025-07-26 16:52:00,32.0,Cash
2025-07-26 16:54:00,16.0,Cash
2025-07-26 16:55:00,6.0,Pix
2025-07-26 16:57:00,6.0,Pix
2025-07-26 16:58:00,10.0,Debit Card
2025-07-26 16:59:00,18.0,Debit Card
2025-07-26 17:00:00,19.0,Pix
2025-07-26 17:04:00,42.0,Multiple
2025-07-26 17:08:00,18.0,Credit Card
2025-07-26 17:15:00,6.0,Debit Card
2025-07-26 17:18:00,13.0,Pix
2025-07-26 17:20:00,38.0,Cash
2025-07-26 17:34:00,6.0,Credit Card
2025-07-26 17:35:00,9.0,Credit Card
2025-07-26 17:39:00,24.0,On Credit
2025-07-26 17:44:00,22.0,Pix
2025-07-26 18:02:00,12.0,Cash
2025-07-26 18:05:00,20.0,Credit Card
2025-07-26 18:07:00,20.0,Cash
2025-07-26 18:14:00,18.0,Cash
2025-07-28 14:51:00,6.0,Credit Card
2025-07-28 14:54:00,6.5,Cash
2025-07-28 15:14:00,9.0,Debit Card
2025-07-28 15:24:00,40.0,Cash
2025-07-28 15:24:00,32.0,Debit Card
2025-07-28 15:31:00,10.0,Cash
2025-07-28 15:52:00,10.0,Cash
2025-07-28 15:58:00,9.0,Debit Card
2025-07-28 16:05:00,22.0,Debit Card
2025-07-28 16:11:00,45.0,Credit Card
2025-07-28 16:39:00,27.0,Credit Card
2025-07-28 16:40:00,28.0,Cash
2025-07-28 16:44:00,9.0,Cash
2025-07-28 16:48:00,4.5,Cash
2025-07-28 16:48:00,9.0,Cash
2025-07-28 16:58:00,9.0,Pix
2025-07-28 17:12:00,23.0,Pix
2025-07-28 17:28:00,27.0,Credit Card
2025-07-28 17:59:00,23.0,Pix
2025-07-28 18:11:00,27.0,Credit Card
2025-07-29 14:05:00,39.0,Multiple
2025-07-29 14:38:00,9.0,Cash
2025-07-29 14:45:00,10.0,Pix
2025-07-29 14:54:00,13.0,Cash
2025-07-29 15:03:00,6.0,Cash
2025-07-29 15:17:00,10.0,Cash
2025-07-29 15:19:00,10.0,Cash
2025-07-29 15:28:00,8.0,Cash
2025-07-29 15:31:00,22.0,Debit Card
2025-07-29 15:35:00,20.0,Cash
2025-07-29 16:52:00,6.0,Cash
2025-07-29 17:26:00,18.0,Pix
2025-07-29 17:32:00,6.0,Cash
2025-07-29 18:20:00,13.0,Debit Card
2025-07-29 18:34:00,9.0,Pix
2025-07-29 18:36:00,9.0,Pix
2025-07-30 13:40:00,10.0,Pix
2025-07-30 13:52:00,12.0,Credit Card
2025-07-30 13:54:00,8.0,Cash
2025-07-30 14:03:00,43.0,Cash
2025-07-30 14:05:00,20.0,Cash
2025-07-30 14:08:00,8.0,Debit Card
2025-07-30 14:09:00,6.0,Debit Card
2025-07-30 14:37:00,16.0,Credit Card
2025-07-30 14:47:00,15.0,Cash
2025-07-30 14:54:00,9.0,Cash
2025-07-30 15:06:00,13.0,Cash
2025-07-30 15:13:00,8.0,Credit Card
2025-07-30 15:15:00,12.0,Cash
2025-07-30 15:15:00,5.0,Cash
2025-07-30 15:18:00,16.0,Cash
2025-07-30 15:37:00,20.0,Debit Card
2025-07-30 15:41:00,26.0,Cash
2025-07-30 16:07:00,8.0,Cash
2025-07-30 16:24:00,6.0,Cash
2025-07-30 16:50:00,6.5,Pix
2025-07-30 16:55:00,24.0,Credit Card
2025-07-30 17:10:00,9.0,Pix
2025-07-30 17:11:00,18.0,Cash
2025-07-30 17:28:00,10.0,Cash
2025-07-30 17:36:00,6.5,On Credit
2025-07-30 17:44:00,13.0,Cash
2025-07-30 17:56:00,16.0,Cash
2025-07-30 17:56:00,18.0,Debit Card
2025-07-30 18:13:00,9.0,Pix
2025-07-30 18:43:00,15.0,Meal Voucher
2025-07-31 14:00:00,15.0,Credit Card
2025-07-31 14:01:00,9.0,Pix
2025-07-31 14:10:00,16.0,Cash
2025-07-31 14:16:00,6.0,Cash
2025-07-31 14:31:00,50.0,Cash
2025-07-31 14:49:00,12.0,Credit Card
2025-07-31 14:52:00,6.0,Cash
2025-07-31 15:22:00,10.0,Credit Card
2025-07-31 15:29:00,21.0,Pix
2025-07-31 15:32:00,20.0,Credit Card
2025-07-31 15:36:00,6.0,Cash
2025-07-31 15:44:00,8.0,Cash
2025-07-31 15:54:00,10.0,Cash
2025-07-31 16:04:00,18.0,Pix
2025-07-31 16:08:00,44.0,Credit Card
2025-07-31 16:08:00,28.0,Cash
2025-07-31 16:15:00,16.0,Debit Card
2025-07-31 16:46:00,19.0,Cash
2025-07-31 16:50:00,6.5,Cash
2025-07-31 16:58:00,15.0,Cash
2025-07-31 17:16:00,33.0,Pix
2025-07-31 17:16:00,28.0,Cash
2025-07-31 17:19:00,18.0,Cash
2025-07-31 17:28:00,6.5,Cash
2025-07-31 17:55:00,6.0,Debit Card
2025-08-01 13:52:00,6.0,On Credit
2025-08-01 13:53:00,30.0,Debit Card
2025-08-01 13:53:00,6.0,Debit Card
2025-08-01 13:52:00,6.0,Cash
2025-08-01 14:09:00,19.0,Debit Card
2025-08-01 14:10:00,10.0,Cash
2025-08-01 14:34:00,6.0,Debit Card
2025-08-01 14:57:00,8.5,Cash
2025-08-01 14:58:00,8.0,Debit Card
2025-08-01 15:05:00,6.5,Meal Voucher
2025-08-01 15:12:00,4.5,Pix
2025-08-01 15:17:00,4.0,Debit Card
2025-08-01 15:22:00,12.0,Debit Card
2025-08-01 15:35:00,24.0,Pix
2025-08-01 15:38:00,4.5,Debit Card
2025-08-01 15:41:00,22.0,Debit Card
2025-08-01 15:43:00,10.0,Debit Card
2025-08-01 15:49:00,10.0,Pix
2025-08-01 15:50:00,8.0,Debit Card
2025-08-01 16:07:00,4.0,Cash
2025-08-01 16:26:00,40.0,Pix
2025-08-01 16:29:00,28.0,Debit Card
2025-08-01 16:31:00,84.0,Pix
2025-08-01 16:37:00,13.0,Debit Card
2025-08-01 16:39:00,15.0,Debit Card
2025-08-01 16:41:00,36.0,Credit Card
2025-08-01 16:51:00,36.0,Pix
2025-08-01 16:57:00,30.0,Cash
2025-08-01 17:05:00,24.0,Pix
2025-08-01 17:10:00,9.0,Pix
2025-08-01 17:20:00,13.0,Meal Voucher
2025-08-01 17:22:00,6.5,Cash
2025-08-01 17:36:00,9.0,Debit Card
2025-08-01 17:36:00,27.0,Meal Voucher
2025-08-01 18:03:00,8.0,Debit Card
2025-08-01 18:12:00,18.0,Debit Card
2025-08-01 18:26:00,15.0,Cash
2025-08-02 10:57:00,11.0,Cash
2025-08-02 11:09:00,28.0,Pix
2025-08-02 11:57:00,4.0,Cash
2025-08-02 12:07:00,6.0,Cash
2025-08-02 12:09:00,8.0,Debit Card
2025-08-02 12:20:00,30.0,Credit Card
2025-08-02 12:25:00,6.0,Cash
2025-08-02 12:25:00,18.0,Debit Card
2025-08-02 12:39:00,14.0,Pix
2025-08-02 12:39:00,9.0,Cash
2025-08-02 12:41:00,8.0,Debit Card
2025-08-02 12:47:00,8.0,Cash
2025-08-02 13:04:00,32.5,Pix
2025-08-02 13:05:00,12.0,Pix
2025-08-02 13:16:00,6.0,Debit Card
2025-08-02 13:28:00,12.0,Pix
2025-08-02 13:33:00,10.0,Credit Card
2025-08-02 13:38:00,9.0,Debit Card
2025-08-02 13:42:00,12.0,Pix
2025-08-02 13:46:00,8.0,Debit Card
2025-08-02 14:08:00,6.0,Debit Card
2025-08-02 14:09:00,45.0,Debit Card
2025-08-02 14:16:00,6.0,Cash
2025-08-02 14:26:00,12.0,Credit Card
2025-08-02 14:51:00,19.0,Cash
2025-08-02 14:52:00,12.0,Pix
2025-08-02 14:54:00,6.0,Debit Card
2025-08-02 14:56:00,15.0,Credit Card
2025-08-02 15:00:00,16.0,Debit Card
2025-08-02 15:00:00,4.5,Cash
2025-08-02 15:01:00,10.0,Cash
2025-08-02 15:09:00,23.0,Pix
2025-08-02 15:17:00,14.0,Pix
2025-08-02 15:17:00,19.0,Debit Card
2025-08-02 15:21:00,30.0,Debit Card
2025-08-02 15:25:00,10.0,Credit Card
2025-08-02 15:27:00,10.0,Credit Card
2025-08-02 15:29:00,6.0,Cash
2025-08-02 15:32:00,8.0,Credit Card
2025-08-02 15:33:00,4.0,Cash
2025-08-02 15:35:00,20.0,Cash
2025-08-02 15:36:00,13.0,Cash
2025-08-02 15:36:00,8.0,Credit Card
2025-08-02 15:41:00,6.0,Cash
2025-08-02 15:50:00,13.0,Pix
2025-08-02 15:52:00,18.0,Credit Card
2025-08-02 15:56:00,13.0,Debit Card
2025-08-02 16:00:00,27.0,Credit Card
2025-08-02 16:11:00,29.0,Cash
2025-08-02 16:13:00,16.0,Pix
2025-08-02 16:15:00,12.0,Credit Card
2025-08-02 16:12:00,15.0,Credit Card
2025-08-02 16:19:00,6.0,Pix
2025-08-02 16:21:00,6.0,Credit Card
2025-08-02 16:25:00,4.0,Pix
2025-08-02 16:27:00,18.0,Credit Card
2025-08-02 16:40:00,20.0,Cash
2025-08-02 16:42:00,9.0,Cash
2025-08-02 17:12:00,6.0,Pix
2025-08-02 17:14:00,16.0,Cash
2025-08-02 17:19:00,12.0,Debit Card
2025-08-02 17:25:00,9.0,Credit Card
2025-08-02 17:28:00,24.0,Multiple
2025-08-02 17:35:00,18.0,Cash
2025-08-02 17:37:00,18.0,Debit Card
2025-08-02 17:38:00,28.0,Credit Card
2025-08-02 17:42:00,6.0,Cash
2025-08-02 17:46:00,20.0,Credit Card
2025-08-02 17:46:00,18.0,Cash
2025-08-02 17:57:00,18.0,Cash
2025-08-02 17:59:00,6.0,Pix
2025-08-02 18:06:00,6.0,Cash
2025-08-02 18:08:00,20.0,Credit Card
2025-08-02 18:15:00,24.0,Cash
2025-08-02 18:17:00,6.0,Cash
2025-08-02 18:20:00,6.0,Debit Card
2025-08-02 18:24:00,14.5,On Credit
2025-08-02 18:30:00,4.0,Cash
2025-08-02 18:39:00,18.0,Pix
2025-08-02 18:40:00,10.0,Debit Card
2025-08-02 18:41:00,9.0,Cash
2025-08-02 18:43:00,6.0,Debit Card
2025-08-02 18:46:00,18.0,Credit Card
2025-08-02 18:51:00,18.0,Credit Card
2025-08-02 18:59:00,9.0,Pix
2025-08-05 14:27:00,9.0,Debit Card
2025-08-05 14:38:00,15.0,Cash
2025-08-05 14:48:00,16.0,Credit Card
2025-08-05 14:51:00,27.0,Cash
2025-08-05 15:09:00,17.0,Cash
2025-08-05 15:27:00,36.0,Cash
2025-08-05 15:35:00,10.0,Credit Card
2025-08-05 15:36:00,13.0,Cash
2025-08-05 16:01:00,9.0,Pix
2025-08-05 16:14:00,18.0,Cash
2025-08-05 16:14:00,54.0,Cash
2025-08-05 16:32:00,14.0,Credit Card
2025-08-05 16:48:00,18.0,Debit Card
2025-08-05 16:53:00,20.0,Cash
2025-08-05 16:55:00,9.0,Cash
2025-08-05 17:04:00,10.0,Debit Card
2025-08-05 18:17:00,18.0,Pix
2025-08-06 13:34:00,14.0,Cash
2025-08-06 13:48:00,6.5,Debit Card
2025-08-06 14:07:00,12.0,Cash
2025-08-06 14:18:00,6.0,Debit Card
2025-08-06 14:23:00,6.0,Pix
2025-08-06 14:44:00,23.0,Pix
2025-08-06 15:00:00,16.0,Cash
2025-08-06 15:09:00,6.0,Cash
2025-08-06 15:11:00,15.0,Debit Card
2025-08-06 15:14:00,19.0,Cash
2025-08-06 15:15:00,16.0,Credit Card
2025-08-06 15:16:00,8.0,Cash
2025-08-06 15:18:00,18.0,Cash
2025-08-06 15:20:00,10.0,Cash
2025-08-06 15:23:00,12.0,Pix
2025-08-06 15:23:00,4.0,Cash
2025-08-06 15:37:00,19.0,Credit Card
2025-08-06 15:40:00,8.0,Debit Card
2025-08-06 15:41:00,17.0,Debit Card
2025-08-06 15:42:00,6.0,Pix
2025-08-06 15:50:00,57.0,Cash
2025-08-06 15:56:00,9.0,Pix
2025-08-06 15:56:00,8.0,Cash
2025-08-06 16:02:00,22.0,Debit Card
2025-08-06 16:05:00,23.0,Debit Card
2025-08-06 16:07:00,19.0,Debit Card
2025-08-06 16:08:00,10.0,Cash
2025-08-06 16:13:00,13.0,Debit Card
2025-08-06 17:49:00,21.0,Cash
2025-08-06 17:49:00,9.0,Debit Card
2025-08-06 18:03:00,17.0,Pix
2025-08-06 18:17:00,9.0,Cash
2025-08-06 18:24:00,6.5,Debit Card
2025-08-06 18:29:00,9.0,Cash
2025-08-06 18:31:00,6.0,Debit Card
2025-08-06 18:33:00,6.0,Cash
2025-08-06 18:24:00,9.0,Pix
2025-08-07 13:48:00,8.0,Cash
2025-08-07 13:49:00,6.0,Debit Card
2025-08-07 13:50:00,6.0,Cash
2025-08-07 14:03:00,18.0,Cash
2025-08-07 14:18:00,16.0,Cash
2025-08-07 14:19:00,6.0,Credit Card
2025-08-07 14:20:00,6.0,Credit Card
2025-08-07 14:23:00,4.0,Cash
2025-08-07 14:24:00,6.0,Credit Card
2025-08-07 14:31:00,6.5,Pix
2025-08-07 14:40:00,6.5,Pix
2025-08-07 14:43:00,6.5,Pix
2025-08-07 15:05:00,9.0,Debit Card
2025-08-07 15:20:00,26.0,Multiple
2025-08-07 15:30:00,18.0,Pix
2025-08-07 15:39:00,15.0,Cash
2025-08-07 15:42:00,20.0,Cash
2025-08-07 15:42:00,28.0,Debit Card
2025-08-07 15:50:00,10.0,Cash
2025-08-07 15:52:00,8.0,Cash
2025-08-07 16:00:00,30.0,Cash
2025-08-07 16:04:00,13.0,Credit Card
2025-08-07 16:06:00,6.0,Debit Card
2025-08-07 16:09:00,20.0,Debit Card
2025-08-07 16:12:00,15.0,Pix
2025-08-07 16:25:00,10.0,Credit Card
2025-08-07 16:36:00,15.0,Pix
2025-08-07 16:39:00,24.0,Debit Card
2025-08-07 16:39:00,18.0,Cash
2025-08-07 16:44:00,19.0,Cash
2025-08-07 16:47:00,9.0,Debit Card
2025-08-07 16:51:00,19.0,Cash
2025-08-07 17:07:00,9.0,Pix
2025-08-07 17:07:00,12.0,Credit Card
2025-08-07 17:09:00,8.0,Cash
2025-08-07 17:09:00,9.0,Debit Card
2025-08-07 17:11:00,27.0,Cash
2025-08-07 17:22:00,9.0,Cash
2025-08-07 17:22:00,10.0,Cash
2025-08-07 17:53:00,19.0,Cash
2025-08-07 17:57:00,13.0,Cash
2025-08-07 18:08:00,9.0,Debit Card
2025-08-07 18:26:00,9.0,Cash
2025-08-07 18:27:00,10.0,Pix
2025-08-07 18:30:00,10.0,Cash
2025-08-07 18:48:00,4.0,Cash
2025-08-07 18:56:00,18.0,Debit Card
2025-08-08 14:43:00,16.0,Pix
2025-08-08 14:50:00,30.0,Cash
2025-08-08 15:08:00,10.0,Cash
2025-08-08 15:11:00,4.0,Cash
2025-08-08 15:17:00,4.0,Cash
2025-08-08 15:32:00,6.0,Cash
2025-08-08 15:35:00,6.0,Cash
2025-08-08 15:37:00,8.0,Cash
2025-08-08 15:44:00,8.0,Cash
2025-08-08 16:03:00,17.0,Debit Card
2025-08-08 16:03:00,9.0,Pix
2025-08-08 16:05:00,12.0,Pix
2025-08-08 16:07:00,9.0,Cash
2025-08-08 16:10:00,18.0,Pix
2025-08-08 16:12:00,18.0,Cash
2025-08-08 16:21:00,18.0,Cash
2025-08-08 16:38:00,20.0,Cash
2025-08-08 16:38:00,9.0,Cash
2025-08-08 16:39:00,9.0,Pix
2025-08-08 16:49:00,9.0,Debit Card
2025-08-08 16:50:00,45.0,Debit Card
2025-08-08 17:13:00,14.0,Pix
2025-08-08 17:15:00,18.0,Meal Voucher
2025-08-08 17:23:00,9.0,Debit Card
2025-08-08 17:25:00,9.0,Meal Voucher
2025-08-08 17:26:00,9.0,Cash
2025-08-08 17:37:00,10.0,Credit Card
2025-08-08 17:59:00,36.0,Cash
2025-08-08 18:04:00,27.0,Cash
2025-08-08 18:29:00,6.5,Pix
2025-08-08 18:34:00,27.0,Pix
2025-08-09 11:25:00,18.0,Cash
2025-08-09 12:11:00,23.0,Pix
2025-08-09 12:40:00,9.0,Debit Card
2025-08-09 12:47:00,6.5,Cash
2025-08-09 12:53:00,6.5,Cash
2025-08-09 13:11:00,4.0,Cash
2025-08-09 13:12:00,13.0,Debit Card
2025-08-09 13:12:00,9.0,Cash
2025-08-09 13:45:00,18.0,Pix
2025-08-09 14:07:00,13.0,Cash
2025-08-09 14:07:00,9.0,Debit Card
2025-08-09 14:08:00,27.0,Credit Card
2025-08-09 14:12:00,20.0,Cash
2025-08-09 14:19:00,10.0,Credit Card
2025-08-09 14:30:00,17.0,Pix
2025-08-09 14:31:00,6.5,Pix
2025-08-09 14:35:00,40.0,Pix
2025-08-09 14:46:00,10.0,Cash
2025-08-09 14:46:00,14.0,Pix
2025-08-09 14:50:00,18.0,Pix
2025-08-09 15:09:00,9.0,Credit Card
2025-08-09 15:09:00,9.0,Debit Card
2025-08-09 15:13:00,22.0,Pix
2025-08-09 15:20:00,27.0,Credit Card
2025-08-09 15:21:00,10.0,Debit Card
2025-08-09 15:27:00,9.0,Pix
2025-08-09 15:38:00,21.0,Credit Card
2025-08-09 15:38:00,18.0,Pix
2025-08-09 15:42:00,8.0,Credit Card
2025-08-09 16:01:00,4.0,Cash
2025-08-09 16:08:00,18.0,Cash
2025-08-09 16:17:00,13.0,Debit Card
2025-08-09 16:19:00,9.0,Debit Card
2025-08-09 16:20:00,63.0,Pix
2025-08-09 16:34:00,10.0,Debit Card
2025-08-09 16:35:00,13.0,Debit Card
2025-08-09 16:35:00,6.5,Cash
2025-08-09 16:40:00,26.0,Debit Card
2025-08-09 16:41:00,24.0,Debit Card
2025-08-09 16:42:00,13.0,Debit Card
2025-08-09 16:45:00,10.0,Pix
2025-08-09 16:59:00,6.5,Pix
2025-08-09 17:05:00,6.0,Cash
2025-08-09 17:05:00,18.0,Debit Card
2025-08-09 17:05:00,9.0,Debit Card
2025-08-09 17:12:00,12.0,Cash
2025-08-09 17:23:00,16.0,Meal Voucher
2025-08-09 17:26:00,9.0,Debit Card
2025-08-09 17:28:00,9.0,Debit Card
2025-08-09 17:30:00,9.0,Debit Card
2025-08-09 17:43:00,21.0,Cash
2025-08-09 17:45:00,27.0,Pix
2025-08-09 17:46:00,27.0,Debit Card
2025-08-09 18:01:00,9.0,Cash
2025-08-09 18:02:00,36.0,Debit Card
2025-08-09 18:06:00,13.0,Pix
2025-08-09 18:12:00,9.0,Credit Card
2025-08-09 18:20:00,6.5,Debit Card
2025-08-09 18:23:00,10.0,Pix
2025-08-09 18:25:00,9.0,Pix
2025-08-09 18:53:00,82.0,Credit Card
2025-08-09 18:53:00,42.0,Credit Card
2025-08-09 19:07:00,24.0,Credit Card
2025-08-11 14:17:00,10.0,Cash
2025-08-11 14:17:00,6.5,Cash
2025-08-11 14:32:00,6.0,Debit Card
2025-08-11 14:40:00,6.0,Cash
2025-08-11 14:44:00,14.0,Cash
2025-08-11 14:50:00,5.0,Cash
2025-08-11 14:50:00,5.0,Cash
2025-08-11 14:54:00,12.0,Cash
2025-08-11 14:55:00,4.5,Cash
2025-08-11 15:00:00,18.0,Cash
2025-08-11 15:06:00,16.0,Debit Card
2025-08-11 15:11:00,18.0,Credit Card
2025-08-11 15:19:00,21.0,Pix
2025-08-11 15:29:00,4.0,Cash
2025-08-11 15:45:00,20.0,Debit Card
2025-08-11 16:01:00,36.0,Credit Card
2025-08-11 16:26:00,13.0,Cash
2025-08-11 16:26:00,8.0,Cash
2025-08-11 16:28:00,10.0,Cash
2025-08-11 16:30:00,14.0,Cash
2025-08-11 16:48:00,14.0,Pix
2025-08-11 17:07:00,6.0,Debit Card
2025-08-11 17:09:00,22.0,Credit Card
2025-08-11 17:11:00,6.0,Debit Card
2025-08-11 17:14:00,9.0,Cash
2025-08-11 17:17:00,24.0,Cash
2025-08-11 17:20:00,8.0,Pix
2025-08-11 17:27:00,6.0,Cash
2025-08-11 17:27:00,6.0,Debit Card
2025-08-11 17:43:00,6.0,Pix
2025-08-11 17:45:00,18.0,Pix
2025-08-11 17:52:00,6.5,Credit Card
2025-08-11 17:52:00,9.0,Credit Card
2025-08-11 18:15:00,23.0,Credit Card
2025-08-11 18:27:00,18.0,Credit Card
2025-08-12 14:00:00,27.0,Debit Card
2025-08-12 14:01:00,15.0,Cash
2025-08-12 14:07:00,16.0,Debit Card
2025-08-12 14:09:00,6.0,Cash
2025-08-12 14:36:00,12.0,Pix
2025-08-12 14:37:00,15.0,Cash
2025-08-12 14:40:00,6.0,Cash
2025-08-12 14:41:00,8.0,Debit Card
2025-08-12 14:44:00,30.0,Cash
2025-08-12 14:47:00,10.0,Cash
2025-08-12 14:48:00,15.0,Cash
2025-08-12 14:50:00,10.0,Pix
2025-08-12 15:14:00,9.0,Pix
2025-08-12 15:20:00,30.0,Cash
2025-08-12 15:22:00,13.0,Cash
2025-08-12 15:32:00,28.0,Debit Card
2025-08-12 15:37:00,13.0,Credit Card
2025-08-12 15:46:00,22.0,Cash
2025-08-12 15:48:00,10.0,Cash
2025-08-12 15:48:00,9.0,Cash
2025-08-12 16:04:00,32.0,Pix
2025-08-12 16:18:00,9.0,Pix
2025-08-12 16:37:00,39.0,Cash
2025-08-12 17:00:00,9.0,Cash
2025-08-12 17:14:00,6.5,Debit Card
2025-08-12 17:18:00,18.0,Cash
2025-08-12 17:19:00,6.0,Cash
2025-08-12 17:20:00,9.0,Cash
2025-08-12 17:31:00,22.0,Meal Voucher
2025-08-12 17:49:00,14.0,Meal Voucher
2025-08-12 18:49:00,6.5,Cash
2025-08-12 15:42:00,6.0,Cash
2025-08-13 14:03:00,10.0,Debit Card
2025-08-13 14:05:00,6.5,Cash
2025-08-13 14:16:00,28.0,Credit Card
2025-08-13 14:19:00,6.0,Debit Card
2025-08-13 14:24:00,9.0,Credit Card
2025-08-13 14:29:00,9.0,Debit Card
2025-08-13 14:36:00,4.5,Cash
2025-08-13 14:40:00,6.0,Debit Card
2025-08-13 14:58:00,9.0,Debit Card
2025-08-13 15:02:00,6.0,Cash
2025-08-13 15:16:00,6.0,Cash
2025-08-13 15:34:00,18.0,Debit Card
2025-08-13 15:41:00,8.0,Debit Card
2025-08-13 15:42:00,4.0,Pix
2025-08-13 15:45:00,6.0,Credit Card
2025-08-13 15:48:00,18.0,Credit Card
2025-08-13 15:48:00,4.0,Pix
2025-08-13 16:00:00,18.0,Credit Card
2025-08-13 16:03:00,6.0,Pix
2025-08-13 16:13:00,8.0,Cash
2025-08-13 16:24:00,18.0,Cash
2025-08-13 16:26:00,10.0,Cash
2025-08-13 16:27:00,9.0,Debit Card
2025-08-13 16:43:00,6.5,Pix
2025-08-13 16:56:00,8.0,Pix
2025-08-13 17:22:00,9.0,Credit Card
2025-08-13 17:24:00,27.0,Credit Card
2025-08-13 17:40:00,9.0,Debit Card
2025-08-13 17:45:00,36.0,Pix
2025-08-13 17:54:00,26.0,Credit Card
2025-08-13 17:57:00,27.0,Cash
2025-08-13 17:58:00,10.0,Cash
2025-08-13 18:04:00,20.0,Pix
2025-08-13 18:10:00,6.5,Pix
2025-08-13 18:15:00,8.0,Cash
2025-08-13 18:43:00,15.0,Credit Card
2025-08-14 13:46:00,9.0,Cash
2025-08-14 14:02:00,6.0,Cash
2025-08-14 14:04:00,10.0,Pix
2025-08-14 14:05:00,8.0,Cash
2025-08-14 14:07:00,10.0,Pix
2025-08-14 14:14:00,9.0,Credit Card
2025-08-14 14:36:00,20.0,Pix
2025-08-14 14:49:00,8.0,Debit Card
2025-08-14 14:55:00,13.5,Pix
2025-08-14 15:11:00,6.0,Debit Card
2025-08-14 15:14:00,16.0,Cash
2025-08-14 15:17:00,16.0,Pix
2025-08-14 15:24:00,6.0,Debit Card
2025-08-14 15:30:00,6.0,Pix
2025-08-14 15:36:00,23.0,Multiple
2025-08-14 15:39:00,20.0,Pix
2025-08-14 15:43:00,8.0,Pix
2025-08-14 15:54:00,26.0,Meal Voucher
2025-08-14 15:56:00,8.0,Cash
2025-08-14 15:57:00,8.0,Cash
2025-08-14 16:04:00,8.0,Debit Card
2025-08-14 16:10:00,8.0,Debit Card
2025-08-14 16:19:00,16.0,Pix
2025-08-14 16:20:00,6.0,Cash
2025-08-14 16:24:00,14.0,Pix
2025-08-14 16:32:00,8.0,Debit Card
2025-08-14 17:03:00,9.0,Credit Card
2025-08-14 17:27:00,22.0,Meal Voucher
2025-08-14 17:38:00,9.0,Debit Card
2025-08-14 17:45:00,9.0,Pix
2025-08-14 18:05:00,6.0,Cash
2025-08-14 18:09:00,6.5,Pix
2025-08-14 18:11:00,9.0,Pix
2025-08-14 18:16:00,19.0,Cash
2025-08-14 18:16:00,18.0,Debit Card
2025-08-14 18:57:00,15.0,Debit Card
2025-08-14 18:57:00,27.0,Credit Card
2025-08-15 13:54:00,8.0,Pix
2025-08-15 13:58:00,21.0,Cash
2025-08-15 14:23:00,14.0,Debit Card
2025-08-15 14:32:00,12.0,Credit Card
2025-08-15 14:35:00,6.0,Pix
2025-08-15 14:48:00,23.0,Credit Card
2025-08-15 14:51:00,16.0,Debit Card
2025-08-15 14:55:00,27.0,Debit Card
2025-08-15 15:16:00,8.0,Pix
2025-08-15 15:30:00,7.0,Cash
2025-08-15 15:32:00,27.0,Pix
2025-08-15 15:47:00,10.0,Cash
2025-08-15 15:52:00,6.0,Credit Card
2025-08-15 16:16:00,6.0,Cash
2025-08-15 16:30:00,8.0,Cash
2025-08-15 16:30:00,10.0,Pix
2025-08-15 16:45:00,6.0,Cash
2025-08-15 16:52:00,9.0,Cash
2025-08-15 16:53:00,8.0,Pix
2025-08-15 17:21:00,14.5,Debit Card
2025-08-15 17:26:00,6.0,Debit Card
2025-08-15 17:28:00,12.0,Debit Card
2025-08-15 17:29:00,6.0,Cash
2025-08-15 17:34:00,6.5,Cash
2025-08-15 17:35:00,9.0,Cash
2025-08-15 17:47:00,6.0,Pix
2025-08-15 17:59:00,10.0,On Credit
2025-08-15 18:06:00,25.0,Multiple
2025-08-15 18:08:00,4.0,Cash
2025-08-15 18:17:00,12.0,Debit Card
2025-08-15 18:26:00,8.0,Cash
2025-08-15 18:41:00,9.0,Cash
2025-08-15 18:57:00,15.0,Cash
2025-08-15 18:57:00,9.0,Credit Card
2025-08-15 19:01:00,6.5,Credit Card
2025-08-15 19:05:00,6.0,Cash
2025-08-16 10:35:00,6.0,Cash
2025-08-16 10:53:00,6.0,Debit Card
2025-08-16 10:53:00,9.0,Cash
2025-08-16 11:38:00,8.0,Cash
2025-08-16 11:53:00,15.0,Cash
2025-08-16 11:53:00,8.0,Debit Card
2025-08-16 12:37:00,16.0,Debit Card
2025-08-16 12:39:00,6.0,Debit Card
2025-08-16 12:50:00,23.0,Pix
2025-08-16 12:52:00,12.0,Pix
2025-08-16 12:58:00,6.0,Debit Card
2025-08-16 13:11:00,14.0,Pix
2025-08-16 13:14:00,16.0,Debit Card
2025-08-16 13:29:00,38.0,Cash
2025-08-16 13:32:00,18.0,Cash
2025-08-16 13:43:00,12.0,Debit Card
2025-08-16 13:47:00,18.0,Debit Card
2025-08-16 13:53:00,28.5,Credit Card
2025-08-16 13:57:00,10.0,Cash
2025-08-16 14:05:00,48.0,Debit Card
2025-08-16 14:08:00,13.0,Credit Card
2025-08-16 14:14:00,20.0,Debit Card
2025-08-16 14:15:00,8.0,Cash
2025-08-16 14:15:00,10.0,Cash
2025-08-16 14:20:00,26.0,Debit Card
2025-08-16 14:25:00,9.0,Pix
2025-08-16 14:33:00,15.0,Debit Card
2025-08-16 14:36:00,9.0,Debit Card
2025-08-16 14:43:00,29.0,Cash
2025-08-16 14:46:00,16.0,Cash
2025-08-16 14:46:00,9.0,Pix
2025-08-16 14:48:00,12.0,Debit Card
2025-08-16 14:50:00,10.0,Debit Card
2025-08-16 14:51:00,6.0,Cash
2025-08-16 14:53:00,6.0,Pix
2025-08-16 15:06:00,10.0,Pix
2025-08-16 15:09:00,16.5,Credit Card
2025-08-16 15:11:00,10.0,Credit Card
2025-08-16 15:16:00,31.0,Pix
2025-08-16 15:22:00,10.0,Pix
2025-08-16 15:26:00,12.0,Debit Card
2025-08-16 15:34:00,6.0,Debit Card
2025-08-16 15:36:00,18.0,Cash
2025-08-16 15:38:00,12.0,Cash
2025-08-16 15:39:00,10.0,Cash
2025-08-16 15:40:00,9.0,Cash
2025-08-16 15:46:00,30.0,Debit Card
2025-08-16 15:48:00,6.0,Cash
2025-08-16 15:51:00,30.0,Pix
2025-08-16 15:55:00,24.0,Credit Card
2025-08-16 15:57:00,12.0,Credit Card
2025-08-16 15:58:00,6.0,Credit Card
2025-08-16 16:01:00,22.0,Pix
2025-08-16 16:02:00,6.0,Cash
2025-08-16 16:02:00,8.0,Cash
2025-08-16 16:04:00,19.0,Cash
2025-08-16 16:04:00,18.0,Cash
2025-08-16 16:08:00,18.0,Debit Card
2025-08-16 16:09:00,8.0,Cash
2025-08-16 16:09:00,6.0,Cash
2025-08-16 16:10:00,16.0,Pix
2025-08-16 16:17:00,14.0,Debit Card
2025-08-16 16:17:00,10.0,Pix
2025-08-16 16:20:00,16.0,Cash
2025-08-16 16:22:00,16.0,Cash
2025-08-16 16:22:00,8.0,Cash
2025-08-16 16:24:00,18.0,Debit Card
2025-08-16 16:28:00,18.0,Pix
2025-08-16 16:33:00,30.0,Debit Card
2025-08-16 16:35:00,27.0,Debit Card
2025-08-16 16:38:00,25.0,Cash
2025-08-16 16:40:00,13.0,Pix
2025-08-16 16:44:00,18.0,Debit Card
2025-08-16 16:45:00,9.0,Credit Card
2025-08-16 17:00:00,9.0,Cash
2025-08-16 17:05:00,22.0,Credit Card
2025-08-16 17:08:00,8.0,Pix
2025-08-16 17:14:00,9.0,Cash
2025-08-16 17:20:00,10.0,Credit Card
2025-08-16 17:21:00,15.0,Cash
2025-08-16 17:24:00,24.0,Debit Card
2025-08-16 17:26:00,28.0,Credit Card
2025-08-16 17:30:00,20.0,Pix
2025-08-16 17:38:00,16.0,Debit Card
2025-08-16 17:40:00,23.0,Pix
2025-08-16 17:43:00,12.0,Debit Card
2025-08-16 17:46:00,18.0,Cash
2025-08-16 17:52:00,12.0,Cash
2025-08-16 18:00:00,14.0,Debit Card
2025-08-16 18:07:00,18.0,Cash
2025-08-16 18:19:00,26.0,Credit Card
2025-08-16 18:24:00,18.0,Debit Card
2025-08-16 18:31:00,36.0,Pix
2025-08-16 18:32:00,18.0,Pix
2025-08-17 14:49:00,18.0,Cash
2025-08-17 14:51:00,12.0,Credit Card
2025-08-17 14:51:00,4.0,Cash
2025-08-17 14:56:00,23.0,Pix
2025-08-17 15:05:00,18.0,Debit Card
2025-08-17 15:06:00,8.0,Cash
2025-08-17 15:17:00,15.0,Debit Card
2025-08-17 15:19:00,21.0,Debit Card
2025-08-17 15:24:00,13.0,Cash
2025-08-17 15:29:00,28.0,Credit Card
2025-08-17 15:29:00,8.0,Cash
2025-08-17 15:32:00,20.0,Pix
2025-08-17 15:35:00,15.0,Credit Card
2025-08-17 15:35:00,6.0,Credit Card
2025-08-17 15:41:00,27.0,Pix
2025-08-17 15:45:00,12.0,Cash
2025-08-17 15:45:00,4.0,Pix
2025-08-17 15:47:00,4.0,Credit Card
2025-08-17 15:51:00,15.0,Cash
2025-08-17 15:54:00,17.5,Cash
2025-08-17 15:58:00,40.0,Credit Card
2025-08-17 16:00:00,14.0,Pix
2025-08-17 16:04:00,4.0,Pix
2025-08-17 16:06:00,9.0,Credit Card
2025-08-17 16:09:00,8.0,Debit Card
2025-08-17 16:16:00,33.0,Credit Card
2025-08-17 16:19:00,10.0,Cash
2025-08-17 16:21:00,20.0,Pix
2025-08-17 16:26:00,39.0,Meal Voucher
2025-08-17 16:28:00,12.0,Cash
2025-08-17 16:38:00,10.0,Credit Card
2025-08-17 16:40:00,10.0,Cash
2025-08-17 16:41:00,4.0,Cash
2025-08-17 16:44:00,13.0,Cash
2025-08-17 16:49:00,8.0,Cash
2025-08-17 16:52:00,34.0,Debit Card
2025-08-17 16:55:00,14.0,Debit Card
2025-08-17 17:00:00,15.0,Pix
2025-08-17 17:09:00,24.0,Credit Card
2025-08-17 17:27:00,20.0,Debit Card
2025-08-17 17:38:00,22.0,Debit Card
2025-08-17 17:47:00,28.0,Cash
2025-08-17 17:50:00,19.0,Debit Card
2025-08-17 17:52:00,26.0,Debit Card
2025-08-17 17:54:00,16.0,Cash
2025-08-17 18:03:00,39.0,Debit Card
2025-08-17 18:03:00,8.0,Cash
2025-08-17 18:24:00,8.0,Pix
2025-08-17 18:24:00,18.0,Cash
2025-08-17 18:31:00,30.0,Credit Card
2025-08-17 16:58:00,4.0,Debit Card
2025-08-18 13:55:00,24.5,Pix
2025-08-18 14:01:00,10.0,Cash
2025-08-18 14:11:00,6.0,Cash
2025-08-18 14:14:00,15.0,Credit Card
2025-08-18 14:20:00,8.0,Pix
2025-08-18 14:32:00,9.0,Pix
2025-08-18 14:33:00,6.0,Cash
2025-08-18 14:34:00,9.0,Debit Card
2025-08-18 14:37:00,26.0,Credit Card
2025-08-18 14:43:00,16.0,Cash
2025-08-18 14:46:00,15.0,Cash
2025-08-18 14:51:00,18.0,Cash
2025-08-18 14:59:00,19.0,Pix
2025-08-18 15:16:00,23.5,Debit Card
2025-08-18 15:17:00,18.0,Debit Card
2025-08-18 15:42:00,12.0,Cash
2025-08-18 15:44:00,12.5,Credit Card
2025-08-18 15:51:00,22.0,Pix
2025-08-18 16:09:00,12.0,Cash
2025-08-18 16:14:00,25.0,Pix
2025-08-18 16:45:00,14.0,Cash
2025-08-18 17:15:00,12.0,Cash
2025-08-18 17:15:00,6.5,Cash
2025-08-18 17:33:00,9.0,Pix
2025-08-18 17:39:00,18.0,Credit Card
2025-08-18 17:44:00,6.0,Cash
2025-08-18 17:47:00,19.0,Debit Card
2025-08-18 17:47:00,18.0,Credit Card
2025-08-18 17:58:00,6.0,Debit Card
2025-08-18 18:05:00,18.0,Pix
2025-08-18 18:13:00,8.0,Cash
2025-08-18 18:17:00,18.0,Debit Card
2025-08-18 18:21:00,18.0,Credit Card
2025-08-18 18:21:00,9.0,Cash
2025-08-18 18:28:00,20.0,Debit Card
2025-08-18 18:33:00,20.0,Cash
2025-08-18 18:36:00,10.0,Cash
2025-08-18 18:55:00,6.0,Cash
2025-08-19 14:02:00,8.0,Cash
2025-08-19 14:05:00,20.0,Cash
2025-08-19 14:06:00,4.0,Cash
2025-08-19 14:13:00,36.0,Debit Card
2025-08-19 14:14:00,6.0,Cash
2025-08-19 14:23:00,25.0,Cash
2025-08-19 14:24:00,6.5,Debit Card
2025-08-19 14:28:00,12.5,Cash
2025-08-19 14:31:00,13.0,Credit Card
2025-08-19 14:36:00,33.0,Cash
2025-08-19 14:51:00,12.0,Cash
2025-08-19 15:03:00,10.0,Cash
2025-08-19 15:07:00,30.0,Cash
2025-08-19 15:09:00,15.0,Pix
2025-08-19 15:12:00,10.0,Pix
2025-08-19 15:16:00,9.0,Pix
2025-08-19 15:19:00,8.0,Pix
2025-08-19 15:23:00,8.0,Pix
2025-08-19 15:26:00,14.0,Cash
2025-08-19 15:39:00,6.0,Cash
2025-08-19 16:20:00,15.0,Cash
2025-08-19 16:37:00,28.0,Pix
2025-08-19 16:40:00,9.0,Cash
2025-08-19 16:41:00,8.0,Credit Card
2025-08-19 16:42:00,10.0,Cash
2025-08-19 16:48:00,23.0,Cash
2025-08-19 17:23:00,36.0,Debit Card
2025-08-20 14:06:00,6.0,Pix
2025-08-20 14:06:00,10.0,Pix
2025-08-20 14:12:00,6.0,Cash
2025-08-20 14:23:00,12.0,Cash
2025-08-20 14:25:00,15.0,Cash
2025-08-20 14:25:00,5.0,Cash
2025-08-20 14:33:00,6.5,Cash
2025-08-20 15:17:00,6.0,Debit Card
2025-08-20 15:20:00,12.0,Pix
2025-08-20 15:23:00,10.0,Cash
2025-08-20 15:24:00,24.0,Pix
2025-08-20 15:27:00,8.0,Cash
2025-08-20 15:37:00,8.0,Cash
2025-08-20 16:01:00,21.0,Pix
2025-08-20 16:09:00,9.0,Debit Card
2025-08-20 16:22:00,9.0,Debit Card
2025-08-20 16:24:00,12.0,Pix
2025-08-20 16:30:00,8.0,Debit Card
2025-08-20 16:45:00,18.0,Cash
2025-08-20 16:45:00,9.0,Credit Card
2025-08-20 16:54:00,16.0,Debit Card
2025-08-20 17:05:00,9.0,Pix
2025-08-20 17:08:00,27.0,Pix
2025-08-20 17:21:00,45.0,Credit Card
2025-08-20 17:27:00,9.0,Credit Card
2025-08-20 17:38:00,8.0,Cash
2025-08-20 17:40:00,18.0,Cash
2025-08-20 17:47:00,6.0,Debit Card
2025-08-20 17:53:00,9.0,Cash
2025-08-20 18:07:00,8.0,Cash
2025-08-20 18:20:00,12.0,Credit Card
2025-08-20 18:26:00,6.0,Debit Card
2025-08-20 18:42:00,12.0,Cash
2025-08-21 13:56:00,79.0,Cash
2025-08-21 13:57:00,10.0,Debit Card
2025-08-21 14:29:00,4.0,Cash
2025-08-21 14:44:00,23.0,Pix
2025-08-21 14:53:00,19.0,Debit Card
2025-08-21 14:58:00,20.0,Debit Card
2025-08-21 15:14:00,13.0,Debit Card
2025-08-21 15:25:00,25.0,Pix
2025-08-21 15:27:00,16.0,Debit Card
2025-08-21 15:41:00,21.0,Debit Card
2025-08-21 15:43:00,31.0,Credit Card
2025-08-21 15:51:00,8.0,Debit Card
2025-08-21 15:51:00,9.0,Credit Card
2025-08-21 16:00:00,18.0,Cash
2025-08-21 16:06:00,12.0,Cash
2025-08-21 16:12:00,15.0,Credit Card
2025-08-21 16:20:00,8.5,Cash
2025-08-21 16:20:00,4.0,Cash
2025-08-21 16:23:00,12.0,Cash
2025-08-21 16:27:00,39.0,Pix
2025-08-21 16:30:00,16.0,Credit Card
2025-08-21 16:33:00,21.0,Cash
2025-08-21 16:42:00,34.0,Cash
2025-08-21 16:43:00,10.0,Debit Card
2025-08-21 16:46:00,18.0,Cash
2025-08-21 16:51:00,10.0,Debit Card
2025-08-21 16:52:00,10.0,Debit Card
2025-08-21 17:11:00,18.0,Cash
2025-08-21 17:13:00,6.0,Cash
2025-08-21 17:20:00,8.0,Debit Card
2025-08-21 17:35:00,14.0,Cash
2025-08-21 17:38:00,18.0,Credit Card
2025-08-21 17:46:00,24.0,Credit Card
2025-08-21 17:48:00,10.0,Cash
2025-08-21 17:52:00,9.0,Cash
2025-08-21 17:53:00,14.0,Meal Voucher
2025-08-21 18:07:00,6.0,Pix
2025-08-21 18:20:00,13.0,Pix
2025-08-21 18:23:00,8.0,Debit Card
2025-08-21 18:43:00,21.0,Cash
2025-08-21 14:45:00,9.0,Credit Card
2025-08-22 14:02:00,16.0,Debit Card
2025-08-22 14:09:00,19.0,Pix
2025-08-22 14:10:00,6.0,Cash
2025-08-22 14:15:00,41.0,Credit Card
2025-08-22 14:30:00,15.0,Cash
2025-08-22 14:31:00,8.0,Cash
2025-08-22 14:37:00,10.0,Debit Card
2025-08-22 14:37:00,4.0,Debit Card
2025-08-22 14:38:00,14.0,Cash
2025-08-22 14:46:00,10.0,Credit Card
2025-08-22 14:53:00,10.0,Debit Card
2025-08-22 14:55:00,6.0,Debit Card
2025-08-22 15:03:00,23.0,Cash
2025-08-22 15:06:00,14.0,Cash
2025-08-22 15:07:00,10.0,Debit Card
2025-08-22 15:10:00,16.0,Pix
2025-08-22 15:11:00,4.0,Pix
2025-08-22 15:24:00,6.0,Cash
2025-08-22 15:32:00,8.0,Cash
2025-08-22 15:35:00,18.0,Cash
2025-08-22 15:36:00,6.0,Cash
2025-08-22 15:40:00,20.0,Cash
2025-08-22 15:44:00,24.0,Pix
2025-08-22 15:49:00,9.0,Pix
2025-08-22 16:00:00,6.0,Debit Card
2025-08-22 16:04:00,30.0,Cash
2025-08-22 16:07:00,18.0,Cash
2025-08-22 16:09:00,16.0,Pix
2025-08-22 16:11:00,16.0,Cash
2025-08-22 16:13:00,8.0,Cash
2025-08-22 16:21:00,18.0,Cash
2025-08-22 16:26:00,6.0,Pix
2025-08-22 16:35:00,6.5,Debit Card
2025-08-22 16:58:00,42.0,Cash
2025-08-22 17:18:00,9.0,Debit Card
2025-08-22 17:21:00,26.0,Credit Card
2025-08-22 17:22:00,15.0,Meal Voucher
2025-08-22 17:27:00,6.0,Cash
2025-08-22 17:29:00,6.0,Cash
2025-08-22 17:45:00,18.0,Pix
2025-08-22 17:54:00,10.0,Cash
2025-08-22 17:59:00,6.5,Debit Card
2025-08-22 18:17:00,8.0,Pix
2025-08-22 18:18:00,8.0,Debit Card
2025-08-22 18:30:00,10.0,Pix
2025-08-22 18:32:00,19.0,Pix
2025-08-22 18:43:00,17.0,Debit Card
2025-08-23 10:30:00,6.0,Credit Card
2025-08-23 10:52:00,14.0,Credit Card
2025-08-23 11:23:00,9.0,Cash
2025-08-23 11:36:00,10.0,Cash
2025-08-23 11:40:00,23.0,Pix
2025-08-23 11:59:00,6.0,Cash
2025-08-23 12:41:00,12.0,Cash
2025-08-23 12:46:00,6.0,Cash
2025-08-23 12:48:00,6.0,Debit Card
2025-08-23 12:56:00,6.0,Cash
2025-08-23 13:20:00,12.5,Pix
2025-08-23 13:35:00,22.0,Cash
2025-08-23 13:51:00,10.0,Pix
2025-08-23 13:59:00,25.0,Cash
2025-08-23 14:00:00,6.0,Debit Card
2025-08-23 14:03:00,12.0,Cash
2025-08-23 14:03:00,6.5,Debit Card
2025-08-23 14:04:00,6.0,Cash
2025-08-23 14:05:00,6.0,Cash
2025-08-23 14:07:00,15.0,Debit Card
2025-08-23 14:10:00,8.0,Debit Card
2025-08-23 14:13:00,18.0,Debit Card
2025-08-23 14:15:00,16.0,Debit Card
2025-08-23 14:23:00,26.0,Pix
2025-08-23 14:39:00,6.0,Debit Card
2025-08-23 14:44:00,8.5,Cash
2025-08-23 15:02:00,26.0,Credit Card
2025-08-23 15:03:00,12.0,Pix
2025-08-23 15:07:00,30.0,Pix
2025-08-23 15:12:00,43.0,Cash
2025-08-23 15:15:00,18.0,Credit Card
2025-08-23 15:30:00,29.0,Credit Card
2025-08-23 15:32:00,20.0,Cash
2025-08-23 15:32:00,18.0,Pix
2025-08-23 15:35:00,22.0,Pix
2025-08-23 15:43:00,49.0,Meal Voucher
2025-08-23 15:50:00,24.0,Cash
2025-08-23 15:51:00,18.0,Cash
2025-08-23 15:58:00,10.0,Debit Card
2025-08-23 16:05:00,6.0,Meal Voucher
2025-08-23 16:26:00,27.0,Cash
2025-08-23 16:28:00,18.0,Cash
2025-08-23 16:33:00,28.0,Debit Card
2025-08-23 16:40:00,23.0,Credit Card
2025-08-23 16:40:00,9.0,Credit Card
2025-08-23 16:44:00,6.5,Pix
2025-08-23 16:58:00,27.0,Cash
2025-08-23 17:13:00,9.0,Pix
2025-08-23 17:27:00,10.0,Cash
2025-08-23 17:29:00,6.0,Cash
2025-08-23 17:31:00,18.0,Cash
2025-08-23 17:31:00,18.0,Pix
2025-08-23 17:33:00,6.0,Debit Card
2025-08-23 17:55:00,16.0,Cash
2025-08-23 18:23:00,6.5,Meal Voucher
2025-08-25 13:37:00,18.0,Debit Card
2025-08-25 14:22:00,8.0,Pix
2025-08-25 14:25:00,18.0,Debit Card
2025-08-25 14:36:00,8.0,Cash
2025-08-25 14:39:00,9.0,Cash
2025-08-25 14:47:00,25.0,Debit Card
2025-08-25 15:03:00,18.0,Cash
2025-08-26 14:01:00,6.0,Cash
2025-08-26 14:01:00,8.0,Credit Card
2025-08-26 14:27:00,27.0,Debit Card
2025-08-26 14:59:00,16.0,Pix
2025-08-26 14:59:00,10.0,Pix
2025-08-26 15:13:00,18.0,Credit Card
2025-08-26 15:14:00,6.0,Debit Card
2025-08-26 15:34:00,18.0,Pix
2025-08-26 15:47:00,18.0,Pix
2025-08-26 16:05:00,18.0,Debit Card
2025-08-26 16:07:00,10.0,Cash
2025-08-26 16:13:00,13.0,Debit Card
2025-08-26 16:32:00,24.0,Pix
2025-08-26 16:36:00,36.0,Pix
2025-08-26 16:36:00,27.0,Cash
2025-08-26 17:03:00,9.0,Cash
2025-08-26 18:08:00,18.0,Debit Card
2025-08-27 14:08:00,14.0,Cash
2025-08-27 14:10:00,13.0,Cash
2025-08-27 14:20:00,13.0,Credit Card
2025-08-27 14:34:00,10.0,Pix
2025-08-27 14:54:00,8.0,Cash
2025-08-27 14:56:00,18.0,Cash
2025-08-27 15:06:00,6.0,Debit Card
2025-08-27 15:25:00,10.0,Cash
2025-08-27 15:32:00,6.0,Pix
2025-08-27 15:39:00,8.0,Cash
2025-08-27 15:41:00,12.0,Pix
2025-08-27 15:53:00,6.0,Debit Card
2025-08-27 16:00:00,4.0,Credit Card
2025-08-27 16:09:00,6.0,Cash
2025-08-27 16:14:00,9.0,Credit Card
2025-08-27 16:23:00,16.0,Debit Card
2025-08-27 16:25:00,9.0,Credit Card
2025-08-27 16:27:00,10.0,Credit Card
2025-08-27 16:37:00,8.0,Credit Card
2025-08-27 16:39:00,25.0,Cash
2025-08-27 16:43:00,4.5,Cash
2025-08-27 17:08:00,9.0,Cash
2025-08-27 17:10:00,12.0,Debit Card
2025-08-27 17:13:00,25.0,Debit Card
2025-08-27 17:23:00,9.0,Credit Card
2025-08-27 17:49:00,50.0,Debit Card
2025-08-27 17:56:00,6.0,Debit Card
2025-08-27 17:58:00,10.0,Debit Card
2025-08-27 18:01:00,25.0,Credit Card
2025-08-27 18:10:00,9.0,Pix
2025-08-27 18:17:00,8.0,Debit Card
2025-08-27 18:31:00,9.0,Credit Card
2025-08-28 14:18:00,10.0,Credit Card
2025-08-28 14:19:00,8.0,Cash
2025-08-28 14:48:00,26.0,Cash
2025-08-28 14:58:00,20.0,Cash
2025-08-28 15:19:00,6.0,Debit Card
2025-08-28 15:23:00,6.0,Cash
2025-08-28 15:26:00,22.0,Pix
2025-08-28 15:27:00,8.0,Debit Card
2025-08-28 15:34:00,32.0,Cash
2025-08-28 15:39:00,19.0,Cash
2025-08-28 15:45:00,6.5,Credit Card
2025-08-28 15:54:00,9.0,Debit Card
2025-08-28 15:58:00,15.0,Pix
2025-08-28 16:18:00,16.0,Meal Voucher
2025-08-28 16:32:00,6.5,Cash
2025-08-28 16:41:00,8.0,Credit Card
2025-08-28 16:48:00,10.0,Debit Card
2025-08-28 17:14:00,6.5,Cash
2025-08-28 17:15:00,14.0,Debit Card
2025-08-28 17:30:00,15.0,Credit Card
2025-08-28 18:02:00,14.0,Debit Card
2025-08-28 18:08:00,9.0,Debit Card
2025-08-28 18:22:00,18.0,Pix
2025-08-28 18:26:00,16.0,Pix
2025-08-28 18:27:00,18.0,Debit Card
2025-08-28 18:50:00,9.0,Debit Card
2025-08-28 18:58:00,32.0,Cash
2025-08-29 13:41:00,16.0,Pix
2025-08-29 13:46:00,14.0,Debit Card
2025-08-29 14:19:00,9.0,Credit Card
2025-08-29 14:24:00,10.0,Cash
2025-08-29 14:27:00,6.5,Pix
2025-08-29 14:40:00,8.0,Cash
2025-08-29 14:54:00,9.0,Credit Card
2025-08-29 14:55:00,9.0,Debit Card
2025-08-29 14:57:00,10.0,Cash
2025-08-29 14:58:00,10.0,Credit Card
2025-08-29 15:05:00,13.0,Cash
2025-08-29 15:07:00,12.0,Debit Card
2025-08-29 15:18:00,6.0,Cash
2025-08-29 15:29:00,14.0,Cash
2025-08-29 15:32:00,8.0,Cash
2025-08-29 15:32:00,27.0,Cash
2025-08-29 15:39:00,18.0,Cash
2025-08-29 15:40:00,16.0,Pix
2025-08-29 15:43:00,18.0,Cash
2025-08-29 15:45:00,4.0,Cash
2025-08-29 15:50:00,9.0,Cash
2025-08-29 15:54:00,32.0,Cash
2025-08-29 15:59:00,20.0,Meal Voucher
2025-08-29 16:02:00,5.0,Cash
2025-08-29 16:06:00,8.0,Cash
2025-08-29 16:07:00,8.0,Debit Card
2025-08-29 16:07:00,9.0,Credit Card
2025-08-29 16:12:00,16.0,Pix
2025-08-29 16:19:00,12.0,Cash
2025-08-29 16:23:00,18.0,Pix
2025-08-29 16:36:00,28.0,Debit Card
2025-08-29 16:39:00,25.0,Pix
2025-08-29 17:00:00,19.0,Debit Card
2025-08-29 17:08:00,18.0,Credit Card
2025-08-29 17:16:00,14.0,Debit Card
2025-08-29 17:17:00,9.0,Debit Card
2025-08-29 17:18:00,6.0,Cash
2025-08-29 17:19:00,6.0,Debit Card
2025-08-29 17:24:00,9.0,Cash
2025-08-29 17:40:00,10.0,Cash
2025-08-29 17:45:00,34.0,Cash
2025-08-29 17:57:00,8.0,Cash
2025-08-29 18:12:00,9.0,Cash
2025-08-29 18:29:00,10.0,Pix
2025-08-30 11:01:00,6.0,Pix
2025-08-30 11:08:00,10.0,Debit Card
2025-08-30 11:10:00,25.0,Pix
2025-08-30 11:22:00,18.0,Debit Card
2025-08-30 11:50:00,24.0,Debit Card
2025-08-30 11:54:00,15.0,Meal Voucher
2025-08-30 12:08:00,14.0,Cash
2025-08-30 12:09:00,6.0,Debit Card
2025-08-30 12:16:00,14.0,Credit Card
2025-08-30 12:20:00,6.0,Cash
2025-08-30 12:36:00,10.0,Pix
2025-08-30 12:38:00,13.0,Debit Card
2025-08-30 12:40:00,12.0,Debit Card
2025-08-30 13:19:00,12.0,Cash
2025-08-30 13:21:00,16.0,Meal Voucher
2025-08-30 13:23:00,8.0,Debit Card
2025-08-30 13:39:00,36.0,Cash
2025-08-30 13:47:00,6.0,Pix
2025-08-30 13:50:00,6.5,Debit Card
2025-08-30 13:57:00,30.0,Pix
2025-08-30 14:16:00,16.0,Pix
2025-08-30 14:17:00,14.0,Debit Card
2025-08-30 14:19:00,10.0,Cash
2025-08-30 14:33:00,15.0,Cash
2025-08-30 14:45:00,13.0,Debit Card
2025-08-30 14:49:00,18.0,Pix
2025-08-30 15:17:00,20.0,Pix
2025-08-30 15:17:00,8.0,Cash
2025-08-30 15:23:00,18.0,Cash
2025-08-30 15:30:00,10.0,Debit Card
2025-08-30 15:30:00,8.0,Cash
2025-08-30 15:33:00,30.0,Pix
2025-08-30 15:35:00,24.0,Debit Card
2025-08-30 15:37:00,18.0,Debit Card
2025-08-30 15:39:00,6.0,Cash
2025-08-30 15:44:00,6.0,Cash
2025-08-30 15:48:00,36.0,Debit Card
2025-08-30 15:50:00,13.0,Pix
2025-08-30 15:51:00,10.0,Cash
2025-08-30 15:53:00,15.0,Debit Card
2025-08-30 15:59:00,14.0,Debit Card
2025-08-30 16:06:00,21.0,Debit Card
2025-08-30 16:06:00,8.0,Debit Card
2025-08-30 16:11:00,24.0,Credit Card
2025-08-30 16:16:00,26.0,Debit Card
2025-08-30 16:19:00,24.0,Pix
2025-08-30 16:21:00,28.0,Cash
2025-08-30 16:22:00,14.0,Debit Card
2025-08-30 16:24:00,12.0,Debit Card
2025-08-30 16:27:00,20.0,Cash
2025-08-30 16:28:00,9.0,Debit Card
2025-08-30 16:30:00,12.0,Debit Card
2025-08-30 16:31:00,6.0,Cash
2025-08-30 16:36:00,25.0,Pix
2025-08-30 16:36:00,6.0,Debit Card
2025-08-30 16:42:00,41.0,Credit Card
2025-08-30 16:44:00,12.0,Cash
2025-08-30 16:45:00,6.0,Debit Card
2025-08-30 16:49:00,16.0,Credit Card
2025-08-30 16:51:00,20.0,Cash
2025-08-30 16:51:00,18.0,Cash
2025-08-30 16:55:00,8.0,Cash
2025-08-30 16:57:00,12.0,Cash
2025-08-30 16:57:00,15.0,Debit Card
2025-08-30 17:01:00,8.0,Pix
2025-08-30 17:02:00,15.0,Cash
2025-08-30 17:06:00,30.0,Cash
2025-08-30 17:07:00,10.0,Cash
2025-08-30 17:09:00,6.0,Cash
2025-08-31 14:46:00,8.0,Cash
2025-08-31 14:49:00,16.0,Debit Card
2025-08-31 14:55:00,14.0,Debit Card
2025-08-31 15:00:00,28.0,Meal Voucher
2025-08-31 15:03:00,26.0,Debit Card
2025-08-31 15:05:00,14.0,Cash
2025-08-31 15:07:00,30.0,Debit Card
2025-08-31 15:15:00,11.0,Credit Card
2025-08-31 15:15:00,14.0,Cash
2025-08-31 15:18:00,13.0,Cash
2025-08-31 15:33:00,24.0,Pix
2025-08-31 15:37:00,28.0,Debit Card
2025-08-31 15:40:00,26.0,Debit Card
2025-08-31 15:53:00,33.0,Debit Card
2025-08-31 15:55:00,8.0,Meal Voucher
2025-08-31 16:06:00,20.0,Meal Voucher
2025-08-31 16:09:00,27.0,Pix
2025-08-31 16:15:00,8.0,Credit Card
2025-08-31 16:16:00,8.0,Cash
2025-08-31 16:22:00,12.0,Pix
2025-08-31 16:29:00,8.5,Pix
2025-08-31 16:29:00,6.0,Pix
2025-08-31 16:34:00,12.0,Debit Card
2025-08-31 16:36:00,12.0,Cash
2025-08-31 16:40:00,22.0,Cash
2025-08-31 16:41:00,18.0,Cash
2025-08-31 16:47:00,24.0,Cash
2025-08-31 16:48:00,19.0,Pix
2025-08-31 16:50:00,13.0,Cash
2025-09-01 14:08:00,23.0,Cash
2025-09-01 14:21:00,5.0,Cash
2025-09-01 14:30:00,10.0,Cash
2025-09-01 14:34:00,9.0,Cash
2025-09-01 14:38:00,19.0,Debit Card
2025-09-01 14:40:00,6.0,Cash
2025-09-01 14:42:00,12.0,Cash
2025-09-01 14:59:00,20.0,Cash
2025-09-01 15:06:00,18.0,Debit Card
2025-09-01 15:19:00,18.0,Pix
2025-09-01 15:20:00,14.0,Cash
2025-09-01 15:27:00,6.5,Cash
2025-09-01 15:31:00,8.0,Debit Card
2025-09-01 15:33:00,9.0,Pix
2025-09-01 15:52:00,27.0,Meal Voucher
2025-09-01 16:01:00,18.0,Pix
2025-09-01 16:25:00,9.0,Cash
2025-09-01 16:30:00,9.0,Pix
2025-09-01 17:06:00,8.0,Cash
2025-09-01 17:11:00,17.0,Cash
2025-09-01 17:11:00,18.0,Debit Card
2025-09-01 17:13:00,9.0,Debit Card
2025-09-01 17:21:00,6.0,Cash
2025-09-01 17:35:00,10.0,Pix
2025-09-01 17:59:00,18.0,Cash
2025-09-01 18:04:00,16.0,Cash
2025-09-01 18:23:00,18.0,Cash
2025-09-02 13:49:00,10.0,Cash
2025-09-02 14:03:00,20.0,Pix
2025-09-02 14:38:00,42.0,Pix
2025-09-02 14:47:00,5.0,Pix
2025-09-02 14:57:00,16.0,Pix
2025-09-02 15:02:00,6.0,Cash
2025-09-02 15:04:00,20.0,Debit Card
2025-09-02 15:14:00,19.5,Debit Card
2025-09-02 15:16:00,15.0,Cash
2025-09-02 15:18:00,6.0,Cash
2025-09-02 15:19:00,18.0,Debit Card
2025-09-02 15:23:00,6.0,Cash
2025-09-02 15:24:00,4.0,Cash
2025-09-02 15:35:00,20.0,Cash
2025-09-02 15:42:00,18.0,Cash
2025-09-02 15:43:00,18.0,Cash
2025-09-02 15:52:00,20.0,Pix
2025-09-02 15:59:00,47.0,Pix
2025-09-02 16:05:00,22.5,Credit Card
2025-09-02 16:20:00,14.5,Cash
2025-09-02 16:22:00,6.0,Cash
2025-09-02 16:40:00,12.0,Pix
2025-09-02 16:42:00,6.0,Pix
2025-09-02 16:46:00,20.0,Cash
2025-09-02 16:58:00,6.0,Pix
2025-09-02 17:07:00,15.0,Cash
2025-09-02 17:09:00,15.0,Pix
2025-09-02 17:33:00,6.0,Cash
2025-09-02 17:37:00,14.0,Debit Card
2025-09-02 17:56:00,15.0,Credit Card
2025-09-02 17:57:00,10.0,Debit Card
2025-09-02 18:11:00,18.0,Cash
2025-09-02 18:24:00,12.0,Pix
2025-09-02 18:39:00,6.0,Debit Card
2025-09-02 18:54:00,6.0,Cash
2025-09-02 15:21:00,13.5,Pix
2025-09-03 13:57:00,14.5,Cash
2025-09-03 13:59:00,6.0,Pix
2025-09-03 14:01:00,12.0,Cash
2025-09-03 14:02:00,8.0,Cash
2025-09-03 14:09:00,14.0,Cash
2025-09-03 14:11:00,8.0,Pix
2025-09-03 14:14:00,8.0,Cash
2025-09-03 14:21:00,30.0,Debit Card
2025-09-03 14:22:00,12.0,Pix
2025-09-03 14:53:00,20.0,Debit Card
2025-09-03 14:55:00,9.0,Pix
2025-09-03 14:58:00,8.0,Debit Card
2025-09-03 15:00:00,13.0,Debit Card
2025-09-03 15:03:00,8.0,Pix
2025-09-03 15:04:00,12.0,Cash
2025-09-03 15:07:00,16.5,Cash
2025-09-03 15:09:00,6.0,Pix
2025-09-03 15:11:00,10.0,Pix
2025-09-03 15:13:00,24.0,Debit Card
2025-09-03 15:14:00,4.0,Cash
2025-09-03 15:15:00,16.0,Cash
2025-09-03 15:24:00,6.0,Cash
2025-09-03 15:28:00,16.0,Cash
2025-09-03 15:46:00,4.0,Pix
2025-09-03 15:55:00,8.0,Cash
2025-09-03 16:23:00,15.0,Pix
2025-09-03 16:28:00,18.0,Cash
2025-09-03 16:29:00,10.0,Cash
2025-09-03 16:34:00,8.0,Cash
2025-09-03 16:36:00,6.0,Pix
2025-09-03 16:39:00,19.0,Cash
2025-09-03 16:42:00,28.0,Debit Card
2025-09-03 16:46:00,6.0,Cash
2025-09-03 16:50:00,8.0,Cash
2025-09-03 16:51:00,6.0,Debit Card
2025-09-03 16:53:00,9.0,Cash
2025-09-03 16:56:00,4.5,Credit Card
2025-09-03 17:02:00,6.0,Cash
2025-09-03 17:15:00,16.0,Cash
2025-09-03 17:18:00,8.0,Pix
2025-09-03 17:19:00,8.0,Pix
2025-09-03 17:23:00,6.0,Pix
2025-09-03 17:39:00,21.0,Cash
2025-09-03 17:50:00,9.0,Cash
2025-09-03 18:03:00,9.0,Cash
2025-09-03 18:12:00,24.0,Debit Card
2025-09-04 14:13:00,8.0,Debit Card
2025-09-04 14:13:00,6.0,Cash
2025-09-04 14:22:00,8.0,Cash
2025-09-04 14:32:00,18.0,Pix
2025-09-04 15:00:00,10.0,Pix
2025-09-04 15:11:00,15.0,Debit Card
2025-09-04 15:43:00,15.0,Credit Card
2025-09-04 15:55:00,6.0,Debit Card
2025-09-04 15:59:00,9.0,Cash
2025-09-04 16:12:00,16.0,Cash
2025-09-04 16:12:00,6.0,Debit Card
2025-09-04 16:27:00,27.0,Pix
2025-09-04 16:36:00,9.0,Pix
2025-09-04 16:37:00,15.0,Pix
2025-09-05 14:18:00,15.0,Cash
2025-09-05 15:54:00,15.0,Cash
2025-09-05 17:01:00,9.0,Pix
2025-09-06 11:29:00,20.0,Debit Card
2025-09-06 11:34:00,13.0,Pix
2025-09-06 11:31:00,18.0,Pix
2025-09-06 11:57:00,36.0,Credit Card
2025-09-06 12:01:00,20.0,Debit Card
2025-09-06 12:03:00,30.0,Credit Card
2025-09-06 12:30:00,10.0,Pix
2025-09-06 12:32:00,6.0,Cash
2025-09-06 12:33:00,6.0,Debit Card
2025-09-06 12:34:00,4.0,Pix
2025-09-06 12:54:00,9.0,Pix
2025-09-06 13:19:00,4.5,Cash
2025-09-06 13:28:00,10.0,Cash
2025-09-06 13:30:00,6.0,Cash
2025-09-06 13:44:00,8.0,Pix
2025-09-06 13:47:00,15.0,Pix
2025-09-06 13:52:00,27.0,Credit Card
2025-09-06 14:01:00,16.0,Cash
2025-09-06 14:02:00,36.0,Debit Card
2025-09-06 14:12:00,18.0,Debit Card
2025-09-06 14:23:00,9.0,Debit Card
2025-09-06 14:24:00,18.0,Cash
2025-09-06 14:33:00,27.0,Meal Voucher
2025-09-06 14:50:00,10.0,Debit Card
2025-09-06 14:52:00,4.0,Pix
2025-09-06 15:18:00,10.0,Debit Card
2025-09-06 15:26:00,6.5,Debit Card
2025-09-06 15:30:00,8.0,Credit Card
2025-09-06 15:34:00,15.0,Pix
2025-09-06 15:35:00,6.5,Pix
2025-09-06 15:41:00,10.0,Cash
2025-09-06 15:47:00,8.0,Debit Card
2025-09-06 15:49:00,24.0,Cash
2025-09-06 15:55:00,20.0,Credit Card
2025-09-06 15:56:00,8.0,Debit Card
2025-09-06 15:58:00,10.0,Pix
2025-09-06 15:59:00,10.0,Debit Card
2025-09-06 16:04:00,9.0,Cash
2025-09-06 16:07:00,10.0,Debit Card
2025-09-06 16:12:00,10.0,Cash
2025-09-06 16:20:00,16.0,Debit Card
2025-09-06 16:21:00,6.0,Pix
2025-09-06 16:25:00,9.0,Debit Card
2025-09-06 16:28:00,6.0,Cash
2025-09-06 16:33:00,27.0,Debit Card
2025-09-06 16:50:00,32.0,Debit Card
2025-09-06 17:03:00,9.0,Pix
2025-09-06 17:14:00,20.0,Cash
2025-09-06 17:20:00,6.5,Credit Card
2025-09-06 17:29:00,16.0,Pix
2025-09-06 17:31:00,8.0,Cash
2025-09-06 17:38:00,6.0,Debit Card
2025-09-06 17:42:00,30.0,On Credit
2025-09-06 17:46:00,27.0,Pix
2025-09-06 17:47:00,6.0,Cash
2025-09-06 17:49:00,18.0,Pix
2025-09-06 17:54:00,20.0,Debit Card
2025-09-06 18:03:00,10.0,Cash
2025-09-06 18:18:00,8.0,Cash
2025-09-06 18:24:00,16.0,Debit Card
2025-09-06 14:42:00,16.0,Debit Card
2025-09-06 14:37:00,27.0,Debit Card
2025-09-07 09:45:00,8.0,Debit Card
2025-09-07 09:45:00,9.0,Cash
2025-09-07 09:45:00,10.0,Pix
2025-09-07 09:56:00,28.0,Meal Voucher
2025-09-07 10:00:00,6.0,Cash
2025-09-07 10:04:00,16.0,Credit Card
2025-09-07 10:14:00,15.0,Credit Card
2025-09-07 10:40:00,10.0,Pix
2025-09-07 10:51:00,8.5,Debit Card
2025-09-07 10:59:00,22.0,Debit Card
2025-09-07 11:05:00,10.0,Debit Card
2025-09-07 11:07:00,16.0,Pix
2025-09-07 11:13:00,24.0,Pix
2025-09-07 11:24:00,12.0,Cash
2025-09-07 11:30:00,12.5,Pix
2025-09-07 11:33:00,10.0,Pix
2025-09-07 11:38:00,18.0,Debit Card
2025-09-07 11:38:00,6.0,Debit Card
2025-09-07 11:41:00,12.0,Credit Card
2025-09-07 11:43:00,10.0,Cash
2025-09-07 11:46:00,40.0,Credit Card
2025-09-07 12:00:00,9.0,Cash
2025-09-07 12:15:00,23.0,Pix
2025-09-07 12:18:00,6.0,Cash
2025-09-07 12:23:00,34.0,Debit Card
2025-09-07 12:24:00,8.0,Debit Card
2025-09-07 12:28:00,9.0,Cash
2025-09-07 12:32:00,30.0,Pix
2025-09-07 13:55:00,14.0,Credit Card
2025-09-07 14:01:00,12.0,Debit Card
2025-09-07 14:03:00,4.0,Cash
2025-09-07 14:12:00,57.0,Multiple
2025-09-07 14:18:00,16.0,Cash
2025-09-07 14:23:00,9.0,Debit Card
2025-09-07 14:24:00,18.0,Debit Card
2025-09-07 14:40:00,19.0,Debit Card
2025-09-07 14:41:00,21.0,Debit Card
2025-09-07 14:53:00,27.0,Pix
2025-09-07 15:08:00,9.0,Pix
2025-09-07 15:18:00,18.0,Debit Card
2025-09-07 15:29:00,27.0,Debit Card
2025-09-07 15:37:00,9.0,Cash
2025-09-07 15:45:00,13.0,Debit Card
2025-09-07 15:48:00,6.5,Pix
2025-09-07 15:55:00,12.0,Debit Card
2025-09-07 16:00:00,14.0,Debit Card
2025-09-07 16:12:00,6.0,Cash
2025-09-08 13:41:00,18.5,Cash
2025-09-08 13:52:00,18.0,Cash
2025-09-08 13:59:00,12.0,Credit Card
2025-09-08 14:07:00,4.0,Cash
2025-09-08 14:07:00,4.5,Pix
2025-09-08 14:09:00,16.0,Cash
2025-09-08 14:11:00,6.0,Debit Card
2025-09-08 14:29:00,20.0,Credit Card
2025-09-08 14:31:00,13.0,Debit Card
2025-09-08 14:51:00,6.0,Debit Card
2025-09-08 14:54:00,16.0,Cash
2025-09-08 15:07:00,24.0,Cash
2025-09-08 15:07:00,4.0,Cash
2025-09-08 15:14:00,16.0,Debit Card
2025-09-08 15:18:00,38.5,Debit Card
2025-09-08 15:20:00,20.0,Cash
2025-09-08 15:30:00,35.0,Credit Card
2025-09-08 15:37:00,38.0,Cash
2025-09-08 15:38:00,6.0,Cash
2025-09-08 15:39:00,18.0,Pix
2025-09-08 15:41:00,6.0,Cash
2025-09-08 15:44:00,26.0,Debit Card
2025-09-08 15:46:00,6.0,Cash
2025-09-08 15:48:00,6.0,Cash
2025-09-08 15:49:00,8.0,Pix
2025-09-08 15:51:00,18.0,Debit Card
2025-09-08 15:52:00,4.0,Cash
2025-09-08 15:56:00,10.0,Cash
2025-09-08 15:58:00,12.0,Pix
2025-09-08 16:00:00,9.0,Cash
2025-09-08 16:03:00,9.0,Debit Card
2025-09-08 16:17:00,16.0,Credit Card
2025-09-08 16:18:00,12.0,Pix
2025-09-08 16:21:00,24.0,Debit Card
2025-09-08 16:23:00,12.0,Cash
2025-09-08 16:23:00,6.0,Cash
2025-09-08 16:24:00,20.0,Cash
2025-09-08 16:28:00,18.0,Pix
2025-09-08 16:29:00,9.0,Debit Card
2025-09-08 16:31:00,16.0,Cash
2025-09-08 16:32:00,12.0,Cash
2025-09-08 16:38:00,39.0,Credit Card
2025-09-08 16:40:00,10.0,Pix
2025-09-08 16:41:00,6.0,Cash
2025-09-08 16:42:00,6.0,Cash
2025-09-08 16:46:00,14.0,Cash
2025-09-08 16:49:00,18.0,Debit Card
2025-09-08 16:49:00,9.0,Cash
2025-09-08 16:58:00,16.0,Debit Card
2025-09-08 17:11:00,16.0,Debit Card
2025-09-08 17:13:00,8.0,Debit Card
2025-09-08 17:15:00,8.0,Debit Card
2025-09-08 17:19:00,27.0,Cash
2025-09-08 17:22:00,6.0,Cash
2025-09-08 17:31:00,29.0,Cash
2025-09-08 17:31:00,10.0,Cash
2025-09-08 17:33:00,10.0,Cash
2025-09-08 17:35:00,6.0,Debit Card
2025-09-08 17:52:00,6.0,Debit Card
2025-09-08 17:54:00,8.0,Cash
2025-09-08 18:09:00,15.0,Pix
2025-09-08 18:29:00,10.0,Cash
2025-09-08 18:29:00,27.0,Debit Card
2025-09-08 18:38:00,6.5,Meal Voucher
2025-09-08 18:58:00,12.0,Pix
2025-09-08 18:59:00,16.0,Pix
2025-09-08 19:02:00,16.0,Cash
2025-09-08 18:38:00,6.5,Credit Card
2025-09-09 13:47:00,6.5,Debit Card
2025-09-09 14:22:00,10.0,Cash
2025-09-09 14:27:00,6.5,Pix
2025-09-09 14:38:00,39.0,Pix
2025-09-09 14:46:00,12.0,Debit Card
2025-09-09 14:53:00,9.0,Debit Card
2025-09-09 14:58:00,6.0,Debit Card
2025-09-09 15:00:00,18.0,Cash
2025-09-09 15:08:00,10.0,Cash
2025-09-09 15:08:00,9.0,Pix
2025-09-09 15:34:00,13.0,Credit Card
2025-09-09 15:34:00,36.0,Multiple
2025-09-09 16:27:00,8.0,Debit Card
2025-09-09 16:27:00,9.0,Cash
2025-09-09 16:35:00,10.0,Meal Voucher
2025-09-09 16:41:00,27.0,Cash
2025-09-09 16:51:00,17.5,Cash
2025-09-09 16:52:00,9.0,Pix
2025-09-09 17:00:00,10.0,Credit Card
2025-09-09 17:14:00,9.0,Cash
2025-09-09 17:27:00,19.0,Credit Card
2025-09-09 17:33:00,9.0,Meal Voucher
2025-09-09 17:36:00,9.0,Cash
2025-09-09 17:44:00,6.0,Debit Card
2025-09-09 17:45:00,9.0,Pix
2025-09-09 17:51:00,6.0,Cash
2025-09-09 18:01:00,9.0,Debit Card
2025-09-09 18:06:00,12.0,Debit Card
2025-09-09 18:11:00,20.0,Cash
2025-09-09 18:15:00,9.0,Cash
2025-09-09 18:17:00,13.0,Pix
2025-09-09 18:20:00,36.0,Pix
2025-09-09 18:33:00,15.0,Cash
2025-09-09 18:34:00,9.0,Cash
2025-09-09 18:48:00,9.0,Cash
2025-09-10 14:07:00,22.0,Cash
2025-09-10 14:14:00,8.0,Cash
2025-09-10 14:16:00,15.0,Cash
2025-09-10 14:26:00,30.0,Cash
2025-09-10 14:32:00,4.0,Debit Card
2025-09-10 14:45:00,4.0,Pix
2025-09-10 14:47:00,6.0,Cash
2025-09-10 14:49:00,8.0,Cash
2025-09-10 15:04:00,8.0,Cash
2025-09-10 15:08:00,6.0,Debit Card
2025-09-10 15:08:00,8.0,Debit Card
2025-09-10 15:16:00,23.0,Cash
2025-09-10 15:18:00,19.0,Debit Card
2025-09-10 15:21:00,6.0,Debit Card
2025-09-10 15:33:00,10.0,Pix
2025-09-10 15:33:00,8.0,Cash
2025-09-10 15:40:00,10.0,Cash
2025-09-10 15:42:00,16.0,Cash
2025-09-10 15:46:00,10.0,Cash
2025-09-10 15:47:00,18.0,Credit Card
2025-09-10 15:50:00,24.0,Pix
2025-09-10 15:58:00,36.0,Cash
2025-09-10 15:59:00,6.0,Cash
2025-09-10 16:02:00,22.0,Credit Card
2025-09-10 16:05:00,10.0,Pix
2025-09-10 16:07:00,12.0,Cash
2025-09-10 16:09:00,12.0,Cash
2025-09-10 16:12:00,8.0,Credit Card
2025-09-10 16:17:00,9.0,Debit Card
2025-09-10 16:23:00,6.0,Cash
2025-09-10 16:28:00,6.5,Cash
2025-09-10 16:33:00,10.0,Debit Card
2025-09-10 16:40:00,21.0,Cash
2025-09-10 16:47:00,8.0,Debit Card
2025-09-10 16:48:00,6.0,Debit Card
2025-09-10 16:58:00,24.0,Credit Card
2025-09-10 17:06:00,18.0,Credit Card
2025-09-10 17:09:00,24.0,Credit Card
2025-09-10 17:11:00,6.0,Cash
2025-09-10 17:12:00,6.5,Pix
2025-09-10 17:16:00,4.0,Cash
2025-09-10 17:20:00,16.0,Cash
2025-09-10 17:30:00,9.0,Cash
2025-09-10 17:32:00,9.0,Cash
2025-09-10 17:36:00,8.0,Debit Card
2025-09-10 17:36:00,9.0,Cash
2025-09-10 17:39:00,15.0,Pix
2025-09-10 17:42:00,9.0,Cash
2025-09-10 17:46:00,25.0,Debit Card
2025-09-10 17:47:00,25.0,Pix
2025-09-10 17:53:00,15.0,Cash
2025-09-10 17:55:00,9.0,Debit Card
2025-09-10 18:01:00,9.0,Cash
2025-09-10 18:05:00,13.0,Cash
2025-09-10 18:06:00,10.0,Debit Card
2025-09-10 18:11:00,8.0,Debit Card
2025-09-10 18:12:00,6.5,Pix
2025-09-10 18:24:00,40.0,Debit Card
2025-09-10 18:27:00,30.0,Debit Card
2025-09-10 18:29:00,19.0,Debit Card
2025-09-10 18:31:00,15.0,Cash
2025-09-10 18:31:00,18.0,Debit Card
2025-09-10 18:41:00,18.0,Credit Card
2025-09-10 18:42:00,9.0,Pix
2025-09-10 19:07:00,15.0,Credit Card
2025-09-10 17:41:00,9.0,Pix
2025-09-11 14:08:00,12.0,Cash
2025-09-11 14:46:00,15.0,Credit Card
2025-09-11 14:59:00,26.0,Credit Card
2025-09-11 15:11:00,15.0,Cash
2025-09-11 15:13:00,10.0,Credit Card
2025-09-11 15:15:00,6.0,Credit Card
2025-09-11 15:15:00,6.0,Debit Card
2025-09-11 15:20:00,10.0,Cash
2025-09-11 15:22:00,18.0,Debit Card
2025-09-11 15:27:00,9.0,Meal Voucher
2025-09-11 15:31:00,6.0,Cash
2025-09-11 15:40:00,4.0,Debit Card
2025-09-11 15:50:00,10.0,Cash
2025-09-11 15:59:00,8.0,Cash
2025-09-11 15:59:00,6.5,Debit Card
2025-09-11 16:05:00,20.0,Cash
2025-09-11 16:06:00,6.0,Cash
2025-09-11 16:36:00,8.0,Pix
2025-09-11 16:40:00,15.0,Pix
2025-09-11 16:43:00,10.0,Pix
2025-09-11 16:48:00,13.0,Pix
2025-09-11 16:49:00,12.0,Credit Card
2025-09-11 17:02:00,12.0,Pix
2025-09-11 17:11:00,16.0,Cash
2025-09-11 17:13:00,10.0,Cash
2025-09-11 17:14:00,9.0,Pix
2025-09-11 17:20:00,18.0,Cash
2025-09-11 17:22:00,14.0,Pix
2025-09-11 17:28:00,36.0,Credit Card
2025-09-11 17:38:00,18.0,Debit Card
2025-09-11 17:42:00,10.0,Pix
2025-09-11 17:47:00,5.0,Debit Card
2025-09-11 17:52:00,9.0,Credit Card
2025-09-11 18:04:00,14.0,Pix
2025-09-11 18:06:00,13.0,Debit Card
2025-09-11 18:08:00,10.0,Debit Card
2025-09-11 18:09:00,8.0,Debit Card
2025-09-11 18:10:00,10.0,Pix
2025-09-11 18:16:00,12.0,Cash
2025-09-11 18:16:00,20.0,Debit Card
2025-09-11 18:20:00,9.0,Pix
2025-09-11 18:20:00,9.0,Cash
2025-09-11 18:31:00,14.5,Debit Card
2025-09-11 18:35:00,8.0,Debit Card
2025-09-11 18:43:00,19.0,Pix
2025-09-12 13:35:00,10.0,Debit Card
2025-09-12 14:06:00,10.0,Pix
2025-09-12 14:12:00,18.0,Cash
2025-09-12 14:20:00,15.0,Cash
2025-09-12 14:27:00,12.0,Cash
2025-09-12 14:31:00,8.0,Cash
2025-09-12 14:36:00,23.0,Cash
2025-09-12 15:00:00,23.5,Credit Card
2025-09-12 15:02:00,4.0,Cash
2025-09-12 15:22:00,30.0,Cash
2025-09-12 15:26:00,19.0,Debit Card
2025-09-12 15:30:00,10.0,Debit Card
2025-09-12 15:31:00,16.0,Cash
2025-09-12 15:33:00,24.0,Cash
2025-09-12 15:34:00,8.0,Cash
2025-09-12 15:51:00,18.0,Cash
2025-09-12 15:54:00,15.0,Debit Card
2025-09-12 16:00:00,8.0,Cash
2025-09-12 16:02:00,12.0,Pix
2025-09-12 16:06:00,15.0,Debit Card
2025-09-12 16:16:00,4.5,Pix
2025-09-12 16:19:00,10.0,Debit Card
2025-09-12 16:19:00,6.0,Cash
2025-09-12 16:28:00,16.0,Debit Card
2025-09-12 16:30:00,16.0,Cash
2025-09-12 16:33:00,9.0,Credit Card
2025-09-12 16:36:00,12.0,Cash
2025-09-12 16:45:00,16.0,Debit Card
2025-09-12 16:45:00,14.0,Debit Card
2025-09-12 16:48:00,20.5,Debit Card
2025-09-12 16:50:00,12.0,Debit Card
2025-09-12 16:52:00,13.0,Meal Voucher
2025-09-12 16:54:00,10.0,Cash
2025-09-12 16:59:00,8.0,Cash
2025-09-12 17:06:00,14.0,Pix
2025-09-12 17:14:00,15.0,Cash
2025-09-12 17:14:00,19.0,Debit Card
2025-09-12 17:19:00,15.0,Cash
2025-09-12 17:24:00,8.0,Debit Card
2025-09-12 17:32:00,26.0,Cash
2025-09-12 17:56:00,10.0,Credit Card
2025-09-12 18:12:00,27.0,Cash
2025-09-12 18:12:00,18.0,Credit Card
2025-09-12 18:26:00,4.0,Pix
2025-09-12 18:27:00,12.0,Pix
2025-09-12 18:34:00,13.0,Debit Card
2025-09-12 18:34:00,18.0,Cash
2025-09-12 18:38:00,6.5,Debit Card
2025-09-12 18:49:00,12.0,Cash
2025-09-12 18:52:00,30.0,Pix
2025-09-12 19:01:00,18.0,Debit Card
2025-09-12 16:41:00,15.0,Cash
2025-09-12 16:37:00,8.0,Pix
2025-09-13 11:15:00,4.0,Pix
2025-09-13 11:29:00,20.0,Cash
2025-09-13 11:31:00,10.0,Cash
2025-09-13 11:42:00,20.0,Credit Card
2025-09-13 11:44:00,13.0,Debit Card
2025-09-13 11:47:00,13.0,Cash
2025-09-13 12:04:00,18.0,Pix
2025-09-13 12:08:00,16.0,Cash
2025-09-13 12:09:00,10.0,Credit Card
2025-09-13 12:25:00,6.0,Debit Card
2025-09-13 12:30:00,20.0,Debit Card
2025-09-13 12:32:00,9.0,Cash
2025-09-13 12:35:00,10.0,Cash
2025-09-13 12:39:00,8.0,Pix
2025-09-13 12:40:00,9.0,Debit Card
2025-09-13 12:45:00,14.0,Debit Card
2025-09-13 12:48:00,10.0,Debit Card
2025-09-13 12:51:00,13.0,Credit Card
2025-09-13 12:58:00,6.5,Cash
2025-09-13 13:26:00,9.0,Pix
2025-09-13 13:31:00,6.0,Cash
2025-09-13 13:34:00,18.0,Debit Card
2025-09-13 13:36:00,12.0,Pix
2025-09-13 13:39:00,18.0,Cash
2025-09-13 13:42:00,14.0,Credit Card
2025-09-13 13:54:00,4.5,Cash
2025-09-13 14:05:00,20.0,Pix
2025-09-13 14:06:00,16.0,Cash
2025-09-13 14:08:00,16.0,Credit Card
2025-09-13 14:09:00,4.0,Cash
2025-09-13 14:13:00,33.0,Debit Card
2025-09-13 14:15:00,8.0,Cash
2025-09-13 14:23:00,8.0,Cash
2025-09-13 14:24:00,19.0,Cash
2025-09-13 14:29:00,12.0,Cash
2025-09-13 14:29:00,12.0,Debit Card
2025-09-13 14:34:00,6.5,Cash
2025-09-13 14:35:00,6.0,Cash
2025-09-13 14:40:00,28.0,Pix
2025-09-13 14:41:00,6.0,Cash
2025-09-13 14:42:00,8.0,Credit Card
2025-09-13 14:46:00,10.0,Cash
2025-09-13 14:48:00,4.0,Debit Card
2025-09-13 14:49:00,8.0,Cash
2025-09-13 14:57:00,6.0,Credit Card
2025-09-13 15:03:00,36.0,Credit Card
2025-09-13 15:07:00,10.0,Pix
2025-09-13 15:10:00,12.0,Debit Card
2025-09-13 15:17:00,16.0,Debit Card
2025-09-13 15:32:00,6.0,Cash
2025-09-13 15:32:00,19.5,Debit Card
2025-09-13 15:34:00,4.5,Debit Card
2025-09-13 15:36:00,9.0,Debit Card
2025-09-13 15:39:00,6.0,Pix
2025-09-13 15:42:00,5.0,Cash
2025-09-13 15:45:00,16.0,Pix
2025-09-13 15:47:00,16.0,Credit Card
2025-09-13 15:47:00,8.0,Debit Card
2025-09-13 15:52:00,19.0,Debit Card
2025-09-13 15:53:00,10.0,Debit Card
2025-09-13 15:54:00,12.0,Cash
2025-09-13 15:59:00,20.0,Debit Card
2025-09-13 16:02:00,12.0,Cash
2025-09-13 16:08:00,46.0,Pix
2025-09-13 16:10:00,13.0,Cash
2025-09-13 16:17:00,16.0,Credit Card
2025-09-13 16:20:00,6.0,Pix
2025-09-13 16:23:00,13.0,Debit Card
2025-09-13 16:31:00,8.0,Cash
2025-09-13 16:43:00,20.0,Cash
2025-09-13 16:45:00,16.0,Credit Card
2025-09-13 16:46:00,12.0,Pix
2025-09-13 16:50:00,41.0,Debit Card
2025-09-13 16:53:00,12.0,Cash
2025-09-13 16:55:00,18.0,Debit Card
2025-09-13 16:59:00,16.0,Cash
2025-09-13 16:59:00,10.0,Debit Card
2025-09-13 17:03:00,10.0,Cash
2025-09-13 17:05:00,30.0,Cash
2025-09-13 17:08:00,30.0,Credit Card
2025-09-13 17:13:00,42.0,Pix
2025-09-13 17:15:00,10.0,Pix
2025-09-13 17:16:00,4.0,Debit Card
2025-09-13 17:18:00,60.0,Pix
2025-09-13 17:25:00,23.0,Debit Card
2025-09-13 17:27:00,4.5,Cash
2025-09-13 17:29:00,8.0,Debit Card
2025-09-13 17:34:00,13.0,Debit Card
2025-09-13 17:38:00,28.0,Cash
2025-09-13 17:39:00,16.0,Pix
2025-09-13 17:50:00,6.5,Credit Card
2025-09-13 17:58:00,10.5,Credit Card
2025-09-13 18:10:00,38.0,Debit Card
2025-09-13 18:15:00,18.0,Multiple
2025-09-13 18:22:00,9.0,Pix
2025-09-13 18:23:00,10.0,Cash
2025-09-13 18:26:00,8.0,Cash
2025-09-13 18:37:00,14.0,Debit Card
2025-09-13 15:05:00,10.0,Cash
2025-09-13 12:16:00,9.0,Pix
2025-09-14 15:27:00,16.0,Cash
2025-09-14 15:35:00,60.0,Cash
2025-09-14 15:39:00,22.0,Debit Card
2025-09-14 15:40:00,14.0,Pix
2025-09-14 15:40:00,8.0,Cash
2025-09-14 15:55:00,31.0,Debit Card
2025-09-14 16:02:00,36.0,Pix
2025-09-14 16:07:00,22.0,Pix
2025-09-14 16:11:00,58.0,Debit Card
2025-09-14 16:14:00,16.0,Debit Card
2025-09-14 16:20:00,26.0,Pix
2025-09-14 16:22:00,12.0,Debit Card
2025-09-14 16:37:00,6.0,Cash
2025-09-14 16:45:00,16.0,Cash
2025-09-14 16:51:00,24.0,Debit Card
2025-09-14 16:53:00,16.0,Cash
2025-09-14 16:58:00,54.0,Multiple
2025-09-14 17:15:00,6.0,Debit Card
2025-09-14 17:25:00,50.5,Credit Card
2025-09-14 17:33:00,12.0,Debit Card
2025-09-14 17:37:00,6.0,Cash
2025-09-14 17:51:00,18.0,Meal Voucher
2025-09-14 17:56:00,8.0,Cash
2025-09-15 14:22:00,6.5,Pix
2025-09-15 14:22:00,6.5,Pix
2025-09-15 14:22:00,10.0,Pix
2025-09-15 14:58:00,6.0,Cash
2025-09-15 15:00:00,10.0,Pix
2025-09-15 15:06:00,10.0,Pix
2025-09-15 15:08:00,6.0,Debit Card
2025-09-15 15:13:00,9.0,Credit Card
2025-09-15 15:14:00,12.0,Cash
2025-09-15 15:17:00,16.0,Pix
2025-09-15 16:02:00,6.0,Pix
2025-09-15 16:04:00,9.0,Pix
2025-09-15 16:07:00,9.0,Cash
2025-09-15 16:10:00,8.0,Credit Card
2025-09-15 16:22:00,23.0,Debit Card
2025-09-15 16:23:00,6.0,Cash
2025-09-15 16:39:00,19.0,Pix
2025-09-15 16:51:00,40.0,Pix
2025-09-15 16:59:00,10.0,Credit Card
2025-09-15 17:06:00,10.0,Cash
2025-09-15 17:31:00,14.0,Pix
2025-09-15 17:36:00,24.0,Cash
2025-09-15 17:40:00,14.0,Cash
2025-09-15 17:40:00,9.0,Debit Card
2025-09-15 17:44:00,9.0,Pix
2025-09-15 17:47:00,10.0,Debit Card
2025-09-15 18:11:00,8.0,Cash
2025-09-15 18:21:00,4.5,Cash
2025-09-15 18:27:00,9.0,Debit Card
2025-09-15 18:36:00,27.0,Cash
2025-09-16 13:56:00,15.0,Cash
2025-09-16 14:01:00,8.0,Debit Card
2025-09-16 14:08:00,12.0,Pix
2025-09-16 14:09:00,16.0,Pix
2025-09-16 14:11:00,10.0,Debit Card
2025-09-16 14:12:00,6.0,Debit Card
2025-09-16 14:25:00,6.0,Credit Card
2025-09-16 14:35:00,9.0,Pix
2025-09-16 14:40:00,6.0,Cash
2025-09-16 14:53:00,6.0,Cash
2025-09-16 15:02:00,15.0,Debit Card
2025-09-16 15:03:00,8.5,Cash
2025-09-16 15:04:00,8.0,Debit Card
2025-09-16 15:15:00,12.0,Cash
2025-09-16 15:19:00,5.0,Cash
2025-09-16 15:29:00,6.0,Cash
2025-09-16 15:31:00,14.0,Cash
2025-09-16 15:34:00,18.0,Cash
2025-09-16 15:35:00,6.0,Credit Card
2025-09-16 15:35:00,6.5,Debit Card
2025-09-16 15:35:00,10.0,Pix
2025-09-16 15:44:00,8.0,Cash
2025-09-16 15:52:00,20.0,Pix
2025-09-16 16:08:00,16.0,Pix
2025-09-16 16:21:00,12.0,Pix
2025-09-16 16:23:00,10.0,Pix
2025-09-16 16:26:00,32.0,Cash
2025-09-16 16:30:00,12.0,Debit Card
2025-09-16 16:38:00,10.0,Debit Card
2025-09-16 16:40:00,20.0,Debit Card
2025-09-16 16:41:00,12.0,Cash
2025-09-16 16:41:00,16.0,Debit Card
2025-09-16 16:50:00,10.0,Credit Card
2025-09-16 17:03:00,6.0,Cash
2025-09-16 17:10:00,15.0,Pix
2025-09-16 17:11:00,10.0,Debit Card
2025-09-16 17:19:00,22.0,Cash
2025-09-16 17:24:00,14.0,Cash
2025-09-16 17:29:00,9.0,Cash
2025-09-16 17:31:00,6.5,Credit Card
2025-09-16 17:44:00,24.0,Pix
2025-09-16 17:56:00,10.0,Cash
2025-09-16 17:56:00,4.0,Cash
2025-09-16 18:31:00,6.0,Cash
2025-09-16 18:48:00,6.5,Cash
2025-09-16 19:05:00,27.0,Debit Card
2025-09-17 13:54:00,6.0,Cash
2025-09-17 14:17:00,21.0,Debit Card
2025-09-17 14:19:00,10.0,Debit Card
2025-09-17 14:20:00,9.0,Debit Card
2025-09-17 14:21:00,4.0,Debit Card
2025-09-17 14:35:00,4.0,Cash
2025-09-17 14:38:00,16.0,Debit Card
2025-09-17 15:08:00,18.0,Cash
2025-09-17 15:09:00,6.0,Debit Card
2025-09-17 15:18:00,10.0,Cash
2025-09-17 15:27:00,6.0,Cash
2025-09-17 15:30:00,8.0,Debit Card
2025-09-17 15:32:00,6.0,Credit Card
2025-09-17 15:33:00,8.0,Cash
2025-09-17 15:39:00,10.0,Debit Card
2025-09-17 15:42:00,8.0,Debit Card
2025-09-17 15:53:00,10.0,Cash
2025-09-17 16:17:00,20.0,Pix
2025-09-17 16:22:00,22.0,Cash
2025-09-17 16:23:00,8.0,Cash
2025-09-17 16:38:00,9.0,Cash
2025-09-17 16:53:00,4.5,Cash
2025-09-17 16:53:00,9.0,Debit Card
2025-09-17 16:54:00,8.0,Debit Card
2025-09-17 16:55:00,6.0,Cash
2025-09-17 16:58:00,10.0,Cash
2025-09-17 17:15:00,10.0,Debit Card
2025-09-17 17:16:00,35.0,Debit Card
2025-09-17 17:22:00,6.0,Cash
2025-09-17 17:23:00,10.0,Cash
2025-09-17 17:37:00,10.0,Debit Card
2025-09-17 17:40:00,16.0,Pix
2025-09-17 17:42:00,16.0,Multiple
2025-09-17 17:53:00,8.0,Pix
2025-09-17 17:54:00,6.0,Pix
2025-09-17 17:58:00,17.0,Credit Card
2025-09-17 18:00:00,15.0,Pix
2025-09-17 18:05:00,8.0,Pix
2025-09-17 18:11:00,8.0,Credit Card
2025-09-17 18:34:00,30.0,Cash
2025-09-17 18:43:00,18.0,Pix
2025-09-18 14:12:00,26.0,Debit Card
2025-09-18 14:14:00,4.5,Cash
2025-09-18 14:22:00,6.0,Cash
2025-09-18 14:35:00,6.0,Cash
2025-09-18 14:40:00,10.0,Cash
2025-09-18 14:41:00,8.0,Cash
2025-09-18 14:41:00,20.0,Cash
2025-09-18 14:43:00,8.5,Credit Card
2025-09-18 14:55:00,13.0,Credit Card
2025-09-18 15:28:00,15.0,Debit Card
2025-09-18 15:30:00,13.0,Debit Card
2025-09-18 15:31:00,8.0,Cash
2025-09-18 15:38:00,30.0,Cash
2025-09-18 15:39:00,8.0,Debit Card
2025-09-18 15:42:00,10.0,Credit Card
2025-09-18 15:44:00,16.0,Cash
2025-09-18 15:49:00,6.0,Cash
2025-09-18 15:58:00,6.0,Cash
2025-09-18 15:59:00,8.0,Cash
2025-09-18 16:22:00,13.5,Credit Card
2025-09-18 16:26:00,10.0,Debit Card
2025-09-18 16:29:00,15.0,Debit Card
2025-09-18 16:54:00,8.0,Debit Card
2025-09-18 16:55:00,6.0,Debit Card
2025-09-18 17:25:00,10.0,Cash
2025-09-18 17:25:00,6.5,Pix
2025-09-18 17:36:00,6.0,Cash
2025-09-18 17:41:00,18.0,Debit Card
2025-09-18 17:42:00,32.0,Pix
2025-09-18 17:47:00,10.0,Cash
2025-09-18 17:48:00,25.0,Cash
2025-09-18 17:54:00,16.0,Debit Card
2025-09-18 17:56:00,8.0,Debit Card
2025-09-18 17:56:00,27.0,Debit Card
2025-09-18 18:02:00,21.0,Credit Card
2025-09-18 18:10:00,10.0,Cash
2025-09-18 18:16:00,9.0,Credit Card
2025-09-18 18:17:00,28.0,Debit Card
2025-09-18 18:21:00,15.0,Cash
2025-09-18 18:29:00,23.0,Debit Card
2025-09-18 18:32:00,9.0,Cash
2025-09-18 18:35:00,24.0,Debit Card
2025-09-18 18:46:00,6.5,Credit Card
2025-09-19 14:05:00,20.0,Cash
2025-09-19 14:32:00,10.0,Debit Card
2025-09-19 14:50:00,14.0,Debit Card
2025-09-19 14:59:00,15.0,Pix
2025-09-19 15:28:00,12.0,Credit Card
2025-09-19 15:30:00,6.0,Debit Card
2025-09-19 15:54:00,10.0,Cash
2025-09-19 15:54:00,6.0,Cash
2025-09-19 16:16:00,12.0,Cash
2025-09-19 16:17:00,6.0,Pix
2025-09-19 16:21:00,26.0,Debit Card
2025-09-19 16:31:00,4.0,Debit Card
2025-09-19 16:34:00,17.0,Cash
2025-09-19 16:40:00,14.0,Debit Card
2025-09-19 16:42:00,8.0,Debit Card
2025-09-19 17:12:00,6.0,Debit Card
2025-09-19 17:16:00,10.0,Debit Card
2025-09-19 17:20:00,10.0,Debit Card
2025-09-19 17:21:00,9.0,Credit Card
2025-09-19 17:24:00,10.0,Cash
2025-09-19 17:28:00,32.0,Cash
2025-09-19 17:29:00,6.5,Cash
2025-09-19 17:31:00,15.0,Debit Card
2025-09-19 17:34:00,18.0,Debit Card
2025-09-19 17:34:00,18.0,Debit Card
2025-09-19 17:46:00,45.0,Debit Card
2025-09-19 17:49:00,26.0,Cash
2025-09-19 17:50:00,13.0,Credit Card
2025-09-19 17:52:00,12.0,Credit Card
2025-09-19 17:53:00,18.0,Cash
2025-09-19 17:56:00,28.0,Debit Card
2025-09-19 18:01:00,28.0,Credit Card
2025-09-19 18:08:00,14.0,Cash
2025-09-19 18:35:00,9.0,Pix
2025-09-19 18:43:00,13.0,Pix
2025-09-19 22:06:00,12.0,Pix
2025-09-19 22:09:00,9.0,Pix
2025-09-19 22:37:00,6.0,Cash
2025-09-19 23:09:00,30.0,Cash
2025-09-19 23:12:00,10.0,Pix
2025-09-19 23:14:00,25.5,Cash
2025-09-19 23:15:00,13.0,Debit Card
2025-09-19 23:16:00,28.0,Cash
2025-09-19 23:17:00,9.0,Cash
2025-09-19 23:17:00,13.0,Pix
2025-09-19 23:18:00,10.0,Pix
2025-09-19 23:21:00,10.0,Cash
2025-09-19 23:29:00,6.5,Pix
2025-09-19 23:52:00,18.0,Debit Card
2025-09-20 12:25:00,6.0,Cash
2025-09-20 12:37:00,13.0,Credit Card
2025-09-20 12:56:00,10.5,Debit Card
2025-09-20 13:09:00,4.5,Cash
2025-09-20 13:09:00,10.0,Cash
2025-09-20 13:32:00,18.5,Cash
2025-09-20 13:48:00,22.0,Debit Card
2025-09-20 13:51:00,8.0,Credit Card
2025-09-20 13:53:00,10.0,Credit Card
2025-09-20 13:53:00,10.0,Debit Card
2025-09-20 13:58:00,22.5,Cash
2025-09-20 14:01:00,16.0,Credit Card
2025-09-20 14:04:00,4.0,Cash
2025-09-20 14:06:00,4.5,Cash
2025-09-20 14:08:00,18.0,Cash
2025-09-20 14:11:00,9.0,Credit Card
2025-09-20 14:13:00,15.0,Credit Card
2025-09-20 14:17:00,12.0,Credit Card
2025-09-20 14:17:00,16.0,Cash
2025-09-20 14:29:00,6.0,Debit Card
2025-09-20 14:31:00,6.0,Credit Card
2025-09-20 14:46:00,18.0,Cash
2025-09-20 14:47:00,6.0,Pix
2025-09-20 14:53:00,16.0,Cash
2025-09-20 14:54:00,6.0,Cash
2025-09-20 14:58:00,16.0,Pix
2025-09-20 14:58:00,8.0,Credit Card
2025-09-20 15:01:00,33.0,Cash
2025-09-20 15:03:00,36.0,Pix
2025-09-20 15:14:00,21.0,Debit Card
2025-09-20 15:15:00,4.5,Debit Card
2025-09-20 15:20:00,36.0,Pix
2025-09-20 15:24:00,20.0,Debit Card
2025-09-20 15:25:00,22.0,Cash
2025-09-20 15:26:00,6.0,Debit Card
2025-09-20 15:30:00,4.5,Credit Card
2025-09-20 15:32:00,8.0,Debit Card
2025-09-20 15:34:00,8.0,Debit Card
2025-09-20 15:36:00,13.0,Debit Card
2025-09-20 15:38:00,10.0,Pix
2025-09-20 15:46:00,4.5,Debit Card
2025-09-20 15:51:00,12.0,Debit Card
2025-09-20 15:54:00,4.0,Debit Card
2025-09-20 16:03:00,33.0,Pix
2025-09-20 16:06:00,8.0,Debit Card
2025-09-20 16:19:00,18.0,Debit Card
2025-09-20 16:27:00,12.0,Cash
2025-09-20 16:31:00,20.0,Pix
2025-09-20 16:32:00,13.0,Pix
2025-09-20 16:39:00,6.0,Credit Card
2025-09-20 16:45:00,16.0,Credit Card
2025-09-20 16:46:00,4.5,Pix
2025-09-20 16:55:00,18.0,Credit Card
2025-09-20 16:57:00,13.0,Debit Card
2025-09-20 17:01:00,6.5,Pix
2025-09-20 17:02:00,6.0,Pix
2025-09-20 17:08:00,4.5,Debit Card
2025-09-20 17:13:00,21.0,Credit Card
2025-09-20 17:14:00,8.0,Debit Card
2025-09-20 17:16:00,18.0,Cash
2025-09-20 17:23:00,10.0,Cash
2025-09-20 17:27:00,24.0,Debit Card
2025-09-20 17:33:00,18.0,Pix
2025-09-20 17:38:00,4.0,Pix
2025-09-20 17:42:00,8.0,Pix
2025-09-20 17:46:00,32.0,Cash
2025-09-20 17:56:00,16.0,Debit Card
2025-09-20 17:57:00,9.0,Debit Card
2025-09-20 18:05:00,12.0,Cash
2025-09-20 18:10:00,9.0,Debit Card
2025-09-20 18:12:00,4.0,Cash
2025-09-20 18:14:00,15.0,Debit Card
2025-09-20 18:19:00,6.5,Cash
2025-09-20 18:23:00,14.0,Debit Card
2025-09-20 18:28:00,27.0,Pix
2025-09-20 18:55:00,18.0,Pix
2025-09-20 18:56:00,15.0,Cash
2025-09-22 14:11:00,27.0,Credit Card
2025-09-22 14:24:00,9.0,Credit Card
2025-09-22 14:24:00,4.0,Pix
2025-09-22 14:26:00,12.0,Cash
2025-09-22 14:59:00,10.0,Debit Card
2025-09-22 15:10:00,37.0,Pix
2025-09-22 15:10:00,14.0,Cash
2025-09-22 15:21:00,16.0,Debit Card
2025-09-22 15:23:00,16.0,Cash
2025-09-22 15:41:00,12.0,Pix
2025-09-22 15:44:00,21.0,Cash
2025-09-22 15:58:00,10.0,Cash
2025-09-22 16:59:00,39.0,Debit Card
2025-09-22 17:09:00,51.0,Debit Card
2025-09-22 17:16:00,9.0,Pix
2025-09-22 17:20:00,36.0,Debit Card
2025-09-22 17:42:00,6.5,Credit Card
2025-09-22 17:51:00,17.0,Pix
2025-09-22 18:08:00,10.0,Cash
2025-09-22 18:11:00,13.0,Cash
2025-09-22 18:11:00,14.0,Pix
2025-09-22 18:12:00,8.0,Debit Card
2025-09-22 18:25:00,9.0,Pix
2025-09-22 18:30:00,19.0,Pix
2025-09-22 18:35:00,21.0,Credit Card
2025-09-22 18:41:00,10.0,Pix
2025-09-23 14:04:00,9.0,Pix
2025-09-23 14:25:00,20.0,Cash
2025-09-23 14:35:00,13.0,Debit Card
2025-09-23 14:43:00,6.0,Pix
2025-09-23 14:55:00,6.0,Cash
2025-09-23 15:13:00,15.0,Debit Card
2025-09-23 15:20:00,22.5,Debit Card
2025-09-23 15:24:00,9.0,Pix
2025-09-23 15:28:00,10.0,Debit Card
2025-09-23 15:30:00,5.0,On Credit
2025-09-23 15:37:00,10.0,Cash
2025-09-23 15:37:00,8.0,Pix
2025-09-23 15:41:00,24.0,Cash
2025-09-23 15:47:00,9.0,Cash
2025-09-23 15:54:00,16.5,Cash
2025-09-23 15:59:00,12.0,Cash
2025-09-23 16:08:00,5.0,Cash
2025-09-23 16:11:00,6.0,Debit Card
2025-09-23 16:18:00,9.0,Pix
2025-09-23 16:21:00,9.0,Pix
2025-09-23 16:29:00,9.0,Cash
2025-09-23 16:34:00,23.0,Debit Card
2025-09-23 16:50:00,15.0,Pix
2025-09-23 16:50:00,27.0,Pix
2025-09-23 17:03:00,6.5,Meal Voucher
2025-09-23 17:04:00,9.0,Pix
2025-09-23 17:11:00,22.0,Pix
2025-09-23 17:18:00,14.0,Pix
2025-09-23 17:21:00,8.0,Debit Card
2025-09-23 17:26:00,6.0,Debit Card
2025-09-23 17:42:00,36.0,Credit Card
2025-09-23 17:55:00,45.0,Cash
2025-09-23 18:06:00,18.0,Pix
2025-09-23 18:22:00,10.0,Pix
2025-09-23 18:30:00,14.0,Debit Card
2025-09-23 18:34:00,13.0,Debit Card
2025-09-23 18:42:00,27.0,Debit Card
2025-09-23 19:15:00,16.0,Pix
2025-09-23 15:56:00,10.0,Debit Card
2025-09-24 14:09:00,12.0,Debit Card
2025-09-24 14:10:00,20.0,Credit Card
2025-09-24 14:21:00,8.0,Cash
2025-09-24 14:39:00,4.5,Debit Card
2025-09-24 14:43:00,6.0,Debit Card
2025-09-24 14:45:00,14.0,Debit Card
2025-09-24 14:47:00,13.0,Credit Card
2025-09-24 14:59:00,8.0,Debit Card
2025-09-24 15:10:00,10.0,Debit Card
2025-09-24 15:26:00,9.0,Cash
2025-09-24 15:28:00,8.0,Pix
2025-09-24 15:28:00,6.0,Cash
2025-09-24 15:30:00,6.0,Cash
2025-09-24 15:38:00,24.0,Cash
2025-09-24 16:03:00,14.0,On Credit
2025-09-24 16:03:00,1.0,On Credit
2025-09-24 16:12:00,15.0,Debit Card
2025-09-24 16:13:00,8.0,Cash
2025-09-24 16:14:00,22.0,Debit Card
2025-09-24 16:16:00,43.0,Debit Card
2025-09-24 16:28:00,4.0,Debit Card
2025-09-24 16:28:00,10.0,Credit Card
2025-09-24 16:51:00,21.0,Cash
2025-09-24 16:56:00,32.5,Credit Card
2025-09-24 17:01:00,28.0,Debit Card
2025-09-24 17:07:00,24.0,Debit Card
2025-09-24 17:14:00,25.0,Pix
2025-09-24 17:15:00,16.0,Cash
2025-09-24 17:17:00,8.0,Debit Card
2025-09-24 17:17:00,18.0,Pix
2025-09-24 17:24:00,8.0,Pix
2025-09-24 17:32:00,19.0,Debit Card
2025-09-24 17:41:00,14.0,Pix
2025-09-24 17:57:00,23.0,Pix
2025-09-24 17:58:00,6.5,Debit Card
2025-09-24 18:00:00,4.0,Pix
2025-09-24 18:05:00,6.0,Cash
2025-09-24 18:11:00,9.0,Cash
2025-09-24 18:16:00,6.5,Cash
2025-09-24 18:33:00,8.0,Debit Card
2025-09-24 18:41:00,10.0,Cash
2025-09-24 18:43:00,12.0,Debit Card
2025-09-24 18:47:00,13.0,Cash
2025-09-25 13:46:00,6.0,Credit Card
2025-09-25 14:05:00,18.0,Debit Card
2025-09-25 14:07:00,10.0,Debit Card
2025-09-25 14:14:00,8.0,Debit Card
2025-09-25 14:22:00,8.0,Pix
2025-09-25 14:29:00,6.0,Pix
2025-09-25 14:31:00,8.0,Cash
2025-09-25 14:43:00,31.0,Credit Card
2025-09-25 14:43:00,13.0,Pix
2025-09-25 14:48:00,22.0,Cash
2025-09-25 14:50:00,16.0,Cash
2025-09-25 14:52:00,6.0,Cash
2025-09-25 14:59:00,18.0,Debit Card
2025-09-25 15:09:00,8.5,Pix
2025-09-25 15:12:00,33.0,Debit Card
2025-09-25 15:23:00,8.0,Pix
2025-09-25 15:23:00,19.0,Cash
2025-09-25 15:31:00,26.0,Debit Card
2025-09-25 15:33:00,8.0,Cash
2025-09-25 15:43:00,16.0,Multiple
2025-09-25 15:49:00,10.0,Debit Card
2025-09-25 15:51:00,15.0,Cash
2025-09-25 16:02:00,18.0,Debit Card
2025-09-25 16:19:00,30.0,Debit Card
2025-09-25 16:23:00,9.0,Cash
2025-09-25 16:26:00,10.0,Cash
2025-09-25 16:30:00,9.0,Cash
2025-09-25 16:31:00,6.0,Debit Card
2025-09-25 16:35:00,28.0,Credit Card
2025-09-25 16:36:00,8.0,Debit Card
2025-09-25 16:37:00,10.0,Credit Card
2025-09-25 16:37:00,16.0,Cash
2025-09-25 16:40:00,16.0,Cash
2025-09-25 16:45:00,12.0,Cash
2025-09-25 16:45:00,23.0,Cash
2025-09-25 16:47:00,12.0,Pix
2025-09-25 16:48:00,9.0,Cash
2025-09-25 16:49:00,6.5,Pix
2025-09-25 16:50:00,15.0,Debit Card
2025-09-25 17:06:00,12.0,Cash
2025-09-25 17:07:00,10.0,Cash
2025-09-25 17:09:00,6.0,Cash
2025-09-25 17:40:00,19.0,Cash
2025-09-25 17:56:00,31.5,Debit Card
2025-09-25 17:58:00,10.0,Debit Card
2025-09-25 18:06:00,9.0,Credit Card
2025-09-25 18:17:00,24.0,Credit Card
2025-09-25 18:22:00,17.0,Credit Card
2025-09-25 18:30:00,9.0,Credit Card
2025-09-25 18:33:00,17.0,Debit Card
2025-09-25 18:40:00,27.0,Pix
2025-09-25 18:51:00,18.0,Credit Card
2025-09-25 18:58:00,29.0,Cash
2025-09-26 13:40:00,10.0,Debit Card
2025-09-26 14:09:00,6.5,Credit Card
2025-09-26 14:10:00,10.0,Credit Card
2025-09-26 14:24:00,4.0,Debit Card
2025-09-26 14:35:00,6.0,Cash
2025-09-26 14:37:00,13.0,Debit Card
2025-09-26 15:03:00,14.0,Debit Card
2025-09-26 15:18:00,9.0,Cash
2025-09-26 15:26:00,24.0,Cash
2025-09-26 15:35:00,16.0,Cash
2025-09-26 15:37:00,14.0,Cash
2025-09-26 15:42:00,13.0,Debit Card
2025-09-26 15:50:00,19.0,Pix
2025-09-26 15:53:00,10.0,Pix
2025-09-26 15:54:00,6.0,Credit Card
2025-09-26 15:56:00,10.0,Credit Card
2025-09-26 16:01:00,17.0,Debit Card
2025-09-26 16:03:00,8.0,Cash
2025-09-26 16:08:00,10.0,Debit Card
2025-09-26 16:08:00,4.0,Credit Card
2025-09-26 16:11:00,8.0,Cash
2025-09-26 16:12:00,10.0,Pix
2025-09-26 16:23:00,30.0,Cash
2025-09-26 16:25:00,8.5,Debit Card
2025-09-26 16:29:00,18.0,Debit Card
2025-09-26 16:39:00,10.0,Pix
2025-09-26 16:46:00,16.0,Cash
2025-09-26 16:46:00,14.0,Pix
2025-09-26 16:55:00,12.0,Cash
2025-09-26 16:58:00,6.0,Debit Card
2025-09-26 16:59:00,12.5,Cash
2025-09-26 17:02:00,14.0,Cash
2025-09-26 17:19:00,9.0,Cash
2025-09-26 17:23:00,6.5,Meal Voucher
2025-09-26 17:48:00,9.0,Debit Card
2025-09-26 18:04:00,19.0,Debit Card
2025-09-26 18:16:00,25.0,Pix
2025-09-26 19:06:00,13.0,Credit Card
2025-09-27 10:54:00,18.0,Cash
2025-09-27 11:02:00,15.0,Cash
2025-09-27 11:11:00,16.0,Pix
2025-09-27 11:16:00,10.0,Debit Card
2025-09-27 11:19:00,8.0,Meal Voucher
2025-09-27 11:24:00,10.0,Cash
2025-09-27 11:54:00,8.0,Cash
2025-09-27 11:59:00,15.0,Pix
2025-09-27 12:08:00,6.0,Pix
2025-09-27 12:15:00,6.5,Cash
2025-09-27 12:20:00,12.0,Cash
2025-09-27 12:32:00,6.0,Pix
2025-09-27 12:33:00,10.5,Debit Card
2025-09-27 12:47:00,8.0,Pix
2025-09-27 12:59:00,8.0,Pix
2025-09-27 13:17:00,18.0,Credit Card
2025-09-27 13:22:00,9.0,Cash
2025-09-27 13:25:00,23.0,Cash
2025-09-27 13:26:00,6.0,Cash
2025-09-27 13:33:00,6.0,Pix
2025-09-27 13:50:00,20.0,Cash
2025-09-27 13:58:00,16.0,Credit Card
2025-09-27 13:58:00,8.5,Debit Card
2025-09-27 14:03:00,24.0,Pix
2025-09-27 14:23:00,8.0,Debit Card
2025-09-27 14:44:00,23.0,Debit Card
2025-09-27 14:49:00,4.0,Cash
2025-09-27 14:53:00,20.0,Cash
2025-09-27 14:57:00,18.0,Debit Card
2025-09-27 15:05:00,28.0,Cash
2025-09-27 15:08:00,8.0,Debit Card
2025-09-27 15:15:00,12.0,Cash
2025-09-27 15:18:00,30.0,Credit Card
2025-09-27 15:33:00,21.0,Cash
2025-09-27 15:41:00,8.0,Pix
2025-09-27 15:43:00,10.0,Cash
2025-09-27 15:43:00,6.0,Cash
2025-09-27 15:52:00,12.0,Cash
2025-09-27 15:59:00,32.0,Pix
2025-09-27 16:02:00,6.0,Cash
2025-09-27 16:07:00,16.0,Cash
2025-09-27 16:17:00,9.0,Debit Card
2025-09-27 16:20:00,18.0,Debit Card
2025-09-27 16:33:00,33.0,Pix
2025-09-27 16:34:00,12.0,Debit Card
2025-09-27 16:37:00,18.0,Debit Card
2025-09-27 16:40:00,6.0,Debit Card
2025-09-27 16:42:00,25.0,Debit Card
2025-09-27 16:58:00,10.0,Meal Voucher
2025-09-27 17:01:00,16.0,Cash
2025-09-27 17:07:00,36.0,Credit Card
2025-09-27 17:16:00,30.0,Pix
2025-09-27 17:19:00,6.0,Pix
2025-09-27 17:26:00,30.0,Pix
2025-09-27 17:26:00,4.0,Cash
2025-09-27 16:10:00,9.0,Cash
2025-09-28 14:54:00,12.0,Cash
2025-09-28 14:59:00,18.0,Cash
2025-09-28 15:19:00,16.0,Cash
2025-09-28 15:19:00,6.0,Cash
2025-09-28 15:21:00,39.0,Cash
2025-09-28 15:26:00,9.0,Debit Card
2025-09-28 15:27:00,8.0,Cash
2025-09-28 15:33:00,10.0,Cash
2025-09-28 15:40:00,20.0,Debit Card
2025-09-28 15:40:00,24.0,Debit Card
2025-09-28 15:44:00,18.0,Pix
2025-09-28 15:50:00,12.0,Debit Card
2025-09-28 15:51:00,6.0,Debit Card
2025-09-28 15:52:00,16.0,Credit Card
2025-09-28 16:10:00,18.0,Cash
2025-09-28 16:12:00,21.0,Debit Card
2025-09-28 16:16:00,13.0,Cash
2025-09-28 16:19:00,32.0,Debit Card
2025-09-28 16:27:00,20.0,Credit Card
2025-09-28 16:29:00,20.0,Pix
2025-09-28 16:37:00,36.0,Pix
2025-09-28 16:41:00,14.0,Pix
2025-09-28 16:50:00,8.0,Pix
2025-09-28 16:52:00,12.0,Debit Card
2025-09-28 16:53:00,36.0,Debit Card
2025-09-28 16:57:00,16.0,Cash
2025-09-28 16:58:00,43.0,Cash
2025-09-28 17:08:00,30.0,Cash
2025-09-28 17:12:00,16.0,Credit Card
2025-09-28 17:16:00,8.0,Cash
2025-09-28 17:40:00,9.0,Cash
2025-09-28 17:40:00,9.0,Pix
2025-09-28 17:55:00,12.0,Cash
2025-09-28 18:09:00,31.0,Credit Card
2025-09-28 18:11:00,12.0,Cash
2025-09-28 18:22:00,12.0,Credit Card
2025-09-28 18:25:00,12.0,Cash
2025-09-28 18:44:00,40.0,Cash
2025-09-28 18:44:00,9.0,Debit Card
2025-09-28 18:51:00,9.0,Debit Card
2025-09-28 18:56:00,6.0,Cash
2025-09-29 13:40:00,8.0,Debit Card
2025-09-29 13:53:00,15.0,Credit Card
2025-09-29 13:56:00,24.0,Debit Card
2025-09-29 14:14:00,31.0,Credit Card
2025-09-29 14:30:00,19.0,Cash
2025-09-29 14:37:00,35.0,Cash
2025-09-29 14:53:00,12.0,Credit Card
2025-09-29 14:55:00,12.0,Cash
2025-09-29 15:14:00,13.0,Cash
2025-09-29 15:14:00,10.0,Pix
2025-09-29 15:29:00,8.0,Pix
2025-09-29 15:51:00,6.5,Pix
2025-09-29 15:58:00,12.0,Pix
2025-09-29 16:09:00,27.0,Pix
2025-09-29 16:10:00,4.0,Cash
2025-09-29 16:42:00,6.0,Pix
2025-09-29 16:44:00,10.0,Credit Card
2025-09-29 17:06:00,12.0,Pix
2025-09-29 17:13:00,6.5,Pix
2025-09-29 17:21:00,28.0,Debit Card
2025-09-29 17:27:00,9.0,Meal Voucher
2025-09-29 17:42:00,9.0,Debit Card
2025-09-29 17:52:00,16.0,Cash
2025-09-29 18:06:00,9.0,Pix
2025-09-29 18:17:00,26.0,Pix
2025-09-29 18:30:00,19.0,Cash
2025-09-29 18:47:00,18.0,Pix
2025-09-29 18:55:00,8.0,Credit Card
2025-09-29 18:55:00,9.0,Pix
2025-09-29 16:01:00,16.0,Cash
2025-10-01 13:57:00,10.0,Debit Card
2025-10-01 14:02:00,12.0,Pix
2025-10-01 14:23:00,9.0,Pix
2025-10-01 14:27:00,12.0,Pix
2025-10-01 14:30:00,15.0,Cash
2025-10-01 15:13:00,12.0,Pix
2025-10-01 15:23:00,12.0,Cash
2025-10-01 15:30:00,9.0,Cash
2025-10-01 15:59:00,16.0,Debit Card
2025-10-01 16:01:00,12.0,Debit Card
2025-10-01 16:05:00,6.0,Cash
2025-10-01 16:17:00,18.0,Cash
2025-10-01 16:35:00,12.0,Pix
2025-10-01 16:50:00,9.0,Debit Card
2025-10-01 16:54:00,12.0,Pix
2025-10-01 17:23:00,9.0,Meal Voucher
2025-10-01 18:04:00,13.0,Pix
2025-10-01 18:07:00,27.0,Debit Card
2025-10-01 18:26:00,9.0,Pix
2025-10-01 18:26:00,13.0,Pix
2025-10-01 18:32:00,12.0,Pix
2025-10-01 18:51:00,27.0,Pix
2025-10-02 13:59:00,25.0,Pix
2025-10-02 14:05:00,22.0,Credit Card
2025-10-02 14:10:00,6.0,Cash
2025-10-02 14:11:00,6.0,Debit Card
2025-10-02 14:12:00,8.0,Credit Card
2025-10-02 14:20:00,9.0,Cash
2025-10-02 14:30:00,16.0,Cash
2025-10-02 14:47:00,9.0,Cash
2025-10-02 14:48:00,19.0,Debit Card
2025-10-02 15:04:00,6.0,Pix
2025-10-02 15:09:00,6.5,Debit Card
2025-10-02 15:15:00,12.0,Credit Card
2025-10-02 15:20:00,12.0,Pix
2025-10-02 15:24:00,8.0,Cash
2025-10-02 15:33:00,14.0,Cash
2025-10-02 15:39:00,16.0,Debit Card
2025-10-02 15:52:00,6.0,Credit Card
2025-10-02 16:23:00,14.0,Cash
2025-10-02 16:33:00,6.0,Debit Card
2025-10-02 16:36:00,6.5,Pix
2025-10-03 15:37:00,20.0,Pix
2025-10-03 15:52:00,13.0,Pix
2025-10-03 15:58:00,10.0,Meal Voucher
2025-10-03 16:05:00,8.0,Cash
2025-10-03 16:16:00,18.0,Debit Card
2025-10-03 16:18:00,31.0,Debit Card
2025-10-03 16:23:00,9.0,Cash
2025-10-03 16:43:00,36.0,Credit Card
2025-10-03 16:44:00,9.0,Cash
2025-10-03 16:44:00,19.0,Pix
2025-10-03 17:04:00,9.0,Debit Card
2025-10-03 17:04:00,9.0,Cash
2025-10-03 17:09:00,20.0,Pix
2025-10-03 17:11:00,18.0,Multiple
2025-10-03 17:14:00,9.0,Debit Card
2025-10-03 17:38:00,10.0,Pix
2025-10-03 17:39:00,18.0,Debit Card
2025-10-03 17:44:00,16.0,Cash
2025-10-03 17:49:00,15.0,Pix
2025-10-03 18:15:00,27.0,Credit Card
2025-10-03 18:31:00,17.0,Credit Card
2025-10-03 19:02:00,4.0,Pix
2025-10-04 10:39:00,16.0,Cash
2025-10-04 10:58:00,28.0,Credit Card
2025-10-04 11:09:00,10.0,Cash
2025-10-04 11:10:00,10.0,Cash
2025-10-04 11:13:00,22.0,Debit Card
2025-10-04 11:15:00,6.0,Cash
2025-10-04 11:21:00,24.0,Cash
2025-10-04 11:48:00,12.0,Debit Card
2025-10-04 12:10:00,16.0,Debit Card
2025-10-04 12:17:00,6.0,Debit Card
2025-10-04 12:25:00,10.0,Credit Card
2025-10-04 12:39:00,28.0,Credit Card
2025-10-04 12:40:00,4.0,Debit Card
2025-10-04 12:49:00,19.0,Debit Card
2025-10-04 12:55:00,13.0,Debit Card
2025-10-04 13:03:00,12.0,Debit Card
2025-10-04 13:16:00,20.0,Cash
2025-10-04 13:28:00,36.0,Cash
2025-10-04 13:29:00,10.0,Cash
2025-10-04 13:36:00,6.0,Debit Card
2025-10-04 13:41:00,6.0,Debit Card
2025-10-04 13:44:00,20.0,Debit Card
2025-10-04 13:48:00,23.0,Pix
2025-10-04 13:55:00,8.5,Debit Card
2025-10-04 14:17:00,6.0,Pix
2025-10-04 14:21:00,18.0,Credit Card
2025-10-04 14:22:00,30.0,Credit Card
2025-10-04 14:35:00,10.0,Cash
2025-10-04 14:42:00,10.0,Cash
2025-10-04 14:42:00,6.0,Pix
2025-10-04 14:45:00,6.0,Pix
2025-10-04 15:03:00,30.0,Cash
2025-10-04 15:04:00,6.0,Debit Card
2025-10-04 15:08:00,8.0,Cash
2025-10-04 15:10:00,20.0,Cash
2025-10-04 15:12:00,16.0,Cash
2025-10-04 15:13:00,16.0,Debit Card
2025-10-04 15:17:00,30.0,Credit Card
2025-10-04 15:19:00,25.0,Credit Card
2025-10-04 15:20:00,10.0,Pix
2025-10-04 15:21:00,4.0,Debit Card
2025-10-04 15:21:00,18.0,Debit Card
2025-10-04 15:23:00,4.0,Cash
2025-10-04 15:25:00,6.0,Debit Card
2025-10-04 15:31:00,12.0,Credit Card
2025-10-04 15:37:00,12.0,Debit Card
2025-10-04 15:37:00,6.0,Debit Card
2025-10-04 15:38:00,6.0,Pix
2025-10-04 15:39:00,8.0,Debit Card
2025-10-04 15:45:00,14.0,Cash
2025-10-04 15:47:00,16.0,Pix
2025-10-04 15:48:00,6.0,Debit Card
2025-10-04 15:49:00,16.0,Pix
2025-10-04 15:53:00,32.5,Pix
2025-10-04 15:55:00,24.0,Debit Card
2025-10-04 15:57:00,14.0,Cash
2025-10-04 16:02:00,26.0,Debit Card
2025-10-04 16:02:00,8.0,Cash
2025-10-04 16:07:00,40.0,Credit Card
2025-10-04 16:08:00,13.0,Meal Voucher
2025-10-04 16:11:00,15.0,Cash
2025-10-04 16:11:00,4.0,Cash
2025-10-04 16:12:00,15.0,Debit Card
2025-10-04 16:15:00,10.0,Pix
2025-10-04 16:17:00,13.0,Pix
2025-10-04 16:17:00,12.0,Cash
2025-10-04 16:19:00,4.0,Cash
2025-10-04 16:20:00,13.0,Meal Voucher
2025-10-04 16:21:00,8.0,Debit Card
2025-10-04 16:22:00,10.0,Credit Card
2025-10-04 16:23:00,16.0,Debit Card
2025-10-04 16:25:00,10.0,Pix
2025-10-04 16:28:00,25.0,Debit Card
2025-10-04 16:28:00,10.0,Cash
2025-10-04 16:29:00,4.0,Debit Card
2025-10-04 16:34:00,10.0,Cash
2025-10-04 16:35:00,16.0,Cash
2025-10-04 16:46:00,18.0,Pix
2025-10-04 16:47:00,6.0,Pix
2025-10-04 16:58:00,8.5,Cash
2025-10-04 17:01:00,6.0,Cash
2025-10-04 17:03:00,10.0,Cash
2025-10-04 17:06:00,18.0,Cash
2025-10-04 17:11:00,18.0,Debit Card
2025-10-04 17:16:00,4.0,Cash
2025-10-04 17:28:00,37.0,Multiple
2025-10-04 17:31:00,10.0,Cash
2025-10-04 17:35:00,13.0,Debit Card
2025-10-04 17:41:00,17.5,Cash
2025-10-04 17:44:00,16.0,Credit Card
2025-10-04 17:48:00,32.0,Cash
2025-10-04 17:53:00,6.0,Debit Card
2025-10-04 17:53:00,8.0,Pix
2025-10-04 18:00:00,10.0,Debit Card
2025-10-04 18:03:00,33.0,Credit Card
2025-10-04 18:04:00,16.0,Cash
2025-10-04 18:06:00,6.0,Credit Card
2025-10-04 18:08:00,8.0,Pix
2025-10-04 18:28:00,12.5,Pix
2025-10-04 18:31:00,12.0,Pix
2025-10-04 18:34:00,18.0,Debit Card
2025-10-04 15:35:00,31.0,Pix
2025-10-05 14:47:00,8.0,Cash
2025-10-05 14:47:00,6.0,Pix
2025-10-05 14:51:00,6.0,Cash
2025-10-05 14:51:00,13.0,Pix
2025-10-05 15:03:00,19.0,Cash
2025-10-05 15:07:00,14.5,Cash
2025-10-05 15:08:00,14.0,Cash
2025-10-05 15:11:00,26.0,Credit Card
2025-10-05 15:12:00,4.5,Credit Card
2025-10-05 15:13:00,31.0,Credit Card
2025-10-05 15:17:00,12.0,Debit Card
2025-10-05 15:17:00,8.0,Cash
2025-10-05 15:20:00,6.0,Cash
2025-10-05 15:23:00,10.0,Debit Card
2025-10-05 15:34:00,8.0,Cash
2025-10-05 15:35:00,16.0,Cash
2025-10-05 15:41:00,9.0,Cash
2025-10-05 15:51:00,4.0,Cash
2025-10-05 15:55:00,34.0,Pix
2025-10-05 15:55:00,8.0,Cash
2025-10-05 15:57:00,15.0,Cash
2025-10-05 16:00:00,30.0,Debit Card
2025-10-05 16:03:00,4.0,Debit Card
2025-10-05 16:13:00,30.0,Credit Card
2025-10-05 16:14:00,8.0,Credit Card
2025-10-05 16:22:00,50.5,Debit Card
2025-10-05 16:30:00,15.0,Cash
2025-10-05 16:31:00,8.0,Cash
2025-10-05 16:32:00,15.0,Pix
2025-10-05 16:33:00,26.0,Debit Card
2025-10-05 16:38:00,12.0,Debit Card
2025-10-05 16:38:00,6.0,Cash
2025-10-05 16:40:00,24.0,Cash
2025-10-05 16:44:00,29.0,Debit Card
2025-10-05 16:44:00,4.0,Credit Card
2025-10-05 16:58:00,15.0,Meal Voucher
2025-10-05 17:02:00,6.0,Cash
2025-10-05 17:02:00,9.0,Debit Card
2025-10-05 17:10:00,20.0,Debit Card
2025-10-05 17:15:00,36.0,Cash
2025-10-05 17:16:00,13.0,Pix
2025-10-05 17:27:00,12.0,Cash
2025-10-05 17:28:00,16.0,Pix
2025-10-05 17:36:00,16.0,Debit Card
2025-10-05 17:36:00,12.0,Debit Card
2025-10-05 17:37:00,29.0,Meal Voucher
2025-10-05 17:40:00,16.0,Cash
2025-10-05 17:43:00,21.0,Debit Card
2025-10-05 17:45:00,21.0,Debit Card
2025-10-05 17:46:00,8.0,Debit Card
2025-10-05 17:48:00,12.0,Pix
2025-10-05 17:54:00,20.0,Cash
2025-10-05 17:57:00,22.0,Pix
2025-10-05 17:58:00,20.0,Credit Card
2025-10-05 18:03:00,25.0,Debit Card
2025-10-05 18:06:00,21.0,Credit Card
2025-10-05 18:08:00,18.0,Cash
2025-10-05 18:16:00,40.0,Cash
2025-10-05 18:16:00,10.0,Pix
2025-10-05 18:18:00,16.0,Credit Card
2025-10-05 18:19:00,8.0,Debit Card
2025-10-05 18:20:00,16.0,Debit Card
2025-10-05 18:21:00,22.0,Cash
2025-10-05 18:26:00,40.0,Cash
2025-10-05 18:30:00,30.0,Cash
2025-10-05 18:32:00,10.0,Debit Card
2025-10-05 18:33:00,18.0,Debit Card
2025-10-05 18:36:00,28.0,Cash
2025-10-05 18:37:00,13.0,Credit Card
2025-10-05 18:41:00,9.0,Debit Card
2025-10-05 18:42:00,12.0,Debit Card
2025-10-05 18:44:00,6.0,Debit Card
2025-10-05 16:28:00,78.0,Debit Card
2025-10-06 13:48:00,32.5,Debit Card
2025-10-06 14:27:00,15.0,Cash
2025-10-06 14:27:00,10.0,Cash
2025-10-06 14:32:00,13.0,Debit Card
2025-10-06 14:48:00,30.0,Multiple
2025-10-06 15:15:00,9.0,Pix
2025-10-06 15:48:00,10.0,Meal Voucher
2025-10-06 16:02:00,6.5,Pix
2025-10-06 16:44:00,16.0,Pix
2025-10-06 16:46:00,18.0,Cash
2025-10-06 16:57:00,6.5,Cash
2025-10-06 17:32:00,18.0,Cash
2025-10-06 17:45:00,6.5,Cash
2025-10-06 17:47:00,18.0,Debit Card
2025-10-06 18:17:00,27.0,Debit Card
2025-10-06 18:17:00,18.0,Debit Card
2025-10-06 18:27:00,20.0,Cash
2025-10-06 18:29:00,10.0,Debit Card
2025-10-06 18:34:00,37.0,Debit Card
2025-10-06 15:57:00,10.0,Cash
2025-10-07 13:57:00,8.0,Cash
2025-10-07 14:01:00,10.0,Debit Card
2025-10-07 14:18:00,10.0,Cash
2025-10-07 14:22:00,6.5,Pix
2025-10-07 14:32:00,6.0,Credit Card
2025-10-07 14:32:00,18.0,Cash
2025-10-07 14:46:00,6.0,Debit Card
2025-10-07 14:47:00,10.5,Credit Card
2025-10-07 15:12:00,12.5,Cash
2025-10-07 15:21:00,9.0,Debit Card
2025-10-07 15:31:00,10.0,Debit Card
2025-10-07 15:42:00,10.0,Cash
2025-10-07 15:47:00,18.0,Cash
2025-10-07 16:05:00,10.0,Debit Card
2025-10-07 16:18:00,9.0,Debit Card
2025-10-07 16:33:00,18.0,Pix
2025-10-07 16:49:00,6.5,Credit Card
2025-10-07 17:00:00,19.0,Meal Voucher
2025-10-07 18:11:00,18.0,Debit Card
2025-10-07 18:23:00,18.0,Cash
2025-10-07 18:37:00,18.0,Pix
2025-10-08 14:33:00,15.0,Meal Voucher
2025-10-08 15:29:00,9.0,Debit Card
2025-10-08 16:00:00,8.0,Debit Card
2025-10-08 16:00:00,10.0,Meal Voucher
2025-10-08 16:04:00,8.0,Debit Card
2025-10-08 16:07:00,12.0,Debit Card
2025-10-08 16:18:00,13.0,Credit Card
2025-10-08 16:24:00,20.0,Pix
2025-10-08 16:27:00,18.0,Debit Card
2025-10-08 16:27:00,27.0,Credit Card
2025-10-08 16:37:00,16.0,Credit Card
2025-10-08 16:41:00,18.0,Debit Card
2025-10-08 16:54:00,9.0,Debit Card
2025-10-08 17:07:00,18.0,Pix
2025-10-08 17:32:00,36.0,Credit Card
2025-10-08 17:48:00,18.0,Pix
2025-10-08 17:59:00,24.0,Pix
2025-10-08 18:01:00,46.0,Debit Card
2025-10-08 18:21:00,18.0,Debit Card
2025-10-08 18:24:00,9.0,Debit Card
2025-10-08 18:30:00,9.0,Cash
2025-10-08 18:46:00,19.0,Cash
2025-10-08 18:49:00,18.0,Meal Voucher
2025-10-08 18:56:00,14.0,Meal Voucher
2025-10-08 19:19:00,10.0,Pix
2025-10-09 13:44:00,9.0,Debit Card
2025-10-09 13:51:00,9.0,Debit Card
2025-10-09 14:29:00,8.0,Pix
2025-10-09 14:30:00,6.0,Debit Card
2025-10-09 14:35:00,13.0,Pix
2025-10-09 14:41:00,24.0,Cash
2025-10-09 14:57:00,16.0,Pix
2025-10-09 14:59:00,9.0,Cash
2025-10-09 15:07:00,9.0,Cash
2025-10-09 15:14:00,6.0,Cash
2025-10-09 15:19:00,9.0,Cash
2025-10-09 15:33:00,28.0,Cash
2025-10-09 15:34:00,6.0,Cash
2025-10-09 15:36:00,12.0,Cash
2025-10-09 15:37:00,6.0,Cash
2025-10-09 15:52:00,6.0,Pix
2025-10-09 16:06:00,15.0,Credit Card
2025-10-09 17:02:00,10.0,Credit Card
2025-10-09 17:26:00,28.0,Multiple
2025-10-09 17:31:00,10.0,Cash
2025-10-09 17:37:00,39.0,Debit Card
2025-10-09 17:43:00,10.0,Debit Card
2025-10-09 17:51:00,15.0,Cash
2025-10-09 18:40:00,8.0,Debit Card
2025-10-10 14:13:00,22.0,Cash
2025-10-10 14:15:00,6.0,Cash
2025-10-10 14:25:00,10.0,Debit Card
2025-10-10 14:26:00,6.0,Cash
2025-10-10 14:29:00,15.0,Credit Card
2025-10-10 14:30:00,6.0,Debit Card
2025-10-10 14:42:00,15.0,Pix
2025-10-10 14:46:00,19.0,Pix
2025-10-10 14:55:00,20.0,Cash
2025-10-10 15:08:00,22.0,Pix
2025-10-10 15:10:00,10.0,Pix
2025-10-10 15:12:00,22.0,Cash
2025-10-10 15:12:00,8.0,Cash
2025-10-10 15:13:00,6.0,Cash
2025-10-10 15:16:00,18.0,Cash
2025-10-10 15:16:00,9.0,Cash
2025-10-10 15:20:00,23.0,Credit Card
2025-10-10 15:24:00,16.0,Cash
2025-10-10 15:25:00,6.0,Cash
2025-10-10 15:27:00,21.0,Cash
2025-10-10 15:29:00,12.0,Pix
2025-10-10 15:30:00,12.0,Cash
2025-10-10 15:31:00,8.0,Cash
2025-10-10 15:33:00,18.0,Cash
2025-10-10 15:34:00,8.0,Debit Card
2025-10-10 15:39:00,12.0,Cash
2025-10-10 15:44:00,33.0,Cash
2025-10-10 15:44:00,10.5,Credit Card
2025-10-10 15:45:00,18.5,Pix
2025-10-10 15:52:00,28.0,Credit Card
2025-10-10 15:59:00,20.0,Debit Card
2025-10-10 16:00:00,12.0,Pix
2025-10-10 16:02:00,10.0,Cash
2025-10-10 16:10:00,9.0,Debit Card
2025-10-10 16:14:00,12.0,Debit Card
2025-10-10 16:19:00,4.0,Credit Card
2025-10-10 16:23:00,4.5,Debit Card
2025-10-10 16:28:00,15.0,Credit Card
2025-10-10 16:29:00,15.0,Debit Card
2025-10-10 16:32:00,20.0,Credit Card
2025-10-10 16:34:00,12.0,Pix
2025-10-10 16:37:00,16.0,Debit Card
2025-10-10 16:38:00,9.0,Cash
2025-10-10 16:41:00,15.0,Meal Voucher
2025-10-10 16:44:00,8.0,Pix
2025-10-10 16:49:00,6.0,Cash
2025-10-10 16:50:00,12.0,Credit Card
2025-10-10 16:51:00,6.0,Debit Card
2025-10-10 16:53:00,12.0,Pix
2025-10-10 16:59:00,9.0,Cash
2025-10-10 17:05:00,32.0,Cash
2025-10-10 17:07:00,14.0,Pix
2025-10-10 17:08:00,16.0,Pix
2025-10-10 17:17:00,8.0,Cash
2025-10-10 17:19:00,22.5,Credit Card
2025-10-10 17:21:00,19.0,Cash
2025-10-10 17:23:00,6.0,Cash
2025-10-10 17:27:00,8.0,Cash
2025-10-10 17:40:00,9.0,Cash
2025-10-10 17:50:00,12.0,Debit Card
2025-10-10 18:00:00,6.0,Cash
2025-10-10 18:03:00,32.0,Credit Card
2025-10-10 18:46:00,25.0,Debit Card
2025-10-10 18:50:00,8.0,Debit Card
2025-10-10 18:53:00,9.0,Cash
2025-10-10 18:56:00,9.0,Cash
2025-10-10 19:08:00,15.0,Debit Card
2025-10-10 19:10:00,4.0,Cash
2025-10-10 19:12:00,20.0,Debit Card
2025-10-10 19:14:00,21.0,Debit Card
2025-10-10 19:16:00,16.0,Debit Card
2025-10-10 19:19:00,9.0,Cash
2025-10-11 10:21:00,20.0,Debit Card
2025-10-11 10:31:00,10.0,Pix
2025-10-11 10:32:00,4.0,Cash
2025-10-11 10:36:00,13.0,Credit Card
2025-10-11 10:39:00,14.0,Debit Card
2025-10-11 10:40:00,8.0,Credit Card
2025-10-11 10:46:00,10.0,Cash
2025-10-11 10:46:00,10.0,Pix
2025-10-11 10:59:00,10.0,Cash
2025-10-11 11:10:00,15.0,Credit Card
2025-10-11 11:15:00,24.0,Pix
2025-10-11 11:18:00,6.0,Cash
2025-10-11 11:18:00,14.0,Credit Card
2025-10-11 11:20:00,6.0,Pix
2025-10-11 11:24:00,6.0,Debit Card
2025-10-11 11:24:00,6.0,Cash
2025-10-11 11:25:00,6.0,Cash
2025-10-11 11:29:00,6.0,Cash
2025-10-11 11:32:00,8.0,Credit Card
2025-10-11 11:34:00,16.0,Credit Card
2025-10-11 11:38:00,6.0,Cash
2025-10-11 11:56:00,8.0,Debit Card
2025-10-11 12:06:00,18.0,Debit Card
2025-10-11 12:10:00,6.0,Cash
2025-10-11 12:17:00,12.0,Cash
2025-10-11 12:23:00,16.0,Credit Card
2025-10-11 12:26:00,16.0,Cash
2025-10-11 12:29:00,6.0,Cash
2025-10-11 12:41:00,30.0,Debit Card
2025-10-11 12:46:00,12.0,Debit Card
2025-10-11 12:54:00,16.5,Debit Card
2025-10-11 12:56:00,14.0,Cash
2025-10-11 12:58:00,8.0,Pix
2025-10-11 13:12:00,6.5,Cash
2025-10-11 13:12:00,6.0,Cash
2025-10-11 13:19:00,26.0,Pix
2025-10-11 13:29:00,12.0,Credit Card
2025-10-11 13:30:00,12.0,Debit Card
2025-10-11 13:36:00,18.0,Debit Card
2025-10-11 13:38:00,8.0,Credit Card
2025-10-11 13:43:00,6.0,Cash
2025-10-11 13:47:00,30.0,Debit Card
2025-10-11 13:49:00,18.0,Cash
2025-10-11 13:56:00,12.0,Cash
2025-10-11 13:57:00,10.0,Pix
2025-10-11 13:58:00,8.0,Cash
2025-10-11 13:59:00,4.5,Cash
2025-10-11 14:00:00,12.0,Debit Card
2025-10-11 14:11:00,16.0,Debit Card
2025-10-11 14:21:00,8.5,Debit Card
2025-10-11 14:28:00,6.0,Cash
2025-10-11 14:33:00,22.0,Cash
2025-10-11 14:33:00,8.0,Cash
2025-10-11 14:38:00,4.5,Cash
2025-10-11 14:43:00,4.0,Cash
2025-10-11 14:50:00,32.0,Debit Card
2025-10-11 14:52:00,12.0,Cash
2025-10-11 14:54:00,12.0,Pix
2025-10-11 14:56:00,16.0,Debit Card
2025-10-11 15:00:00,26.0,Credit Card
2025-10-11 15:02:00,6.0,Cash
2025-10-11 15:03:00,6.0,Debit Card
2025-10-11 15:05:00,10.0,Cash
2025-10-11 15:05:00,9.0,Cash
2025-10-11 15:07:00,10.0,Pix
2025-10-11 15:09:00,12.0,Debit Card
2025-10-11 15:11:00,14.0,Cash
2025-10-11 15:19:00,13.0,Debit Card
2025-10-11 15:21:00,6.0,Credit Card
2025-10-11 15:37:00,20.0,Debit Card
2025-10-11 15:37:00,8.0,Cash
2025-10-11 15:39:00,18.0,Cash
2025-10-11 15:40:00,14.0,Cash
2025-10-11 15:41:00,24.0,Debit Card
2025-10-11 15:44:00,16.0,Debit Card
2025-10-11 15:47:00,9.0,Pix
2025-10-11 15:49:00,23.0,Credit Card
2025-10-11 15:50:00,12.0,Debit Card
2025-10-11 15:54:00,10.0,Cash
2025-10-11 15:55:00,12.0,Debit Card
2025-10-11 15:57:00,10.0,Debit Card
2025-10-11 15:59:00,8.0,Debit Card
2025-10-11 16:02:00,20.0,Pix
2025-10-11 16:05:00,30.0,Debit Card
2025-10-11 16:08:00,26.0,Credit Card
2025-10-11 16:10:00,10.0,Cash
2025-10-11 16:12:00,15.0,Credit Card
2025-10-11 16:18:00,8.0,Cash
2025-10-11 16:19:00,30.0,Cash
2025-10-11 16:25:00,18.0,Cash
2025-10-11 16:26:00,6.0,Credit Card
2025-10-11 16:27:00,6.0,Pix
2025-10-11 16:28:00,6.0,Credit Card
2025-10-11 16:29:00,4.0,Pix
2025-10-11 16:30:00,4.0,Debit Card
2025-10-11 16:31:00,12.0,Pix
2025-10-11 16:33:00,10.0,Cash
2025-10-11 16:36:00,16.0,Cash
2025-10-11 16:38:00,24.0,Cash
2025-10-11 16:40:00,10.0,Credit Card
2025-10-11 16:42:00,16.0,Cash
2025-10-11 16:45:00,15.0,Cash
2025-10-11 16:51:00,10.0,Pix
2025-10-11 17:06:00,30.0,Cash
2025-10-11 17:09:00,25.0,Cash
2025-10-11 17:14:00,34.0,Cash
2025-10-11 15:01:00,9.0,Cash
2025-10-13 13:53:00,15.0,Cash
2025-10-13 13:56:00,10.0,Cash
2025-10-13 14:32:00,38.0,Credit Card
2025-10-13 14:33:00,8.0,Pix
2025-10-13 14:37:00,6.0,Cash
2025-10-13 14:58:00,6.0,Cash
2025-10-13 15:03:00,10.0,Pix
2025-10-13 15:12:00,15.0,Cash
2025-10-13 15:26:00,22.0,Cash
2025-10-13 15:27:00,9.0,Cash
2025-10-13 15:28:00,4.0,Pix
2025-10-13 15:28:00,9.0,Pix
2025-10-13 15:32:00,8.0,Credit Card
2025-10-13 15:47:00,6.0,Cash
2025-10-13 15:50:00,10.0,Cash
2025-10-13 15:55:00,32.0,Cash
2025-10-13 16:13:00,17.0,Cash
2025-10-13 16:20:00,12.0,Credit Card
2025-10-13 16:37:00,8.0,Debit Card
2025-10-13 16:54:00,10.0,Cash
2025-10-13 16:56:00,10.0,Cash
2025-10-13 16:56:00,10.0,Cash
2025-10-13 17:04:00,20.0,Cash
2025-10-13 17:05:00,9.0,Pix
2025-10-13 17:19:00,12.0,Debit Card
2025-10-13 17:30:00,8.0,Cash
2025-10-13 17:30:00,13.0,Debit Card
2025-10-13 17:31:00,14.0,Debit Card
2025-10-13 17:48:00,27.0,Pix
2025-10-13 17:50:00,9.0,Debit Card
2025-10-13 17:58:00,29.0,Pix
2025-10-13 18:00:00,8.0,Debit Card
2025-10-13 18:13:00,4.5,Cash
2025-10-13 18:22:00,12.0,Credit Card
2025-10-13 18:47:00,36.0,Pix
2025-10-13 18:49:00,13.0,Credit Card
2025-10-13 18:57:00,8.0,Credit Card
2025-10-14 13:46:00,6.0,Cash
2025-10-14 13:47:00,14.0,Cash
2025-10-14 13:56:00,20.0,Cash
2025-10-14 14:00:00,6.0,Credit Card
2025-10-14 14:02:00,6.0,Debit Card
2025-10-14 14:03:00,6.0,Cash
2025-10-14 14:05:00,10.0,Pix
2025-10-14 14:09:00,15.0,Credit Card
2025-10-14 14:19:00,12.0,Debit Card
2025-10-14 14:21:00,8.0,Pix
2025-10-14 14:22:00,6.0,Cash
2025-10-14 14:24:00,12.0,Debit Card
2025-10-14 14:25:00,8.0,Debit Card
2025-10-14 14:37:00,10.0,Pix
2025-10-14 14:39:00,6.0,Cash
2025-10-14 14:46:00,16.0,Pix
2025-10-14 14:58:00,20.0,Credit Card
2025-10-14 15:14:00,14.0,Cash
2025-10-14 15:15:00,15.0,Credit Card
2025-10-14 15:25:00,9.0,Debit Card
2025-10-14 15:26:00,6.5,Credit Card
2025-10-14 15:28:00,12.0,Credit Card
2025-10-14 15:30:00,6.0,Pix
2025-10-14 15:34:00,21.0,Debit Card
2025-10-14 15:37:00,8.0,Cash
2025-10-14 15:38:00,14.0,Meal Voucher
2025-10-14 15:40:00,8.0,Debit Card
2025-10-14 15:42:00,16.0,Cash
2025-10-14 15:42:00,8.0,Cash
2025-10-14 15:46:00,8.0,Pix
2025-10-14 15:55:00,6.5,Cash
2025-10-14 15:58:00,25.0,Credit Card
2025-10-14 16:13:00,12.0,Pix
2025-10-14 16:15:00,8.0,Debit Card
2025-10-14 16:15:00,6.0,Debit Card
2025-10-14 16:24:00,40.0,Pix
2025-10-14 16:26:00,30.0,Cash
2025-10-14 16:27:00,13.0,Debit Card
2025-10-14 16:29:00,8.0,Cash
2025-10-14 16:34:00,13.0,Cash
2025-10-14 16:43:00,13.0,Debit Card
2025-10-14 16:45:00,10.5,Credit Card
2025-10-14 16:48:00,13.0,Credit Card
2025-10-14 16:53:00,10.0,Debit Card
2025-10-14 16:54:00,8.0,Cash
2025-10-14 16:55:00,8.0,Credit Card
2025-10-14 17:00:00,12.0,Cash
2025-10-14 17:13:00,23.0,Cash
2025-10-14 17:15:00,20.0,Pix
2025-10-14 17:29:00,16.0,Cash
2025-10-14 17:31:00,16.0,Cash
2025-10-14 18:26:00,15.0,Debit Card
2025-10-14 18:30:00,20.0,Pix
2025-10-15 14:04:00,29.0,Cash
2025-10-15 14:05:00,10.0,Cash
2025-10-15 14:05:00,15.0,Cash
2025-10-15 14:05:00,14.0,Cash
2025-10-15 14:05:00,6.5,Credit Card
2025-10-15 14:29:00,12.0,Cash
2025-10-15 14:30:00,8.0,Cash
2025-10-15 14:34:00,10.0,Cash
2025-10-15 14:46:00,20.0,Cash
2025-10-15 14:50:00,12.0,Cash
2025-10-15 14:51:00,4.0,Cash
2025-10-15 14:53:00,8.5,Pix
2025-10-15 15:01:00,30.0,Cash
2025-10-15 15:09:00,13.0,Credit Card
2025-10-15 15:09:00,14.0,Debit Card
2025-10-15 15:16:00,8.0,Cash
2025-10-15 15:19:00,6.5,Debit Card
2025-10-15 15:24:00,34.0,Pix
2025-10-15 15:42:00,18.0,Debit Card
2025-10-15 15:44:00,12.0,Cash
2025-10-15 15:45:00,8.0,Pix
2025-10-15 15:46:00,6.0,Debit Card
2025-10-15 15:50:00,30.0,Pix
2025-10-15 15:53:00,18.0,Debit Card
2025-10-15 15:59:00,8.0,Cash
2025-10-15 16:05:00,10.0,Debit Card
2025-10-15 16:05:00,6.5,Meal Voucher
2025-10-15 16:07:00,4.0,Debit Card
2025-10-15 16:14:00,12.0,Credit Card
2025-10-15 16:16:00,20.0,Debit Card
2025-10-15 16:17:00,6.0,Cash
2025-10-15 16:18:00,4.5,Cash
2025-10-15 16:23:00,8.0,Cash
2025-10-15 16:23:00,12.0,Cash
2025-10-15 16:31:00,33.0,Pix
2025-10-15 16:34:00,16.0,Cash
2025-10-15 16:34:00,6.0,Credit Card
2025-10-15 16:42:00,33.5,Debit Card
2025-10-15 16:50:00,8.0,Cash
2025-10-15 16:50:00,14.0,Pix
2025-10-15 16:52:00,8.0,Debit Card
2025-10-15 16:55:00,8.0,Pix
2025-10-15 16:56:00,18.0,Cash
2025-10-15 17:05:00,18.0,Cash
2025-10-15 17:10:00,6.0,Debit Card
2025-10-15 17:28:00,16.0,Debit Card
2025-10-15 17:42:00,8.0,Pix
2025-10-15 17:52:00,6.0,Credit Card
2025-10-15 18:09:00,8.0,Cash
2025-10-15 18:34:00,14.0,Cash
2025-10-15 18:46:00,4.5,Pix
2025-10-16 13:58:00,8.0,Credit Card
2025-10-16 14:04:00,30.0,Cash
2025-10-16 14:14:00,15.0,Debit Card
2025-10-16 14:38:00,8.0,Cash
2025-10-16 14:40:00,6.0,Credit Card
2025-10-16 14:41:00,12.0,Pix
2025-10-16 14:56:00,27.0,Cash
2025-10-16 14:56:00,4.0,Cash
2025-10-16 14:58:00,10.0,Pix
2025-10-16 15:00:00,6.0,Cash
2025-10-16 15:07:00,8.0,Cash
2025-10-16 15:12:00,8.0,Debit Card
2025-10-16 15:19:00,6.0,Debit Card
2025-10-16 15:23:00,15.0,Debit Card
2025-10-17 16:14:00,24.0,Pix
2025-10-17 17:13:00,19.0,Cash
2025-10-17 17:50:00,15.0,Cash
2025-10-17 17:52:00,9.0,Pix
2025-10-17 18:10:00,10.0,Debit Card
2025-10-17 18:15:00,13.0,Credit Card
2025-10-17 18:21:00,24.0,Pix
2025-10-17 18:23:00,6.0,Debit Card
2025-10-17 18:55:00,12.0,Pix
2025-10-18 10:38:00,6.0,Cash
2025-10-18 10:54:00,8.0,Pix
2025-10-18 11:24:00,20.0,Credit Card
2025-10-18 11:30:00,8.0,Debit Card
2025-10-18 11:33:00,16.0,Cash
2025-10-18 11:47:00,32.0,Multiple
2025-10-18 12:05:00,4.0,Debit Card
2025-10-18 12:23:00,24.0,Debit Card
2025-10-18 12:30:00,4.0,Pix
2025-10-18 12:52:00,10.0,Credit Card
2025-10-18 12:54:00,16.0,Pix
2025-10-18 13:17:00,18.0,Debit Card
2025-10-18 13:20:00,18.0,Credit Card
2025-10-18 13:22:00,6.0,Cash
2025-10-18 13:31:00,16.0,Cash
2025-10-18 13:38:00,6.0,Credit Card
2025-10-18 13:58:00,6.0,Cash
2025-10-18 14:12:00,4.0,Debit Card
2025-10-18 14:14:00,10.0,Credit Card
2025-10-18 14:17:00,4.0,Cash
2025-10-18 14:18:00,4.5,Cash
2025-10-18 14:23:00,18.0,Pix
2025-10-18 14:25:00,10.0,Pix
2025-10-18 14:25:00,18.0,Debit Card
2025-10-18 14:29:00,4.0,Debit Card
2025-10-18 14:38:00,30.0,Cash
2025-10-18 14:39:00,6.0,Credit Card
2025-10-18 14:40:00,13.0,Pix
2025-10-18 14:41:00,17.0,Pix
2025-10-18 15:11:00,6.0,Pix
2025-10-18 15:15:00,18.0,Credit Card
2025-10-18 15:19:00,24.0,Debit Card
2025-10-18 15:31:00,24.0,Debit Card
2025-10-18 15:39:00,10.0,Debit Card
2025-10-18 15:53:00,8.0,Pix
2025-10-18 16:15:00,46.0,Cash
2025-10-18 16:16:00,10.0,Debit Card
2025-10-18 16:17:00,13.0,Debit Card
2025-10-18 16:19:00,19.0,Debit Card
2025-10-18 16:33:00,10.0,Pix
2025-10-18 16:43:00,15.0,Debit Card
2025-10-18 16:46:00,15.0,Credit Card
2025-10-18 16:48:00,15.0,Pix
2025-10-18 16:52:00,18.0,Debit Card
2025-10-18 16:54:00,9.0,Pix
2025-10-18 17:05:00,10.0,Debit Card
2025-10-18 17:07:00,6.5,Credit Card
2025-10-18 17:07:00,8.0,Credit Card
2025-10-18 17:10:00,15.0,Credit Card
2025-10-18 17:12:00,16.0,Debit Card
2025-10-18 17:15:00,6.0,Cash
2025-10-18 17:22:00,16.0,Credit Card
2025-10-18 17:23:00,18.0,Credit Card
2025-10-18 17:25:00,15.0,Debit Card
2025-10-18 17:27:00,15.0,Pix
2025-10-18 17:33:00,18.0,Debit Card
2025-10-18 17:34:00,18.0,Debit Card
2025-10-18 17:37:00,18.0,Cash
2025-10-18 17:43:00,10.0,Pix
2025-10-18 18:08:00,9.0,Debit Card
2025-10-18 18:11:00,4.0,Cash
2025-10-18 18:13:00,10.0,Cash
2025-10-18 18:36:00,16.0,Credit Card
2025-10-18 18:38:00,15.0,Debit Card
2025-10-20 13:45:00,16.0,Debit Card
2025-10-20 13:56:00,6.0,Cash
2025-10-20 14:09:00,4.0,Cash
2025-10-20 14:39:00,14.0,Debit Card
2025-10-20 14:53:00,10.0,Credit Card
2025-10-20 15:00:00,10.0,Pix
2025-10-20 15:26:00,28.0,Pix
2025-10-20 15:47:00,18.0,Debit Card
2025-10-20 15:50:00,15.0,Credit Card
2025-10-20 15:52:00,8.0,Credit Card
2025-10-20 15:54:00,16.0,Pix
2025-10-20 15:59:00,17.0,Credit Card
2025-10-20 16:00:00,12.0,Debit Card
2025-10-20 16:13:00,6.0,Credit Card
2025-10-20 16:17:00,12.0,Credit Card
2025-10-20 16:47:00,22.5,Debit Card
2025-10-20 16:49:00,10.0,Cash
2025-10-20 16:50:00,10.0,Cash
2025-10-20 16:52:00,10.0,Credit Card
2025-10-20 17:00:00,27.0,Cash
2025-10-20 17:09:00,18.0,Cash
2025-10-20 17:22:00,16.0,Pix
2025-10-20 17:25:00,6.0,Cash
2025-10-20 17:28:00,8.0,Cash
2025-10-20 17:29:00,8.0,Cash
2025-10-20 17:31:00,14.0,Cash
2025-10-20 17:43:00,16.0,Debit Card
2025-10-20 17:45:00,14.0,Debit Card
2025-10-20 17:47:00,28.0,Pix
2025-10-20 17:51:00,21.0,Cash
2025-10-20 17:53:00,19.5,Cash
2025-10-20 17:54:00,4.0,Pix
2025-10-20 18:07:00,8.0,Cash
2025-10-20 18:11:00,18.0,Cash
2025-10-20 18:17:00,10.0,Cash
2025-10-20 18:26:00,18.0,Debit Card
2025-10-20 18:30:00,8.0,Cash
2025-10-20 18:37:00,9.0,Pix
2025-10-20 18:42:00,33.0,Debit Card
2025-10-20 18:53:00,9.0,Pix
2025-10-20 15:33:00,6.0,Cash
2025-10-21 13:39:00,12.0,Credit Card
2025-10-21 13:43:00,12.0,Credit Card
2025-10-21 13:45:00,18.0,Credit Card
2025-10-21 13:54:00,12.0,Credit Card
2025-10-21 14:09:00,6.5,Credit Card
2025-10-21 14:43:00,16.0,Cash
2025-10-21 14:43:00,8.0,Cash
2025-10-21 14:57:00,10.0,Cash
2025-10-21 15:06:00,6.0,Cash
2025-10-21 15:08:00,6.0,Cash
2025-10-21 15:11:00,12.0,Debit Card
2025-10-21 15:14:00,8.0,Pix
2025-10-21 15:20:00,15.0,Pix
2025-10-21 15:30:00,18.0,Cash
2025-10-21 15:35:00,15.0,Pix
2025-10-21 15:35:00,8.0,Pix
2025-10-21 15:37:00,14.0,Credit Card
2025-10-21 15:53:00,8.0,Pix
2025-10-21 15:55:00,18.0,Cash
2025-10-21 15:59:00,15.0,Cash
2025-10-21 16:05:00,12.0,Cash
2025-10-21 16:16:00,12.0,Cash
2025-10-21 16:23:00,15.0,Cash
2025-10-21 16:26:00,8.0,Cash
2025-10-21 16:32:00,20.0,Pix
2025-10-21 16:36:00,18.0,Debit Card
2025-10-21 16:49:00,50.0,Credit Card
2025-10-21 14:38:00,6.0,Debit Card
2025-10-21 17:15:00,10.0,Credit Card
2025-10-21 17:15:00,9.0,Cash
2025-10-21 17:33:00,16.0,Cash
2025-10-21 17:59:00,9.0,Debit Card
2025-10-21 18:00:00,10.0,Cash
2025-10-21 18:10:00,8.0,Credit Card
2025-10-21 18:11:00,12.0,Debit Card
2025-10-21 18:24:00,6.0,Pix
2025-10-21 18:27:00,10.0,Pix
2025-10-21 18:44:00,18.0,Debit Card
2025-10-21 19:03:00,28.0,Debit Card
2025-10-22 13:43:00,9.0,Cash
2025-10-22 13:50:00,6.0,Cash
2025-10-22 13:58:00,18.0,Debit Card
2025-10-22 14:05:00,4.0,Cash
2025-10-22 14:17:00,8.0,Cash
2025-10-22 14:18:00,8.0,Cash
2025-10-22 14:28:00,16.0,Cash
2025-10-22 14:31:00,8.0,Debit Card
2025-10-22 14:34:00,15.0,Pix
2025-10-22 14:39:00,14.0,Debit Card
2025-10-22 14:46:00,6.5,Credit Card
2025-10-22 14:52:00,10.0,Credit Card
2025-10-22 15:02:00,15.0,Credit Card
2025-10-22 15:08:00,8.0,Debit Card
2025-10-22 15:33:00,16.0,Cash
2025-10-22 15:33:00,9.0,Cash
2025-10-22 16:15:00,16.0,Credit Card
2025-10-22 16:30:00,26.0,Cash
2025-10-22 16:38:00,18.0,Cash
2025-10-22 16:39:00,8.0,Cash
2025-10-22 16:49:00,16.0,Cash
2025-10-22 17:16:00,8.0,Cash
2025-10-22 17:17:00,12.0,Pix
2025-10-22 17:18:00,9.0,Cash
2025-10-22 17:21:00,13.0,Pix
2025-10-22 16:39:00,10.0,Credit Card
2025-10-23 14:07:00,6.0,Debit Card
2025-10-23 14:10:00,13.0,Cash
2025-10-23 14:15:00,24.0,Credit Card
2025-10-23 14:17:00,6.0,Cash
2025-10-23 14:29:00,8.0,Cash
2025-10-23 14:45:00,16.0,Debit Card
2025-10-23 14:51:00,6.0,Cash
2025-10-23 14:56:00,20.0,Debit Card
2025-10-23 14:56:00,6.0,Cash
2025-10-23 14:57:00,6.0,Pix
2025-10-23 15:07:00,16.0,Cash
2025-10-23 15:12:00,12.0,Debit Card
2025-10-23 15:18:00,10.0,Cash
2025-10-23 15:21:00,17.0,Cash
2025-10-23 15:27:00,16.0,Debit Card
2025-10-23 15:28:00,16.0,Credit Card
2025-10-23 15:33:00,17.0,Debit Card
2025-10-23 15:35:00,8.0,Pix
2025-10-23 15:44:00,6.0,Cash
2025-10-23 15:46:00,14.0,Cash
2025-10-23 15:56:00,6.0,Cash
2025-10-23 16:03:00,20.0,Debit Card
2025-10-23 16:04:00,4.0,Credit Card
2025-10-23 16:08:00,12.0,Debit Card
2025-10-23 16:14:00,12.0,Debit Card
2025-10-23 16:17:00,6.0,Cash
2025-10-23 16:20:00,20.0,Cash
2025-10-23 16:21:00,8.0,Debit Card
2025-10-23 16:27:00,6.0,Cash
2025-10-23 16:28:00,6.0,Cash
2025-10-23 16:29:00,8.0,Debit Card
2025-10-23 16:41:00,35.0,Credit Card
2025-10-23 16:42:00,9.0,Debit Card
2025-10-23 16:46:00,6.5,Pix
2025-10-23 16:57:00,8.0,Credit Card
2025-10-23 17:09:00,6.0,Meal Voucher
2025-10-23 17:16:00,23.0,Credit Card
2025-10-23 17:29:00,24.0,Debit Card
2025-10-23 17:40:00,25.0,Cash
2025-10-23 17:46:00,8.0,Cash
2025-10-23 17:48:00,9.0,Debit Card
2025-10-23 17:48:00,6.0,Debit Card
2025-10-23 18:05:00,4.0,Cash
2025-10-23 18:09:00,12.0,Debit Card
2025-10-23 18:14:00,6.0,Credit Card
2025-10-23 18:16:00,8.0,Cash
2025-10-23 18:18:00,13.0,Credit Card
2025-10-23 18:32:00,14.0,Cash
2025-10-23 18:57:00,18.0,Debit Card
2025-10-24 13:44:00,20.5,Debit Card
2025-10-24 13:45:00,14.0,Pix
2025-10-24 13:49:00,16.0,Pix
2025-10-24 14:05:00,8.0,Credit Card
2025-10-24 14:06:00,8.0,Cash
2025-10-24 14:18:00,6.5,Pix
2025-10-24 14:31:00,14.0,Cash
2025-10-24 14:46:00,8.0,Pix
2025-10-24 15:00:00,4.0,Cash
2025-10-24 15:18:00,8.0,Debit Card
2025-10-24 15:35:00,6.0,Cash
2025-10-24 15:41:00,10.0,Debit Card
2025-10-24 15:53:00,6.5,Cash
2025-10-24 16:01:00,10.0,Debit Card
2025-10-24 16:09:00,20.0,Debit Card
2025-10-24 16:12:00,10.0,Debit Card
2025-10-24 16:13:00,8.0,Debit Card
2025-10-24 16:23:00,16.0,Credit Card
2025-10-24 16:38:00,38.0,Cash
2025-10-24 16:41:00,18.0,Debit Card
2025-10-24 16:50:00,8.0,Cash
2025-10-24 16:55:00,8.0,Cash
2025-10-24 16:59:00,22.0,Cash
2025-10-24 17:00:00,13.0,Debit Card
2025-10-24 17:02:00,10.0,Cash
2025-10-24 17:16:00,22.0,Cash
2025-10-24 17:17:00,6.0,Cash
2025-10-24 17:21:00,20.0,Pix
2025-10-24 17:29:00,6.0,Pix
2025-10-24 17:42:00,18.0,Credit Card
2025-10-24 17:57:00,9.0,Debit Card
2025-10-24 17:59:00,12.0,Credit Card
2025-10-24 18:01:00,16.0,Debit Card
2025-10-24 18:07:00,12.0,Credit Card
2025-10-24 18:18:00,6.0,Credit Card
2025-10-24 18:37:00,18.0,Credit Card
2025-10-24 18:47:00,12.0,Cash
2025-10-25 10:30:00,17.0,Credit Card
2025-10-25 11:03:00,4.0,Cash
2025-10-25 11:06:00,26.0,Debit Card
2025-10-25 11:09:00,13.0,Cash
2025-10-25 11:17:00,6.0,Pix
2025-10-25 11:24:00,6.0,Cash
2025-10-25 11:28:00,10.0,Cash
2025-10-25 11:35:00,16.0,Cash
2025-10-25 11:35:00,4.5,Debit Card
2025-10-25 11:49:00,16.0,Cash
2025-10-25 12:05:00,6.0,Cash
2025-10-25 12:06:00,6.0,Cash
2025-10-25 12:10:00,8.0,Debit Card
2025-10-25 12:27:00,8.5,Debit Card
2025-10-25 12:33:00,4.5,Cash
2025-10-25 13:08:00,18.0,Cash
2025-10-25 13:08:00,8.0,Cash
2025-10-25 13:13:00,24.0,Debit Card
2025-10-25 13:13:00,6.0,Cash
2025-10-25 13:26:00,26.0,Cash
2025-10-25 13:28:00,30.0,Credit Card
2025-10-25 13:31:00,4.0,Cash
2025-10-25 13:35:00,20.0,Debit Card
2025-10-25 13:42:00,4.0,Debit Card
2025-10-25 13:45:00,12.0,Credit Card
2025-10-25 13:52:00,8.0,Cash
2025-10-25 13:59:00,4.5,Debit Card
2025-10-25 14:01:00,16.0,Debit Card
2025-10-25 14:08:00,12.5,Credit Card
2025-10-25 14:19:00,4.5,Cash
2025-10-25 14:26:00,6.0,Cash
2025-10-25 14:28:00,12.0,Credit Card
2025-10-25 14:40:00,20.0,Credit Card
2025-10-25 14:42:00,26.0,Cash
2025-10-25 14:43:00,15.0,Pix
2025-10-25 14:52:00,8.0,Cash
2025-10-25 15:04:00,12.0,Pix
2025-10-25 15:07:00,4.5,Cash
2025-10-25 15:12:00,24.0,Cash
2025-10-25 15:19:00,10.0,Debit Card
2025-10-25 15:22:00,16.0,Debit Card
2025-10-25 15:25:00,10.0,Cash
2025-10-25 15:33:00,8.0,Cash
2025-10-25 15:36:00,16.0,Pix
2025-10-25 15:37:00,6.0,Credit Card
2025-10-25 15:51:00,20.0,Debit Card
2025-10-25 15:56:00,8.0,Debit Card
2025-10-25 15:57:00,16.0,Debit Card
2025-10-25 15:58:00,13.0,Debit Card
2025-10-25 16:00:00,6.5,Credit Card
2025-10-25 16:03:00,22.0,Multiple
2025-10-25 16:06:00,26.0,Credit Card
2025-10-25 16:09:00,4.5,Cash
2025-10-25 16:10:00,12.0,Debit Card
2025-10-25 16:21:00,9.0,Cash
2025-10-25 16:41:00,6.0,Cash
2025-10-25 16:46:00,18.0,Pix
2025-10-25 16:50:00,9.0,Debit Card
2025-10-25 16:58:00,13.5,Credit Card
2025-10-25 17:02:00,25.0,Cash
2025-10-25 17:13:00,4.5,Cash
2025-10-25 17:24:00,8.0,Cash
2025-10-25 17:37:00,16.0,Cash
2025-10-25 17:43:00,10.0,Cash
2025-10-25 18:00:00,8.0,Credit Card
2025-10-25 18:13:00,24.0,Pix
2025-10-25 18:20:00,6.0,Cash
2025-10-25 18:22:00,12.0,Credit Card
2025-10-25 18:25:00,16.0,Debit Card
2025-10-25 18:27:00,19.0,Credit Card
2025-10-25 18:27:00,19.0,Debit Card
2025-10-25 18:32:00,10.0,Cash
2025-10-25 18:39:00,4.0,Credit Card
2025-10-25 18:46:00,30.0,Debit Card
2025-10-25 18:51:00,26.0,Debit Card
2025-10-25 19:05:00,12.0,Credit Card
2025-10-26 15:04:00,12.0,Pix
2025-10-26 15:05:00,6.0,Pix
2025-10-26 15:20:00,8.0,Pix
2025-10-26 15:23:00,6.0,Credit Card
2025-10-26 15:29:00,18.0,Debit Card
2025-10-26 15:34:00,14.0,Cash
2025-10-26 15:47:00,28.0,Credit Card
2025-10-26 15:54:00,6.0,Cash
2025-10-26 16:14:00,16.0,Debit Card
2025-10-26 16:49:00,14.0,Cash
2025-10-26 16:59:00,10.0,Credit Card
2025-10-26 17:12:00,20.0,Pix
2025-10-26 17:17:00,10.0,Credit Card
2025-10-26 17:19:00,4.0,Pix
2025-10-26 17:29:00,32.0,Pix
2025-10-26 17:30:00,28.0,Debit Card
2025-10-26 17:39:00,44.0,Meal Voucher
2025-10-26 17:56:00,9.0,Cash
2025-10-26 17:57:00,9.0,Cash
2025-10-26 18:05:00,9.0,Debit Card
2025-10-26 18:12:00,10.0,Debit Card
2025-10-26 18:17:00,10.0,Cash
2025-10-26 18:21:00,19.0,Debit Card
2025-10-27 14:07:00,14.0,Cash
2025-10-27 14:10:00,8.0,Cash
2025-10-27 14:14:00,16.0,Cash
2025-10-27 14:20:00,10.0,Cash
2025-10-27 14:31:00,18.0,Debit Card
2025-10-27 14:44:00,4.0,Cash
2025-10-27 14:48:00,8.0,Cash
2025-10-27 14:49:00,8.0,Pix
2025-10-27 14:51:00,6.0,Cash
2025-10-27 14:55:00,22.0,Credit Card
2025-10-27 14:56:00,6.0,Credit Card
2025-10-27 14:58:00,14.0,Cash
2025-10-27 14:59:00,8.0,Pix
2025-10-27 15:01:00,16.0,Debit Card
2025-10-27 15:12:00,10.0,Debit Card
2025-10-27 15:19:00,16.0,Credit Card
2025-10-27 15:20:00,4.0,Pix
2025-10-27 15:21:00,6.0,Credit Card
2025-10-27 15:25:00,20.0,Cash
2025-10-27 15:26:00,8.0,Debit Card
2025-10-27 15:29:00,4.0,Cash
2025-10-27 15:34:00,10.0,Pix
2025-10-27 15:40:00,32.0,Cash
2025-10-27 15:41:00,8.0,Cash
2025-10-27 15:45:00,10.0,Cash
2025-10-27 15:49:00,8.0,Cash
2025-10-27 15:52:00,18.0,Credit Card
2025-10-27 15:54:00,6.5,Cash
2025-10-27 15:58:00,8.0,Cash
2025-10-27 15:58:00,10.0,Debit Card
2025-10-27 16:01:00,8.0,Credit Card
2025-10-27 16:01:00,18.0,Pix
2025-10-27 16:05:00,6.0,Cash
2025-10-27 16:10:00,10.0,Cash
2025-10-27 16:12:00,10.0,Credit Card
2025-10-27 16:14:00,26.0,Cash
2025-10-27 16:20:00,30.0,Cash
2025-10-27 16:26:00,6.0,Cash
2025-10-27 16:35:00,6.0,Cash
2025-10-27 16:38:00,12.0,Pix
2025-10-27 16:44:00,16.0,Credit Card
2025-10-27 17:03:00,24.0,Credit Card
2025-10-27 17:05:00,16.0,Cash
2025-10-27 17:07:00,8.0,Pix
2025-10-27 17:12:00,27.0,Pix
2025-10-27 17:21:00,12.0,Debit Card
2025-10-27 17:24:00,8.0,Pix
2025-10-27 17:24:00,10.0,Pix
2025-10-27 17:34:00,26.5,Credit Card
2025-10-27 17:36:00,10.0,Pix
2025-10-27 17:51:00,8.0,Debit Card
2025-10-27 17:57:00,10.0,Debit Card
2025-10-27 17:57:00,18.0,Pix
2025-10-27 18:49:00,6.0,Pix
2025-10-27 18:54:00,15.0,Cash
2025-10-27 18:57:00,18.0,Pix
2025-10-27 19:01:00,13.0,Debit Card
2025-10-28 14:09:00,19.0,Credit Card
2025-10-29 14:13:00,6.0,Cash
2025-10-29 14:56:00,12.0,Pix
2025-10-29 16:01:00,10.0,Pix
2025-10-29 16:24:00,6.0,Pix
2025-10-29 16:47:00,8.0,Cash
2025-10-29 16:59:00,10.0,Debit Card
2025-10-29 18:41:00,13.0,Cash
2025-10-29 18:51:00,18.0,Meal Voucher
2025-10-29 18:58:00,9.0,Debit Card
2025-10-30 13:48:00,15.0,Cash
2025-10-30 13:52:00,20.0,Cash
2025-10-30 13:56:00,10.0,Credit Card
2025-10-30 14:02:00,24.0,Debit Card
2025-10-30 14:11:00,12.0,Pix
2025-10-30 14:15:00,4.5,Pix
2025-10-30 14:25:00,4.5,Cash
2025-10-30 14:33:00,12.0,Cash
2025-10-30 14:40:00,10.0,Cash
2025-10-30 14:55:00,10.0,Credit Card
2025-10-30 14:58:00,18.0,Cash
2025-10-30 15:02:00,12.0,Cash
2025-10-30 15:04:00,14.0,Cash
2025-10-30 15:11:00,12.0,Pix
2025-10-30 15:13:00,9.0,Pix
2025-10-30 15:15:00,6.0,Cash
2025-10-30 15:20:00,6.0,Cash
2025-10-30 15:21:00,4.0,Cash
2025-10-30 15:22:00,4.0,Pix
2025-10-30 15:27:00,6.0,Cash
2025-10-30 15:29:00,8.0,Pix
2025-10-30 15:38:00,6.5,Debit Card
2025-10-30 15:40:00,23.0,Cash
2025-10-30 15:59:00,17.5,Cash
2025-10-30 16:04:00,8.0,Debit Card
2025-10-30 16:07:00,6.0,Pix
2025-10-30 16:14:00,8.0,Cash
2025-10-30 16:20:00,20.0,Debit Card
2025-10-30 16:22:00,22.0,Credit Card
2025-10-30 16:29:00,6.0,Cash
2025-10-30 16:52:00,12.0,Debit Card
2025-10-30 17:02:00,12.0,Cash
2025-10-30 17:07:00,12.0,Debit Card
2025-10-30 17:11:00,12.0,Pix
2025-10-30 17:20:00,27.0,Meal Voucher
2025-10-30 17:27:00,8.0,Cash
2025-10-30 17:39:00,6.5,Cash
2025-10-30 18:13:00,20.0,Pix
2025-10-30 18:34:00,23.0,Pix
2025-10-30 18:40:00,27.0,Credit Card
2025-10-31 14:04:00,6.0,Debit Card
2025-10-31 14:27:00,15.0,Cash
2025-10-31 14:37:00,6.0,Debit Card
2025-10-31 14:45:00,4.5,Cash
2025-10-31 14:53:00,10.0,Cash
2025-10-31 14:55:00,6.0,Cash
2025-10-31 15:08:00,16.0,Debit Card
2025-10-31 15:10:00,10.0,Debit Card
2025-10-31 15:12:00,10.0,Debit Card
2025-10-31 15:13:00,6.0,Cash
2025-10-31 15:14:00,8.0,Pix
2025-10-31 15:18:00,16.0,Pix
2025-10-31 15:33:00,30.0,Pix
2025-10-31 15:35:00,9.0,Pix
2025-10-31 15:49:00,42.0,Debit Card
2025-10-31 15:50:00,9.0,Cash
2025-10-31 16:03:00,29.0,Cash
2025-10-31 16:04:00,8.0,Debit Card
2025-10-31 16:09:00,24.0,Credit Card
2025-10-31 16:27:00,6.0,Cash
2025-10-31 16:28:00,18.0,Cash
2025-10-31 16:32:00,4.0,Cash
2025-10-31 16:34:00,8.0,Debit Card
2025-10-31 16:49:00,41.0,Cash
2025-10-31 16:53:00,19.0,Cash
2025-10-31 17:04:00,21.0,Debit Card
2025-10-31 17:11:00,15.0,Pix
2025-10-31 17:13:00,4.0,Cash
2025-10-31 17:23:00,6.5,Debit Card
2025-10-31 17:23:00,4.0,Pix
2025-10-31 17:34:00,8.0,Debit Card
2025-10-31 17:38:00,6.0,Pix
2025-10-31 17:39:00,4.0,Pix
2025-10-31 17:46:00,8.0,Cash
2025-10-31 17:46:00,8.0,Pix
2025-10-31 17:51:00,10.0,Meal Voucher
2025-10-31 17:53:00,10.0,Cash
2025-10-31 18:08:00,14.0,Pix
2025-10-31 18:15:00,9.0,Debit Card
2025-10-31 18:20:00,19.0,Debit Card
2025-10-31 18:22:00,15.0,Debit Card
2025-10-31 18:25:00,18.0,Cash
2025-10-31 18:43:00,27.0,Pix
2025-10-31 18:46:00,12.0,Cash
2025-10-31 18:48:00,10.5,Credit Card
2025-11-01 13:56:00,12.0,Cash
2025-11-01 13:58:00,21.0,Debit Card
2025-11-01 14:02:00,9.0,Cash
2025-11-01 14:09:00,10.0,Pix
2025-11-01 14:11:00,4.0,Pix
2025-11-01 14:18:00,16.0,Credit Card
2025-11-01 14:22:00,34.0,Debit Card
2025-11-01 14:22:00,30.0,Pix
2025-11-01 14:26:00,12.0,Pix
2025-11-01 14:30:00,10.0,Debit Card
2025-11-01 14:32:00,6.0,Credit Card
2025-11-01 14:44:00,8.0,Debit Card
2025-11-01 14:49:00,6.0,Cash
2025-11-01 14:54:00,8.0,Cash
2025-11-01 14:54:00,15.0,Pix
2025-11-01 14:59:00,8.0,Cash
2025-11-01 15:05:00,12.0,Cash
2025-11-01 15:09:00,16.0,Cash
2025-11-01 15:27:00,6.0,Credit Card
2025-11-01 15:37:00,19.0,Pix
2025-11-01 15:43:00,12.0,Debit Card
2025-11-01 15:46:00,16.0,Debit Card
2025-11-01 15:50:00,15.0,Credit Card
2025-11-01 16:03:00,4.0,Cash
2025-11-01 16:22:00,18.0,Debit Card
2025-11-02 14:39:00,10.0,Cash
2025-11-02 14:44:00,12.0,Pix
2025-11-02 14:50:00,13.0,Cash
2025-11-02 15:21:00,13.0,Debit Card
2025-11-02 15:25:00,13.0,Pix
2025-11-02 15:32:00,15.0,Cash
2025-11-02 15:36:00,36.0,Cash
2025-11-02 15:37:00,6.0,Cash
2025-11-02 15:38:00,20.0,Cash
2025-11-02 15:39:00,12.0,Cash
2025-11-02 15:42:00,20.0,Cash
2025-11-02 15:42:00,14.0,Debit Card
2025-11-02 15:45:00,16.0,Cash
2025-11-02 15:52:00,10.0,Pix
2025-11-02 15:54:00,10.0,Cash
2025-11-02 15:57:00,16.0,Cash
2025-11-02 16:00:00,14.0,Debit Card
2025-11-02 16:00:00,26.0,Meal Voucher
2025-11-02 16:05:00,20.0,Cash
2025-11-02 16:10:00,30.0,Pix
2025-11-02 16:16:00,24.0,Cash
2025-11-02 16:31:00,6.0,Cash
2025-11-02 16:41:00,12.0,Pix
2025-11-02 16:42:00,24.0,Debit Card
2025-11-02 16:46:00,24.0,Debit Card
2025-11-02 16:51:00,10.0,Cash
2025-11-02 16:55:00,30.0,Cash
2025-11-02 16:56:00,32.0,Credit Card
2025-11-02 17:00:00,28.0,Pix
2025-11-02 17:04:00,34.0,Credit Card
2025-11-02 17:04:00,26.0,Cash
2025-11-02 17:09:00,52.0,Credit Card
2025-11-02 17:13:00,15.0,Meal Voucher
2025-11-02 17:17:00,6.0,Meal Voucher
2025-11-02 17:23:00,13.0,Debit Card
2025-11-02 17:23:00,39.0,Credit Card
2025-11-02 17:31:00,10.0,Cash
2025-11-02 17:32:00,6.0,Pix
2025-11-02 17:32:00,15.0,Cash
2025-11-02 17:55:00,8.0,Debit Card
2025-11-02 17:58:00,23.0,Pix
2025-11-02 18:01:00,23.0,Debit Card
2025-11-02 18:05:00,32.0,Pix
2025-11-02 18:10:00,6.0,Cash
2025-11-02 18:11:00,18.0,Debit Card
2025-11-02 18:21:00,18.0,Debit Card
2025-11-02 18:31:00,16.0,Pix
2025-11-02 18:34:00,8.0,Cash
2025-11-02 16:38:00,6.0,Credit Card
2025-11-02 16:37:00,18.0,Cash
2025-11-03 13:27:00,6.0,Debit Card
2025-11-03 13:37:00,10.0,Cash
2025-11-03 13:39:00,13.0,Meal Voucher
2025-11-03 14:02:00,25.0,Cash
2025-11-03 14:11:00,16.0,Cash
2025-11-03 14:25:00,12.0,Cash
2025-11-03 14:26:00,6.5,Pix
2025-11-03 14:27:00,6.0,Debit Card
2025-11-03 14:36:00,8.0,Cash
2025-11-03 14:38:00,8.0,Cash
2025-11-03 14:46:00,10.0,Pix
2025-11-03 15:22:00,12.0,Cash
2025-11-03 15:24:00,8.0,Cash
2025-11-03 15:32:00,8.0,Cash
2025-11-03 15:33:00,8.0,Cash
2025-11-03 15:35:00,6.0,Pix
2025-11-03 15:36:00,12.0,Cash
2025-11-03 15:41:00,6.0,Pix
2025-11-03 15:43:00,12.0,Cash
2025-11-03 15:45:00,9.0,Credit Card
2025-11-03 15:57:00,21.0,Debit Card
2025-11-03 16:00:00,9.0,Debit Card
2025-11-03 16:22:00,11.0,Pix
2025-11-03 16:28:00,8.0,Pix
2025-11-03 16:42:00,15.0,Debit Card
2025-11-03 16:49:00,12.0,Cash
2025-11-03 17:02:00,6.0,Cash
2025-11-03 17:07:00,10.0,Pix
2025-11-03 17:09:00,10.0,Cash
2025-11-03 17:13:00,16.0,Credit Card
2025-11-03 17:17:00,6.5,Credit Card
2025-11-03 17:20:00,10.0,Cash
2025-11-03 17:23:00,8.0,Meal Voucher
2025-11-03 17:26:00,14.0,Debit Card
2025-11-03 17:27:00,24.0,Cash
2025-11-03 17:28:00,6.0,Debit Card
2025-11-03 17:29:00,6.0,Credit Card
2025-11-03 17:29:00,19.0,Pix
2025-11-03 17:36:00,19.0,Cash
2025-11-03 17:37:00,8.0,Cash
2025-11-03 17:50:00,9.0,Cash
2025-11-03 17:53:00,16.0,Debit Card
2025-11-03 17:56:00,37.0,Credit Card
2025-11-03 18:04:00,20.0,Pix
2025-11-03 18:21:00,26.0,Debit Card
2025-11-03 18:31:00,14.0,Cash
2025-11-03 19:05:00,24.0,Cash
2025-11-03 19:20:00,6.0,Cash
2025-11-04 13:46:00,15.0,Pix
2025-11-04 13:49:00,12.0,Cash
2025-11-04 13:54:00,6.0,Cash
2025-11-04 14:17:00,6.0,Credit Card
2025-11-04 14:20:00,6.0,Cash
2025-11-04 14:32:00,6.0,Cash
2025-11-04 14:35:00,8.0,Debit Card
2025-11-04 14:42:00,24.0,Cash
2025-11-04 14:46:00,10.0,Cash
2025-11-04 15:10:00,8.0,Cash
2025-11-04 15:11:00,6.0,Cash
2025-11-04 15:16:00,26.0,Cash
2025-11-04 15:18:00,20.0,Cash
2025-11-04 15:22:00,30.0,Pix
2025-11-04 15:31:00,8.0,Cash
2025-11-04 15:46:00,26.0,Cash
2025-11-04 15:49:00,30.0,Debit Card
2025-11-04 15:56:00,6.5,Credit Card
2025-11-04 15:59:00,10.5,Pix
2025-11-04 16:03:00,10.0,Meal Voucher
2025-11-04 16:09:00,4.0,Pix
2025-11-04 16:20:00,4.0,Debit Card
2025-11-04 16:22:00,14.0,Debit Card
2025-11-04 16:25:00,16.0,Pix
2025-11-04 16:34:00,6.0,Cash
2025-11-04 16:34:00,10.0,Cash
2025-11-04 16:37:00,10.0,Debit Card
2025-11-04 16:40:00,6.5,Debit Card
2025-11-04 16:47:00,8.0,Pix
2025-11-04 16:54:00,22.0,Cash
2025-11-04 16:58:00,18.0,Cash
2025-11-04 16:58:00,6.5,Cash
2025-11-04 17:14:00,10.0,Debit Card
2025-11-04 17:16:00,12.0,Cash
2025-11-04 17:54:00,26.0,Debit Card
2025-11-04 17:55:00,6.0,Cash
2025-11-04 17:59:00,20.0,Cash
2025-11-04 18:09:00,26.0,Pix
2025-11-04 18:14:00,6.0,Cash
2025-11-04 18:15:00,18.0,Cash
2025-11-04 18:17:00,18.0,Debit Card
2025-11-04 18:23:00,9.0,Cash
2025-11-04 18:33:00,4.0,Debit Card
2025-11-04 18:35:00,27.0,Cash
2025-11-04 19:01:00,6.0,Cash
2025-11-04 19:16:00,6.0,Pix
2025-11-04 17:23:00,8.0,Meal Voucher
2025-11-05 14:21:00,10.0,Debit Card
2025-11-05 14:44:00,8.0,Cash
2025-11-05 14:47:00,8.0,Debit Card
2025-11-05 14:51:00,37.0,Debit Card
2025-11-05 15:09:00,12.0,Cash
2025-11-05 15:36:00,10.0,Cash
2025-11-05 15:37:00,8.0,Cash
2025-11-05 15:45:00,9.0,Cash
2025-11-05 16:13:00,24.0,Cash
2025-11-05 16:21:00,16.0,Cash
2025-11-05 16:22:00,6.0,Cash
2025-11-05 16:48:00,6.0,Cash
2025-11-05 16:48:00,6.0,Cash
2025-11-05 16:49:00,10.0,Cash
2025-11-05 16:49:00,8.0,Cash
2025-11-05 16:52:00,8.0,Cash
2025-11-05 17:15:00,9.0,Pix
2025-11-05 17:34:00,20.0,Cash
2025-11-05 18:04:00,10.0,Cash
2025-11-05 18:08:00,28.0,Cash
2025-11-05 18:08:00,14.0,Cash
2025-11-05 18:25:00,22.5,Pix
2025-11-05 18:28:00,20.0,Cash
2025-11-05 18:40:00,10.0,Credit Card
2025-11-05 18:41:00,46.0,Cash
2025-11-05 19:10:00,12.0,Pix
2025-11-05 19:17:00,28.0,Cash
2025-11-05 16:46:00,20.0,Pix
2025-11-06 13:48:00,15.0,Pix
2025-11-06 13:53:00,10.0,Pix
2025-11-06 13:53:00,4.5,Cash
2025-11-06 14:03:00,6.0,Pix
2025-11-06 14:38:00,16.0,Cash
2025-11-06 14:46:00,13.0,Debit Card
2025-11-06 14:48:00,20.0,Credit Card
2025-11-06 14:49:00,6.0,Debit Card
2025-11-06 14:52:00,16.0,Debit Card
2025-11-06 14:59:00,20.0,Debit Card
2025-11-06 15:01:00,6.0,Cash
2025-11-06 15:13:00,30.0,Cash
2025-11-06 15:16:00,16.0,Cash
2025-11-06 15:20:00,8.0,Cash
2025-11-06 15:24:00,4.5,Cash
2025-11-06 15:41:00,15.0,Cash
2025-11-06 15:54:00,12.0,Cash
2025-11-06 15:57:00,18.0,Credit Card
2025-11-06 16:09:00,14.0,Cash
2025-11-06 16:10:00,12.0,Pix
2025-11-06 16:14:00,29.0,Debit Card
2025-11-06 16:14:00,8.0,Debit Card
2025-11-06 16:16:00,8.0,Cash
2025-11-06 16:21:00,6.0,Cash
2025-11-06 16:24:00,21.0,Cash
2025-11-06 16:24:00,13.0,Debit Card
2025-11-06 16:28:00,39.0,Cash
2025-11-06 16:35:00,20.0,Debit Card
2025-11-06 16:38:00,28.0,Cash
2025-11-06 16:39:00,8.0,Pix
2025-11-06 16:39:00,6.5,Cash
2025-11-06 16:46:00,18.0,Cash
2025-11-06 16:54:00,13.0,Pix
2025-11-06 17:05:00,4.5,Cash
2025-11-06 17:07:00,16.0,Cash
2025-11-06 17:23:00,9.0,Debit Card
2025-11-06 17:23:00,6.5,Pix
2025-11-06 17:25:00,8.0,Debit Card
2025-11-06 16:01:00,26.0,Meal Voucher
2025-11-06 17:37:00,6.0,Cash
2025-11-06 17:38:00,8.0,Cash
2025-11-06 17:41:00,8.0,Debit Card
2025-11-06 17:42:00,19.0,Cash
2025-11-06 17:45:00,15.0,Cash
2025-11-06 17:46:00,18.0,Cash
2025-11-06 18:00:00,18.0,Cash
2025-11-06 18:08:00,18.0,Cash
2025-11-06 18:09:00,10.0,Cash
2025-11-06 18:11:00,22.0,Cash
2025-11-06 18:13:00,6.0,Cash
2025-11-06 18:26:00,18.0,Debit Card
2025-11-06 18:30:00,6.0,Pix
2025-11-06 18:34:00,16.0,Pix
2025-11-06 18:36:00,12.0,Cash
2025-11-06 18:38:00,12.0,Debit Card
2025-11-06 18:42:00,13.0,Credit Card
2025-11-06 18:51:00,16.0,Credit Card
2025-11-06 18:53:00,6.0,Cash
2025-11-06 18:55:00,22.0,Pix
2025-11-06 19:00:00,8.0,Pix
2025-11-06 19:16:00,12.0,Cash
2025-11-06 19:18:00,6.0,Pix
2025-11-06 19:25:00,8.0,Pix
2025-11-07 14:00:00,20.0,Multiple
2025-11-07 14:10:00,10.0,Cash
2025-11-07 14:12:00,7.0,Cash
2025-11-07 14:18:00,30.0,Pix
2025-11-07 14:27:00,30.0,Debit Card
2025-11-07 14:29:00,18.0,Debit Card
2025-11-07 14:31:00,49.0,Debit Card
2025-11-07 14:38:00,25.0,Cash
2025-11-07 14:41:00,26.0,Debit Card
2025-11-07 14:43:00,13.0,Debit Card
2025-11-07 14:45:00,6.5,Credit Card
2025-11-07 15:12:00,20.0,Cash
2025-11-07 15:13:00,12.0,Debit Card
2025-11-07 15:46:00,20.0,Cash
2025-11-07 15:49:00,18.0,Pix
2025-11-07 15:50:00,8.0,Credit Card
2025-11-07 15:53:00,6.0,Credit Card
2025-11-07 15:58:00,10.0,Meal Voucher
2025-11-07 16:01:00,31.0,Cash
2025-11-07 16:01:00,8.0,Credit Card
2025-11-07 16:03:00,20.0,Cash
2025-11-07 16:04:00,8.0,Cash
2025-11-07 16:07:00,9.0,Pix
2025-11-07 16:17:00,13.0,Credit Card
2025-11-07 16:22:00,29.0,Cash
2025-11-07 16:29:00,18.0,Cash
2025-11-07 16:29:00,10.5,Pix
2025-11-07 16:32:00,19.0,Debit Card
2025-11-07 16:33:00,10.0,Debit Card
2025-11-07 16:48:00,12.0,Credit Card
2025-11-07 17:01:00,12.0,Cash
2025-11-07 17:11:00,19.0,Cash
2025-11-07 17:14:00,9.0,Cash
2025-11-07 17:19:00,22.0,Cash
2025-11-07 17:23:00,39.0,Multiple
2025-11-07 17:29:00,14.0,Cash
2025-11-07 17:41:00,31.0,Cash
2025-11-07 18:17:00,18.0,Cash
2025-11-08 10:50:00,14.5,Debit Card
2025-11-08 11:10:00,10.0,Debit Card
2025-11-08 11:36:00,8.0,Pix
2025-11-08 11:36:00,5.0,Cash
2025-11-08 12:02:00,9.0,Debit Card
2025-11-08 12:11:00,21.0,Credit Card
2025-11-08 12:29:00,20.0,Cash
2025-11-08 12:30:00,6.0,Pix
2025-11-08 12:40:00,16.0,Debit Card
2025-11-08 12:54:00,19.0,Debit Card
2025-11-08 13:04:00,27.0,Cash
2025-11-08 13:11:00,18.0,Cash
2025-11-08 13:19:00,19.0,Pix
2025-11-08 13:21:00,26.0,Cash
2025-11-08 13:25:00,12.5,Cash
2025-11-08 13:26:00,10.0,Debit Card
2025-11-08 13:41:00,28.0,Debit Card
2025-11-08 13:43:00,8.0,Debit Card
2025-11-08 13:45:00,8.0,Credit Card
2025-11-08 13:50:00,20.0,Pix
2025-11-08 13:50:00,6.0,Cash
2025-11-08 13:52:00,10.0,Pix
2025-11-08 14:04:00,6.0,Cash
2025-11-08 14:09:00,16.0,Cash
2025-11-08 14:17:00,53.0,Debit Card
2025-11-08 14:24:00,54.0,Cash
2025-11-08 14:25:00,18.0,Debit Card
2025-11-08 14:25:00,9.0,Debit Card
2025-11-08 14:35:00,27.0,Credit Card
2025-11-08 14:39:00,6.5,Credit Card
2025-11-08 14:39:00,8.0,Cash
2025-11-08 14:41:00,29.0,Debit Card
2025-11-08 14:47:00,24.0,Debit Card
2025-11-08 14:54:00,8.0,Cash
2025-11-08 14:55:00,8.0,Debit Card
2025-11-08 14:56:00,6.0,Cash
2025-11-08 14:59:00,6.0,Debit Card
2025-11-08 15:02:00,22.0,Pix
2025-11-08 15:02:00,10.0,Cash
2025-11-08 15:11:00,16.5,Pix
2025-11-08 15:12:00,6.0,Debit Card
2025-11-08 15:19:00,8.5,Debit Card
2025-11-08 15:24:00,33.0,Debit Card
2025-11-08 15:26:00,22.0,Cash
2025-11-08 15:30:00,15.0,Debit Card
2025-11-08 15:30:00,8.0,Cash
2025-11-08 15:34:00,12.0,Cash
2025-11-08 15:34:00,6.0,Cash
2025-11-08 15:38:00,12.0,Credit Card
2025-11-08 15:39:00,8.0,Debit Card
2025-11-08 15:46:00,54.0,Pix
2025-11-08 15:52:00,4.0,Debit Card
2025-11-08 16:04:00,42.0,Pix
2025-11-08 16:06:00,16.0,Debit Card
2025-11-08 16:07:00,18.0,Debit Card
2025-11-08 16:09:00,16.0,Debit Card
2025-11-08 16:16:00,13.0,Debit Card
2025-11-08 16:19:00,14.5,Credit Card
2025-11-08 16:26:00,16.0,Debit Card
2025-11-08 16:31:00,10.0,Cash
2025-11-08 16:37:00,6.0,Debit Card
2025-11-08 16:38:00,6.0,Credit Card
2025-11-08 16:43:00,9.0,Cash
2025-11-08 16:47:00,9.0,Cash
2025-11-08 16:48:00,10.0,Debit Card
2025-11-08 16:52:00,9.0,Pix
2025-11-08 16:57:00,10.0,Debit Card
2025-11-08 17:01:00,6.0,Debit Card
2025-11-08 17:01:00,10.0,Debit Card
2025-11-08 17:03:00,6.0,Debit Card
2025-11-08 17:07:00,9.0,Cash
2025-11-08 17:09:00,6.5,Pix
2025-11-08 17:15:00,19.0,Credit Card
2025-11-08 17:20:00,24.0,Credit Card
2025-11-08 17:20:00,18.0,Debit Card
2025-11-08 17:26:00,12.0,Cash
2025-11-08 17:36:00,49.0,Cash
2025-11-08 17:56:00,19.0,Pix
2025-11-08 17:58:00,9.0,Cash
2025-11-08 18:21:00,38.0,Debit Card
2025-11-08 18:33:00,15.0,Pix
2025-11-09 15:32:00,8.0,Credit Card
2025-11-09 15:34:00,10.5,Cash
2025-11-09 15:36:00,14.0,Debit Card
2025-11-09 15:40:00,13.0,Cash
2025-11-09 15:55:00,12.0,Pix
2025-11-09 15:58:00,24.0,Cash
2025-11-09 15:58:00,15.0,Cash
2025-11-09 16:03:00,33.0,Pix
2025-11-09 16:08:00,14.5,Cash
2025-11-09 16:10:00,16.0,Pix
2025-11-09 16:21:00,6.0,Cash
2025-11-09 16:27:00,4.5,Pix
2025-11-09 16:36:00,39.0,Debit Card
2025-11-09 16:37:00,12.0,Debit Card
2025-11-09 16:38:00,18.0,Cash
2025-11-09 16:46:00,8.0,Cash
2025-11-09 16:48:00,6.0,Pix
2025-11-09 16:49:00,24.0,Cash
2025-11-09 16:56:00,20.0,Cash
2025-11-09 16:58:00,24.0,Cash
2025-11-09 16:59:00,4.0,Debit Card
2025-11-09 16:59:00,8.0,Debit Card
2025-11-09 17:03:00,18.0,Debit Card
2025-11-09 17:06:00,6.0,Debit Card
2025-11-09 17:19:00,24.0,Cash
2025-11-09 17:21:00,15.0,Credit Card
2025-11-09 17:27:00,6.0,Pix
2025-11-09 17:40:00,25.0,Cash
2025-11-09 17:41:00,10.0,Credit Card
2025-11-09 18:00:00,16.0,Cash
2025-11-09 18:01:00,10.0,Cash
2025-11-09 18:05:00,8.0,Credit Card
2025-11-09 18:21:00,42.0,Meal Voucher
2025-11-09 18:24:00,20.0,Debit Card
2025-11-09 18:33:00,12.0,Credit Card
2025-11-09 18:42:00,8.0,Debit Card
2025-11-09 18:47:00,16.0,Debit Card
2025-11-09 18:50:00,16.0,Debit Card
2025-11-09 18:52:00,12.0,Cash
2025-11-09 18:56:00,16.0,Credit Card
2025-11-09 18:58:00,12.0,Cash
2025-11-09 19:05:00,50.0,Credit Card
2025-11-09 19:07:00,15.0,Debit Card
2025-11-09 19:11:00,12.0,Credit Card
2025-11-09 19:21:00,15.0,Pix
2025-11-09 19:27:00,30.0,Pix
2025-11-09 19:31:00,15.0,Cash
2025-11-09 19:31:00,21.0,Pix
2025-11-09 19:40:00,14.0,Cash
2025-11-10 13:21:00,8.5,Cash
2025-11-10 13:38:00,6.0,Cash
2025-11-10 13:44:00,15.0,Pix
2025-11-10 14:10:00,6.0,Cash
2025-11-10 14:11:00,6.0,Cash
2025-11-10 14:17:00,6.0,Cash
2025-11-10 14:33:00,14.0,Cash
2025-11-10 14:34:00,8.0,Cash
2025-11-10 14:39:00,22.5,Debit Card
2025-11-10 14:47:00,6.0,Credit Card
2025-11-10 14:53:00,12.0,Credit Card
2025-11-10 14:55:00,10.0,Pix
2025-11-10 14:57:00,16.0,Cash
2025-11-10 14:59:00,14.0,Credit Card
2025-11-10 15:05:00,20.0,Pix
2025-11-10 15:07:00,14.0,Debit Card
2025-11-10 15:10:00,12.0,Cash
2025-11-10 15:19:00,9.0,Cash
2025-11-10 15:22:00,10.0,Pix
2025-11-10 15:25:00,8.0,Cash
2025-11-10 15:25:00,8.0,Cash
2025-11-10 15:26:00,8.0,Cash
2025-11-10 15:29:00,15.0,Debit Card
2025-11-10 15:30:00,14.0,Cash
2025-11-10 15:32:00,16.0,Cash
2025-11-10 15:33:00,18.0,Debit Card
2025-11-10 15:35:00,6.0,Cash
2025-11-10 15:36:00,6.0,Credit Card
2025-11-10 15:37:00,6.0,Credit Card
2025-11-10 15:38:00,8.0,Cash
2025-11-10 15:45:00,12.0,Cash
2025-11-10 15:47:00,15.0,Cash
2025-11-10 15:48:00,19.0,Pix
2025-11-10 15:53:00,9.0,Debit Card
2025-11-10 15:53:00,6.0,Cash
2025-11-10 15:54:00,8.0,Cash
2025-11-10 16:01:00,16.0,Cash
2025-11-10 16:07:00,30.0,Cash
2025-11-10 16:10:00,32.0,Debit Card
2025-11-10 16:12:00,16.0,Debit Card
2025-11-10 16:13:00,16.0,Pix
2025-11-10 16:16:00,6.0,Cash
2025-11-10 16:25:00,8.0,Cash
2025-11-10 16:26:00,6.0,Cash
2025-11-10 16:30:00,14.0,Cash
2025-11-10 16:44:00,20.0,Credit Card
2025-11-10 16:49:00,8.0,Cash
2025-11-10 16:57:00,8.0,Cash
2025-11-10 17:04:00,8.0,Cash
2025-11-10 17:12:00,24.0,Debit Card
2025-11-10 17:16:00,24.0,Debit Card
2025-11-10 17:17:00,8.0,Debit Card
2025-11-10 17:30:00,28.0,Cash
2025-11-10 17:31:00,10.0,Credit Card
2025-11-10 17:34:00,8.0,Cash
2025-11-10 17:36:00,13.0,Cash
2025-11-10 17:37:00,8.0,Debit Card
2025-11-10 17:41:00,10.0,Cash
2025-11-10 17:48:00,16.5,Debit Card
2025-11-10 17:56:00,12.0,Cash
2025-11-10 17:59:00,16.0,Pix
2025-11-10 18:08:00,10.0,Debit Card
2025-11-10 18:10:00,14.5,Cash
2025-11-10 18:11:00,19.0,Pix
2025-11-10 18:15:00,18.0,Debit Card
2025-11-10 18:27:00,30.0,Credit Card
2025-11-10 18:29:00,12.0,Cash
2025-11-10 18:33:00,8.0,Cash
2025-11-10 17:25:00,28.0,Cash
2025-11-10 18:42:00,31.0,Cash
2025-11-10 18:47:00,12.0,Cash
2025-11-10 18:47:00,8.0,Cash
2025-11-10 18:50:00,16.0,Cash
2025-11-10 19:14:00,13.0,Credit Card
2025-11-10 19:19:00,4.5,Cash
2025-11-10 16:33:00,16.0,Pix
2025-11-11 13:39:00,16.0,Debit Card
2025-11-11 14:07:00,12.0,Cash
2025-11-11 14:26:00,14.0,Cash
2025-11-11 14:27:00,4.5,Cash
2025-11-11 14:29:00,18.0,Credit Card
2025-11-11 14:33:00,13.0,Pix
2025-11-11 14:37:00,16.0,Debit Card
2025-11-11 14:46:00,12.0,Cash
2025-11-11 14:47:00,4.0,Cash
2025-11-11 14:57:00,16.0,Cash
2025-11-11 15:01:00,6.0,Pix
2025-11-11 15:04:00,16.0,Debit Card
2025-11-11 15:06:00,4.0,Cash
2025-11-11 15:07:00,6.0,Cash
2025-11-11 15:18:00,16.0,Cash
2025-11-11 15:23:00,6.0,Cash
2025-11-11 15:28:00,6.0,Credit Card
2025-11-11 15:29:00,10.0,Debit Card
2025-11-11 15:33:00,6.0,Cash
2025-11-11 15:36:00,30.0,Cash
2025-11-11 15:26:00,24.0,Debit Card
2025-11-11 15:43:00,6.5,Cash
2025-11-11 15:47:00,10.0,Pix
2025-11-11 15:48:00,14.0,Meal Voucher
2025-11-11 15:51:00,15.0,Cash
2025-11-11 15:58:00,16.0,Credit Card
2025-11-11 15:59:00,6.0,Cash
2025-11-11 16:02:00,13.0,Pix
2025-11-11 16:12:00,24.0,Debit Card
2025-11-11 16:12:00,8.0,Cash
2025-11-11 16:16:00,18.0,Pix
2025-11-11 16:18:00,8.0,Meal Voucher
2025-11-11 16:22:00,28.0,Credit Card
2025-11-11 16:25:00,15.0,Debit Card
2025-11-11 16:32:00,8.0,Cash
2025-11-11 16:46:00,6.0,Debit Card
2025-11-11 16:50:00,34.0,Cash
2025-11-11 16:50:00,16.0,Debit Card
2025-11-11 16:56:00,14.0,Cash
2025-11-11 17:00:00,10.0,Cash
2025-11-11 17:00:00,6.5,Credit Card
2025-11-11 17:06:00,14.0,Pix
2025-11-11 17:10:00,8.0,Cash
2025-11-11 17:12:00,8.0,Cash
2025-11-11 17:37:00,8.0,Debit Card
2025-11-11 17:50:00,6.0,Credit Card
2025-11-11 17:51:00,6.5,Debit Card
2025-11-11 17:58:00,4.0,Cash
2025-11-11 18:06:00,36.0,Debit Card
2025-11-11 18:12:00,16.0,Debit Card
2025-11-11 18:17:00,6.0,Debit Card
2025-11-11 18:22:00,24.0,Cash
2025-11-11 18:30:00,4.5,Cash
2025-11-11 18:38:00,6.0,Debit Card
2025-11-11 18:46:00,20.0,Credit Card
2025-11-13 13:47:00,20.0,Cash
2025-11-13 14:02:00,9.0,Cash
2025-11-13 14:12:00,14.0,Pix
2025-11-13 14:30:00,10.0,Cash
2025-11-13 14:42:00,9.0,Debit Card
2025-11-13 14:46:00,31.0,Pix
2025-11-13 15:28:00,6.0,Cash
2025-11-13 16:06:00,6.5,Pix
2025-11-13 16:13:00,9.0,Credit Card
2025-11-13 16:25:00,12.0,Cash
2025-11-13 16:33:00,9.0,Debit Card
2025-11-13 16:58:00,16.0,Pix
2025-11-13 17:16:00,26.0,Debit Card
2025-11-13 17:22:00,6.0,Debit Card
2025-11-13 17:27:00,6.0,Debit Card
2025-11-13 17:38:00,28.0,Pix
2025-11-13 17:45:00,6.0,Cash
2025-11-13 17:55:00,8.0,Cash
2025-11-13 17:56:00,6.0,Cash
2025-11-13 18:49:00,18.0,Credit Card
2025-11-13 18:53:00,10.0,Debit Card
2025-11-14 12:05:00,21.0,Credit Card
2025-11-14 12:16:00,10.0,Pix
2025-11-14 12:23:00,10.0,Debit Card
2025-11-14 12:31:00,38.0,Debit Card
2025-11-14 12:33:00,16.0,Pix
2025-11-14 12:37:00,9.0,Cash
2025-11-14 12:42:00,8.0,Debit Card
2025-11-14 13:06:00,9.0,Credit Card
2025-11-14 13:14:00,10.0,Meal Voucher
2025-11-14 13:26:00,19.0,Debit Card
2025-11-14 13:31:00,6.0,Credit Card
2025-11-14 13:39:00,12.0,Cash
2025-11-14 13:39:00,16.0,Debit Card
2025-11-14 13:41:00,24.0,Pix
2025-11-14 14:19:00,10.0,Debit Card
2025-11-14 14:22:00,19.0,Cash
2025-11-14 14:28:00,18.0,Cash
2025-11-14 14:38:00,24.0,Debit Card
2025-11-14 14:39:00,6.0,Cash
2025-11-14 14:44:00,15.0,Debit Card
2025-11-14 14:45:00,8.0,Credit Card
2025-11-14 14:45:00,19.5,Credit Card
2025-11-14 14:53:00,13.0,Credit Card
2025-11-14 14:55:00,25.0,Cash
2025-11-14 14:57:00,8.0,Cash
2025-11-14 14:57:00,20.0,Pix
2025-11-14 15:02:00,25.0,Pix
2025-11-14 15:02:00,9.0,Cash
2025-11-14 15:03:00,4.5,Cash
2025-11-14 15:03:00,6.0,Credit Card
2025-11-14 15:09:00,23.0,Credit Card
2025-11-14 15:10:00,6.0,Debit Card
2025-11-14 15:12:00,10.0,Cash
2025-11-14 15:14:00,10.0,Credit Card
2025-11-14 15:16:00,12.0,Pix
2025-11-14 15:27:00,18.0,Pix
2025-11-14 15:28:00,9.0,Cash
2025-11-14 15:30:00,16.0,Cash
2025-11-14 15:32:00,18.0,Pix
2025-11-14 15:36:00,6.0,Cash
2025-11-14 15:45:00,30.0,Debit Card
2025-11-14 15:48:00,8.0,Pix
2025-11-14 16:06:00,16.0,Cash
2025-11-14 16:08:00,10.0,Cash
2025-11-14 16:09:00,10.0,Pix
2025-11-14 16:11:00,12.0,Cash
2025-11-14 16:20:00,10.0,Pix
2025-11-14 16:23:00,12.0,Cash
2025-11-14 16:26:00,8.0,Cash
2025-11-14 16:40:00,6.0,Debit Card
2025-11-14 16:42:00,16.0,Pix
2025-11-14 16:57:00,30.0,Cash
2025-11-14 16:59:00,14.5,Debit Card
2025-11-14 17:00:00,6.0,Pix
2025-11-14 17:06:00,10.0,Cash
2025-11-14 17:08:00,16.0,Cash
2025-11-14 17:14:00,15.0,Credit Card
2025-11-14 17:14:00,18.0,Cash
2025-11-14 17:25:00,19.0,Cash
2025-11-14 17:25:00,6.0,Cash
2025-11-14 17:35:00,30.0,Credit Card
2025-11-14 17:38:00,10.0,Credit Card
2025-11-14 17:49:00,8.0,Cash
2025-11-14 17:50:00,24.0,Cash
2025-11-14 18:01:00,6.0,Cash
2025-11-14 18:08:00,16.0,Debit Card
2025-11-14 18:09:00,24.0,Debit Card
2025-11-14 18:30:00,6.0,Cash
2025-11-14 18:32:00,13.0,Pix
2025-11-14 11:54:00,4.0,Cash
2025-11-15 13:03:00,36.0,Pix
2025-11-15 13:03:00,8.0,Cash
2025-11-15 13:05:00,16.0,Pix
2025-11-15 13:32:00,26.0,Cash
2025-11-15 13:40:00,17.0,Debit Card
2025-11-15 13:44:00,12.0,Debit Card
2025-11-15 13:48:00,6.0,Credit Card
2025-11-15 13:49:00,9.0,Credit Card
2025-11-15 13:50:00,9.0,Cash
2025-11-15 13:53:00,9.0,Cash
2025-11-15 13:57:00,9.0,Credit Card
2025-11-15 14:04:00,18.0,Cash
2025-11-15 14:05:00,8.0,Credit Card
2025-11-15 14:14:00,8.0,Pix
2025-11-15 14:24:00,13.0,Debit Card
2025-11-15 14:32:00,10.0,Cash
2025-11-15 14:39:00,6.0,Cash
2025-11-15 14:41:00,9.0,Pix
2025-11-15 14:49:00,9.0,Pix
2025-11-15 14:57:00,18.0,Pix
2025-11-15 15:09:00,10.0,Cash
2025-11-15 15:12:00,16.0,Credit Card
2025-11-15 15:16:00,20.0,Debit Card
2025-11-15 15:18:00,8.0,Cash
2025-11-15 15:22:00,14.0,Debit Card
2025-11-15 15:23:00,20.0,Cash
2025-11-15 15:28:00,12.0,Cash
2025-11-15 15:34:00,24.0,Credit Card
2025-11-15 15:36:00,12.0,Debit Card
2025-11-15 15:38:00,16.0,Cash
2025-11-15 15:39:00,10.0,Pix
2025-11-15 15:40:00,4.0,Cash
2025-11-15 15:52:00,20.0,Pix
2025-11-15 15:53:00,16.0,Debit Card
2025-11-15 15:58:00,4.0,Pix
2025-11-15 16:07:00,4.0,Cash
2025-11-15 16:25:00,24.0,Debit Card
2025-11-15 16:25:00,8.0,Debit Card
2025-11-15 16:26:00,20.0,Debit Card
2025-11-15 16:29:00,16.0,Cash
2025-11-15 16:29:00,10.0,Cash
2025-11-15 16:32:00,20.0,Debit Card
2025-11-15 16:34:00,12.0,Credit Card
2025-11-15 16:35:00,18.0,Cash
2025-11-15 16:42:00,18.0,Cash
2025-11-15 16:49:00,34.0,Cash
2025-11-15 16:50:00,12.0,Debit Card
2025-11-15 16:51:00,6.0,Debit Card
2025-11-15 16:52:00,21.0,Cash
2025-11-15 16:54:00,18.0,Cash
2025-11-15 17:02:00,16.0,Cash
2025-11-15 17:12:00,16.0,Debit Card
2025-11-15 17:13:00,10.0,Pix
2025-11-15 17:20:00,24.0,Cash
2025-11-15 17:23:00,16.0,Credit Card
2025-11-15 17:30:00,15.0,Debit Card
2025-11-15 17:38:00,15.0,Cash
2025-11-15 17:39:00,8.0,Pix
2025-11-15 17:44:00,16.0,Cash
2025-11-15 17:44:00,12.0,Cash
2025-11-15 17:46:00,6.0,Debit Card
2025-11-15 17:51:00,16.0,Cash
2025-11-15 17:54:00,13.0,Credit Card
2025-11-15 17:58:00,8.5,Credit Card
2025-11-15 18:06:00,28.0,Multiple
2025-11-15 18:08:00,10.0,Debit Card
2025-11-15 18:11:00,10.0,Cash
2025-11-15 18:12:00,14.5,Cash
2025-11-15 18:17:00,18.0,Debit Card
2025-11-15 18:21:00,30.0,Cash
2025-11-16 14:46:00,25.0,Pix
2025-11-16 14:47:00,15.0,Pix
2025-11-16 14:50:00,45.0,Debit Card
2025-11-16 14:52:00,6.5,Cash
2025-11-16 15:14:00,25.0,Cash
2025-11-16 15:15:00,16.0,Cash
2025-11-16 15:16:00,6.0,Credit Card
2025-11-16 15:17:00,8.0,Cash
2025-11-16 15:19:00,16.0,Debit Card
2025-11-16 15:23:00,10.0,Debit Card
2025-11-16 15:24:00,8.0,Cash
2025-11-16 15:26:00,12.0,Debit Card
2025-11-16 15:28:00,60.0,Debit Card
2025-11-16 15:31:00,24.0,Pix
2025-11-16 15:39:00,10.0,Meal Voucher
2025-11-16 15:49:00,22.0,Debit Card
2025-11-16 15:51:00,21.0,Credit Card
2025-11-16 15:54:00,12.0,Pix
2025-11-16 15:57:00,25.0,Pix
2025-11-16 15:59:00,20.0,Credit Card
2025-11-16 16:10:00,36.0,Cash
2025-11-16 16:15:00,21.0,Credit Card
2025-11-16 16:21:00,54.0,Debit Card
2025-11-16 16:25:00,43.5,Pix
2025-11-16 16:28:00,30.0,Pix
2025-11-16 16:32:00,14.0,Cash
2025-11-16 16:34:00,14.0,Cash
2025-11-16 16:35:00,8.0,Cash
2025-11-16 16:39:00,8.0,Debit Card
2025-11-16 16:44:00,18.0,Credit Card
2025-11-16 16:46:00,9.0,Cash
2025-11-16 16:48:00,12.0,Cash
2025-11-16 16:49:00,23.0,Cash
2025-11-16 16:59:00,9.0,On Credit
2025-11-16 17:00:00,13.0,Credit Card
2025-11-16 17:04:00,22.0,Credit Card
2025-11-16 17:09:00,73.0,Debit Card
2025-11-16 17:10:00,9.0,Cash
2025-11-16 17:12:00,9.0,Credit Card
2025-11-16 17:17:00,10.0,Cash
2025-11-16 17:20:00,6.0,Debit Card
2025-11-16 17:21:00,18.0,Pix
2025-11-16 17:38:00,12.0,Credit Card
2025-11-16 17:43:00,12.0,Cash
2025-11-16 17:56:00,30.0,Debit Card
2025-11-16 18:00:00,20.0,Credit Card
2025-11-16 18:26:00,23.0,Cash
2025-11-16 18:30:00,15.0,Cash
2025-11-16 18:38:00,4.0,Pix
2025-11-16 18:42:00,24.0,Debit Card
2025-11-16 18:43:00,12.0,Debit Card
2025-11-16 18:45:00,18.0,Debit Card
2025-11-16 18:46:00,14.0,Credit Card
2025-11-16 18:49:00,6.0,Debit Card
2025-11-16 18:51:00,8.0,Cash
2025-11-16 18:53:00,9.0,Cash
2025-11-16 18:58:00,27.0,Pix
2025-11-17 14:19:00,16.0,Cash
2025-11-17 14:25:00,15.0,Cash
2025-11-17 14:41:00,15.0,Pix
2025-11-17 14:58:00,4.0,Pix
2025-11-17 15:08:00,9.0,Debit Card
2025-11-17 15:46:00,12.0,Debit Card
2025-11-17 16:23:00,18.0,Credit Card
2025-11-17 16:28:00,10.0,Credit Card
2025-11-17 16:49:00,30.0,Pix
2025-11-17 17:05:00,16.0,Debit Card
2025-11-17 17:05:00,6.0,Cash
2025-11-17 17:10:00,16.0,Cash
2025-11-17 17:33:00,6.0,Cash
2025-11-17 17:48:00,27.0,Pix
2025-11-17 17:48:00,18.0,Cash
2025-11-17 17:56:00,10.0,Cash
2025-11-17 17:57:00,8.0,Credit Card
2025-11-17 18:00:00,19.0,Debit Card
2025-11-17 18:03:00,9.0,Debit Card
2025-11-17 18:13:00,4.0,Debit Card
2025-11-17 18:18:00,9.0,Debit Card
2025-11-17 18:25:00,10.0,Pix
2025-11-18 13:41:00,10.0,Pix
2025-11-18 13:44:00,15.0,Cash
2025-11-18 14:04:00,6.0,Credit Card
2025-11-18 14:15:00,10.0,Debit Card
2025-11-18 14:20:00,10.0,Debit Card
2025-11-18 14:21:00,8.0,Cash
2025-11-18 14:37:00,6.0,Cash
2025-11-18 14:39:00,21.0,Pix
2025-11-18 14:46:00,13.0,Cash
2025-11-18 14:47:00,17.0,Debit Card
2025-11-18 15:34:00,20.0,Cash
2025-11-18 15:41:00,6.5,Cash
2025-11-18 15:45:00,9.0,Cash
2025-11-18 16:00:00,8.0,Debit Card
2025-11-18 16:10:00,15.0,Debit Card
2025-11-18 16:29:00,8.0,Cash
2025-11-18 17:00:00,30.0,Debit Card
2025-11-18 17:26:00,6.0,Pix
2025-11-18 17:27:00,8.0,Credit Card
2025-11-18 17:44:00,9.0,Pix
2025-11-18 18:02:00,18.0,Cash
2025-11-18 18:14:00,18.0,Cash
2025-11-18 18:24:00,6.0,Credit Card
2025-11-18 18:30:00,12.0,Debit Card
2025-11-18 18:35:00,36.0,Debit Card
2025-11-18 18:39:00,13.0,Pix
2025-11-18 19:00:00,6.0,Debit Card
2025-11-19 14:14:00,8.0,Credit Card
2025-11-19 14:35:00,6.0,Cash
2025-11-19 14:35:00,4.5,Cash
2025-11-19 14:45:00,48.0,Pix
2025-11-19 14:48:00,18.0,Pix
2025-11-19 15:11:00,20.0,Debit Card
2025-11-19 15:13:00,16.0,Pix
2025-11-19 15:14:00,6.0,Cash
2025-11-19 15:14:00,10.0,Cash
2025-11-19 15:27:00,50.0,Pix
2025-11-19 15:27:00,18.0,Debit Card
2025-11-19 15:38:00,35.5,Multiple
2025-11-19 15:39:00,10.0,Cash
2025-11-19 15:41:00,8.0,Cash
2025-11-19 15:41:00,16.0,Debit Card
2025-11-19 15:50:00,14.0,Meal Voucher
2025-11-19 16:19:00,8.0,Debit Card
2025-11-19 16:22:00,10.0,Debit Card
2025-11-19 16:26:00,38.0,Cash
2025-11-19 16:59:00,16.0,Credit Card
2025-11-19 17:05:00,48.0,Cash
2025-11-19 17:09:00,16.0,Cash
2025-11-19 17:10:00,10.0,Cash
2025-11-19 17:11:00,10.0,Meal Voucher
2025-11-19 17:14:00,20.0,Debit Card
2025-11-19 17:14:00,14.0,Cash
2025-11-19 16:29:00,8.0,Debit Card
2025-11-19 17:18:00,14.0,Pix
2025-11-19 17:18:00,6.0,Cash
2025-11-19 17:21:00,19.0,Cash
2025-11-19 17:28:00,10.0,Cash
2025-11-19 17:39:00,6.0,Cash
2025-11-19 17:44:00,8.0,Pix
2025-11-19 17:45:00,6.0,Cash
2025-11-19 17:48:00,12.0,Cash
2025-11-19 17:51:00,20.0,Pix
2025-11-19 17:52:00,16.0,Credit Card
2025-11-19 17:55:00,8.0,Pix
2025-11-19 17:58:00,4.0,Debit Card
2025-11-19 18:15:00,18.0,Credit Card
2025-11-19 18:29:00,24.0,Pix
2025-11-19 18:45:00,6.0,Debit Card
2025-11-19 18:45:00,8.0,Cash
2025-11-19 18:57:00,18.0,Debit Card
2025-11-19 19:13:00,15.0,Cash
2025-11-20 12:41:00,20.5,Cash
2025-11-20 12:54:00,16.0,Credit Card
2025-11-20 12:54:00,6.0,Debit Card
2025-11-20 12:57:00,18.0,Pix
2025-11-20 12:59:00,8.0,Pix
2025-11-20 13:07:00,4.0,Cash
2025-11-20 13:12:00,9.0,Cash
2025-11-20 13:18:00,16.0,Meal Voucher
2025-11-20 13:42:00,6.0,Cash
2025-11-20 13:45:00,8.0,Cash
2025-11-20 13:54:00,30.0,Cash
2025-11-20 14:05:00,10.0,Cash
2025-11-20 14:06:00,8.0,Debit Card
2025-11-20 14:22:00,12.0,Cash
2025-11-20 14:25:00,13.0,Credit Card
2025-11-20 14:26:00,4.5,Cash
2025-11-20 14:30:00,18.0,Debit Card
2025-11-20 14:33:00,12.0,Debit Card
2025-11-20 14:44:00,31.0,Credit Card
2025-11-20 14:51:00,4.5,Debit Card
2025-11-20 14:59:00,21.0,Debit Card
2025-11-20 14:59:00,15.0,Debit Card
2025-11-20 15:03:00,20.0,Cash
2025-11-20 15:04:00,4.0,Credit Card
2025-11-20 15:05:00,6.0,Cash
2025-11-20 15:08:00,25.0,Cash
2025-11-20 15:08:00,4.0,Debit Card
2025-11-20 15:15:00,13.0,Credit Card
2025-11-20 15:19:00,8.0,Debit Card
2025-11-20 15:26:00,19.0,Pix
2025-11-20 15:27:00,12.0,Cash
2025-11-20 15:29:00,24.0,Cash
2025-11-20 15:37:00,6.0,Debit Card
2025-11-20 15:39:00,18.0,Debit Card
2025-11-20 15:40:00,4.0,Cash
2025-11-20 15:42:00,6.0,Debit Card
2025-11-20 15:43:00,6.0,Debit Card
2025-11-20 15:44:00,6.0,Debit Card
2025-11-20 15:46:00,8.0,Cash
2025-11-20 15:49:00,18.0,Credit Card
2025-11-20 15:53:00,6.5,Pix
2025-11-20 16:00:00,16.0,Cash
2025-11-20 16:04:00,8.0,Debit Card
2025-11-20 16:05:00,12.0,Cash
2025-11-20 16:11:00,10.0,Cash
2025-11-20 16:13:00,18.5,Credit Card
2025-11-20 16:14:00,8.5,Cash
2025-11-20 16:14:00,14.0,Debit Card
2025-11-20 16:23:00,18.0,Debit Card
2025-11-20 16:29:00,12.0,Cash
2025-11-20 16:32:00,24.0,Cash
2025-11-20 16:42:00,15.0,Cash
2025-11-20 16:44:00,16.0,Debit Card
2025-11-20 16:45:00,4.5,Pix
2025-11-20 16:52:00,18.0,Cash
2025-11-20 17:00:00,9.0,Pix
2025-11-20 17:07:00,16.0,Credit Card
2025-11-20 17:11:00,8.0,Cash
2025-11-20 17:13:00,15.0,Debit Card
2025-11-20 17:14:00,14.0,Debit Card
2025-11-20 17:16:00,6.0,Cash
2025-11-20 17:33:00,18.0,Debit Card
2025-11-20 17:51:00,48.0,Cash
2025-11-20 17:52:00,21.0,Credit Card
2025-11-20 17:54:00,8.0,Cash
2025-11-20 17:57:00,20.0,Credit Card
2025-11-20 18:02:00,16.5,Debit Card
2025-11-20 18:08:00,10.0,Cash
2025-11-20 18:10:00,20.0,Pix
2025-11-20 18:13:00,15.0,Debit Card
2025-11-20 18:15:00,16.0,Credit Card
2025-11-20 18:19:00,16.0,Debit Card
2025-11-20 18:23:00,18.0,Pix
2025-11-20 18:25:00,6.0,Cash
2025-11-20 18:26:00,15.0,Debit Card
2025-11-20 18:34:00,24.0,Debit Card
2025-11-20 18:39:00,16.0,Pix
2025-11-20 18:48:00,13.0,Debit Card
2025-11-20 18:55:00,6.5,Credit Card
2025-11-20 18:56:00,9.0,Debit Card
2025-11-20 19:01:00,24.0,Debit Card
2025-11-20 19:09:00,20.0,Credit Card
2025-11-20 19:12:00,27.0,Pix
2025-11-20 19:17:00,4.0,Credit Card
2025-11-21 13:21:00,16.5,Cash
2025-11-21 13:37:00,18.0,Pix
2025-11-21 13:45:00,15.0,Pix
2025-11-21 13:48:00,18.0,Cash
2025-11-21 14:09:00,6.0,Debit Card
2025-11-21 14:13:00,10.0,Debit Card
2025-11-21 14:13:00,6.0,Cash
2025-11-21 14:14:00,6.0,Pix
2025-11-21 14:19:00,26.0,Cash
2025-11-21 14:29:00,14.0,Pix
2025-11-21 14:59:00,6.0,Cash
2025-11-21 14:59:00,20.0,Cash
2025-11-21 15:10:00,4.0,Cash
2025-11-21 15:11:00,12.0,Debit Card
2025-11-21 15:18:00,21.0,Cash
2025-11-21 15:19:00,10.0,Debit Card
2025-11-21 15:23:00,32.0,Debit Card
2025-11-21 15:27:00,4.0,Pix
2025-11-21 15:31:00,16.0,Cash
2025-11-21 15:33:00,20.0,Cash
2025-11-21 15:33:00,14.0,Credit Card
2025-11-21 15:37:00,6.0,Cash
2025-11-21 15:41:00,6.0,Pix
2025-11-21 15:51:00,24.0,Pix
2025-11-21 15:53:00,8.0,Cash
2025-11-21 15:56:00,23.0,Credit Card
2025-11-21 15:58:00,8.0,Debit Card
2025-11-21 15:58:00,4.0,Debit Card
2025-11-21 16:04:00,10.0,Cash
2025-11-21 16:07:00,5.0,Pix
2025-11-21 16:10:00,4.0,Credit Card
2025-11-21 16:15:00,18.0,Cash
2025-11-21 16:17:00,8.0,Debit Card
2025-11-21 16:20:00,6.0,Cash
2025-11-21 16:22:00,10.0,Credit Card
2025-11-21 16:23:00,6.0,Debit Card
2025-11-21 16:24:00,8.0,Cash
2025-11-21 16:28:00,12.0,Debit Card
2025-11-21 16:36:00,16.0,Debit Card
2025-11-21 16:37:00,6.0,Cash
2025-11-21 16:39:00,8.0,Cash
2025-11-21 16:45:00,10.0,Cash
2025-11-21 16:47:00,21.0,Debit Card
2025-11-21 17:03:00,30.0,Cash
2025-11-21 17:05:00,5.0,Cash
2025-11-21 17:15:00,19.5,Cash
2025-11-21 17:16:00,8.0,Debit Card
2025-11-21 17:17:00,8.0,Pix
2025-11-21 17:23:00,38.0,Pix
2025-11-21 17:26:00,25.0,Cash
2025-11-21 17:30:00,20.0,Credit Card
2025-11-21 17:34:00,10.0,Cash
2025-11-21 17:55:00,6.0,Cash
2025-11-21 17:58:00,18.0,Pix
2025-11-21 18:06:00,30.0,Debit Card
2025-11-21 18:08:00,13.0,Debit Card
2025-11-21 18:09:00,24.0,Cash
2025-11-21 18:20:00,10.0,Debit Card
2025-11-21 18:27:00,16.5,Credit Card
2025-11-21 18:29:00,18.0,Debit Card
2025-11-21 18:33:00,18.0,Cash
2025-11-21 18:44:00,10.0,Debit Card
2025-11-21 18:45:00,36.0,Pix
2025-11-21 18:56:00,18.0,Debit Card
2025-11-21 18:56:00,9.0,Debit Card
2025-11-21 18:58:00,4.0,Debit Card
2025-11-21 19:10:00,12.0,Cash
2025-11-21 19:21:00,6.0,Cash
2025-11-21 19:25:00,35.0,Credit Card
2025-11-21 19:30:00,26.0,Cash
2025-11-22 10:46:00,13.0,Debit Card
2025-11-22 10:53:00,15.0,Credit Card
2025-11-22 10:56:00,15.0,Cash
2025-11-22 10:57:00,6.5,Cash
2025-11-22 11:16:00,6.5,Credit Card
2025-11-22 11:16:00,6.0,Debit Card
2025-11-22 11:28:00,25.0,Credit Card
2025-11-22 11:37:00,36.0,Cash
2025-11-22 11:39:00,12.0,Credit Card
2025-11-22 12:04:00,12.0,Credit Card
2025-11-22 12:11:00,8.0,Cash
2025-11-22 12:16:00,14.0,Cash
2025-11-22 12:17:00,6.0,Debit Card
2025-11-22 12:23:00,8.0,Cash
2025-11-22 12:31:00,10.0,Pix
2025-11-22 12:34:00,13.0,Debit Card
2025-11-22 12:35:00,6.0,Cash
2025-11-22 12:40:00,16.0,Debit Card
2025-11-22 12:47:00,20.0,Debit Card
2025-11-22 12:49:00,33.0,Debit Card
2025-11-22 12:50:00,8.5,Credit Card
2025-11-22 12:53:00,6.0,Debit Card
2025-11-22 12:57:00,4.5,Pix
2025-11-22 12:59:00,6.5,Cash
2025-11-22 13:04:00,8.0,Debit Card
2025-11-22 13:09:00,30.0,Cash
2025-11-22 13:12:00,29.0,Pix
2025-11-22 13:26:00,10.0,Cash
2025-11-22 13:30:00,22.0,Cash
2025-11-22 13:32:00,15.0,Cash
2025-11-22 13:33:00,6.0,Cash
2025-11-22 13:39:00,19.0,Cash
2025-11-22 13:44:00,8.0,Cash
2025-11-22 13:48:00,16.0,Cash
2025-11-22 13:48:00,12.0,Pix
2025-11-22 13:52:00,8.0,Debit Card
2025-11-22 13:56:00,4.5,Cash
2025-11-22 14:02:00,10.0,Debit Card
2025-11-22 14:14:00,24.5,Pix
2025-11-22 14:15:00,13.0,Pix
2025-11-22 14:21:00,22.0,Credit Card
2025-11-22 14:24:00,24.0,Debit Card
2025-11-22 14:32:00,6.5,Pix
2025-11-22 14:52:00,8.0,Cash
2025-11-22 14:59:00,10.0,Pix
2025-11-22 14:59:00,4.0,Cash
2025-11-22 15:04:00,30.0,Cash
2025-11-22 15:05:00,10.0,Credit Card
2025-11-22 15:06:00,8.0,Cash
2025-11-22 15:08:00,15.0,Debit Card
2025-11-22 15:08:00,8.5,Debit Card
2025-11-22 15:10:00,10.0,Debit Card
2025-11-22 15:12:00,28.0,Credit Card
2025-11-22 15:13:00,4.0,Cash
2025-11-22 15:15:00,12.0,Cash
2025-11-22 15:16:00,6.0,Cash
2025-11-22 15:31:00,32.0,Cash
2025-11-22 15:37:00,20.0,Debit Card
2025-11-22 15:38:00,6.0,Pix
2025-11-22 15:39:00,24.0,Debit Card
2025-11-22 15:43:00,6.5,Cash
2025-11-22 15:45:00,17.5,Pix
2025-11-22 15:47:00,12.0,Cash
2025-11-22 15:57:00,18.0,Debit Card
2025-11-22 16:00:00,8.0,Cash
2025-11-22 16:02:00,11.0,Pix
2025-11-22 16:05:00,18.0,Pix
2025-11-22 16:11:00,12.0,Pix
2025-11-22 16:16:00,25.0,Debit Card
2025-11-22 16:17:00,15.0,Pix
2025-11-22 16:20:00,18.0,Credit Card
2025-11-22 16:22:00,15.0,Debit Card
2025-11-22 16:23:00,36.0,Cash
2025-11-22 16:27:00,15.0,Cash
2025-11-22 16:29:00,16.0,Cash
2025-11-22 16:30:00,14.0,Debit Card
2025-11-22 16:32:00,26.0,Debit Card
2025-11-22 16:38:00,6.0,Pix
2025-11-22 16:43:00,6.0,Cash
2025-11-22 16:52:00,10.0,Pix
2025-11-22 16:52:00,6.0,Cash
2025-11-22 16:53:00,12.0,Pix
2025-11-22 17:02:00,30.0,Credit Card
2025-11-22 17:04:00,20.0,Pix
2025-11-22 17:08:00,8.0,Cash
2025-11-23 15:36:00,6.0,Cash
2025-11-23 15:40:00,33.0,Cash
2025-11-23 15:41:00,6.5,Cash
2025-11-23 15:41:00,15.0,Debit Card
2025-11-23 15:46:00,19.0,Cash
2025-11-23 15:52:00,16.0,Pix
2025-11-23 15:56:00,8.0,Cash
2025-11-23 15:56:00,44.0,Debit Card
2025-11-23 16:01:00,20.0,Cash
2025-11-23 16:01:00,6.0,Cash
2025-11-23 16:13:00,20.0,Debit Card
2025-11-23 16:20:00,16.0,Debit Card
2025-11-23 16:30:00,8.0,Debit Card
2025-11-23 16:33:00,6.0,Debit Card
2025-11-23 16:40:00,20.0,Cash
2025-11-23 16:42:00,15.0,Credit Card
2025-11-23 16:43:00,6.0,Credit Card
2025-11-23 16:54:00,16.0,Pix
2025-11-23 16:55:00,18.0,Pix
2025-11-23 16:59:00,24.0,Cash
2025-11-23 16:59:00,8.0,Cash
2025-11-23 17:05:00,12.0,Cash
2025-11-23 17:08:00,15.0,Cash
2025-11-23 17:12:00,19.0,Cash
2025-11-23 17:30:00,10.0,Debit Card
2025-11-23 17:35:00,44.0,Debit Card
2025-11-23 17:46:00,6.5,Debit Card
2025-11-23 17:51:00,15.0,Cash
2025-11-23 17:55:00,16.0,Cash
2025-11-23 17:57:00,20.5,Debit Card
2025-11-23 18:08:00,30.0,Pix
2025-11-23 18:11:00,24.0,Debit Card
2025-11-23 18:12:00,16.0,Debit Card
2025-11-23 18:24:00,18.0,Cash
2025-11-23 18:26:00,8.0,Cash
2025-11-23 18:33:00,63.0,Debit Card
2025-11-23 18:34:00,10.0,Pix
2025-11-23 18:35:00,13.0,Pix
2025-11-23 18:37:00,16.0,Credit Card
2025-11-23 18:39:00,14.0,Debit Card
2025-11-23 18:47:00,36.0,Debit Card
2025-11-23 19:03:00,16.0,Debit Card
2025-11-24 13:43:00,6.0,Debit Card
2025-11-24 13:44:00,9.0,Debit Card
2025-11-24 13:55:00,4.0,Cash
2025-11-24 14:07:00,40.0,Credit Card
2025-11-24 14:11:00,18.0,Cash
2025-11-24 14:35:00,16.0,Cash
2025-11-24 14:36:00,8.0,Credit Card
2025-11-24 14:41:00,10.0,Pix
2025-11-24 14:55:00,16.0,Debit Card
2025-11-24 14:59:00,12.0,Debit Card
2025-11-24 15:02:00,16.0,Cash
2025-11-24 15:18:00,24.0,Credit Card
2025-11-24 15:20:00,9.0,Cash
2025-11-24 15:34:00,14.0,Cash
2025-11-24 15:42:00,18.0,Debit Card
2025-11-24 15:45:00,18.0,Cash
2025-11-24 15:46:00,6.0,Cash
2025-11-24 15:48:00,15.0,Cash
2025-11-24 16:01:00,9.0,Credit Card
2025-11-24 16:07:00,10.0,Cash
2025-11-24 16:13:00,13.0,Pix
2025-11-24 16:20:00,10.0,Cash
2025-11-24 16:25:00,10.0,Debit Card
2025-11-24 16:28:00,42.5,Debit Card
2025-11-24 16:34:00,10.0,Cash
2025-11-24 16:40:00,6.0,Cash
2025-11-24 16:42:00,13.0,Credit Card
2025-11-24 16:45:00,16.0,Multiple
2025-11-24 16:47:00,10.0,Cash
2025-11-24 16:51:00,22.0,Cash
2025-11-24 16:52:00,17.0,Cash
2025-11-24 16:55:00,24.0,Cash
2025-11-24 16:58:00,28.0,Cash
2025-11-24 17:18:00,10.0,Debit Card
2025-11-24 17:22:00,12.0,Debit Card
2025-11-24 18:16:00,10.0,Pix
2025-11-24 18:19:00,18.0,Cash
2025-11-24 18:19:00,9.0,Credit Card
2025-11-25 13:39:00,8.0,Cash
2025-11-25 13:40:00,15.0,Cash
2025-11-25 13:41:00,16.0,Cash
2025-11-25 13:51:00,10.0,Cash
2025-11-25 13:53:00,9.0,Credit Card
2025-11-25 13:57:00,4.5,Cash
2025-11-25 14:11:00,16.0,Multiple
2025-11-25 14:22:00,13.0,Pix
2025-11-25 14:31:00,6.0,Cash
2025-11-25 14:34:00,8.0,Debit Card
2025-11-25 14:40:00,12.0,Cash
2025-11-25 14:41:00,8.0,Cash
2025-11-25 14:43:00,12.0,Debit Card
2025-11-25 14:52:00,18.0,Debit Card
2025-11-25 14:53:00,21.0,Credit Card
2025-11-25 15:01:00,49.0,Debit Card
2025-11-25 15:06:00,20.0,Credit Card
2025-11-25 15:07:00,6.0,Cash
2025-11-25 15:09:00,14.0,Cash
2025-11-25 15:13:00,8.5,Pix
2025-11-25 15:17:00,6.0,Debit Card
2025-11-25 15:19:00,38.0,Credit Card
2025-11-25 15:25:00,30.0,Cash
2025-11-25 15:25:00,4.0,Debit Card
2025-11-25 15:27:00,12.0,Debit Card
2025-11-25 15:42:00,15.0,Credit Card
2025-11-25 15:44:00,8.0,Credit Card
2025-11-25 15:47:00,6.0,Cash
2025-11-25 15:55:00,29.0,Debit Card
2025-11-25 15:55:00,9.0,Cash
2025-11-25 15:59:00,8.0,Debit Card
2025-11-25 16:02:00,12.0,Debit Card
2025-11-25 16:03:00,6.0,Debit Card
2025-11-25 16:05:00,18.0,Cash
2025-11-25 16:06:00,8.0,Credit Card
2025-11-25 16:16:00,10.0,Cash
2025-11-25 16:19:00,6.0,Cash
2025-11-25 16:21:00,18.0,Pix
2025-11-25 16:26:00,16.0,Cash
2025-11-25 16:33:00,8.0,Debit Card
2025-11-25 16:38:00,8.0,Pix
2025-11-25 16:40:00,8.0,Cash
2025-11-25 16:41:00,6.0,Cash
2025-11-25 16:43:00,6.0,Pix
2025-11-25 16:45:00,6.0,Pix
2025-11-25 16:47:00,15.0,Debit Card
2025-11-25 16:52:00,18.0,Credit Card
2025-11-25 16:57:00,8.0,Debit Card
2025-11-25 17:00:00,9.0,Cash
2025-11-25 17:09:00,26.0,Debit Card
2025-11-25 17:09:00,10.0,Cash
2025-11-25 17:21:00,19.0,Debit Card
2025-11-25 17:29:00,18.0,Cash
2025-11-25 17:30:00,17.0,Debit Card
2025-11-25 17:40:00,16.0,Debit Card
2025-11-25 18:15:00,20.0,Cash
2025-11-25 18:16:00,8.0,Pix
2025-11-25 18:20:00,12.0,Debit Card
2025-11-25 18:38:00,6.0,Cash
2025-11-26 14:02:00,6.0,Cash
2025-11-26 14:04:00,20.0,Pix
2025-11-26 14:14:00,49.0,Pix
2025-11-26 14:15:00,10.0,Debit Card
2025-11-26 14:24:00,9.0,Pix
2025-11-26 14:28:00,22.0,Debit Card
2025-11-26 14:30:00,10.0,Debit Card
2025-11-26 14:34:00,10.0,Pix
2025-11-26 14:52:00,18.0,Debit Card
2025-11-26 14:53:00,6.0,Debit Card
2025-11-26 15:02:00,26.0,Pix
2025-11-26 15:11:00,12.0,Credit Card
2025-11-26 15:14:00,6.5,Pix
2025-11-26 15:28:00,32.0,Cash
2025-11-26 15:29:00,8.0,Pix
2025-11-26 15:31:00,16.0,Cash
2025-11-26 15:32:00,8.0,Cash
2025-11-26 15:37:00,12.0,Credit Card
2025-11-26 15:38:00,8.0,Pix
2025-11-26 15:45:00,6.5,Cash
2025-11-26 15:49:00,26.0,Pix
2025-11-26 15:53:00,30.0,Cash
2025-11-26 15:58:00,19.0,Cash
2025-11-26 16:08:00,19.0,Pix
2025-11-26 16:22:00,10.0,Cash
2025-11-26 16:35:00,10.0,Cash
2025-11-26 16:37:00,6.0,Cash
2025-11-26 16:49:00,10.0,Cash
2025-11-26 16:51:00,8.0,Cash
2025-11-26 16:52:00,18.0,Cash
2025-11-26 16:55:00,16.0,Debit Card
2025-11-26 16:57:00,16.0,Cash
2025-11-26 16:57:00,8.0,Debit Card
2025-11-26 17:03:00,24.0,Cash
2025-11-26 17:05:00,10.0,Cash
2025-11-26 17:17:00,29.0,Debit Card
2025-11-26 17:18:00,6.0,Pix
2025-11-26 17:40:00,8.0,Cash
2025-11-26 17:54:00,10.0,Pix
2025-11-26 17:55:00,20.0,Cash
2025-11-26 17:57:00,8.0,Pix
2025-11-26 17:58:00,9.0,Credit Card
2025-11-26 18:05:00,18.0,Cash
2025-11-26 18:08:00,6.0,Cash
2025-11-26 18:31:00,6.0,Debit Card
2025-11-26 18:37:00,10.0,Debit Card
2025-11-26 18:49:00,24.0,Credit Card
2025-11-26 18:53:00,6.0,Pix
2025-11-26 18:54:00,6.5,Pix
2025-11-26 19:08:00,38.0,Pix
2025-11-26 19:11:00,6.0,Debit Card
2025-11-26 19:16:00,10.0,Cash
2025-11-26 19:20:00,10.0,Cash
2025-11-27 14:01:00,10.0,Debit Card
2025-11-27 14:11:00,6.0,Pix
2025-11-27 14:20:00,8.0,Debit Card
2025-11-27 14:26:00,4.0,Cash
2025-11-27 14:31:00,8.0,Cash
2025-11-27 14:39:00,18.0,Cash
2025-11-27 14:50:00,8.5,Cash
2025-11-27 15:00:00,6.0,Cash
2025-11-27 15:08:00,10.0,Cash
2025-11-27 15:15:00,16.0,Cash
2025-11-27 15:23:00,4.5,Cash
2025-11-27 15:32:00,6.0,Pix
2025-11-27 15:37:00,14.0,Cash
2025-11-27 15:37:00,8.0,Cash
2025-11-27 15:43:00,18.0,Credit Card
2025-11-27 15:46:00,8.0,Pix
2025-11-27 15:51:00,12.0,Credit Card
2025-11-27 15:57:00,39.0,Credit Card
2025-11-27 15:58:00,8.0,Pix
2025-11-27 15:59:00,8.0,Debit Card
2025-11-27 16:00:00,6.5,Debit Card
2025-11-27 16:05:00,16.0,Credit Card
2025-11-27 16:10:00,4.0,Cash
2025-11-27 16:16:00,19.0,Cash
2025-11-27 16:19:00,16.0,Debit Card
2025-11-27 16:21:00,13.0,Pix
2025-11-27 16:48:00,17.0,Cash
2025-11-27 16:48:00,8.0,Pix
2025-11-27 17:05:00,6.0,Debit Card
2025-11-27 17:06:00,6.0,Cash
2025-11-27 17:08:00,15.0,Cash
2025-11-27 17:26:00,34.0,Debit Card
2025-11-27 17:45:00,19.0,Cash
2025-11-27 18:07:00,16.0,Pix
2025-11-27 18:21:00,16.0,Cash
2025-11-27 18:31:00,24.0,Credit Card
2025-11-27 18:33:00,9.0,Cash
2025-11-27 18:44:00,10.0,Debit Card
2025-11-27 18:51:00,9.0,Debit Card
2025-11-27 19:00:00,19.0,Cash
2025-11-27 19:00:00,18.0,Cash
2025-11-27 19:11:00,53.0,Cash
2025-11-27 19:18:00,23.0,Cash
2025-11-27 19:20:00,10.0,Cash
2025-11-27 19:24:00,15.0,Debit Card
2025-11-27 19:27:00,12.0,Cash
2025-11-27 19:27:00,8.0,Debit Card
2025-11-27 19:30:00,9.0,Cash
2025-11-28 13:38:00,18.0,Debit Card
2025-11-28 13:52:00,4.0,Debit Card
2025-11-28 13:53:00,12.0,Debit Card
2025-11-28 14:00:00,20.0,Cash
2025-11-28 14:01:00,16.0,Cash
2025-11-28 14:16:00,6.0,Cash
2025-11-28 14:28:00,4.5,Cash
2025-11-28 14:34:00,18.0,Cash
2025-11-28 14:42:00,8.0,Credit Card
2025-11-28 14:52:00,10.0,Pix
2025-11-28 15:05:00,16.0,Cash
2025-11-28 15:06:00,8.0,Cash
2025-11-28 15:07:00,12.0,Pix
2025-11-28 15:08:00,8.0,Cash
2025-11-28 15:09:00,10.0,Credit Card
2025-11-28 15:12:00,15.0,Cash
2025-11-28 15:16:00,12.0,Debit Card
2025-11-28 15:18:00,4.0,Cash
2025-11-28 15:24:00,26.0,Debit Card
2025-11-28 15:26:00,12.0,Pix
2025-11-28 15:30:00,14.0,Debit Card
2025-11-28 15:35:00,13.0,Credit Card
2025-11-28 15:38:00,19.0,Pix
2025-11-28 15:40:00,13.0,Cash
2025-11-28 15:41:00,16.0,Credit Card
2025-11-28 15:42:00,16.0,Cash
2025-11-28 15:46:00,14.0,Cash
2025-11-28 15:47:00,15.0,Debit Card
2025-11-28 15:49:00,6.0,Pix
2025-11-28 16:03:00,37.0,Pix
2025-11-28 16:04:00,8.0,Pix
2025-11-28 16:06:00,6.0,Credit Card
2025-11-28 16:09:00,4.0,Pix
2025-11-28 16:21:00,41.0,Multiple
2025-11-28 16:26:00,25.0,Cash
2025-11-28 16:29:00,6.0,Pix
2025-11-28 16:35:00,12.0,Cash
2025-11-28 16:41:00,15.0,Pix
2025-11-28 16:42:00,6.0,Pix
2025-11-28 16:44:00,13.0,Pix
2025-11-28 16:45:00,6.0,Cash
2025-11-28 16:47:00,14.0,Cash
2025-11-28 16:47:00,13.0,Cash
2025-11-28 16:51:00,13.0,Credit Card
2025-11-28 16:53:00,6.0,Cash
2025-11-28 17:13:00,8.0,Pix
2025-11-28 17:44:00,6.0,Cash
2025-11-28 17:49:00,6.0,Cash
2025-11-28 17:53:00,16.0,Debit Card
2025-11-28 17:54:00,6.0,Credit Card
2025-11-28 17:56:00,28.0,Pix
2025-11-28 18:02:00,8.0,Debit Card
2025-11-28 18:08:00,10.0,Pix
2025-11-28 18:11:00,8.0,Debit Card
2025-11-28 18:14:00,12.0,Cash
2025-11-28 18:14:00,12.0,Cash
2025-11-28 18:26:00,6.0,Debit Card
2025-11-28 18:33:00,16.0,Pix
2025-11-28 18:36:00,30.0,Pix
2025-11-28 18:40:00,8.0,Debit Card
2025-11-28 18:43:00,10.0,Pix
2025-11-28 18:56:00,4.0,Credit Card
2025-11-28 19:00:00,26.0,Pix
2025-11-28 19:02:00,12.0,Pix
2025-11-28 19:05:00,16.0,Credit Card
2025-11-28 19:06:00,6.5,Pix
2025-11-28 19:13:00,19.0,Debit Card
2025-11-28 19:17:00,22.5,Pix
2025-11-28 19:22:00,4.0,Credit Card
2025-11-29 09:58:00,12.0,Cash
2025-11-29 10:14:00,12.0,Cash
2025-11-29 10:16:00,16.0,Cash
2025-11-29 10:20:00,4.0,Cash
2025-11-29 10:22:00,20.0,Cash
2025-11-29 10:23:00,6.0,Cash
2025-11-29 10:26:00,11.0,Debit Card
2025-11-29 10:32:00,18.0,Debit Card
2025-11-29 10:37:00,14.0,Pix
2025-11-29 10:51:00,6.0,Cash
2025-11-29 10:58:00,4.5,Cash
2025-11-29 11:00:00,17.0,Cash
2025-11-29 11:18:00,15.0,Debit Card
2025-11-29 11:19:00,15.0,Pix
2025-11-29 11:19:00,19.0,Cash
2025-11-29 11:25:00,40.0,Cash
2025-11-29 11:26:00,4.0,Debit Card
2025-11-29 11:28:00,14.0,Debit Card
2025-11-29 11:31:00,16.0,Debit Card
2025-11-29 11:40:00,6.0,Cash
2025-11-29 11:50:00,10.0,Debit Card
2025-11-29 11:58:00,18.0,Pix
2025-11-29 12:13:00,10.0,Pix
2025-11-29 12:13:00,4.0,Debit Card
2025-11-29 12:14:00,19.0,Credit Card
2025-11-29 12:17:00,30.0,Pix
2025-11-29 12:21:00,10.0,Debit Card
2025-11-29 12:24:00,8.0,Debit Card
2025-11-29 12:27:00,30.0,Cash
2025-11-29 12:28:00,10.0,Pix
2025-11-29 12:31:00,16.0,Pix
2025-11-29 12:31:00,36.0,Credit Card
2025-11-29 12:34:00,10.0,Debit Card
2025-11-29 12:58:00,10.0,Cash
2025-11-29 13:08:00,16.0,Cash
2025-11-29 13:10:00,4.0,Credit Card
2025-11-29 13:13:00,16.0,Cash
2025-11-29 13:21:00,28.0,Debit Card
2025-11-29 13:23:00,10.0,Debit Card
2025-11-29 13:25:00,12.0,Debit Card
2025-11-29 13:35:00,28.0,Cash
2025-11-29 13:37:00,10.0,Debit Card
2025-11-29 13:40:00,4.0,Cash
2025-11-29 13:48:00,8.0,Debit Card
2025-11-29 14:10:00,24.0,Debit Card
2025-11-29 14:18:00,6.0,Pix
2025-11-29 14:22:00,9.0,Credit Card
2025-11-29 14:25:00,20.0,Debit Card
2025-11-29 14:30:00,8.5,Cash
2025-11-29 14:31:00,6.0,Debit Card
2025-11-29 14:34:00,4.0,Debit Card
2025-11-29 14:35:00,12.0,Credit Card
2025-11-29 14:38:00,16.0,Debit Card
2025-11-29 14:43:00,16.0,Cash
2025-11-29 14:52:00,24.0,Pix
2025-11-29 14:53:00,21.0,Debit Card
2025-11-29 14:55:00,4.0,Debit Card
2025-11-29 14:57:00,14.0,Debit Card
2025-11-29 14:57:00,20.0,Pix
2025-11-29 15:05:00,22.0,Debit Card
2025-11-29 15:07:00,12.0,Meal Voucher
2025-11-29 15:10:00,22.0,Pix
2025-11-29 15:11:00,6.0,Credit Card
2025-11-29 15:14:00,6.0,Cash
2025-11-29 15:19:00,6.0,Cash
2025-11-29 15:20:00,16.0,Debit Card
2025-11-29 15:26:00,20.0,Credit Card
2025-11-29 15:28:00,20.0,Cash
2025-11-29 15:30:00,24.0,Cash
2025-11-29 15:31:00,10.5,Pix
2025-11-29 15:31:00,8.0,Credit Card
2025-11-29 15:34:00,30.0,Pix
2025-11-29 15:36:00,6.0,Debit Card
2025-11-29 15:39:00,12.0,Cash
2025-11-29 15:40:00,8.0,Debit Card
2025-11-29 15:44:00,10.0,Cash
2025-11-29 15:46:00,30.0,Debit Card
2025-11-29 15:53:00,18.0,Credit Card
2025-11-29 16:16:00,13.0,Debit Card
2025-11-29 16:20:00,41.0,Cash
2025-11-29 16:20:00,18.0,Pix
2025-11-29 16:22:00,6.0,Pix
2025-11-29 16:36:00,24.0,Pix
2025-11-29 16:39:00,30.0,Cash
2025-11-29 16:40:00,15.0,Debit Card
2025-11-29 16:41:00,4.0,Credit Card
2025-11-29 16:55:00,12.0,Cash
2025-11-29 16:59:00,45.0,Pix
2025-11-29 17:09:00,36.0,Pix
2025-11-29 17:11:00,16.0,Cash
2025-11-29 17:11:00,16.0,Debit Card
2025-11-29 17:14:00,6.0,Pix
2025-11-29 17:15:00,12.0,Pix
2025-11-29 17:16:00,16.0,Pix
2025-11-29 17:18:00,9.0,On Credit
2025-11-29 17:22:00,32.0,Pix
2025-11-29 17:26:00,28.0,Debit Card
2025-11-29 17:32:00,6.0,Credit Card
2025-11-29 17:34:00,6.0,Cash
2025-11-29 17:35:00,6.0,Cash
2025-11-29 17:38:00,19.0,Credit Card
2025-11-29 17:40:00,28.0,Debit Card
2025-11-29 17:42:00,19.5,Pix
2025-11-29 17:43:00,14.0,Pix
2025-11-29 17:45:00,13.0,Debit Card
2025-11-29 17:45:00,6.0,Debit Card
2025-11-29 17:49:00,13.0,Pix
2025-11-29 17:58:00,27.0,Debit Card
2025-11-29 17:59:00,4.5,Debit Card
2025-11-29 18:09:00,15.0,Cash
2025-11-29 18:11:00,19.0,Cash
2025-11-29 18:14:00,28.0,Debit Card
2025-11-29 18:17:00,10.0,Pix
2025-11-29 18:22:00,13.0,Debit Card
2025-11-29 18:24:00,10.0,Debit Card
2025-11-29 18:46:00,15.0,Debit Card
2025-11-29 18:57:00,6.0,Cash
2025-11-29 19:03:00,12.0,Debit Card
2025-11-29 19:05:00,12.0,Debit Card
2025-11-29 19:08:00,6.0,Debit Card
2025-11-29 14:46:00,16.0,Cash
2025-11-30 14:28:00,8.0,Debit Card
2025-11-30 14:36:00,10.0,Cash
2025-11-30 14:42:00,8.0,Cash
2025-11-30 14:51:00,6.0,Pix
2025-11-30 14:59:00,4.0,Debit Card
2025-11-30 15:00:00,10.0,Debit Card
2025-11-30 15:02:00,10.0,Debit Card
2025-11-30 15:04:00,25.0,Debit Card
2025-11-30 15:07:00,12.5,Debit Card
2025-11-30 15:07:00,4.0,Debit Card
2025-11-30 15:08:00,4.5,Debit Card
2025-11-30 15:11:00,10.0,Credit Card
2025-11-30 15:20:00,32.0,Debit Card
2025-11-30 15:28:00,12.0,Debit Card
2025-11-30 15:33:00,12.0,Cash
2025-11-30 15:37:00,32.0,Debit Card
2025-11-30 15:37:00,4.0,Debit Card
2025-11-30 15:40:00,6.5,Cash
2025-11-30 15:41:00,24.0,Debit Card
2025-11-30 15:45:00,16.0,Debit Card
2025-11-30 15:47:00,6.5,Debit Card
2025-11-30 15:48:00,8.0,Cash
2025-11-30 15:50:00,8.0,Cash
2025-11-30 15:56:00,18.0,Cash
2025-11-30 15:59:00,24.0,Credit Card
2025-11-30 16:00:00,12.0,Pix
2025-11-30 16:06:00,39.0,Cash
2025-11-30 16:07:00,30.0,Cash
2025-11-30 16:10:00,18.0,Cash
2025-11-30 16:17:00,12.0,Cash
2025-11-30 16:20:00,15.0,Pix
2025-11-30 16:24:00,10.0,Pix
2025-11-30 16:27:00,12.0,Pix
2025-11-30 16:28:00,4.0,Pix
2025-11-30 16:33:00,56.0,Multiple
2025-11-30 16:37:00,76.0,Debit Card
2025-11-30 16:41:00,18.0,Cash
2025-11-30 16:52:00,26.0,Debit Card
2025-11-30 16:53:00,4.5,Debit Card
2025-11-30 16:57:00,22.0,Pix
2025-11-30 16:59:00,8.0,Cash
2025-11-30 17:00:00,12.0,Cash
2025-11-30 17:02:00,16.0,Pix
2025-11-30 17:04:00,24.0,Cash
2025-11-30 17:05:00,10.5,Debit Card
2025-11-30 17:06:00,16.0,Credit Card
2025-11-30 17:08:00,20.0,Credit Card
2025-11-30 17:09:00,15.0,Credit Card
2025-11-30 17:11:00,6.0,Cash
2025-11-30 17:12:00,12.0,Pix
2025-11-30 17:13:00,4.0,Credit Card
2025-11-30 17:15:00,6.0,Pix
2025-11-30 17:15:00,6.5,Cash
2025-11-30 17:21:00,19.0,Debit Card
2025-11-30 17:23:00,18.0,Cash
2025-11-30 17:30:00,22.5,Debit Card
2025-11-30 17:31:00,20.0,Debit Card
2025-11-30 17:33:00,6.0,Pix
2025-11-30 17:34:00,13.0,Cash
2025-11-30 17:38:00,8.0,Pix
2025-11-30 17:44:00,45.0,Debit Card
2025-11-30 17:47:00,10.0,Pix
2025-11-30 17:47:00,9.0,Cash
2025-11-30 17:50:00,16.0,Debit Card
2025-11-30 17:53:00,10.0,Cash
2025-11-30 18:01:00,22.5,Pix
2025-11-30 18:04:00,16.0,Cash
2025-11-30 18:05:00,12.0,Cash
2025-11-30 18:06:00,8.0,Pix
2025-11-30 18:08:00,15.0,Pix
2025-11-30 18:09:00,15.0,Cash
2025-11-30 18:13:00,20.0,Pix
2025-11-30 18:17:00,49.0,Pix
2025-11-30 18:18:00,10.0,Debit Card
2025-11-30 18:20:00,14.0,Debit Card
2025-11-30 18:21:00,10.0,Debit Card
2025-11-30 18:22:00,20.0,Cash
2025-11-30 18:38:00,16.0,Debit Card
2025-11-30 18:38:00,16.0,Pix
2025-11-30 18:40:00,16.0,Pix
2025-11-30 18:41:00,15.0,Debit Card
2025-11-30 18:44:00,10.0,Cash
2025-11-30 18:45:00,8.0,Credit Card
2025-11-30 18:48:00,15.0,Pix
2025-11-30 18:51:00,17.0,Cash
2025-11-30 18:56:00,14.0,Cash
2025-11-30 19:02:00,15.0,Pix
2025-11-30 19:07:00,32.0,Cash
2025-11-30 19:09:00,30.0,Credit Card
2025-11-30 19:24:00,12.0,Pix
2025-11-30 19:36:00,10.5,Debit Card
2025-12-01 13:58:00,22.0,Cash
2025-12-01 14:11:00,13.0,Debit Card
2025-12-01 14:12:00,6.5,Cash
2025-12-01 14:13:00,6.0,Cash
2025-12-01 14:16:00,20.5,Cash
2025-12-01 14:21:00,15.0,Pix
2025-12-01 14:26:00,6.0,Pix
2025-12-01 14:27:00,15.0,Cash
2025-12-01 14:34:00,15.0,Pix
2025-12-01 14:40:00,6.0,Pix
2025-12-01 15:11:00,27.0,Pix
2025-12-01 15:15:00,18.0,Debit Card
2025-12-01 15:26:00,9.0,Cash
2025-12-01 15:44:00,16.0,Debit Card
2025-12-01 15:57:00,18.0,Cash
2025-12-01 15:59:00,10.0,Cash
2025-12-01 16:05:00,10.0,Cash
2025-12-01 16:06:00,8.0,Debit Card
2025-12-01 16:07:00,19.0,Debit Card
2025-12-01 16:11:00,10.0,Cash
2025-12-01 16:21:00,6.0,Pix
2025-12-01 16:25:00,10.0,Cash
2025-12-01 16:27:00,30.0,Debit Card
2025-12-01 16:29:00,16.0,Credit Card
2025-12-01 16:30:00,19.0,Pix
2025-12-01 16:36:00,12.0,Credit Card
2025-12-01 16:42:00,8.5,Cash
2025-12-01 16:44:00,13.0,Debit Card
2025-12-01 16:58:00,4.5,Cash
2025-12-01 17:10:00,20.0,Cash
2025-12-01 17:19:00,22.0,Credit Card
2025-12-01 17:30:00,6.0,Meal Voucher
2025-12-01 17:30:00,4.0,Cash
2025-12-01 17:35:00,23.0,Debit Card
2025-12-01 17:37:00,12.0,Meal Voucher
2025-12-01 17:59:00,6.0,Pix
2025-12-01 18:15:00,12.0,Cash
2025-12-01 18:22:00,33.0,Credit Card
2025-12-02 13:35:00,18.0,Cash
2025-12-02 13:46:00,15.0,Pix
2025-12-02 13:59:00,6.0,Cash
2025-12-02 14:03:00,13.0,Cash
2025-12-02 14:05:00,22.0,Pix
2025-12-02 14:11:00,9.0,Cash
2025-12-02 14:21:00,10.0,Cash
2025-12-02 14:24:00,8.0,Pix
2025-12-02 15:08:00,16.0,Pix
2025-12-02 15:17:00,19.5,Credit Card
2025-12-02 15:21:00,27.0,Cash
2025-12-02 15:24:00,16.0,Cash
2025-12-02 15:24:00,8.0,Debit Card
2025-12-02 15:30:00,26.0,Credit Card
2025-12-02 15:38:00,20.0,Cash
2025-12-02 15:39:00,16.0,Cash
2025-12-02 15:41:00,8.0,Cash
2025-12-02 16:00:00,6.0,Debit Card
2025-12-02 16:15:00,6.0,Meal Voucher
2025-12-02 16:17:00,23.0,Pix
2025-12-02 16:19:00,8.0,Pix
2025-12-02 16:24:00,28.0,Pix
2025-12-02 16:39:00,12.0,Credit Card
2025-12-02 16:52:00,8.0,Cash
2025-12-02 16:58:00,12.0,Cash
2025-12-02 17:00:00,15.0,Credit Card
2025-12-02 17:13:00,18.0,Cash
2025-12-02 17:19:00,4.5,Debit Card
2025-12-02 17:24:00,29.0,Cash
2025-12-02 17:25:00,9.0,Meal Voucher
2025-12-02 17:36:00,16.0,Cash
2025-12-02 17:52:00,6.0,Debit Card
2025-12-02 18:11:00,4.5,Cash
2025-12-02 18:11:00,6.0,Cash
2025-12-02 18:26:00,6.5,Pix
2025-12-02 18:28:00,12.5,Credit Card
2025-12-02 18:30:00,18.0,Pix
2025-12-02 18:34:00,16.0,Cash
2025-12-02 18:53:00,16.0,Cash
2025-12-02 19:16:00,18.0,Cash
2025-12-02 19:25:00,9.0,Cash
2025-12-02 19:25:00,8.0,Debit Card
2025-12-02 19:26:00,10.0,Cash
2025-12-02 19:31:00,10.0,Debit Card
2025-12-02 19:35:00,24.0,Pix
2025-12-02 19:37:00,12.0,Credit Card
2025-12-02 19:40:00,24.0,Debit Card
2025-12-02 19:42:00,8.0,Cash
2025-12-03 13:29:00,8.0,Cash
2025-12-03 13:31:00,8.0,Debit Card
2025-12-03 13:41:00,6.5,Debit Card
2025-12-03 13:56:00,8.0,Cash
2025-12-03 14:05:00,12.0,Cash
2025-12-03 14:12:00,33.0,Debit Card
2025-12-03 14:13:00,8.0,Pix
2025-12-03 14:15:00,12.0,Debit Card
2025-12-03 14:33:00,4.0,Cash
2025-12-03 14:36:00,30.0,Cash
2025-12-03 14:49:00,4.5,Cash
2025-12-03 14:50:00,8.0,Credit Card
2025-12-03 14:53:00,14.0,Cash
2025-12-03 14:57:00,10.0,Cash
2025-12-03 14:59:00,6.0,Meal Voucher
2025-12-03 15:12:00,20.0,Pix
2025-12-03 15:18:00,26.0,Debit Card
2025-12-03 15:36:00,6.0,Cash
2025-12-03 15:41:00,10.0,Credit Card
2025-12-03 15:41:00,14.0,Cash
2025-12-03 15:43:00,8.0,Cash
2025-12-03 15:46:00,12.0,Pix
2025-12-03 15:49:00,6.0,Cash
2025-12-03 15:51:00,16.0,Credit Card
2025-12-03 15:55:00,12.0,Cash
2025-12-03 15:57:00,10.0,Cash
2025-12-03 15:59:00,6.0,Cash
2025-12-03 16:01:00,10.0,Meal Voucher
2025-12-03 16:03:00,10.0,Cash
2025-12-03 16:06:00,6.0,Cash
2025-12-03 16:10:00,45.5,Debit Card
2025-12-03 16:29:00,9.0,Credit Card
2025-12-03 16:52:00,4.0,Cash
2025-12-03 16:53:00,6.0,Debit Card
2025-12-03 16:54:00,10.0,Debit Card
2025-12-03 16:59:00,8.0,Debit Card
2025-12-03 17:09:00,14.0,Cash
2025-12-03 17:10:00,8.0,Pix
2025-12-03 17:18:00,6.0,Cash
2025-12-03 17:19:00,15.0,Debit Card
2025-12-03 17:22:00,6.0,Debit Card
2025-12-03 17:25:00,6.0,Credit Card
2025-12-03 17:30:00,6.0,Cash
2025-12-03 17:41:00,29.0,Pix
2025-12-03 17:48:00,8.0,Debit Card
2025-12-03 17:54:00,6.0,Pix
2025-12-03 17:56:00,21.0,Debit Card
2025-12-03 17:58:00,13.0,Debit Card
2025-12-03 18:03:00,4.0,Cash
2025-12-03 18:36:00,24.0,Cash
2025-12-03 18:42:00,32.0,Debit Card
2025-12-03 18:43:00,8.0,Debit Card
2025-12-03 18:43:00,8.0,Pix
2025-12-03 18:48:00,30.0,Debit Card
2025-12-03 18:50:00,10.0,Pix
2025-12-03 18:51:00,12.0,Pix
2025-12-03 18:52:00,6.0,Credit Card
2025-12-03 18:58:00,8.0,Cash
2025-12-03 19:05:00,16.0,Cash
2025-12-04 13:46:00,6.0,Cash
2025-12-04 13:58:00,34.0,Cash
2025-12-04 13:59:00,8.0,Pix
2025-12-04 14:05:00,6.0,Cash
2025-12-04 14:05:00,16.0,Cash
2025-12-04 14:10:00,10.5,Cash
2025-12-04 14:14:00,16.0,Cash
2025-12-04 14:26:00,8.0,Debit Card
2025-12-04 14:35:00,14.0,Cash
2025-12-04 14:39:00,6.0,Cash
2025-12-04 14:40:00,6.0,Cash
2025-12-04 14:47:00,12.0,Cash
2025-12-04 14:55:00,6.0,Debit Card
2025-12-04 14:56:00,12.5,Cash
2025-12-04 15:09:00,6.0,Debit Card
2025-12-04 15:11:00,6.0,Pix
2025-12-04 15:21:00,4.0,Debit Card
2025-12-04 15:22:00,12.0,Debit Card
2025-12-04 15:36:00,6.0,Debit Card
2025-12-04 15:46:00,6.0,Debit Card
2025-12-04 15:53:00,22.0,Cash
2025-12-04 15:55:00,6.0,Credit Card
2025-12-04 15:58:00,6.0,Cash
2025-12-04 15:59:00,12.0,Pix
2025-12-04 16:12:00,24.0,Cash
2025-12-04 16:13:00,10.0,Credit Card
2025-12-04 16:17:00,18.0,Debit Card
2025-12-04 16:19:00,23.0,Cash
2025-12-04 16:27:00,15.0,Cash
2025-12-04 16:28:00,12.0,Debit Card
2025-12-04 16:33:00,18.0,Cash
2025-12-04 16:35:00,12.0,Cash
2025-12-04 16:37:00,20.0,Pix
2025-12-04 16:46:00,8.0,Cash
2025-12-04 16:47:00,12.0,Debit Card
2025-12-04 16:56:00,6.0,Credit Card
2025-12-04 17:04:00,12.0,Credit Card
2025-12-04 17:06:00,23.0,Credit Card
2025-12-04 17:12:00,20.0,Cash
2025-12-04 17:15:00,12.0,Cash
2025-12-04 17:17:00,24.0,Cash
2025-12-04 17:24:00,10.0,Pix
2025-12-04 17:32:00,24.0,Pix
2025-12-04 17:33:00,8.0,Debit Card
2025-12-04 17:38:00,12.0,Cash
2025-12-04 17:45:00,6.0,Cash
2025-12-04 17:49:00,37.0,Debit Card
2025-12-04 17:51:00,10.0,Debit Card
2025-12-04 18:14:00,18.0,Cash
2025-12-04 18:18:00,6.0,Cash
2025-12-04 18:20:00,18.0,Pix
2025-12-04 18:22:00,13.0,Cash
2025-12-04 18:23:00,8.0,Debit Card
2025-12-04 18:24:00,11.0,Debit Card
2025-12-04 18:26:00,10.0,Cash
2025-12-04 18:42:00,18.0,Debit Card
2025-12-04 18:50:00,12.0,Debit Card
2025-12-04 18:53:00,14.0,Debit Card
2025-12-04 18:58:00,6.0,Debit Card
2025-12-04 19:01:00,6.0,Pix
2025-12-04 19:07:00,13.0,Cash
2025-12-04 19:11:00,9.0,Debit Card
2025-12-04 19:15:00,23.0,Pix
2025-12-04 19:21:00,16.0,Debit Card
2025-12-05 13:16:00,4.0,Meal Voucher
2025-12-05 13:19:00,12.0,Debit Card
2025-12-05 13:21:00,8.0,Credit Card
2025-12-05 13:22:00,8.0,Pix
2025-12-05 13:23:00,16.0,Pix
2025-12-05 13:27:00,20.0,Debit Card
2025-12-05 13:31:00,8.0,Cash
2025-12-05 13:32:00,8.0,Cash
2025-12-05 13:46:00,26.0,Credit Card
2025-12-05 14:00:00,10.0,Debit Card
2025-12-05 14:02:00,10.0,Pix
2025-12-05 14:04:00,24.0,Debit Card
2025-12-05 14:11:00,16.0,Cash
2025-12-05 14:13:00,6.0,Cash
2025-12-05 14:23:00,16.0,Cash
2025-12-05 14:27:00,10.0,Pix
2025-12-05 14:29:00,6.0,Cash
2025-12-05 14:29:00,20.0,Cash
2025-12-05 14:33:00,10.0,Debit Card
2025-12-05 14:35:00,10.0,Cash
2025-12-05 14:37:00,20.0,Cash
2025-12-05 14:38:00,6.5,Debit Card
2025-12-05 14:43:00,34.0,Debit Card
2025-12-05 14:53:00,16.0,Credit Card
2025-12-05 14:55:00,8.0,Cash
2025-12-05 14:55:00,6.5,Pix
2025-12-05 15:00:00,10.5,Debit Card
2025-12-05 15:07:00,6.0,Cash
2025-12-05 15:07:00,8.0,Cash
2025-12-05 15:09:00,8.0,Debit Card
2025-12-05 15:18:00,9.0,Cash
2025-12-05 15:19:00,8.0,Pix
2025-12-05 15:23:00,10.0,Pix
2025-12-05 15:23:00,6.5,Cash
2025-12-05 15:26:00,20.0,Cash
2025-12-05 15:26:00,4.0,Debit Card
2025-12-05 15:27:00,12.0,Credit Card
2025-12-05 15:36:00,24.0,Cash
2025-12-05 15:38:00,9.0,Cash
2025-12-05 15:41:00,20.0,Credit Card
2025-12-05 15:49:00,8.0,Cash
2025-12-05 15:50:00,18.0,Pix
2025-12-05 15:53:00,6.0,Cash
2025-12-05 15:57:00,12.0,Cash
2025-12-05 15:59:00,13.0,Pix
2025-12-05 16:02:00,18.5,Cash
2025-12-05 16:02:00,10.0,Cash
2025-12-05 16:05:00,6.0,Cash
2025-12-05 16:13:00,18.0,Cash
2025-12-05 16:21:00,20.5,Pix
2025-12-05 16:24:00,23.0,Debit Card
2025-12-05 16:28:00,26.0,Meal Voucher
2025-12-05 16:32:00,30.0,Cash
2025-12-05 16:35:00,32.0,Credit Card
2025-12-05 16:37:00,13.0,Cash
2025-12-05 16:41:00,16.5,Cash
2025-12-05 16:44:00,6.0,Cash
2025-12-05 16:52:00,6.0,Cash
2025-12-05 16:53:00,6.0,Cash
2025-12-05 16:54:00,10.0,Debit Card
2025-12-05 17:03:00,4.0,Cash
2025-12-05 17:10:00,4.0,Cash
2025-12-05 17:11:00,8.5,Cash
2025-12-05 17:15:00,32.0,Debit Card
2025-12-05 17:21:00,32.0,Cash
2025-12-05 17:26:00,4.0,Cash
2025-12-05 17:36:00,6.0,Pix
2025-12-05 17:39:00,8.0,Pix
2025-12-05 17:41:00,10.0,Pix
2025-12-05 17:42:00,8.0,Cash
2025-12-05 17:47:00,4.0,Cash
2025-12-05 17:54:00,12.0,Pix
2025-12-05 17:56:00,10.0,Debit Card
2025-12-05 17:59:00,6.0,Cash
2025-12-05 18:02:00,12.0,Debit Card
2025-12-05 18:24:00,4.5,Cash
2025-12-05 18:26:00,16.0,Cash
2025-12-05 18:30:00,16.0,Credit Card
2025-12-05 18:32:00,10.0,Cash
2025-12-05 18:35:00,6.0,Cash
2025-12-05 18:37:00,8.0,Debit Card
2025-12-05 18:44:00,43.0,Meal Voucher
2025-12-05 18:55:00,12.0,Cash
2025-12-05 18:57:00,13.0,Debit Card
2025-12-05 19:02:00,15.0,Meal Voucher
2025-12-05 19:03:00,33.0,Pix
2025-12-05 13:33:00,8.0,Pix
2025-12-05 17:10:00,5.0,Cash
2025-12-06 10:14:00,14.0,Debit Card
2025-12-06 10:16:00,15.0,Cash
2025-12-06 10:18:00,20.0,Debit Card
2025-12-06 10:23:00,16.0,Credit Card
2025-12-06 10:24:00,8.0,Credit Card
2025-12-06 10:39:00,54.0,Cash
2025-12-06 10:41:00,16.0,Debit Card
2025-12-06 10:43:00,24.0,Pix
2025-12-06 10:44:00,6.0,Cash
2025-12-06 10:54:00,20.0,Cash
2025-12-06 10:57:00,30.0,Cash
2025-12-06 10:58:00,6.0,Debit Card
2025-12-06 11:00:00,15.0,Debit Card
2025-12-06 11:03:00,10.0,Debit Card
2025-12-06 11:05:00,13.0,Cash
2025-12-06 11:06:00,6.0,Debit Card
2025-12-06 11:18:00,13.0,Pix
2025-12-06 11:20:00,26.0,Pix
2025-12-06 11:24:00,12.0,Debit Card
2025-12-06 11:29:00,19.0,Cash
2025-12-06 11:34:00,24.0,Cash
2025-12-06 11:38:00,26.0,Pix
2025-12-06 11:40:00,6.0,Pix
2025-12-06 11:41:00,8.5,Pix
2025-12-06 11:43:00,4.0,Cash
2025-12-06 11:55:00,14.0,Credit Card
2025-12-06 11:56:00,8.0,Cash
2025-12-06 12:07:00,9.0,Debit Card
2025-12-06 12:09:00,12.0,Debit Card
2025-12-06 12:13:00,12.0,Debit Card
2025-12-06 12:15:00,16.0,Cash
2025-12-06 12:31:00,26.0,Debit Card
2025-12-06 12:37:00,22.0,Pix
2025-12-06 12:38:00,6.0,Debit Card
2025-12-06 12:46:00,12.0,Pix
2025-12-06 12:49:00,12.0,Pix
2025-12-06 12:56:00,13.0,Meal Voucher
2025-12-06 13:00:00,30.0,Pix
2025-12-06 13:05:00,16.0,Credit Card
2025-12-06 13:07:00,6.0,Debit Card
2025-12-06 13:13:00,30.5,Credit Card
2025-12-06 13:15:00,12.0,Cash
2025-12-06 13:22:00,8.0,Credit Card
2025-12-06 13:25:00,28.0,Debit Card
2025-12-06 13:30:00,15.0,Debit Card
2025-12-06 13:30:00,4.0,Cash
2025-12-06 13:32:00,16.0,Cash
2025-12-06 13:34:00,6.0,Cash
2025-12-06 13:35:00,8.0,Debit Card
2025-12-06 13:38:00,12.0,Debit Card
2025-12-06 13:42:00,6.0,Cash
2025-12-06 13:44:00,4.5,Debit Card
2025-12-06 13:47:00,4.5,Credit Card
2025-12-06 13:50:00,4.0,Cash
2025-12-06 13:54:00,10.0,Cash
2025-12-06 13:57:00,25.0,Cash
2025-12-06 13:58:00,4.0,Cash
2025-12-06 14:01:00,24.0,Cash
2025-12-06 14:02:00,6.0,Debit Card
2025-12-06 14:04:00,21.0,Cash
2025-12-06 14:07:00,40.0,Cash
2025-12-06 14:14:00,31.0,Cash
2025-12-06 14:18:00,32.0,Pix
2025-12-06 14:20:00,20.0,Cash
2025-12-06 14:24:00,12.0,Cash
2025-12-06 14:25:00,6.5,Cash
2025-12-06 14:27:00,24.0,Debit Card
2025-12-06 14:31:00,30.0,Pix
2025-12-06 14:39:00,38.0,Pix
2025-12-06 14:43:00,26.0,Pix
2025-12-06 14:45:00,16.5,Cash
2025-12-06 14:46:00,6.0,Credit Card
2025-12-06 14:47:00,6.0,Cash
2025-12-06 14:52:00,12.0,Cash
2025-12-06 14:56:00,34.0,Credit Card
2025-12-06 15:02:00,30.0,Credit Card
2025-12-06 15:07:00,27.0,Debit Card
2025-12-06 15:08:00,12.0,Debit Card
2025-12-06 15:09:00,10.0,Cash
2025-12-06 15:17:00,32.0,Debit Card
2025-12-06 15:19:00,16.0,Debit Card
2025-12-06 15:22:00,4.0,Debit Card
2025-12-06 15:27:00,23.0,Credit Card
2025-12-06 15:32:00,20.0,Cash
2025-12-06 15:35:00,16.0,Debit Card
2025-12-06 15:35:00,18.0,Credit Card
2025-12-06 15:36:00,18.0,Pix
2025-12-06 15:40:00,20.0,Cash
2025-12-06 15:50:00,6.0,Debit Card
2025-12-06 15:52:00,20.0,Cash
2025-12-06 15:54:00,36.5,Debit Card
2025-12-06 15:57:00,10.5,Pix
2025-12-06 15:58:00,8.0,Pix
2025-12-06 15:59:00,6.5,Cash
2025-12-06 16:04:00,26.0,Meal Voucher
2025-12-06 16:07:00,4.0,Credit Card
2025-12-06 16:08:00,8.0,Cash
2025-12-06 16:12:00,22.0,Debit Card
2025-12-06 16:14:00,8.0,Debit Card
2025-12-06 16:23:00,19.0,Debit Card
2025-12-06 16:27:00,15.0,Meal Voucher
2025-12-06 16:31:00,27.0,Debit Card
2025-12-06 16:33:00,12.0,Cash
2025-12-06 16:34:00,13.0,Credit Card
2025-12-06 16:39:00,6.0,Pix
2025-12-06 16:40:00,6.0,Pix
2025-12-06 16:42:00,6.5,Debit Card
2025-12-06 16:43:00,4.0,Credit Card
2025-12-06 16:50:00,53.5,Cash
2025-12-06 16:50:00,8.0,Debit Card
2025-12-06 16:52:00,6.0,Debit Card
2025-12-06 16:52:00,6.0,Pix
2025-12-06 16:56:00,24.0,Pix
2025-12-06 16:57:00,21.0,Pix
2025-12-06 16:59:00,26.0,Cash
2025-12-06 17:02:00,16.0,Pix
2025-12-06 17:04:00,27.0,Meal Voucher
2025-12-06 17:10:00,10.0,Cash
2025-12-06 17:12:00,30.0,Debit Card
2025-12-06 17:15:00,56.0,Pix
2025-12-06 17:24:00,26.0,Credit Card
2025-12-06 17:25:00,43.5,Cash
2025-12-06 17:31:00,15.0,Pix
2025-12-06 17:33:00,16.0,Pix
2025-12-06 17:37:00,30.0,Pix
2025-12-06 17:40:00,12.0,Debit Card
2025-12-06 17:49:00,29.0,Debit Card
2025-12-06 17:53:00,18.0,Meal Voucher
2025-12-06 18:09:00,10.0,Credit Card
2025-12-06 18:13:00,28.0,Debit Card
2025-12-06 18:18:00,30.0,Debit Card
2025-12-06 18:19:00,8.0,Cash
2025-12-06 18:27:00,4.0,Debit Card
2025-12-06 18:29:00,4.5,Debit Card
2025-12-06 18:36:00,16.0,Debit Card
2025-12-06 18:37:00,6.0,Cash
2025-12-06 18:40:00,9.0,Cash
2025-12-06 18:44:00,23.0,Cash
2025-12-06 18:46:00,16.0,Pix
2025-12-06 18:48:00,23.0,Credit Card
2025-12-06 18:49:00,6.5,Pix
2025-12-06 18:56:00,6.5,Debit Card
2025-12-06 19:00:00,18.0,Cash
2025-12-06 19:10:00,12.0,Pix
2025-12-06 19:10:00,12.0,Meal Voucher
2025-12-06 19:20:00,18.0,Debit Card
2025-12-06 19:26:00,46.0,Pix
2025-12-06 19:33:00,20.0,Debit Card
2025-12-06 19:33:00,21.0,Credit Card
2025-12-06 19:40:00,35.0,Debit Card
2025-12-06 19:42:00,15.0,Debit Card
2025-12-06 19:42:00,9.0,Cash
2025-12-06 19:47:00,15.0,Pix
2025-12-06 19:49:00,25.0,Debit Card
2025-12-06 19:52:00,9.0,Debit Card
2025-12-06 19:56:00,15.0,Debit Card
2025-12-06 20:00:00,15.0,Cash
2025-12-06 20:01:00,12.0,Pix
2025-12-07 14:38:00,10.0,Pix
2025-12-07 14:41:00,22.0,Cash
2025-12-07 14:45:00,12.0,Debit Card
2025-12-07 14:46:00,15.0,Credit Card
2025-12-07 14:47:00,12.0,Cash
2025-12-07 14:49:00,16.0,Debit Card
2025-12-07 14:53:00,8.0,Cash
2025-12-07 15:02:00,30.0,Credit Card
2025-12-07 15:06:00,29.0,Credit Card
2025-12-07 15:09:00,10.0,Cash
2025-12-07 15:23:00,27.0,Pix
2025-12-07 15:24:00,6.0,Debit Card
2025-12-07 15:24:00,13.0,Pix
2025-12-07 15:27:00,16.0,Debit Card
2025-12-07 15:29:00,18.0,Debit Card
2025-12-07 15:31:00,12.0,Cash
2025-12-07 15:32:00,6.0,Pix
2025-12-07 15:35:00,10.0,Debit Card
2025-12-07 15:38:00,10.0,Debit Card
2025-12-07 15:42:00,4.0,Cash
2025-12-07 15:43:00,21.0,Cash
2025-12-07 15:45:00,14.0,Cash
2025-12-07 15:49:00,6.5,Debit Card
2025-12-07 15:53:00,16.0,Cash
2025-12-07 15:54:00,4.0,Cash
2025-12-07 15:55:00,9.0,Meal Voucher
2025-12-07 16:00:00,17.0,Meal Voucher
2025-12-07 16:02:00,6.0,Pix
2025-12-07 16:10:00,8.0,Cash
2025-12-07 16:16:00,30.0,Debit Card
2025-12-07 16:16:00,6.0,Meal Voucher
2025-12-07 16:33:00,12.0,Debit Card
2025-12-07 16:38:00,38.0,Cash
2025-12-07 16:39:00,13.0,Debit Card
2025-12-07 16:39:00,10.0,Cash
2025-12-07 16:43:00,29.0,Debit Card
2025-12-07 16:45:00,14.0,Debit Card
2025-12-07 16:51:00,6.0,Cash
2025-12-07 16:56:00,4.5,Credit Card
2025-12-07 17:02:00,20.0,Cash
2025-12-07 17:02:00,18.0,Cash
2025-12-07 17:11:00,10.0,Credit Card
2025-12-07 17:12:00,6.5,Cash
2025-12-07 17:15:00,12.0,Cash
2025-12-07 17:16:00,13.0,Pix
2025-12-07 17:19:00,12.0,Cash
2025-12-07 17:20:00,12.0,Debit Card
2025-12-07 17:31:00,16.0,Credit Card
2025-12-07 17:39:00,12.0,Cash
2025-12-07 17:40:00,8.0,Cash
2025-12-07 17:43:00,16.0,Pix
2025-12-07 17:49:00,6.0,Cash
2025-12-07 17:51:00,24.0,Debit Card
2025-12-07 17:53:00,8.0,Credit Card
2025-12-07 17:59:00,16.0,Cash
2025-12-07 18:03:00,10.0,Cash
2025-12-07 18:11:00,16.0,Cash
2025-12-07 18:17:00,6.0,Cash
2025-12-07 18:19:00,16.0,Credit Card
2025-12-07 18:21:00,8.0,Debit Card
2025-12-07 18:26:00,6.0,Cash
2025-12-07 18:38:00,14.0,Debit Card
2025-12-07 18:39:00,8.0,Debit Card
2025-12-07 18:43:00,16.0,Debit Card
2025-12-07 18:49:00,14.0,Debit Card
2025-12-07 18:52:00,16.0,Cash
2025-12-07 18:54:00,18.0,Credit Card
2025-12-07 18:59:00,25.0,Pix
2025-12-07 19:01:00,10.0,Cash
2025-12-07 19:03:00,16.0,Cash
2025-12-07 19:04:00,12.0,Credit Card
2025-12-07 19:06:00,17.0,Debit Card
2025-12-07 19:08:00,30.0,Pix
2025-12-09 13:58:00,26.0,Debit Card
2025-12-09 14:00:00,19.0,Debit Card
2025-12-09 14:07:00,6.0,Cash
2025-12-09 14:07:00,5.0,Cash
2025-12-09 14:19:00,8.0,Debit Card
2025-12-09 14:30:00,6.0,Cash
2025-12-09 14:44:00,8.0,Cash
2025-12-09 14:47:00,9.0,Cash
2025-12-09 14:51:00,4.0,Cash
2025-12-09 15:01:00,6.0,Cash
2025-12-09 15:05:00,13.0,Credit Card
2025-12-09 15:06:00,8.0,Cash
2025-12-09 15:09:00,6.0,Cash
2025-12-09 15:16:00,18.0,Cash
2025-12-09 15:22:00,8.0,Cash
2025-12-09 15:23:00,8.0,Cash
2025-12-09 15:24:00,4.0,Cash
2025-12-09 15:30:00,17.0,Debit Card
2025-12-09 15:44:00,12.0,Credit Card
2025-12-09 15:45:00,8.0,Cash
2025-12-09 15:45:00,6.5,Cash
2025-12-09 15:48:00,15.0,Pix
2025-12-09 15:50:00,10.0,Debit Card
2025-12-09 16:08:00,12.0,Cash
2025-12-09 16:18:00,12.0,Cash
2025-12-09 16:42:00,24.0,Debit Card
2025-12-09 16:43:00,20.0,Debit Card
2025-12-09 16:52:00,15.0,Pix
2025-12-09 16:54:00,15.0,Credit Card
2025-12-09 17:01:00,6.5,Debit Card
2025-12-09 17:25:00,16.0,Debit Card
2025-12-09 17:36:00,18.0,Credit Card
2025-12-09 17:48:00,10.0,Debit Card
2025-12-09 17:49:00,23.0,Debit Card
2025-12-09 17:54:00,30.0,Pix
2025-12-09 17:58:00,18.0,Cash
2025-12-09 18:02:00,4.0,Pix
2025-12-09 18:37:00,6.0,Credit Card
2025-12-09 18:46:00,43.0,Pix
2025-12-09 18:55:00,8.0,Cash
2025-12-09 19:11:00,18.0,Cash
2025-12-09 19:20:00,6.0,Debit Card
2025-12-10 13:24:00,8.0,Debit Card
2025-12-10 14:29:00,14.0,Debit Card
2025-12-10 14:29:00,13.0,Cash
2025-12-10 14:33:00,6.0,Cash
2025-12-10 14:46:00,10.0,Cash
2025-12-10 14:48:00,25.0,Pix
2025-12-10 14:51:00,14.0,Debit Card
2025-12-10 14:51:00,6.0,Cash
2025-12-10 15:01:00,9.0,Cash
2025-12-10 15:05:00,25.0,Pix
2025-12-10 15:07:00,16.0,Debit Card
2025-12-10 15:17:00,32.0,Cash
2025-12-10 15:19:00,15.0,Cash
2025-12-10 15:20:00,8.0,Cash
2025-12-10 15:22:00,18.0,Debit Card
2025-12-10 15:23:00,12.0,Cash
2025-12-10 15:28:00,26.0,Cash
2025-12-10 15:35:00,8.0,Cash
2025-12-10 15:37:00,8.0,Cash
2025-12-10 15:38:00,12.0,Cash
2025-12-10 15:39:00,18.0,Debit Card
2025-12-10 15:40:00,6.0,Debit Card
2025-12-10 15:47:00,8.0,Pix
2025-12-10 15:48:00,6.5,Cash
2025-12-10 15:49:00,6.0,Pix
2025-12-10 15:53:00,12.0,Cash
2025-12-10 15:59:00,6.0,Cash
2025-12-10 16:00:00,14.0,Debit Card
2025-12-10 16:01:00,27.0,Cash
2025-12-10 16:06:00,8.0,Cash
2025-12-10 16:09:00,18.0,Credit Card
2025-12-10 16:10:00,8.0,Debit Card
2025-12-10 16:15:00,20.0,Cash
2025-12-10 16:21:00,27.0,Cash
2025-12-10 16:31:00,22.5,Credit Card
2025-12-10 16:34:00,6.0,Cash
2025-12-10 16:41:00,6.0,Cash
2025-12-10 16:44:00,28.0,Debit Card
2025-12-10 16:47:00,15.0,Credit Card
2025-12-10 16:48:00,12.0,Debit Card
2025-12-10 16:57:00,6.0,Debit Card
2025-12-10 17:07:00,9.0,Debit Card
2025-12-10 17:15:00,15.0,Debit Card
2025-12-10 17:37:00,6.0,Cash
2025-12-10 17:38:00,4.0,Cash
2025-12-10 17:42:00,10.0,Credit Card
2025-12-10 17:47:00,9.0,Debit Card
2025-12-10 18:17:00,10.0,Cash
2025-12-10 18:21:00,10.0,Debit Card
2025-12-10 18:23:00,8.0,Credit Card
2025-12-10 18:25:00,16.0,Cash
2025-12-10 18:47:00,12.0,Debit Card
2025-12-10 19:16:00,10.0,Credit Card
2025-12-10 19:21:00,9.0,Pix
2025-12-10 19:34:00,24.0,Cash
2025-12-10 19:34:00,36.0,Debit Card
2025-12-11 13:43:00,14.0,Cash
2025-12-11 13:45:00,16.0,Cash
2025-12-11 13:49:00,12.0,Cash
2025-12-11 13:58:00,21.0,Cash
2025-12-11 14:02:00,9.0,Cash
2025-12-11 14:15:00,36.0,Credit Card
2025-12-11 14:17:00,13.0,Meal Voucher
2025-12-11 14:27:00,13.0,Debit Card
2025-12-11 14:34:00,13.0,Pix
2025-12-11 14:43:00,20.0,Pix
2025-12-11 14:46:00,6.5,Pix
2025-12-11 14:50:00,30.0,Cash
2025-12-11 14:52:00,12.0,Pix
2025-12-11 14:57:00,8.0,Debit Card
2025-12-11 14:59:00,6.0,Cash
2025-12-11 15:02:00,15.0,Cash
2025-12-11 15:03:00,10.0,Cash
2025-12-11 15:08:00,10.0,Debit Card
2025-12-11 15:17:00,8.0,Pix
2025-12-11 15:21:00,18.0,Cash
2025-12-11 15:22:00,8.0,Cash
2025-12-11 15:23:00,12.0,Cash
2025-12-11 15:29:00,26.0,Cash
2025-12-11 15:31:00,10.0,Debit Card
2025-12-11 15:34:00,8.0,Cash
2025-12-11 15:38:00,14.0,Credit Card
2025-12-11 15:42:00,23.0,Cash
2025-12-11 15:52:00,8.0,Cash
2025-12-11 15:55:00,6.0,Debit Card
2025-12-11 15:59:00,6.0,Cash
2025-12-11 16:00:00,12.0,Cash
2025-12-11 16:06:00,12.0,Cash
2025-12-11 16:08:00,8.0,Pix
2025-12-11 16:14:00,8.0,Cash
2025-12-11 16:18:00,8.0,Cash
2025-12-11 16:19:00,6.0,Cash
2025-12-11 16:22:00,6.5,Cash
2025-12-11 16:23:00,9.0,Cash
2025-12-11 16:25:00,6.0,Cash
2025-12-11 16:29:00,6.0,Cash
2025-12-11 16:30:00,16.0,Debit Card
2025-12-11 16:46:00,10.0,Debit Card
2025-12-11 16:53:00,16.0,Cash
2025-12-11 16:55:00,26.0,Cash
2025-12-11 17:05:00,10.0,Cash
2025-12-11 17:09:00,6.0,Cash
2025-12-11 17:10:00,18.0,Cash
2025-12-11 17:21:00,9.0,Cash
2025-12-11 17:23:00,18.0,Credit Card
2025-12-11 17:39:00,6.0,Debit Card
2025-12-11 17:55:00,8.0,Cash
2025-12-11 18:09:00,6.0,Debit Card
2025-12-11 18:09:00,14.0,Cash
2025-12-11 18:13:00,18.0,Cash
2025-12-11 18:14:00,8.0,Cash
2025-12-11 18:20:00,18.0,Cash
2025-12-11 18:23:00,10.0,Debit Card
2025-12-11 18:25:00,16.0,Debit Card
2025-12-11 18:25:00,18.0,Debit Card
2025-12-11 18:30:00,18.0,Cash
2025-12-11 19:12:00,8.0,Debit Card
2025-12-11 19:13:00,18.0,Debit Card
2025-12-11 19:17:00,16.0,Credit Card
2025-12-13 11:10:00,13.0,Pix
2025-12-13 11:11:00,6.0,Pix
2025-12-13 11:12:00,9.0,Meal Voucher
2025-12-13 11:22:00,4.5,Debit Card
2025-12-13 11:23:00,6.0,Credit Card
2025-12-13 11:26:00,4.5,Cash
2025-12-13 11:28:00,14.0,Cash
2025-12-13 11:37:00,12.0,Pix
2025-12-13 11:41:00,9.0,Cash
2025-12-13 11:47:00,4.0,Credit Card
2025-12-13 11:49:00,4.0,Pix
2025-12-13 11:50:00,6.0,Cash
2025-12-13 11:55:00,6.0,Cash
2025-12-13 12:05:00,8.0,Cash
2025-12-13 12:09:00,21.0,Credit Card
2025-12-13 12:09:00,8.0,Cash
2025-12-13 12:12:00,21.0,Debit Card
2025-12-13 12:13:00,12.5,Cash
2025-12-13 12:14:00,24.0,Credit Card
2025-12-13 12:30:00,9.0,Debit Card
2025-12-13 13:09:00,13.0,Debit Card
2025-12-13 13:11:00,12.0,Pix
2025-12-13 13:27:00,12.0,Debit Card
2025-12-13 13:29:00,18.0,Pix
2025-12-13 13:32:00,6.5,Cash
2025-12-13 13:45:00,12.0,Pix
2025-12-13 13:53:00,25.0,Debit Card
2025-12-13 13:54:00,15.0,Cash
2025-12-13 14:09:00,32.0,Cash
2025-12-13 14:10:00,10.0,Pix
2025-12-13 14:15:00,13.0,Debit Card
2025-12-13 14:17:00,23.0,Meal Voucher
2025-12-13 14:19:00,32.0,Cash
2025-12-13 14:26:00,28.0,Cash
2025-12-13 14:26:00,10.0,Cash
2025-12-13 14:29:00,16.0,Pix
2025-12-13 14:41:00,11.0,Cash
2025-12-13 14:51:00,10.0,Pix
2025-12-13 14:53:00,10.0,Credit Card
2025-12-13 14:55:00,10.0,Pix
2025-12-13 15:01:00,20.0,Cash
2025-12-13 15:05:00,18.0,Debit Card
2025-12-13 15:07:00,15.0,Debit Card
2025-12-13 15:10:00,8.0,Credit Card
2025-12-13 15:19:00,22.0,Cash
2025-12-13 15:21:00,12.0,Pix
2025-12-13 15:32:00,24.0,Cash
2025-12-13 15:46:00,10.0,Debit Card
2025-12-13 15:47:00,4.0,Cash
2025-12-13 15:48:00,6.5,Pix
2025-12-13 15:53:00,30.0,Cash
2025-12-13 15:55:00,10.0,Cash
2025-12-13 15:57:00,10.0,Cash
2025-12-13 15:57:00,17.0,Credit Card
2025-12-13 16:06:00,37.0,Debit Card
2025-12-13 16:07:00,8.0,Cash
2025-12-13 16:10:00,13.0,Debit Card
2025-12-13 16:10:00,8.0,Credit Card
2025-12-13 16:16:00,13.0,Debit Card
2025-12-13 16:18:00,6.5,Debit Card
2025-12-13 16:18:00,8.5,Credit Card
2025-12-13 16:20:00,16.0,Debit Card
2025-12-13 16:21:00,6.0,Cash
2025-12-13 16:22:00,6.0,Cash
2025-12-13 16:25:00,18.0,Cash
2025-12-13 16:26:00,13.0,Debit Card
2025-12-13 16:28:00,4.0,Debit Card
2025-12-13 16:30:00,30.0,Cash
2025-12-13 16:34:00,12.0,Credit Card
2025-12-13 16:35:00,16.0,Debit Card
2025-12-13 16:38:00,20.0,Cash
2025-12-13 16:40:00,8.0,Cash
2025-12-13 16:43:00,23.0,Cash
2025-12-13 16:45:00,16.0,Debit Card
2025-12-13 16:47:00,39.0,Cash
2025-12-13 16:53:00,18.0,Cash
2025-12-13 17:00:00,10.0,Cash
2025-12-13 17:03:00,18.0,Cash
2025-12-13 17:03:00,18.0,Cash
2025-12-13 17:10:00,63.0,Credit Card
2025-12-13 17:14:00,20.0,Debit Card
2025-12-13 17:15:00,16.0,Pix
2025-12-13 17:19:00,28.0,Debit Card
2025-12-13 17:24:00,16.0,Cash
2025-12-13 17:25:00,6.0,Cash
2025-12-13 17:30:00,18.0,Debit Card
2025-12-13 17:32:00,32.0,Cash
2025-12-13 17:42:00,12.0,Cash
2025-12-13 17:45:00,16.0,Cash
2025-12-13 17:47:00,15.0,Credit Card
2025-12-13 17:54:00,20.0,Pix
2025-12-13 17:59:00,4.0,Debit Card
2025-12-13 18:00:00,4.0,Pix
2025-12-13 18:07:00,4.0,Cash
2025-12-13 18:19:00,12.0,Cash
2025-12-13 18:21:00,10.0,Cash
2025-12-13 18:33:00,10.0,Debit Card
2025-12-13 18:37:00,10.0,Credit Card
2025-12-13 18:43:00,9.0,Cash
2025-12-13 18:45:00,24.0,Credit Card
2025-12-13 18:50:00,29.0,Debit Card
2025-12-13 18:52:00,16.0,Cash
2025-12-13 18:53:00,12.0,Pix
2025-12-13 18:55:00,13.0,Cash
2025-12-13 18:59:00,20.0,Cash
2025-12-13 18:59:00,6.5,Debit Card
2025-12-13 19:03:00,6.0,Debit Card
2025-12-13 19:07:00,27.0,Credit Card
2025-12-13 19:12:00,16.0,Cash
2025-12-13 16:29:00,6.0,Cash
2025-12-13 15:25:00,13.0,Cash
2025-12-14 14:36:00,8.0,Debit Card
2025-12-14 14:42:00,18.0,Cash
2025-12-14 14:46:00,6.0,Cash
2025-12-14 15:00:00,15.0,Credit Card
2025-12-14 15:03:00,8.0,Cash
2025-12-14 15:07:00,6.0,Cash
2025-12-14 15:16:00,12.0,Debit Card
2025-12-14 15:19:00,30.0,Pix
2025-12-14 15:21:00,16.0,Cash
2025-12-14 15:24:00,8.0,Cash
2025-12-14 15:28:00,8.0,Debit Card
2025-12-14 15:31:00,10.0,Credit Card
2025-12-14 15:33:00,12.0,Debit Card
2025-12-14 15:37:00,20.0,Debit Card
2025-12-14 15:37:00,8.0,Credit Card
2025-12-14 15:44:00,6.5,Cash
2025-12-14 15:45:00,23.0,Credit Card
2025-12-14 15:48:00,14.0,Credit Card
2025-12-14 15:51:00,12.0,Debit Card
2025-12-14 15:54:00,10.0,Cash
2025-12-14 15:57:00,4.0,Credit Card
2025-12-14 15:59:00,28.0,Credit Card
2025-12-14 16:03:00,26.0,Debit Card
2025-12-14 16:04:00,8.0,Credit Card
2025-12-14 16:15:00,6.0,Cash
2025-12-14 16:17:00,4.0,Cash
2025-12-14 16:18:00,4.0,Cash
2025-12-14 16:19:00,4.5,Cash
2025-12-14 16:35:00,18.0,Debit Card
2025-12-14 16:40:00,18.0,Meal Voucher
2025-12-14 16:44:00,30.0,Debit Card
2025-12-14 16:47:00,12.0,Debit Card
2025-12-14 16:49:00,4.0,Meal Voucher
2025-12-14 16:57:00,9.0,Credit Card
2025-12-14 17:06:00,31.5,Cash
2025-12-14 17:08:00,18.0,Cash
2025-12-14 17:09:00,8.0,Debit Card
2025-12-14 17:10:00,15.0,Cash
2025-12-14 17:14:00,10.0,Cash
2025-12-14 17:17:00,10.0,Pix
2025-12-14 17:20:00,30.0,Cash
2025-12-14 17:21:00,8.0,Cash
2025-12-14 17:24:00,30.0,Pix
2025-12-14 17:25:00,18.0,Pix
2025-12-14 17:34:00,16.0,Cash
2025-12-14 17:40:00,26.0,Credit Card
2025-12-14 17:41:00,27.0,Cash
2025-12-14 17:43:00,9.0,Cash
2025-12-14 17:53:00,20.0,Cash
2025-12-14 18:06:00,12.0,Cash
2025-12-14 18:07:00,8.0,Pix
2025-12-14 18:15:00,8.0,Pix
2025-12-14 18:15:00,18.0,Debit Card
2025-12-14 18:18:00,10.0,Cash
2025-12-14 18:20:00,9.0,Cash
2025-12-14 18:28:00,20.0,Cash
2025-12-14 18:28:00,12.0,Cash
2025-12-14 18:45:00,6.0,Credit Card
2025-12-14 18:57:00,15.0,Cash
2025-12-14 19:04:00,9.0,Pix
2025-12-14 19:12:00,13.0,Cash
2025-12-15 11:33:00,4.0,Cash
2025-12-15 11:56:00,9.0,Cash
2025-12-15 12:52:00,34.0,Pix
2025-12-15 14:10:00,15.0,Pix
2025-12-15 14:26:00,34.0,Credit Card
2025-12-15 14:31:00,13.0,Cash
2025-12-15 14:43:00,6.5,Pix
2025-12-15 14:50:00,6.0,Cash
2025-12-15 15:12:00,24.0,Debit Card
2025-12-15 15:19:00,18.0,Debit Card
2025-12-15 15:20:00,20.0,Debit Card
2025-12-15 15:21:00,6.0,Cash
2025-12-15 15:26:00,23.0,Cash
2025-12-15 15:30:00,12.0,Credit Card
2025-12-15 15:34:00,15.0,Debit Card
2025-12-15 15:37:00,4.0,Cash
2025-12-15 15:39:00,14.0,Debit Card
2025-12-15 15:40:00,6.0,Cash
2025-12-15 15:48:00,6.5,Pix
2025-12-15 15:49:00,6.0,Debit Card
2025-12-15 15:52:00,8.0,Debit Card
2025-12-15 16:03:00,18.0,Cash
2025-12-15 16:07:00,45.0,Pix
2025-12-15 16:10:00,13.0,Cash
2025-12-15 16:10:00,6.5,Debit Card
2025-12-15 16:13:00,12.0,Cash
2025-12-15 16:17:00,22.0,Cash
2025-12-15 16:24:00,13.0,Cash
2025-12-15 16:38:00,23.0,Pix
2025-12-15 16:46:00,10.0,Pix
2025-12-15 16:50:00,8.0,Debit Card
2025-12-15 17:07:00,14.0,Cash
2025-12-15 17:28:00,20.0,Cash
2025-12-15 17:33:00,10.0,Pix
2025-12-15 17:34:00,10.0,Meal Voucher
2025-12-15 17:35:00,10.0,Pix
2025-12-15 17:42:00,50.0,Debit Card
2025-12-15 17:46:00,13.0,Pix
2025-12-15 17:50:00,9.0,Debit Card
2025-12-15 17:57:00,30.0,Cash
2025-12-15 18:07:00,8.0,Debit Card
2025-12-15 18:13:00,12.0,Cash
2025-12-15 18:16:00,8.0,Debit Card
2025-12-15 18:33:00,10.0,Debit Card
2025-12-15 19:06:00,20.0,Cash
2025-12-15 19:13:00,36.0,Debit Card
2025-12-15 19:13:00,8.0,Cash
2025-12-16 13:06:00,4.0,Cash
2025-12-16 13:09:00,4.0,Cash
2025-12-16 13:22:00,28.0,Credit Card
2025-12-16 13:22:00,8.0,Cash
2025-12-16 14:00:00,26.0,Debit Card
2025-12-16 14:02:00,10.0,Pix
2025-12-16 14:28:00,8.0,Cash
2025-12-16 14:40:00,12.0,Cash
2025-12-16 14:42:00,13.0,Pix
2025-12-16 15:10:00,10.0,Pix
2025-12-16 15:26:00,18.0,Debit Card
2025-12-16 15:26:00,12.0,Debit Card
2025-12-16 15:28:00,6.0,Cash
2025-12-16 15:33:00,8.0,Cash
2025-12-16 15:37:00,9.0,Cash
2025-12-16 15:48:00,12.0,Cash
2025-12-16 15:57:00,16.0,Cash
2025-12-16 15:58:00,6.0,Cash
2025-12-16 16:03:00,8.0,Cash
2025-12-16 16:13:00,30.0,Pix
2025-12-16 16:16:00,22.0,Debit Card
2025-12-16 16:27:00,10.5,Cash
2025-12-16 16:34:00,24.0,Pix
2025-12-16 16:43:00,6.0,Cash
2025-12-16 16:55:00,26.0,Pix
2025-12-16 16:59:00,14.5,Cash
2025-12-16 16:59:00,8.0,Cash
2025-12-16 17:01:00,6.0,Debit Card
2025-12-16 17:03:00,23.0,Pix
2025-12-16 17:09:00,10.0,Pix
2025-12-16 17:18:00,16.0,Cash
2025-12-16 17:24:00,10.0,Cash
2025-12-16 17:31:00,9.0,Cash
2025-12-16 17:33:00,14.0,Meal Voucher
2025-12-16 17:34:00,8.0,Meal Voucher
2025-12-16 17:35:00,8.0,Debit Card
2025-12-16 17:37:00,8.0,Pix
2025-12-16 17:40:00,8.0,Cash
2025-12-16 17:41:00,10.0,Cash
2025-12-16 17:46:00,24.0,Pix
2025-12-16 17:46:00,4.5,Cash
2025-12-16 17:48:00,12.0,Credit Card
2025-12-16 18:03:00,9.0,Debit Card
2025-12-16 18:07:00,35.0,Debit Card
2025-12-16 18:08:00,9.0,Credit Card
2025-12-16 18:18:00,10.0,Cash
2025-12-16 18:18:00,9.0,Cash
2025-12-16 18:20:00,27.0,Credit Card
2025-12-16 18:51:00,15.0,Pix
2025-12-16 18:54:00,8.0,Debit Card
2025-12-16 19:04:00,8.0,Debit Card
2025-12-16 19:13:00,9.0,Cash
2025-12-16 19:21:00,6.0,Debit Card
2025-12-16 19:35:00,27.5,Debit Card
2025-12-16 19:40:00,20.0,Cash
2025-12-16 19:48:00,18.0,Pix
2025-12-16 20:03:00,9.0,Cash
2025-12-16 20:09:00,9.0,Debit Card
2025-12-17 12:55:00,12.0,Cash
2025-12-17 12:57:00,6.0,Credit Card
2025-12-17 13:11:00,10.0,Debit Card
2025-12-17 13:14:00,20.0,Credit Card
2025-12-17 13:33:00,14.0,Pix
2025-12-17 13:42:00,10.0,Cash
2025-12-17 13:44:00,15.0,Credit Card
2025-12-17 13:45:00,4.5,Debit Card
2025-12-17 13:57:00,34.0,Pix
2025-12-17 14:02:00,14.0,Cash
2025-12-17 14:16:00,14.0,Debit Card
2025-12-17 14:24:00,8.0,Cash
2025-12-17 14:57:00,18.0,Pix
2025-12-17 15:08:00,6.0,Cash
2025-12-17 15:25:00,18.0,Pix
2025-12-17 15:30:00,26.0,Cash
2025-12-17 15:39:00,36.0,Debit Card
2025-12-17 15:51:00,6.0,Credit Card
2025-12-17 15:52:00,36.0,Debit Card
2025-12-17 16:00:00,9.0,Debit Card
2025-12-17 16:12:00,18.0,Cash
2025-12-17 16:15:00,6.0,Pix
2025-12-17 16:17:00,16.0,Credit Card
2025-12-17 16:21:00,4.0,Cash
2025-12-17 16:28:00,8.0,Debit Card
2025-12-17 16:36:00,8.0,Debit Card
2025-12-17 16:37:00,8.0,Cash
2025-12-17 16:39:00,10.0,Cash
2025-12-17 16:47:00,21.0,Debit Card
2025-12-17 16:51:00,30.0,Pix
2025-12-17 16:53:00,6.0,Cash
2025-12-17 16:54:00,8.0,Credit Card
2025-12-17 16:57:00,8.0,Credit Card
2025-12-17 16:59:00,6.5,Pix
2025-12-17 17:05:00,8.0,Pix
2025-12-17 17:07:00,10.0,Debit Card
2025-12-17 17:11:00,18.0,Cash
2025-12-17 17:15:00,10.0,Cash
2025-12-17 17:15:00,4.5,Pix
2025-12-17 17:18:00,6.0,Cash
2025-12-17 17:18:00,6.0,Cash
2025-12-17 17:20:00,14.0,Cash
2025-12-17 17:20:00,16.0,Cash
2025-12-17 17:26:00,8.0,Pix
2025-12-17 17:29:00,4.0,Cash
2025-12-17 17:51:00,9.0,Cash
2025-12-17 17:58:00,23.0,Debit Card
2025-12-17 18:01:00,17.0,Credit Card
2025-12-17 18:16:00,9.0,Cash
2025-12-17 18:31:00,30.0,Pix
2025-12-17 19:06:00,6.0,Debit Card
2025-12-17 19:16:00,24.0,Pix
2025-12-17 19:31:00,28.0,Debit Card
2025-12-17 19:33:00,24.0,Debit Card
2025-12-17 19:38:00,6.5,Cash
2025-12-18 12:50:00,6.5,Cash
2025-12-18 12:55:00,22.0,Debit Card
2025-12-18 13:15:00,6.0,Cash
2025-12-18 13:17:00,10.0,Cash
2025-12-18 13:18:00,6.0,Cash
2025-12-18 13:30:00,14.0,Cash
2025-12-18 13:34:00,6.0,Cash
2025-12-18 13:46:00,6.5,Pix
2025-12-18 13:47:00,4.5,Cash
2025-12-18 13:50:00,6.0,Cash
2025-12-18 14:01:00,6.0,Cash
2025-12-18 14:08:00,6.0,Cash
2025-12-18 14:08:00,19.0,Debit Card
2025-12-18 14:21:00,22.0,Credit Card
2025-12-18 14:28:00,6.0,Cash
2025-12-18 14:44:00,16.0,Credit Card
2025-12-18 14:51:00,8.0,Cash
2025-12-18 14:57:00,8.0,Cash
2025-12-18 15:07:00,12.0,Credit Card
2025-12-18 15:22:00,12.0,Debit Card
2025-12-18 15:23:00,14.0,Debit Card
2025-12-18 15:26:00,29.0,Pix
2025-12-18 15:31:00,10.0,Credit Card
2025-12-18 15:34:00,26.0,Debit Card
2025-12-18 15:38:00,6.0,Cash
2025-12-18 15:50:00,12.0,Pix
2025-12-18 15:53:00,4.0,Cash
2025-12-18 15:53:00,4.0,Cash
2025-12-18 16:12:00,8.0,Cash
2025-12-18 16:19:00,8.0,Pix
2025-12-18 16:26:00,26.0,Debit Card
2025-12-18 16:33:00,47.0,Pix
2025-12-18 16:36:00,6.5,Debit Card
2025-12-18 16:38:00,8.0,Pix
2025-12-18 16:51:00,10.0,Cash
2025-12-18 16:51:00,8.0,Pix
2025-12-18 17:18:00,22.0,Debit Card
2025-12-18 17:26:00,22.0,Cash
2025-12-18 17:26:00,8.0,Cash
2025-12-18 17:29:00,12.0,Cash
2025-12-18 17:30:00,44.0,Credit Card
2025-12-18 17:30:00,6.0,Credit Card
2025-12-18 17:37:00,24.0,Pix
2025-12-18 17:48:00,18.0,Debit Card
2025-12-18 17:52:00,13.0,Pix
2025-12-18 17:54:00,4.0,Pix
2025-12-18 17:55:00,9.0,Debit Card
2025-12-18 18:02:00,12.0,Credit Card
2025-12-18 18:06:00,10.0,Cash
2025-12-18 18:06:00,10.0,Cash
2025-12-18 18:15:00,12.0,Cash
2025-12-18 18:22:00,26.0,Credit Card
2025-12-18 18:27:00,10.0,Cash
2025-12-18 18:29:00,16.0,Debit Card
2025-12-18 18:39:00,16.0,Debit Card
2025-12-18 18:43:00,8.0,Debit Card
2025-12-18 18:46:00,10.0,Debit Card
2025-12-18 18:47:00,8.0,Pix
2025-12-18 19:11:00,6.0,Cash
2025-12-18 19:16:00,10.0,Debit Card
2025-12-18 19:35:00,16.0,Pix
2025-12-18 19:49:00,15.0,Pix
2025-12-18 19:53:00,30.0,Cash
2025-12-19 12:28:00,8.0,Debit Card
2025-12-19 12:37:00,8.0,Cash
2025-12-19 12:37:00,6.0,Cash
2025-12-19 13:03:00,12.0,Pix
2025-12-19 13:07:00,6.0,Credit Card
2025-12-19 13:11:00,26.5,Debit Card
2025-12-19 13:30:00,28.0,Debit Card
2025-12-19 13:40:00,4.0,Cash
2025-12-19 13:48:00,6.0,Cash
2025-12-19 13:50:00,10.0,Cash
2025-12-19 13:51:00,16.0,Debit Card
2025-12-19 13:54:00,6.0,Cash
2025-12-19 14:00:00,16.0,Cash
2025-12-19 14:02:00,6.0,Debit Card
2025-12-19 14:05:00,8.0,Credit Card
2025-12-19 14:22:00,6.0,Cash
2025-12-19 14:24:00,16.0,Credit Card
2025-12-19 14:24:00,6.0,Cash
2025-12-19 14:27:00,6.0,Debit Card
2025-12-19 14:29:00,15.0,Debit Card
2025-12-19 14:36:00,10.0,Debit Card
2025-12-19 14:42:00,23.0,Pix
2025-12-19 14:44:00,10.0,Debit Card
2025-12-19 14:45:00,8.5,Debit Card
2025-12-19 14:46:00,14.0,Cash
2025-12-19 14:56:00,6.0,Cash
2025-12-19 14:57:00,9.0,Pix
2025-12-19 15:07:00,12.0,Pix
2025-12-19 15:12:00,16.0,Pix
2025-12-19 15:15:00,22.0,Debit Card
2025-12-19 15:16:00,26.0,Credit Card
2025-12-19 15:21:00,8.0,Cash
2025-12-19 15:29:00,30.0,Cash
2025-12-19 15:31:00,16.0,Cash
2025-12-19 15:34:00,25.0,Cash
2025-12-19 15:40:00,8.0,Pix
2025-12-19 15:41:00,6.0,Cash
2025-12-19 15:47:00,19.0,Debit Card
2025-12-19 15:53:00,29.0,Debit Card
2025-12-19 15:58:00,10.0,Debit Card
2025-12-19 16:04:00,26.0,Cash
2025-12-19 16:05:00,10.0,Cash
2025-12-19 16:08:00,10.0,Debit Card
2025-12-19 16:11:00,14.0,Cash
2025-12-19 16:14:00,20.0,Debit Card
2025-12-19 16:15:00,10.0,Cash
2025-12-19 16:17:00,9.0,Debit Card
2025-12-19 16:27:00,15.0,Debit Card
2025-12-19 16:27:00,10.0,Pix
2025-12-19 16:29:00,6.0,Cash
2025-12-19 16:30:00,6.5,Credit Card
2025-12-19 16:31:00,8.0,Credit Card
2025-12-19 16:33:00,12.0,Cash
2025-12-19 16:37:00,16.0,Cash
2025-12-19 16:38:00,6.5,Debit Card
2025-12-19 16:39:00,14.0,Pix
2025-12-19 16:40:00,6.0,Debit Card
2025-12-19 16:42:00,6.0,Cash
2025-12-19 16:43:00,6.0,Debit Card
2025-12-19 16:46:00,9.0,Debit Card
2025-12-19 16:51:00,8.0,Pix
2025-12-19 17:00:00,8.0,Pix
2025-12-19 17:10:00,9.0,Cash
2025-12-19 17:11:00,13.0,Credit Card
2025-12-19 17:13:00,16.0,Debit Card
2025-12-19 17:15:00,13.0,Debit Card
2025-12-19 17:19:00,6.0,Cash
2025-12-19 17:20:00,12.5,Pix
2025-12-19 17:44:00,10.0,Debit Card
2025-12-19 17:48:00,6.0,Debit Card
2025-12-19 17:48:00,9.0,Cash
2025-12-19 17:54:00,23.0,Debit Card
2025-12-19 17:54:00,10.5,Cash
2025-12-19 17:57:00,12.0,Debit Card
2025-12-19 18:00:00,22.0,Credit Card
2025-12-19 18:01:00,6.0,Cash
2025-12-19 18:05:00,10.0,Credit Card
2025-12-19 18:05:00,10.0,Cash
2025-12-19 18:09:00,8.0,Pix
2025-12-19 18:20:00,22.5,Debit Card
2025-12-19 18:23:00,12.0,Cash
2025-12-19 18:25:00,13.0,Cash
2025-12-19 18:26:00,4.0,Cash
2025-12-19 18:33:00,8.0,Debit Card
2025-12-19 18:39:00,20.0,Cash
2025-12-19 18:55:00,18.0,Debit Card
2025-12-19 19:05:00,38.0,Credit Card
2025-12-19 19:16:00,8.0,Debit Card
2025-12-19 19:26:00,21.0,Debit Card
2025-12-19 19:29:00,8.0,Credit Card
2025-12-19 19:31:00,12.0,Cash
2025-12-19 14:35:00,6.5,Credit Card
2025-12-20 11:05:00,15.0,Pix
2025-12-20 11:18:00,24.0,Cash
2025-12-20 11:18:00,10.0,Debit Card
2025-12-20 11:22:00,18.0,Debit Card
2025-12-20 11:25:00,10.0,Cash
2025-12-20 11:26:00,10.0,Debit Card
2025-12-20 11:32:00,20.0,Cash
2025-12-20 12:12:00,8.0,Pix
2025-12-20 12:19:00,20.0,Debit Card
2025-12-20 12:28:00,10.0,Credit Card
2025-12-20 12:29:00,22.0,Pix
2025-12-20 12:34:00,6.0,Pix
2025-12-20 12:40:00,30.0,Pix
2025-12-20 12:43:00,18.0,Cash
2025-12-20 12:44:00,4.0,Debit Card
2025-12-20 13:05:00,20.0,Cash
2025-12-20 13:15:00,6.0,Cash
2025-12-20 13:16:00,6.0,Cash
2025-12-20 13:18:00,6.0,Debit Card
2025-12-20 13:23:00,15.0,Pix
2025-12-20 13:30:00,23.0,Cash
2025-12-20 13:31:00,8.0,Cash
2025-12-20 13:31:00,10.0,Debit Card
2025-12-20 13:36:00,16.0,Debit Card
2025-12-20 13:40:00,6.0,Cash
2025-12-20 13:47:00,18.0,Cash
2025-12-20 13:49:00,16.0,Pix
2025-12-20 13:56:00,30.0,Pix
2025-12-20 13:56:00,8.0,Debit Card
2025-12-20 13:57:00,8.0,Credit Card
2025-12-20 14:03:00,10.0,Cash
2025-12-20 14:07:00,18.0,Credit Card
2025-12-20 14:09:00,6.0,Credit Card
2025-12-20 14:10:00,10.0,Cash
2025-12-20 14:11:00,29.0,Debit Card
2025-12-20 14:18:00,12.0,Pix
2025-12-20 14:20:00,16.0,Credit Card
2025-12-20 14:24:00,12.0,Pix
2025-12-20 14:27:00,20.0,Debit Card
2025-12-20 14:27:00,8.0,Cash
2025-12-20 14:31:00,32.0,Cash
2025-12-20 14:37:00,6.0,Pix
2025-12-20 14:43:00,30.0,Cash
2025-12-20 14:51:00,12.0,Pix
2025-12-20 14:52:00,12.0,Debit Card
2025-12-20 14:54:00,13.0,Credit Card
2025-12-20 14:58:00,16.0,Cash
2025-12-20 15:03:00,26.0,Cash
2025-12-20 15:05:00,18.0,Debit Card
2025-12-20 15:05:00,12.0,Debit Card
2025-12-20 15:14:00,13.0,Debit Card
2025-12-20 15:16:00,12.0,Multiple
2025-12-20 15:18:00,18.0,Cash
2025-12-20 15:20:00,16.0,Debit Card
2025-12-20 15:21:00,15.0,Cash
2025-12-20 15:29:00,46.0,Cash
2025-12-20 15:32:00,13.0,Credit Card
2025-12-20 15:33:00,6.0,Cash
2025-12-20 15:34:00,16.0,Pix
2025-12-20 15:35:00,15.0,Debit Card
2025-12-20 15:40:00,6.0,Cash
2025-12-20 15:40:00,14.0,Cash
2025-12-20 15:45:00,6.0,Pix
2025-12-20 15:47:00,22.0,Cash
2025-12-20 15:48:00,30.0,Cash
2025-12-20 15:53:00,17.0,Debit Card
2025-12-20 15:55:00,24.0,Debit Card
2025-12-20 16:01:00,24.0,Debit Card
2025-12-20 16:04:00,12.0,Cash
2025-12-20 16:06:00,14.0,Cash
2025-12-20 16:07:00,4.0,Pix
2025-12-20 16:08:00,4.0,Pix
2025-12-20 16:09:00,16.0,Debit Card
2025-12-20 16:10:00,8.0,Cash
2025-12-20 16:11:00,8.0,Pix
2025-12-20 16:20:00,14.0,Cash
2025-12-20 16:32:00,4.5,Debit Card
2025-12-20 16:41:00,16.0,Cash
2025-12-20 16:41:00,51.0,Cash
2025-12-20 16:42:00,16.0,Pix
2025-12-20 16:47:00,17.5,Pix
2025-12-20 16:49:00,15.0,Cash
2025-12-20 16:51:00,23.0,Pix
2025-12-20 16:54:00,39.0,Debit Card
2025-12-20 16:55:00,4.5,Cash
2025-12-20 17:08:00,20.0,Pix
2025-12-20 17:18:00,20.0,Debit Card
2025-12-20 17:22:00,8.0,Debit Card
2025-12-20 17:28:00,6.0,Cash
2025-12-20 17:29:00,6.0,Cash
2025-12-20 17:30:00,12.0,Cash
2025-12-20 17:31:00,10.0,Cash
2025-12-20 17:41:00,34.0,Credit Card
2025-12-20 17:42:00,8.0,Cash
2025-12-20 17:48:00,10.0,Debit Card
2025-12-20 17:51:00,6.0,Cash
2025-12-20 17:56:00,10.0,Cash
2025-12-20 18:00:00,19.0,Debit Card
2025-12-20 18:01:00,22.0,Cash
2025-12-20 18:04:00,15.0,Pix
2025-12-20 18:06:00,18.0,Debit Card
2025-12-20 18:07:00,12.5,Pix
2025-12-20 18:09:00,22.0,Credit Card
2025-12-20 18:11:00,6.0,Pix
2025-12-20 18:13:00,10.0,Cash
2025-12-20 18:22:00,23.0,Credit Card
2025-12-20 18:23:00,6.0,Cash
2025-12-20 18:27:00,30.0,Cash
2025-12-20 18:30:00,8.0,Debit Card
2025-12-20 18:35:00,40.0,Cash
2025-12-20 18:37:00,21.0,Credit Card
2025-12-20 18:38:00,16.0,Cash
2025-12-20 18:45:00,14.0,Credit Card
2025-12-20 18:54:00,15.0,Cash
2025-12-20 18:56:00,12.0,Debit Card
2025-12-20 19:05:00,10.0,Cash
2025-12-20 19:16:00,10.0,Cash
2025-12-20 19:17:00,12.0,Debit Card
2025-12-20 19:18:00,12.0,Debit Card
2025-12-20 19:19:00,16.0,Cash
2025-12-20 19:22:00,16.0,Debit Card
2025-12-20 19:23:00,20.0,Cash
2025-12-20 19:23:00,18.0,Cash
2025-12-20 19:28:00,4.0,Debit Card
2025-12-20 19:29:00,6.0,Pix
2025-12-20 19:32:00,10.0,Debit Card
2025-12-20 19:42:00,6.0,Pix
2025-12-20 13:22:00,8.5,Cash
2025-12-21 14:57:00,12.0,Credit Card
2025-12-21 15:02:00,8.0,Debit Card
2025-12-21 15:06:00,18.0,Pix
2025-12-21 15:11:00,22.0,Debit Card
2025-12-21 15:13:00,8.0,Debit Card
2025-12-21 15:14:00,6.0,Debit Card
2025-12-21 15:17:00,12.0,Cash
2025-12-21 15:18:00,6.0,Cash
2025-12-21 15:19:00,4.0,Debit Card
2025-12-21 15:25:00,4.5,Cash
2025-12-21 15:29:00,6.0,Credit Card
2025-12-21 15:30:00,16.0,Pix
2025-12-21 15:37:00,24.0,Credit Card
2025-12-21 15:37:00,8.0,Debit Card
2025-12-21 15:39:00,24.0,Cash
2025-12-21 15:43:00,16.0,Cash
2025-12-21 15:43:00,30.0,Cash
2025-12-21 15:43:00,4.0,Debit Card
2025-12-21 15:52:00,16.0,Debit Card
2025-12-21 15:53:00,8.0,Debit Card
2025-12-21 15:55:00,6.5,Cash
2025-12-21 15:55:00,8.0,Credit Card
2025-12-21 16:00:00,6.0,Pix
2025-12-21 16:01:00,6.0,Cash
2025-12-21 16:09:00,4.0,Debit Card
2025-12-21 16:11:00,10.0,Debit Card
2025-12-21 16:12:00,4.0,Cash
2025-12-21 16:12:00,4.0,Debit Card
2025-12-21 16:14:00,25.0,Debit Card
2025-12-21 16:16:00,20.0,Pix
2025-12-21 16:17:00,4.5,Debit Card
2025-12-21 16:17:00,6.0,Credit Card
2025-12-21 16:18:00,8.0,Credit Card
2025-12-21 16:36:00,4.5,Cash
2025-12-21 16:39:00,23.0,Cash
2025-12-21 16:40:00,8.0,Debit Card
2025-12-21 16:44:00,30.0,Cash
2025-12-21 16:49:00,48.0,Credit Card
2025-12-21 16:50:00,26.0,Cash
2025-12-21 16:52:00,19.0,Debit Card
2025-12-21 16:57:00,39.5,Pix
2025-12-21 17:01:00,20.0,Credit Card
2025-12-21 17:04:00,34.0,Cash
2025-12-21 17:07:00,16.0,Pix
2025-12-21 17:08:00,17.0,Pix
2025-12-21 17:10:00,16.0,Debit Card
2025-12-21 17:17:00,24.0,Cash
2025-12-21 17:18:00,19.0,Pix
2025-12-21 17:20:00,20.0,Cash
2025-12-21 17:21:00,20.0,Cash
2025-12-21 17:26:00,39.0,Cash
2025-12-21 17:28:00,16.0,Cash
2025-12-21 17:28:00,6.5,Credit Card
2025-12-21 17:29:00,12.0,Pix
2025-12-21 17:29:00,8.0,Cash
2025-12-21 17:32:00,24.0,Credit Card
2025-12-21 17:34:00,6.0,Credit Card
2025-12-21 17:35:00,14.5,Pix
2025-12-21 17:37:00,8.0,Credit Card
2025-12-21 17:38:00,6.0,Cash
2025-12-21 17:43:00,8.0,Pix
2025-12-21 17:47:00,39.0,Credit Card
2025-12-21 17:53:00,27.0,Credit Card
2025-12-21 17:57:00,10.0,Debit Card
2025-12-21 18:01:00,30.0,Cash
2025-12-21 18:02:00,9.0,Credit Card
2025-12-21 18:10:00,39.0,Cash
2025-12-21 18:12:00,13.0,Credit Card
2025-12-21 18:15:00,4.0,Pix
2025-12-21 18:15:00,6.0,Debit Card
2025-12-21 18:15:00,6.0,Debit Card
2025-12-21 18:25:00,23.0,Pix
2025-12-21 18:28:00,19.0,Pix
2025-12-21 18:37:00,8.0,Credit Card
2025-12-21 18:38:00,6.0,Debit Card
2025-12-21 18:48:00,4.5,Credit Card
2025-12-21 19:06:00,4.0,Pix
2025-12-22 12:13:00,9.0,Debit Card
2025-12-22 12:20:00,15.0,Pix
2025-12-22 12:31:00,10.0,Debit Card
2025-12-22 12:38:00,32.0,Cash
2025-12-22 12:53:00,15.0,Debit Card
2025-12-22 13:01:00,14.0,Pix
2025-12-22 13:08:00,24.0,Multiple
2025-12-22 13:09:00,16.0,Debit Card
2025-12-22 13:17:00,12.0,Cash
2025-12-22 13:19:00,10.0,Debit Card
2025-12-22 13:20:00,15.0,Cash
2025-12-22 13:20:00,4.0,Pix
2025-12-22 13:30:00,12.0,Debit Card
2025-12-22 13:38:00,12.0,Pix
2025-12-22 14:14:00,8.0,Cash
2025-12-22 14:17:00,6.5,Cash
2025-12-22 14:22:00,6.0,Cash
2025-12-22 14:23:00,8.0,Credit Card
2025-12-22 14:23:00,8.0,Cash
2025-12-22 14:26:00,16.0,Multiple
2025-12-22 14:31:00,12.5,Debit Card
2025-12-22 14:47:00,24.0,Cash
2025-12-22 14:48:00,30.0,Debit Card
2025-12-22 14:52:00,6.0,Debit Card
2025-12-22 14:56:00,30.0,Cash
2025-12-22 14:57:00,13.0,Debit Card
2025-12-22 14:58:00,6.0,Cash
2025-12-22 15:02:00,15.0,Debit Card
2025-12-22 15:06:00,10.0,Pix
2025-12-22 15:13:00,24.5,Pix
2025-12-22 15:16:00,30.0,Multiple
2025-12-22 15:18:00,32.0,Debit Card
2025-12-22 15:22:00,14.0,Cash
2025-12-22 15:23:00,13.0,Debit Card
2025-12-22 15:23:00,10.0,Debit Card
2025-12-22 15:32:00,10.0,Cash
2025-12-22 15:35:00,18.0,Debit Card
2025-12-22 15:38:00,14.5,Pix
2025-12-22 15:42:00,23.0,Cash
2025-12-22 15:42:00,9.0,Pix
2025-12-22 16:27:00,9.0,Debit Card
2025-12-22 16:37:00,20.0,Debit Card
2025-12-22 16:57:00,8.0,Cash
2025-12-22 17:01:00,6.5,Credit Card
2025-12-22 17:12:00,42.0,Pix
2025-12-22 17:27:00,61.0,Debit Card
2025-12-22 17:41:00,10.0,Cash
2025-12-22 17:44:00,12.0,Credit Card
2025-12-22 17:48:00,27.0,Debit Card
2025-12-22 18:14:00,6.5,Debit Card
2025-12-22 18:15:00,6.0,Credit Card
2025-12-22 18:19:00,12.0,Cash
2025-12-22 18:21:00,6.0,Debit Card
2025-12-22 18:45:00,6.0,Pix
2025-12-22 18:58:00,39.0,Cash
2025-12-22 18:58:00,6.0,Debit Card
2025-12-22 18:59:00,24.0,Credit Card
2025-12-22 19:27:00,24.0,Cash
2025-12-22 19:42:00,26.0,Cash
2025-12-22 19:43:00,14.0,Credit Card
2025-12-22 20:05:00,18.0,Pix
2025-12-23 12:26:00,4.0,Pix
2025-12-23 12:39:00,16.0,Pix
2025-12-23 12:43:00,13.0,Cash
2025-12-23 12:58:00,4.0,Cash
2025-12-23 13:03:00,6.0,Cash
2025-12-23 13:08:00,6.0,Credit Card
2025-12-23 13:08:00,6.0,Pix
2025-12-23 13:26:00,20.0,Pix
2025-12-23 13:26:00,6.5,Pix
2025-12-23 13:29:00,14.0,Credit Card
2025-12-23 13:35:00,12.0,Pix
2025-12-23 13:43:00,6.0,Cash
2025-12-23 13:43:00,6.0,Credit Card
2025-12-23 13:48:00,10.5,Debit Card
2025-12-23 14:27:00,39.0,Credit Card
2025-12-23 14:30:00,21.0,Debit Card
2025-12-23 14:36:00,52.0,Pix
2025-12-23 14:39:00,28.0,Credit Card
2025-12-23 14:40:00,6.0,Cash
2025-12-23 14:44:00,40.0,Pix
2025-12-23 14:45:00,16.0,Pix
2025-12-23 14:58:00,30.0,Debit Card
2025-12-23 14:59:00,20.0,Cash
2025-12-23 15:05:00,10.0,Cash
2025-12-23 15:11:00,39.0,Debit Card
2025-12-23 15:12:00,5.0,Cash
2025-12-23 15:13:00,12.0,Pix
2025-12-23 15:15:00,4.0,Cash
2025-12-23 15:20:00,25.0,Debit Card
2025-12-23 15:22:00,16.0,Cash
2025-12-23 15:24:00,20.0,Debit Card
2025-12-23 15:28:00,24.0,Cash
2025-12-23 15:29:00,18.0,Debit Card
2025-12-23 15:36:00,13.0,Credit Card
2025-12-23 15:42:00,10.0,Cash
2025-12-23 15:43:00,8.0,Pix
2025-12-23 15:45:00,27.0,Cash
2025-12-23 15:47:00,12.0,Pix
2025-12-23 15:50:00,13.0,Cash
2025-12-23 15:53:00,13.0,Debit Card
2025-12-23 15:54:00,6.5,Debit Card
2025-12-23 15:55:00,19.0,Cash
2025-12-23 15:55:00,13.0,Cash
2025-12-23 16:09:00,20.0,Debit Card
2025-12-23 16:11:00,14.0,Cash
2025-12-23 16:15:00,16.0,Cash
2025-12-23 16:18:00,8.0,Cash
2025-12-23 16:19:00,16.0,Pix
2025-12-23 16:21:00,8.0,Cash
2025-12-23 16:22:00,16.0,Credit Card
2025-12-23 16:27:00,10.0,Cash
2025-12-23 16:29:00,18.0,Debit Card
2025-12-23 16:31:00,8.0,Debit Card
2025-12-23 16:31:00,6.0,Cash
2025-12-23 16:33:00,6.0,Cash
2025-12-23 16:48:00,6.5,Cash
2025-12-23 16:52:00,25.0,Debit Card
2025-12-23 16:54:00,19.0,Pix
2025-12-23 16:55:00,18.0,Debit Card
2025-12-23 16:58:00,6.0,Debit Card
2025-12-23 17:08:00,14.0,Debit Card
2025-12-23 17:21:00,14.0,Pix
2025-12-23 17:24:00,26.0,Credit Card
2025-12-23 17:29:00,13.0,Debit Card
2025-12-23 17:30:00,10.0,Pix
2025-12-23 17:34:00,26.0,Credit Card
2025-12-23 17:40:00,19.0,Pix
2025-12-23 17:51:00,18.0,Pix
2025-12-23 17:52:00,6.0,Credit Card
2025-12-23 17:55:00,6.0,Debit Card
2025-12-23 17:58:00,33.0,Pix
2025-12-23 17:59:00,6.0,Cash
2025-12-23 18:02:00,22.0,Debit Card
2025-12-23 18:06:00,10.0,Credit Card
2025-12-23 18:22:00,20.0,Debit Card
2025-12-23 18:25:00,9.0,Pix
2025-12-23 18:39:00,13.0,Debit Card
2025-12-23 18:53:00,9.0,Cash
2025-12-23 19:00:00,10.0,Pix
2025-12-23 19:09:00,4.0,Cash
2025-12-23 19:12:00,12.0,Debit Card
2025-12-23 19:13:00,13.0,Debit Card
2025-12-23 19:34:00,9.0,Pix
2025-12-23 19:39:00,8.0,Credit Card
2025-12-23 20:06:00,19.5,Debit Card
2025-12-24 09:32:00,12.0,Cash
2025-12-24 09:45:00,6.0,Cash
2025-12-24 10:04:00,20.0,Debit Card
2025-12-24 10:28:00,20.0,Credit Card
2025-12-24 10:42:00,10.0,Debit Card
2025-12-24 10:58:00,33.0,Cash
2025-12-24 11:03:00,6.5,Cash
2025-12-24 11:08:00,4.0,Cash
2025-12-24 11:18:00,8.0,Pix
2025-12-24 11:21:00,12.0,Credit Card
2025-12-24 11:36:00,10.0,Cash
2025-12-24 11:39:00,4.0,Cash
2025-12-24 11:41:00,6.5,Pix
2025-12-24 11:51:00,17.0,Debit Card
2025-12-24 11:52:00,13.0,Debit Card
2025-12-24 12:10:00,15.0,Cash
2025-12-24 12:10:00,6.5,Debit Card
2025-12-24 12:13:00,10.5,Pix
2025-12-24 12:19:00,10.0,Cash
2025-12-24 12:20:00,10.0,Cash
2025-12-24 12:27:00,20.0,Pix
2025-12-24 12:31:00,20.0,Debit Card
2025-12-24 12:34:00,20.0,Debit Card
2025-12-24 12:36:00,10.0,Credit Card
2025-12-24 12:38:00,19.0,Cash
2025-12-24 12:44:00,20.0,Cash
2025-12-24 12:44:00,10.0,Cash
2025-12-24 12:52:00,4.0,Cash
2025-12-24 12:53:00,10.0,Pix
2025-12-24 12:55:00,12.0,Cash
2025-12-24 12:56:00,4.0,Cash
2025-12-24 12:58:00,24.0,Cash
2025-12-24 12:59:00,4.0,Debit Card
2025-12-24 13:04:00,34.0,Meal Voucher
2025-12-24 13:13:00,6.0,Debit Card
2025-12-24 13:21:00,34.0,Credit Card
2025-12-24 13:24:00,20.0,Pix
2025-12-24 13:26:00,8.0,Pix
2025-12-24 13:26:00,15.0,Cash
2025-12-24 13:27:00,8.0,Debit Card
2025-12-24 13:30:00,18.0,Cash
2025-12-24 13:34:00,22.0,Cash
2025-12-24 13:40:00,26.0,Credit Card
2025-12-24 13:41:00,13.0,Cash
2025-12-24 13:42:00,6.0,Debit Card
2025-12-24 13:44:00,19.0,Debit Card
2025-12-24 13:47:00,6.0,Cash
2025-12-24 13:48:00,52.0,Pix
2025-12-24 13:55:00,10.0,Debit Card
2025-12-24 13:56:00,14.0,Cash
2025-12-24 13:58:00,6.0,Debit Card
2025-12-24 14:02:00,14.0,Credit Card
2025-12-24 14:03:00,10.0,Cash
2025-12-24 14:04:00,9.0,Cash
2025-12-24 14:05:00,14.0,Pix
2025-12-24 14:07:00,6.0,Debit Card
2025-12-24 14:14:00,25.5,Credit Card
2025-12-24 14:14:00,20.0,Cash
2025-12-24 14:21:00,22.0,Pix
2025-12-24 14:22:00,30.0,Debit Card
2025-12-24 14:30:00,43.0,Credit Card
2025-12-24 14:30:00,6.0,Pix
2025-12-24 14:35:00,31.0,Credit Card
2025-12-24 14:38:00,25.5,Multiple
2025-12-24 14:44:00,16.0,Cash
2025-12-24 14:46:00,10.0,Cash
2025-12-24 14:50:00,10.0,Cash
2025-12-24 14:50:00,8.0,Credit Card
2025-12-24 14:52:00,12.0,Cash
2025-12-24 14:53:00,24.0,Debit Card
2025-12-24 14:57:00,10.0,Debit Card
2025-12-24 14:58:00,12.0,Cash
2025-12-24 15:02:00,12.0,Cash
2025-12-24 15:05:00,18.0,Pix
2025-12-24 15:06:00,8.0,Debit Card
2025-12-24 15:08:00,6.0,Debit Card
2025-12-24 15:10:00,10.0,Credit Card
2025-12-24 15:13:00,10.0,Pix
2025-12-24 15:16:00,6.0,Cash
2025-12-24 15:24:00,20.0,Cash
2025-12-24 15:26:00,20.0,Debit Card
2025-12-24 15:27:00,12.0,Pix
2025-12-24 15:29:00,4.0,Debit Card
2025-12-24 15:33:00,30.0,Cash
2025-12-24 15:36:00,28.0,Credit Card
2025-12-24 15:38:00,18.0,Debit Card
2025-12-24 15:39:00,6.0,Cash
2025-12-24 15:39:00,10.5,Cash
2025-12-24 15:43:00,24.0,Cash
2025-12-24 15:48:00,8.0,Cash
2025-12-24 15:49:00,8.0,Debit Card
2025-12-24 15:51:00,14.5,Pix
2025-12-24 15:52:00,8.0,Debit Card
2025-12-24 15:59:00,29.0,Pix
2025-12-24 16:01:00,20.0,Cash
2025-12-24 16:01:00,6.0,Pix
2025-12-24 16:02:00,10.0,Pix
2025-12-24 16:05:00,20.0,Pix
2025-12-24 16:09:00,30.0,Pix
2025-12-24 16:10:00,14.5,Cash
2025-12-24 16:12:00,6.5,Debit Card
2025-12-24 16:13:00,14.0,Debit Card
2025-12-24 16:16:00,26.0,Pix
2025-12-24 16:16:00,12.0,Pix
2025-12-24 16:18:00,10.0,Cash
2025-12-24 16:19:00,4.0,Pix
2025-12-24 16:31:00,20.0,Cash
2025-12-24 16:31:00,9.0,Pix
2025-12-24 16:35:00,8.0,Cash
2025-12-24 16:36:00,15.0,Cash
2025-12-24 16:39:00,10.0,Cash
2025-12-24 16:41:00,20.0,Cash
2025-12-24 16:47:00,20.0,Pix
2025-12-24 17:00:00,26.0,Cash
2025-12-24 17:02:00,6.0,Pix
2025-12-24 17:06:00,16.0,Cash
2025-12-24 17:09:00,6.0,Pix
2025-12-24 17:11:00,22.0,Debit Card
2025-12-24 17:13:00,35.0,Pix
2025-12-24 17:18:00,20.0,Pix
2025-12-24 17:18:00,6.0,Cash
2025-12-24 17:20:00,16.0,Cash
2025-12-24 17:28:00,30.0,Pix
2025-12-24 17:30:00,6.0,Pix
2025-12-24 17:31:00,12.0,Debit Card
2025-12-24 17:34:00,15.0,Debit Card
2025-12-24 17:36:00,15.0,Pix
2025-12-24 17:38:00,13.0,Pix
2025-12-24 17:40:00,15.0,Cash
2025-12-24 17:42:00,8.0,Credit Card
2025-12-24 17:43:00,4.0,Credit Card
2025-12-24 17:56:00,8.0,Cash
2025-12-24 18:00:00,12.0,Cash
2025-12-24 18:04:00,30.0,Pix
2025-12-24 18:04:00,26.0,Debit Card
2025-12-24 18:09:00,16.0,Debit Card
2025-12-24 18:13:00,32.0,Debit Card
2025-12-26 12:35:00,8.0,Debit Card
2025-12-26 13:17:00,10.0,Credit Card
2025-12-26 13:19:00,21.0,Credit Card
2025-12-26 13:20:00,6.0,Debit Card
2025-12-26 13:31:00,19.0,Debit Card
2025-12-26 14:01:00,12.0,Cash
2025-12-26 14:19:00,8.0,Cash
2025-12-26 14:21:00,16.5,Cash
2025-12-26 14:45:00,18.5,Cash
2025-12-26 14:52:00,8.0,Debit Card
2025-12-26 14:54:00,13.0,Debit Card
2025-12-26 15:02:00,19.0,Credit Card
2025-12-26 15:04:00,10.0,Debit Card
2025-12-26 15:07:00,12.0,Cash
2025-12-26 15:08:00,8.0,Cash
2025-12-26 15:08:00,8.0,Cash
2025-12-26 15:09:00,4.5,Cash
2025-12-26 15:18:00,30.5,Debit Card
2025-12-26 15:19:00,24.0,Debit Card
2025-12-26 15:22:00,8.0,Pix
2025-12-26 15:29:00,14.0,Cash
2025-12-26 15:31:00,12.0,Cash
2025-12-26 15:33:00,14.5,Pix
2025-12-26 15:35:00,21.0,Cash
2025-12-26 15:35:00,16.0,Cash
2025-12-26 15:38:00,8.0,Debit Card
2025-12-26 15:46:00,6.0,Pix
2025-12-26 15:48:00,14.5,Debit Card
2025-12-26 15:49:00,4.0,Cash
2025-12-26 15:56:00,11.0,Cash
2025-12-26 16:02:00,60.0,Credit Card
2025-12-26 16:04:00,26.0,Pix
2025-12-26 16:06:00,12.0,Debit Card
2025-12-26 16:08:00,18.0,Cash
2025-12-26 16:09:00,14.0,Cash
2025-12-26 16:15:00,10.0,Pix
2025-12-26 16:21:00,16.0,Cash
2025-12-26 16:22:00,4.5,Pix
2025-12-26 16:24:00,10.0,Pix
2025-12-26 16:28:00,16.0,Credit Card
2025-12-26 16:34:00,8.0,Credit Card
2025-12-26 16:38:00,8.0,Cash
2025-12-26 16:47:00,8.0,Cash
2025-12-26 16:49:00,12.0,Debit Card
2025-12-26 16:52:00,8.0,Cash
2025-12-26 16:58:00,26.0,Credit Card
2025-12-26 16:59:00,16.0,Debit Card
2025-12-26 17:02:00,14.0,Credit Card
2025-12-26 17:03:00,15.0,Pix
2025-12-26 17:04:00,18.0,Pix
2025-12-26 17:12:00,55.0,Cash
2025-12-26 17:21:00,15.0,Credit Card
2025-12-26 17:23:00,12.0,Pix
2025-12-26 17:24:00,6.0,Cash
2025-12-26 17:27:00,4.5,Pix
2025-12-26 17:29:00,10.0,Debit Card
2025-12-26 17:31:00,9.0,Cash
2025-12-26 17:33:00,10.5,Debit Card
2025-12-26 17:35:00,14.0,Credit Card
2025-12-26 17:42:00,13.0,Cash
2025-12-26 17:42:00,6.5,Debit Card
2025-12-26 17:52:00,9.0,Pix
2025-12-26 17:58:00,6.0,Debit Card
2025-12-26 18:02:00,16.0,Credit Card
2025-12-26 18:03:00,6.5,Pix
2025-12-26 18:06:00,26.0,Pix
2025-12-26 18:33:00,46.0,Debit Card
2025-12-26 18:34:00,24.0,Debit Card
2025-12-26 19:15:00,14.0,Credit Card
2025-12-26 19:17:00,6.0,Cash
2025-12-27 11:11:00,18.0,Meal Voucher
2025-12-27 11:29:00,10.0,Cash
2025-12-27 11:49:00,10.0,Credit Card
2025-12-27 12:28:00,13.0,Cash
2025-12-27 12:29:00,10.0,Cash
2025-12-27 12:42:00,4.0,Debit Card
2025-12-27 12:50:00,4.5,Pix
2025-12-27 12:54:00,16.0,Debit Card
2025-12-27 13:10:00,9.0,Credit Card
2025-12-27 13:31:00,24.0,Cash
2025-12-27 13:38:00,30.0,Debit Card
2025-12-27 13:47:00,12.0,Pix
2025-12-27 13:52:00,4.0,Debit Card
2025-12-27 14:02:00,22.0,Pix
2025-12-27 14:08:00,12.0,Cash
2025-12-27 14:09:00,13.5,Debit Card
2025-12-27 14:19:00,14.0,Debit Card
2025-12-27 14:19:00,9.0,Debit Card
2025-12-27 14:21:00,10.0,Pix
2025-12-27 14:28:00,25.5,Debit Card
2025-12-27 14:34:00,4.0,Debit Card
2025-12-27 14:40:00,18.0,Cash
2025-12-27 15:15:00,58.0,Multiple
2025-12-27 15:17:00,20.5,Debit Card
2025-12-27 15:19:00,16.0,Debit Card
2025-12-27 15:20:00,8.0,Cash
2025-12-27 15:22:00,8.5,Pix
2025-12-27 15:22:00,10.0,Cash
2025-12-27 15:27:00,21.0,Debit Card
2025-12-27 15:31:00,8.0,Cash
2025-12-27 15:31:00,9.0,Debit Card
2025-12-27 15:40:00,29.0,Debit Card
2025-12-27 15:48:00,14.5,Debit Card
2025-12-27 15:49:00,9.0,Pix
2025-12-27 15:50:00,6.0,Pix
2025-12-27 15:50:00,4.0,Cash
2025-12-27 15:51:00,4.5,Cash
2025-12-27 15:53:00,14.0,Cash
2025-12-27 15:53:00,8.0,Credit Card
2025-12-27 15:54:00,12.0,Debit Card
2025-12-27 15:56:00,9.0,Credit Card
2025-12-27 16:02:00,26.0,Cash
2025-12-27 16:10:00,10.0,Pix
2025-12-27 16:15:00,17.0,Debit Card
2025-12-27 16:22:00,24.0,Cash
2025-12-27 16:23:00,10.0,Debit Card
2025-12-27 16:25:00,28.0,Cash
2025-12-27 16:29:00,26.0,Debit Card
2025-12-27 16:30:00,8.0,Cash
2025-12-27 16:32:00,8.0,Cash
2025-12-27 16:36:00,8.0,Credit Card
2025-12-27 16:45:00,30.0,Debit Card
2025-12-27 16:47:00,20.0,Cash
2025-12-27 16:55:00,12.0,Debit Card
2025-12-27 16:58:00,23.0,Debit Card
2025-12-27 16:58:00,12.0,Pix
2025-12-27 17:09:00,18.0,Debit Card
2025-12-27 17:10:00,6.5,Cash
2025-12-27 17:10:00,15.0,Debit Card
2025-12-27 17:12:00,12.0,Pix
2025-12-27 17:16:00,19.0,Debit Card
2025-12-27 17:20:00,19.0,Cash
2025-12-27 17:21:00,9.0,Debit Card
2025-12-27 17:21:00,6.0,Pix
2025-12-27 17:22:00,8.0,Debit Card
2025-12-27 17:23:00,14.0,Debit Card
2025-12-27 17:28:00,22.0,Credit Card
2025-12-27 17:34:00,12.0,Debit Card
2025-12-27 17:37:00,10.5,Credit Card
2025-12-27 17:44:00,39.0,Cash
2025-12-27 17:46:00,28.0,Credit Card
2025-12-27 17:47:00,8.0,Credit Card
2025-12-27 17:48:00,8.0,Cash
2025-12-27 17:50:00,16.0,Debit Card
2025-12-27 17:51:00,16.0,Cash
2025-12-27 17:54:00,8.0,Debit Card
2025-12-27 17:56:00,10.0,Cash
2025-12-27 18:00:00,16.0,Debit Card
2025-12-27 18:11:00,20.0,Debit Card
2025-12-27 18:17:00,6.0,Cash
2025-12-27 18:23:00,51.0,Debit Card
2025-12-27 18:25:00,12.0,Cash
2025-12-27 18:29:00,20.0,Cash
2025-12-27 18:50:00,6.5,Debit Card
2025-12-27 18:50:00,13.0,Credit Card
2025-12-27 18:55:00,8.0,Pix
2025-12-27 18:57:00,10.0,Credit Card
2025-12-27 19:02:00,18.0,Pix
2025-12-27 19:19:00,10.0,Debit Card
2025-12-27 19:23:00,36.0,Debit Card
2025-12-27 19:25:00,4.0,Credit Card
2025-12-27 19:36:00,20.0,Debit Card
2025-12-27 19:37:00,19.5,Credit Card
2025-12-27 19:54:00,19.0,Cash
2025-12-27 19:59:00,39.0,Credit Card
2025-12-28 15:01:00,13.0,Credit Card
2025-12-28 15:07:00,14.0,Pix
2025-12-28 15:26:00,23.0,Credit Card
2025-12-28 15:35:00,50.0,Credit Card
2025-12-28 15:39:00,40.0,Credit Card
2025-12-28 15:46:00,14.0,Credit Card
2025-12-28 15:55:00,36.0,Multiple
2025-12-28 15:56:00,8.0,Debit Card
2025-12-28 15:57:00,4.0,Debit Card
2025-12-28 16:07:00,21.0,Credit Card
2025-12-28 16:07:00,24.0,Pix
2025-12-28 16:15:00,29.0,Cash
2025-12-28 16:24:00,10.0,Credit Card
2025-12-28 16:30:00,16.5,Cash
2025-12-28 16:38:00,4.0,Cash
2025-12-28 16:47:00,4.0,Cash
2025-12-28 16:55:00,22.0,Credit Card
2025-12-28 17:02:00,15.0,Debit Card
2025-12-28 17:05:00,8.0,Cash
2025-12-28 17:12:00,12.0,Cash
2025-12-28 17:15:00,34.0,Debit Card
2025-12-28 17:15:00,8.0,Cash
2025-12-28 17:25:00,18.0,Debit Card
2025-12-28 17:26:00,6.0,Cash
2025-12-28 17:33:00,12.0,Debit Card
2025-12-28 17:36:00,22.0,Multiple
2025-12-28 17:37:00,18.0,Debit Card
2025-12-28 17:41:00,31.5,Cash
2025-12-28 17:47:00,30.0,Debit Card
2025-12-28 17:58:00,18.0,Debit Card
2025-12-28 18:01:00,24.0,Credit Card
2025-12-28 18:03:00,20.0,Debit Card
2025-12-28 18:07:00,30.0,Pix
2025-12-28 18:12:00,40.0,Debit Card
2025-12-28 18:14:00,13.0,Debit Card
2025-12-28 18:18:00,31.0,Pix
2025-12-28 18:19:00,16.0,Debit Card
2025-12-28 18:21:00,8.0,Debit Card
2025-12-28 18:22:00,24.0,Debit Card
2025-12-28 18:33:00,29.0,Credit Card
2025-12-28 18:33:00,4.5,Cash
2025-12-28 18:38:00,44.0,Credit Card
2025-12-28 18:44:00,12.0,Credit Card
2025-12-28 18:51:00,18.0,Cash
2025-12-28 18:59:00,12.0,Cash
2025-12-28 19:02:00,19.0,Cash
2025-12-28 19:06:00,32.0,Cash
2025-12-28 19:16:00,18.0,Debit Card
2025-12-28 19:31:00,10.0,Pix
2025-12-28 19:34:00,21.0,Cash
2025-12-28 19:37:00,18.0,Cash
2025-12-28 19:40:00,14.0,Debit Card
2025-12-28 19:46:00,18.0,Cash
2025-12-28 19:47:00,6.0,Credit Card
2025-12-28 19:54:00,6.0,Cash
2025-12-29 12:26:00,4.5,Cash
2025-12-29 12:39:00,8.0,Cash
2025-12-29 12:40:00,8.0,Cash
2025-12-29 13:02:00,23.0,Pix
2025-12-29 13:02:00,6.0,Cash
2025-12-29 13:20:00,6.0,Cash
2025-12-29 13:24:00,6.0,Credit Card
2025-12-29 13:31:00,12.0,Cash
2025-12-29 13:44:00,8.0,Credit Card
2025-12-29 14:03:00,26.0,Debit Card
2025-12-29 14:09:00,4.0,Pix
2025-12-29 14:38:00,15.0,Debit Card
2025-12-29 14:43:00,12.0,Cash
2025-12-29 14:48:00,26.0,Pix
2025-12-29 14:50:00,8.0,Debit Card
2025-12-29 14:51:00,8.0,Debit Card
2025-12-29 15:01:00,4.0,Cash
2025-12-29 15:07:00,25.0,Credit Card
2025-12-29 15:09:00,19.0,Cash
2025-12-29 15:28:00,32.0,Cash
2025-12-29 15:31:00,34.5,Cash
2025-12-29 15:35:00,23.0,Pix
2025-12-29 15:40:00,6.5,Debit Card
2025-12-29 15:41:00,12.0,Cash
2025-12-29 15:44:00,45.0,Cash
2025-12-29 15:47:00,8.0,Debit Card
2025-12-29 15:49:00,12.0,Credit Card
2025-12-29 15:50:00,15.0,Pix
2025-12-29 15:54:00,6.0,Pix
2025-12-29 16:02:00,6.0,Debit Card
2025-12-29 16:04:00,28.0,Cash
2025-12-29 16:07:00,10.0,Pix
2025-12-29 16:13:00,9.0,Debit Card
2025-12-29 16:18:00,16.0,Cash
2025-12-29 16:22:00,12.0,Cash
2025-12-29 16:24:00,6.0,Debit Card
2025-12-29 16:34:00,38.0,Cash
2025-12-29 16:35:00,15.0,Debit Card
2025-12-29 16:36:00,20.0,Meal Voucher
2025-12-29 16:40:00,29.0,Cash
2025-12-29 16:44:00,18.0,Cash
2025-12-29 16:46:00,20.0,Pix
2025-12-29 16:48:00,16.0,Cash
2025-12-29 16:49:00,9.0,Cash
2025-12-29 17:00:00,20.0,Credit Card
2025-12-29 17:02:00,6.0,Credit Card
2025-12-29 17:03:00,10.0,Pix
2025-12-29 17:04:00,16.5,Debit Card
2025-12-29 17:05:00,9.0,Pix
2025-12-29 17:08:00,9.0,Credit Card
2025-12-29 17:13:00,9.0,Credit Card
2025-12-29 17:21:00,18.0,Cash
2025-12-29 17:24:00,20.0,Pix
2025-12-29 17:25:00,27.0,Cash
2025-12-29 17:41:00,9.0,Debit Card
2025-12-29 17:43:00,27.0,Debit Card
2025-12-30 12:29:00,15.0,Debit Card
2025-12-30 12:48:00,13.5,Debit Card
2025-12-30 12:50:00,6.0,Pix
2025-12-30 12:53:00,12.0,Debit Card
2025-12-30 12:53:00,8.0,Debit Card
2025-12-30 13:02:00,6.5,Debit Card
2025-12-30 13:06:00,15.0,Pix
2025-12-30 13:25:00,10.0,Cash
2025-12-30 13:41:00,28.0,Credit Card
2025-12-30 13:41:00,16.0,Cash
2025-12-30 13:41:00,9.0,Cash
2025-12-30 13:42:00,15.0,Cash
2025-12-30 13:43:00,8.0,Cash
2025-12-30 13:51:00,8.0,Pix
2025-12-30 13:55:00,10.0,Pix
2025-12-30 13:56:00,13.0,Debit Card
2025-12-30 14:28:00,8.0,Cash
2025-12-30 14:31:00,6.0,Cash
2025-12-30 14:32:00,4.0,Cash
2025-12-30 14:41:00,21.0,Cash
2025-12-30 14:48:00,6.0,Debit Card
2025-12-30 14:52:00,12.0,Cash
2025-12-30 14:54:00,20.5,Cash
2025-12-30 14:56:00,21.0,Debit Card
2025-12-30 14:58:00,14.0,Cash
2025-12-30 15:02:00,24.0,Cash
2025-12-30 15:05:00,18.5,Cash
2025-12-30 15:08:00,16.0,Debit Card
2025-12-30 15:12:00,16.0,Cash
2025-12-30 15:15:00,8.5,Debit Card
2025-12-30 15:19:00,30.0,Credit Card
2025-12-30 15:25:00,6.0,Cash
2025-12-30 15:28:00,15.0,Cash
2025-12-30 15:32:00,4.5,Cash
2025-12-30 15:39:00,18.0,Cash
2025-12-30 15:39:00,16.0,Cash
2025-12-30 15:45:00,10.0,Cash
2025-12-30 15:50:00,32.0,Pix
2025-12-30 15:52:00,23.0,Cash
2025-12-30 15:53:00,30.5,Credit Card
2025-12-30 15:56:00,6.0,Pix
2025-12-30 15:56:00,10.0,Cash
2025-12-30 15:58:00,6.0,Cash
2025-12-30 16:00:00,15.0,Pix
2025-12-30 16:10:00,30.0,Cash
2025-12-30 16:14:00,30.0,Debit Card
2025-12-30 16:15:00,8.0,Cash
2025-12-30 16:17:00,18.0,Credit Card
2025-12-30 16:20:00,26.0,Pix
2025-12-30 16:23:00,18.0,Pix
2025-12-30 16:24:00,6.0,Cash
2025-12-30 16:25:00,12.0,Debit Card
2025-12-30 16:29:00,30.0,Debit Card
2025-12-30 16:32:00,21.0,Debit Card
2025-12-30 16:35:00,8.0,Pix
2025-12-30 16:40:00,8.0,Debit Card
2025-12-30 16:41:00,22.0,Debit Card
2025-12-30 16:46:00,30.0,Cash
2025-12-30 16:50:00,4.0,Cash
2025-12-30 17:00:00,34.0,Debit Card
2025-12-30 17:11:00,40.0,Cash
2025-12-30 17:11:00,15.0,Pix
2025-12-30 17:16:00,14.5,Debit Card
2025-12-30 17:22:00,13.0,Cash
2025-12-30 17:25:00,6.5,Credit Card
2025-12-30 17:26:00,6.0,Cash
2025-12-30 17:29:00,14.0,Cash
2025-12-30 17:34:00,16.0,Meal Voucher
2025-12-30 17:36:00,6.0,Debit Card
2025-12-30 17:37:00,6.0,Debit Card
2025-12-30 17:49:00,20.0,Debit Card
2025-12-30 17:53:00,30.0,Credit Card
2025-12-30 18:06:00,20.0,Cash
2025-12-30 18:10:00,18.0,Cash
2025-12-30 18:16:00,20.0,Cash
2025-12-30 18:16:00,6.0,Cash
2025-12-30 18:19:00,30.0,Cash
2025-12-30 18:21:00,10.0,Cash
2025-12-30 18:22:00,6.5,Cash
2025-12-30 18:29:00,22.0,Credit Card
2025-12-30 18:32:00,12.0,Cash
2025-12-30 19:25:00,6.5,Cash
2025-12-30 19:27:00,6.5,Cash
2025-12-30 19:28:00,4.0,Cash
2025-12-31 11:45:00,14.5,Debit Card
2025-12-31 11:47:00,6.5,Debit Card
2025-12-31 12:40:00,6.0,Cash
2025-12-31 13:44:00,19.0,Credit Card
2025-12-31 13:45:00,4.0,Cash
2025-12-31 13:54:00,4.0,Cash
2025-12-31 13:54:00,4.5,Cash
2025-12-31 13:56:00,4.0,Cash
2025-12-31 13:59:00,18.0,Cash
2025-12-31 14:03:00,19.0,Debit Card
2025-12-31 14:12:00,28.0,Cash
2025-12-31 14:24:00,13.0,Debit Card
2025-12-31 14:26:00,13.0,Debit Card
2025-12-31 14:29:00,12.0,Credit Card
2025-12-31 14:31:00,24.0,Credit Card
2025-12-31 14:34:00,25.0,Cash
2025-12-31 14:35:00,10.0,Credit Card
2025-12-31 14:43:00,6.5,Cash
2025-12-31 14:45:00,10.0,Cash
2025-12-31 14:48:00,23.0,Debit Card
2025-12-31 14:49:00,28.0,Debit Card
2025-12-31 14:56:00,6.0,Cash
2025-12-31 15:11:00,15.0,Pix
2025-12-31 15:26:00,18.0,Debit Card
2025-12-31 15:27:00,12.0,Cash
2025-12-31 15:28:00,6.0,Cash
2025-12-31 15:29:00,10.0,Pix
2025-12-31 15:32:00,10.0,Debit Card
2025-12-31 15:34:00,8.0,Pix
2025-12-31 15:40:00,46.0,Debit Card
2025-12-31 15:42:00,22.0,Cash
2025-12-31 15:43:00,23.0,Debit Card
2025-12-31 15:45:00,6.5,Pix
2025-12-31 15:56:00,10.0,Cash
2025-12-31 15:57:00,12.0,Debit Card
2025-12-31 15:59:00,6.0,Debit Card
2025-12-31 16:03:00,6.0,Cash
2025-12-31 16:05:00,16.0,Cash
2025-12-31 16:14:00,29.0,Credit Card
2025-12-31 16:16:00,16.0,Debit Card
2025-12-31 16:22:00,15.0,Pix
2025-12-31 16:25:00,4.0,Pix
2025-12-31 16:28:00,16.0,Debit Card
2025-12-31 16:30:00,8.0,Debit Card
2025-12-31 16:31:00,18.0,Debit Card
2026-01-03 11:46:00,9.0,Cash
2026-01-03 12:54:00,25.0,Debit Card
2026-01-03 13:05:00,6.5,Cash
2026-01-03 13:11:00,8.0,Pix
2026-01-03 13:29:00,6.5,Credit Card
2026-01-03 13:48:00,13.0,Cash
2026-01-03 13:52:00,6.0,Cash
2026-01-03 14:02:00,4.5,Meal Voucher
2026-01-03 14:04:00,4.0,Debit Card
2026-01-03 14:06:00,20.0,Pix
2026-01-03 14:10:00,8.0,Debit Card
2026-01-03 14:14:00,6.0,Debit Card
2026-01-03 14:14:00,6.0,Cash
2026-01-03 14:25:00,14.0,Debit Card
2026-01-03 14:28:00,16.0,Debit Card
2026-01-03 14:33:00,43.0,Debit Card
2026-01-03 14:35:00,30.0,Debit Card
2026-01-03 14:39:00,10.0,Cash
2026-01-03 14:40:00,15.0,Debit Card
2026-01-03 14:51:00,6.0,Pix
2026-01-03 14:54:00,6.0,Cash
2026-01-03 14:55:00,6.0,Cash
2026-01-03 15:05:00,28.5,Cash
2026-01-03 15:07:00,26.0,Debit Card
2026-01-03 15:14:00,15.0,Cash
2026-01-03 15:16:00,14.0,Credit Card
2026-01-03 15:17:00,9.0,Credit Card
2026-01-03 15:21:00,8.0,Cash
2026-01-03 15:24:00,8.0,Debit Card
2026-01-03 15:28:00,12.0,Pix
2026-01-03 15:34:00,24.0,Debit Card
2026-01-03 15:35:00,18.0,Cash
2026-01-03 15:39:00,6.5,Meal Voucher
2026-01-03 15:40:00,9.0,Meal Voucher
2026-01-03 15:43:00,8.0,Meal Voucher
2026-01-03 15:50:00,19.0,Pix
2026-01-03 15:54:00,17.0,Debit Card
2026-01-03 15:55:00,12.0,Credit Card
2026-01-03 16:03:00,6.0,Cash
2026-01-03 16:05:00,10.0,Meal Voucher
2026-01-03 16:08:00,26.0,Meal Voucher
2026-01-03 16:13:00,6.0,Pix
2026-01-03 16:38:00,27.0,Debit Card
2026-01-03 16:40:00,18.0,Meal Voucher
2026-01-03 16:45:00,40.0,Debit Card
2026-01-03 16:46:00,10.0,Debit Card
2026-01-03 16:47:00,6.0,Pix
2026-01-03 16:48:00,6.0,Pix
2026-01-03 17:11:00,8.0,Cash
2026-01-03 17:13:00,8.0,Cash
2026-01-03 17:13:00,4.0,Cash
2026-01-03 17:23:00,6.0,Pix
2026-01-03 17:29:00,24.0,Debit Card
2026-01-03 17:43:00,14.0,Debit Card
2026-01-03 17:57:00,16.0,Pix
2026-01-03 18:08:00,28.0,Credit Card
2026-01-03 18:08:00,6.0,Debit Card
2026-01-03 18:09:00,6.5,Debit Card
2026-01-03 18:14:00,26.0,Pix
2026-01-03 18:24:00,20.0,Debit Card
2026-01-03 18:36:00,16.0,Cash
2026-01-03 18:37:00,6.0,Cash
2026-01-03 18:46:00,6.0,Cash
2026-01-03 18:46:00,6.0,Debit Card
2026-01-03 18:50:00,19.0,Debit Card
2026-01-03 18:54:00,30.0,Meal Voucher
2026-01-03 19:01:00,13.0,Cash
2026-01-03 19:12:00,9.0,Credit Card
2026-01-03 19:37:00,32.0,Credit Card
2026-01-03 19:45:00,6.0,Cash
2026-01-03 19:47:00,17.0,Credit Card
2026-01-03 19:47:00,4.0,Debit Card
2026-01-03 19:54:00,8.0,Debit Card
2026-01-03 19:56:00,21.0,Credit Card
2026-01-03 19:58:00,10.0,Pix
2026-01-03 19:00:00,4.5,Cash
2026-01-03 18:55:00,6.0,Debit Card
2026-01-04 13:57:00,14.0,Credit Card
2026-01-04 14:25:00,6.0,Cash
2026-01-04 14:40:00,10.0,Cash
2026-01-04 14:42:00,16.0,Debit Card
2026-01-04 14:47:00,6.0,Cash
2026-01-04 14:50:00,25.0,Debit Card
2026-01-04 14:50:00,6.0,Cash
2026-01-04 15:01:00,8.0,Cash
2026-01-04 15:14:00,8.0,Cash
2026-01-04 15:16:00,13.0,Debit Card
2026-01-04 15:25:00,19.0,Cash
2026-01-04 15:26:00,6.0,Cash
2026-01-04 15:28:00,6.0,Cash
2026-01-04 15:33:00,19.0,Pix
2026-01-04 15:40:00,36.0,Pix
2026-01-04 15:41:00,22.0,Credit Card
2026-01-04 15:56:00,15.0,Pix
2026-01-04 15:56:00,16.0,Credit Card
2026-01-04 15:59:00,6.0,Debit Card
2026-01-04 16:04:00,56.0,Debit Card
2026-01-04 16:05:00,6.0,Debit Card
2026-01-04 16:05:00,6.0,Credit Card
2026-01-04 16:09:00,18.0,Debit Card
2026-01-04 16:09:00,6.0,Debit Card
2026-01-04 16:11:00,6.0,Debit Card
2026-01-04 16:13:00,6.0,Debit Card
2026-01-04 16:13:00,13.0,Debit Card
2026-01-04 16:23:00,14.0,Meal Voucher
2026-01-04 16:43:00,16.0,Cash
2026-01-04 16:55:00,19.0,Meal Voucher
2026-01-04 17:06:00,22.0,Debit Card
2026-01-04 17:10:00,30.0,Cash
2026-01-04 17:12:00,29.0,Cash
2026-01-04 17:22:00,12.0,Pix
2026-01-04 17:38:00,20.0,Debit Card
2026-01-04 17:42:00,18.0,Debit Card
2026-01-04 17:56:00,24.0,Meal Voucher
2026-01-04 18:00:00,22.0,Debit Card
2026-01-04 18:05:00,10.0,Cash
2026-01-04 18:09:00,4.5,Cash
2026-01-04 18:24:00,15.0,Pix
2026-01-04 18:28:00,15.0,Pix
2026-01-04 18:34:00,12.0,Pix
2026-01-04 18:50:00,19.0,Pix
2026-01-04 19:00:00,25.0,Debit Card
2026-01-04 19:15:00,19.0,Debit Card
2026-01-04 19:17:00,15.0,Credit Card
2026-01-04 19:18:00,9.0,Cash
2026-01-04 19:38:00,18.0,Credit Card
2026-01-04 19:41:00,27.0,Cash
2026-01-04 19:51:00,16.0,Credit Card
2026-01-04 19:52:00,55.0,Debit Card
2026-01-04 19:58:00,10.0,Credit Card
2026-01-05 13:12:00,4.0,Pix
2026-01-05 13:50:00,11.0,Pix
2026-01-05 13:58:00,7.0,Debit Card
2026-01-05 14:07:00,32.0,Credit Card
2026-01-05 14:10:00,22.0,Debit Card
2026-01-05 14:39:00,16.0,Debit Card
2026-01-05 14:43:00,25.0,Pix
2026-01-05 14:51:00,46.0,Cash
2026-01-05 15:05:00,28.0,Cash
2026-01-05 15:08:00,22.0,Debit Card
2026-01-05 15:19:00,16.0,Cash
2026-01-05 15:22:00,18.0,Debit Card
2026-01-05 15:32:00,20.0,Debit Card
2026-01-05 15:33:00,9.0,Debit Card
2026-01-05 15:38:00,27.0,Cash
2026-01-05 15:39:00,14.0,Cash
2026-01-05 15:40:00,7.0,Cash
2026-01-05 15:48:00,16.0,Pix
2026-01-05 15:52:00,18.0,Cash
2026-01-05 15:55:00,14.0,Cash
2026-01-05 16:09:00,14.0,Credit Card
2026-01-05 16:14:00,9.0,Cash
2026-01-05 16:16:00,16.0,Debit Card
2026-01-05 16:17:00,9.0,Debit Card
2026-01-05 16:18:00,9.0,Cash
2026-01-05 16:19:00,14.0,Cash
2026-01-05 16:25:00,7.0,Cash
2026-01-05 16:32:00,7.0,Debit Card
2026-01-05 16:33:00,10.0,Debit Card
2026-01-05 16:39:00,22.0,Debit Card
2026-01-05 16:50:00,11.0,Debit Card
2026-01-05 16:55:00,17.0,Credit Card
2026-01-05 16:58:00,21.0,Debit Card
2026-01-05 17:04:00,25.0,Credit Card
2026-01-05 17:10:00,30.0,Credit Card
2026-01-05 17:14:00,20.0,Debit Card
2026-01-05 17:20:00,11.0,Pix
2026-01-05 17:24:00,18.5,Cash
2026-01-05 17:29:00,9.0,Credit Card
2026-01-05 17:32:00,21.0,Cash
2026-01-05 17:33:00,20.0,Cash
2026-01-05 17:40:00,22.0,Pix
2026-01-05 17:43:00,17.0,Debit Card
2026-01-05 17:47:00,14.0,Debit Card
2026-01-05 17:48:00,21.0,Cash
2026-01-05 18:00:00,10.0,Debit Card
2026-01-05 18:09:00,13.5,Debit Card
2026-01-05 18:12:00,7.0,Debit Card
2026-01-05 18:16:00,8.0,Cash
2026-01-05 18:17:00,14.0,Pix
2026-01-05 18:22:00,23.0,Debit Card
2026-01-05 18:33:00,9.0,Cash
2026-01-05 18:35:00,14.0,Cash
2026-01-05 18:40:00,27.0,Debit Card
2026-01-05 18:54:00,9.0,Cash
2026-01-05 19:30:00,7.0,Pix
2026-01-05 19:38:00,14.0,Debit Card
2026-01-05 19:44:00,22.0,Debit Card
2026-01-05 20:01:00,14.0,Debit Card
2026-01-06 13:31:00,32.0,Pix
2026-01-06 13:38:00,22.0,Debit Card
2026-01-06 13:39:00,7.0,Cash
2026-01-06 13:41:00,7.0,Cash
2026-01-06 13:58:00,4.0,Credit Card
2026-01-06 13:58:00,9.0,Debit Card
2026-01-06 14:18:00,4.0,Cash
2026-01-06 14:30:00,44.0,Cash
2026-01-06 14:32:00,18.0,Cash
2026-01-06 14:42:00,58.0,Pix
2026-01-06 14:48:00,18.0,Cash
2026-01-06 14:50:00,18.0,Cash
2026-01-06 15:02:00,14.0,Cash
2026-01-06 15:13:00,7.0,Cash
2026-01-06 15:18:00,21.0,Cash
2026-01-06 15:20:00,18.0,Debit Card
2026-01-06 15:23:00,9.0,Debit Card
2026-01-06 15:24:00,7.0,Pix
2026-01-06 15:26:00,7.0,Cash
2026-01-06 15:30:00,4.5,Cash
2026-01-06 15:32:00,7.0,Cash
2026-01-06 15:33:00,8.0,Cash
2026-01-06 15:35:00,5.0,Cash
2026-01-06 15:40:00,21.0,Cash
2026-01-06 15:49:00,9.0,Debit Card
2026-01-06 15:50:00,7.0,Cash
2026-01-06 16:00:00,28.0,Pix
2026-01-06 16:03:00,28.0,Debit Card
2026-01-06 16:05:00,11.0,Cash
2026-01-06 16:06:00,9.0,Cash
2026-01-06 16:11:00,21.0,Debit Card
2026-01-06 16:16:00,16.0,Debit Card
2026-01-06 16:24:00,42.0,Pix
2026-01-06 16:25:00,9.0,Cash
2026-01-06 16:30:00,4.0,Cash
2026-01-06 16:37:00,66.0,Pix
2026-01-06 16:38:00,7.0,Debit Card
2026-01-06 16:40:00,15.0,Meal Voucher
2026-01-06 16:56:00,7.0,Pix
2026-01-06 16:58:00,9.0,Credit Card
2026-01-06 17:00:00,14.0,Debit Card
2026-01-06 17:04:00,7.0,Cash
2026-01-06 17:09:00,7.0,Credit Card
2026-01-06 17:14:00,14.0,Credit Card
2026-01-06 17:18:00,22.0,Debit Card
2026-01-06 17:18:00,21.0,Cash
2026-01-06 17:36:00,7.0,Debit Card
2026-01-06 17:44:00,18.0,Debit Card
2026-01-06 17:47:00,17.0,Debit Card
2026-01-06 17:50:00,25.0,Debit Card
2026-01-06 17:51:00,7.0,Cash
2026-01-06 17:56:00,10.0,Cash
2026-01-06 17:57:00,7.0,Pix
2026-01-06 18:01:00,7.0,Pix
2026-01-06 18:19:00,18.0,Pix
2026-01-06 18:39:00,16.0,Credit Card
2026-01-06 18:53:00,28.0,Debit Card
2026-01-06 19:14:00,10.0,Cash
2026-01-06 19:17:00,18.0,Debit Card
2026-01-06 19:23:00,7.0,Cash
2026-01-06 19:30:00,6.0,Cash
2026-01-06 20:08:00,7.0,Cash
2026-01-06 16:50:00,7.0,Pix
2026-01-07 12:45:00,9.0,Pix
2026-01-07 13:00:00,7.0,Credit Card
2026-01-07 13:20:00,7.0,Cash
2026-01-07 13:23:00,39.0,Cash
2026-01-07 13:28:00,11.0,Cash
2026-01-07 13:45:00,18.0,Cash
2026-01-07 13:45:00,14.0,Debit Card
2026-01-07 14:12:00,30.0,Debit Card
2026-01-07 14:14:00,27.0,Cash
2026-01-07 14:31:00,16.0,Cash
2026-01-07 14:32:00,9.0,Cash
2026-01-07 14:42:00,9.0,Cash
2026-01-07 14:43:00,7.0,Debit Card
2026-01-07 14:44:00,8.5,Debit Card
2026-01-07 14:45:00,11.0,Cash
2026-01-07 14:49:00,7.0,Cash
2026-01-07 15:00:00,14.0,Pix
2026-01-07 15:00:00,7.0,Cash
2026-01-07 15:04:00,22.0,Pix
2026-01-07 14:29:00,9.0,Cash
2026-01-07 14:52:00,7.0,Debit Card
2026-01-07 15:10:00,14.0,Meal Voucher
2026-01-07 15:17:00,4.0,Debit Card
2026-01-07 15:24:00,21.0,Debit Card
2026-01-07 15:28:00,23.0,Debit Card
2026-01-07 15:40:00,11.0,Pix
2026-01-07 15:40:00,25.0,Credit Card
2026-01-07 15:49:00,20.0,Pix
2026-01-07 16:01:00,4.0,Cash
2026-01-07 16:09:00,33.0,Cash
2026-01-07 15:48:00,9.0,Credit Card
2026-01-07 15:59:00,31.0,Pix
2026-01-07 15:46:00,4.0,Cash
2026-01-07 15:46:00,7.0,Pix
2026-01-07 15:44:00,14.0,Cash
2026-01-07 15:39:00,15.0,Debit Card
2026-01-07 15:31:00,14.0,Debit Card
2026-01-07 15:25:00,25.0,Credit Card
2026-01-07 15:19:00,4.0,Cash
2026-01-07 15:30:00,20.0,Debit Card
2026-01-07 15:12:00,18.0,Debit Card
2026-01-07 14:58:00,37.0,Pix
2026-01-07 14:38:00,9.0,Debit Card
2026-01-07 14:50:00,7.0,Debit Card
2026-01-07 16:19:00,9.0,Cash
2026-01-07 16:22:00,36.0,Debit Card
2026-01-07 16:26:00,27.0,Debit Card
2026-01-07 16:40:00,39.0,Debit Card
2026-01-07 16:49:00,4.5,Credit Card
2026-01-07 16:50:00,22.0,Credit Card
2026-01-07 16:57:00,7.0,Debit Card
2026-01-07 17:04:00,21.0,Pix
2026-01-07 17:05:00,7.0,Cash
2026-01-07 17:21:00,16.0,Cash
2026-01-07 17:24:00,11.0,Cash
2026-01-07 17:25:00,9.0,Cash
2026-01-07 17:29:00,7.0,Pix
2026-01-07 17:32:00,9.0,Cash
2026-01-07 17:37:00,10.0,Cash
2026-01-07 17:38:00,9.0,Cash
2026-01-07 17:41:00,7.0,Cash
2026-01-07 18:03:00,38.0,Debit Card
2026-01-07 18:04:00,9.0,Cash
2026-01-07 18:06:00,20.0,Debit Card
2026-01-07 18:07:00,9.0,Pix
2026-01-07 18:11:00,9.0,Credit Card
2026-01-07 18:17:00,27.0,Cash
2026-01-07 18:19:00,7.0,Pix
2026-01-07 18:21:00,18.0,Pix
2026-01-07 18:36:00,10.0,Pix
2026-01-07 19:10:00,10.0,Pix
2026-01-07 19:18:00,8.0,Cash
2026-01-07 19:41:00,14.0,Pix
2026-01-07 19:43:00,14.0,Cash
2026-01-07 19:58:00,7.0,Debit Card
2026-01-07 16:48:00,16.0,Debit Card
2026-01-08 12:53:00,8.0,Cash
2026-01-08 12:54:00,4.0,Pix
2026-01-08 13:03:00,7.0,Cash
2026-01-08 13:12:00,9.0,Cash
2026-01-08 13:17:00,14.0,Credit Card
2026-01-08 13:22:00,18.5,Cash
2026-01-08 13:51:00,4.0,Cash
2026-01-08 14:19:00,18.0,Debit Card
2026-01-08 14:20:00,7.0,Cash
2026-01-08 14:26:00,14.0,Debit Card
2026-01-08 14:29:00,18.0,Debit Card
2026-01-08 14:31:00,11.0,Credit Card
2026-01-08 14:33:00,4.5,Debit Card
2026-01-08 14:33:00,7.0,Debit Card
2026-01-08 14:37:00,16.0,Cash
2026-01-08 14:46:00,18.5,Credit Card
2026-01-08 14:47:00,11.0,Debit Card
2026-01-08 14:50:00,16.0,Cash
2026-01-08 14:52:00,11.0,Cash
2026-01-08 14:55:00,27.0,Pix
2026-01-08 15:00:00,27.0,Credit Card
2026-01-08 15:02:00,22.0,Cash
2026-01-08 15:05:00,16.0,Debit Card
2026-01-08 15:09:00,21.0,Credit Card
2026-01-08 15:12:00,4.0,Debit Card
2026-01-08 15:19:00,22.0,Cash
2026-01-08 15:25:00,32.0,Debit Card
2026-01-08 15:27:00,16.0,Cash
2026-01-08 15:29:00,18.0,Cash
2026-01-08 15:35:00,27.0,Credit Card
2026-01-08 15:35:00,4.0,Cash
2026-01-08 15:37:00,18.0,Debit Card
2026-01-08 15:40:00,7.0,Cash
2026-01-08 15:41:00,18.0,Pix
2026-01-08 15:45:00,45.0,Cash
2026-01-08 15:48:00,18.0,Cash
2026-01-08 15:51:00,4.5,Cash
2026-01-08 15:56:00,30.0,Pix
2026-01-08 15:56:00,10.0,Cash
2026-01-08 16:00:00,18.0,Credit Card
2026-01-08 16:08:00,20.0,Cash
2026-01-08 16:09:00,18.0,Cash
2026-01-08 16:09:00,25.0,Debit Card
2026-01-08 16:14:00,9.0,Pix
2026-01-08 16:17:00,22.0,Meal Voucher
2026-01-08 16:20:00,14.0,Debit Card
2026-01-08 16:21:00,18.0,Meal Voucher
2026-01-08 16:24:00,14.0,Credit Card
2026-01-08 16:30:00,35.0,Debit Card
2026-01-08 16:31:00,7.0,Cash
2026-01-08 16:32:00,9.0,Debit Card
2026-01-08 16:35:00,18.0,Credit Card
2026-01-08 16:36:00,9.0,Meal Voucher
2026-01-08 16:41:00,12.0,Cash
2026-01-08 16:44:00,7.0,Cash
2026-01-08 16:49:00,21.0,Pix
2026-01-08 16:49:00,9.0,Pix
2026-01-08 16:50:00,14.0,Credit Card
2026-01-08 16:53:00,32.0,Pix
2026-01-08 16:54:00,15.0,Meal Voucher
2026-01-08 16:58:00,7.0,Debit Card
2026-01-08 16:58:00,9.0,Pix
2026-01-08 17:01:00,25.0,Pix
2026-01-08 17:03:00,9.0,Cash
2026-01-08 17:07:00,16.0,Pix
2026-01-08 17:11:00,9.0,Cash
2026-01-08 17:14:00,21.0,Credit Card
2026-01-08 17:18:00,28.0,Cash
2026-01-08 17:26:00,9.0,Meal Voucher
2026-01-08 17:31:00,35.0,Debit Card
2026-01-08 17:37:00,14.0,Pix
2026-01-08 17:38:00,4.0,Credit Card
2026-01-08 17:56:00,11.0,Debit Card
2026-01-08 17:58:00,52.0,Cash
2026-01-08 18:12:00,7.0,Cash
2026-01-08 18:19:00,27.0,Debit Card
2026-01-08 18:22:00,18.0,Debit Card
2026-01-08 18:31:00,14.0,Cash
2026-01-08 18:32:00,28.0,Credit Card
2026-01-08 18:33:00,9.0,Pix
2026-01-08 18:33:00,11.0,Cash
2026-01-08 18:43:00,28.0,Debit Card
2026-01-08 18:46:00,23.0,Debit Card
2026-01-08 18:51:00,14.0,Cash
2026-01-08 18:53:00,14.0,Debit Card
2026-01-08 19:08:00,10.0,Cash
2026-01-08 19:10:00,7.0,Pix
2026-01-08 19:10:00,7.0,Pix
2026-01-08 19:15:00,7.0,Cash
2026-01-08 19:22:00,7.0,Pix
2026-01-08 19:32:00,18.0,Cash
2026-01-08 19:41:00,14.0,Pix
2026-01-09 12:42:00,7.0,Pix
2026-01-09 13:18:00,14.0,Debit Card
2026-01-09 13:39:00,7.0,Debit Card
2026-01-09 13:40:00,7.0,Cash
2026-01-09 13:46:00,11.0,Pix
2026-01-09 13:48:00,16.0,Cash
2026-01-09 13:49:00,18.0,Credit Card
2026-01-09 13:54:00,21.0,Pix
2026-01-09 13:58:00,9.0,Cash
2026-01-09 14:09:00,7.0,Pix
2026-01-09 14:12:00,8.0,Cash
2026-01-09 14:29:00,14.0,Debit Card
2026-01-09 14:33:00,14.0,Debit Card
2026-01-09 14:37:00,8.0,Debit Card
2026-01-09 14:53:00,25.0,Pix
2026-01-09 14:55:00,16.0,Credit Card
2026-01-09 14:56:00,14.0,Cash
2026-01-09 14:57:00,7.0,Credit Card
2026-01-09 14:57:00,9.0,Cash
2026-01-09 14:58:00,14.0,Debit Card
2026-01-09 15:01:00,2.0,Cash
2026-01-09 15:02:00,25.5,Debit Card
2026-01-09 15:03:00,4.0,Cash
2026-01-09 15:03:00,8.0,Pix
2026-01-09 15:07:00,27.0,Debit Card
2026-01-09 15:09:00,11.0,Debit Card
2026-01-09 15:12:00,7.0,Cash
2026-01-09 15:18:00,4.0,Debit Card
2026-01-09 15:25:00,14.5,Debit Card
2026-01-09 15:29:00,18.0,Debit Card
2026-01-09 15:32:00,21.0,Cash
2026-01-09 15:33:00,9.0,Cash
2026-01-09 15:43:00,10.0,Cash
2026-01-09 15:46:00,7.0,Cash
2026-01-09 15:48:00,29.0,Debit Card
2026-01-09 16:00:00,11.0,Cash
2026-01-09 16:02:00,15.0,Pix
2026-01-09 16:04:00,22.0,Credit Card
2026-01-09 16:04:00,10.0,Cash
2026-01-09 16:09:00,18.0,Cash
2026-01-09 16:09:00,11.0,Debit Card
2026-01-09 16:14:00,32.0,Credit Card
2026-01-09 16:14:00,10.0,Debit Card
2026-01-09 16:20:00,4.0,Pix
2026-01-09 16:23:00,7.0,Credit Card
2026-01-09 16:30:00,7.0,Debit Card
2026-01-09 16:31:00,15.0,Cash
2026-01-09 16:33:00,16.0,Debit Card
2026-01-09 16:36:00,4.0,Cash
2026-01-09 16:49:00,31.5,Debit Card
2026-01-09 16:53:00,9.0,Cash
2026-01-09 16:56:00,20.0,Debit Card
2026-01-09 17:00:00,14.0,Debit Card
2026-01-09 17:04:00,4.5,Cash
2026-01-09 17:05:00,7.0,Pix
2026-01-09 17:08:00,7.0,Cash
2026-01-09 17:14:00,11.0,Credit Card
2026-01-09 17:15:00,9.0,Cash
2026-01-09 17:22:00,7.0,Debit Card
2026-01-09 17:27:00,23.0,Meal Voucher
2026-01-09 17:42:00,23.0,Debit Card
2026-01-09 17:43:00,4.0,Meal Voucher
2026-01-09 17:58:00,10.0,Cash
2026-01-09 18:09:00,11.0,Debit Card
2026-01-09 18:15:00,7.0,Pix
2026-01-09 18:18:00,10.0,Pix
2026-01-09 18:21:00,9.0,Pix
2026-01-09 18:22:00,14.0,Pix
2026-01-09 18:23:00,9.0,Cash
2026-01-09 18:29:00,11.0,Cash
2026-01-09 18:42:00,11.0,Multiple
2026-01-09 18:52:00,18.0,Cash
2026-01-09 18:53:00,10.0,Pix
2026-01-09 18:58:00,34.0,Pix
2026-01-09 19:04:00,20.0,Debit Card
2026-01-09 19:07:00,20.0,Pix
2026-01-09 19:31:00,23.0,Credit Card
2026-01-09 19:50:00,40.0,Cash
2026-01-09 19:52:00,22.0,Pix
2026-01-11 15:31:00,30.0,Debit Card
2026-01-11 15:33:00,7.0,Cash
2026-01-11 15:39:00,18.0,Debit Card
2026-01-11 16:03:00,11.0,Cash
2026-01-11 16:04:00,9.0,Credit Card
2026-01-11 16:12:00,11.0,Debit Card
2026-01-11 16:24:00,36.0,Debit Card
2026-01-11 16:25:00,4.0,Debit Card
2026-01-11 16:28:00,21.0,Debit Card
2026-01-11 16:40:00,34.0,Pix
2026-01-11 16:41:00,10.0,Cash
2026-01-11 16:42:00,14.0,Credit Card
2026-01-11 16:48:00,26.5,Cash
2026-01-11 16:54:00,19.0,Debit Card
2026-01-11 16:55:00,9.0,Credit Card
2026-01-11 16:58:00,13.5,Pix
2026-01-11 17:01:00,16.0,Pix
2026-01-11 17:03:00,18.0,Cash
2026-01-11 17:03:00,7.0,Cash
2026-01-11 17:07:00,30.0,Cash
2026-01-11 17:10:00,9.0,Debit Card
2026-01-11 17:13:00,21.0,Credit Card
2026-01-11 17:16:00,37.5,Cash
2026-01-11 17:21:00,32.0,Credit Card
2026-01-11 17:28:00,45.0,Cash
2026-01-11 17:28:00,55.0,Cash
2026-01-11 17:46:00,48.0,Cash
2026-01-11 17:46:00,20.0,Cash
2026-01-11 18:04:00,53.0,Credit Card
2026-01-11 18:09:00,10.0,Cash
2026-01-11 18:12:00,9.0,Cash
2026-01-11 18:17:00,10.0,Credit Card
2026-01-11 18:28:00,27.0,Debit Card
2026-01-11 18:33:00,17.0,Debit Card
2026-01-11 18:35:00,7.0,Cash
2026-01-11 18:36:00,10.0,Debit Card
2026-01-11 18:48:00,10.0,Pix
2026-01-11 19:03:00,50.0,Multiple
2026-01-11 19:06:00,25.0,Credit Card
2026-01-11 19:08:00,8.5,Cash
2026-01-11 19:11:00,27.0,Cash
2026-01-11 19:12:00,30.0,Cash
2026-01-11 19:15:00,25.0,Pix
2026-01-11 19:20:00,28.0,Debit Card
2026-01-11 19:25:00,9.0,Pix
2026-01-11 19:27:00,57.0,Debit Card
2026-01-11 19:44:00,33.0,Cash
2026-01-11 19:47:00,18.0,Credit Card
2026-01-11 19:54:00,9.0,Debit Card
2026-01-11 19:57:00,9.0,Debit Card
2026-01-12 13:07:00,8.0,Cash
2026-01-12 13:40:00,34.0,Cash
2026-01-12 13:41:00,18.0,Debit Card
2026-01-12 13:44:00,21.0,Pix
2026-01-12 13:44:00,20.0,Debit Card
2026-01-12 13:50:00,14.0,Cash
2026-01-12 14:19:00,23.0,Pix
2026-01-12 14:20:00,11.0,Pix
2026-01-12 14:22:00,9.0,Pix
2026-01-12 14:26:00,16.0,Cash
2026-01-12 14:33:00,14.0,Cash
2026-01-12 14:33:00,9.0,Cash
2026-01-12 14:36:00,14.0,Cash
2026-01-12 14:36:00,4.0,Cash
2026-01-12 14:41:00,22.0,Pix
2026-01-12 14:42:00,14.0,Cash
2026-01-12 14:51:00,16.0,Cash
2026-01-12 14:55:00,7.0,Cash
2026-01-12 15:08:00,9.0,Credit Card
2026-01-12 15:12:00,11.0,Debit Card
2026-01-12 15:18:00,7.0,Cash
2026-01-12 15:19:00,7.0,Pix
2026-01-12 15:29:00,40.0,Pix
2026-01-12 15:32:00,7.0,Credit Card
2026-01-12 15:40:00,14.0,Credit Card
2026-01-12 15:46:00,16.0,Debit Card
2026-01-12 15:48:00,7.0,Cash
2026-01-12 15:57:00,25.0,Credit Card
2026-01-12 15:59:00,21.0,Cash
2026-01-12 15:59:00,20.0,Debit Card
2026-01-12 16:00:00,9.0,Cash
2026-01-12 16:01:00,11.0,Credit Card
2026-01-12 16:05:00,11.0,Cash
2026-01-12 16:09:00,7.0,Pix
2026-01-12 16:10:00,18.0,Credit Card
2026-01-12 16:12:00,16.0,Debit Card
2026-01-12 16:16:00,14.0,Pix
2026-01-12 16:18:00,11.0,Pix
2026-01-12 16:19:00,10.0,Debit Card
2026-01-12 16:28:00,9.0,Pix
2026-01-12 16:36:00,39.0,Debit Card
2026-01-12 16:38:00,9.0,Pix
2026-01-12 16:41:00,29.0,Cash
2026-01-12 16:53:00,7.0,Cash
2026-01-12 16:55:00,9.0,Cash
2026-01-12 16:57:00,9.0,Cash
2026-01-12 17:00:00,26.0,Debit Card
2026-01-12 17:02:00,9.0,Cash
2026-01-12 17:10:00,16.0,Debit Card
2026-01-12 17:14:00,9.0,Pix
2026-01-12 17:19:00,18.0,Credit Card
2026-01-12 17:29:00,7.0,Cash
2026-01-12 17:32:00,7.0,Pix
2026-01-12 17:36:00,7.0,Cash
2026-01-12 17:37:00,4.5,Debit Card
2026-01-12 17:45:00,7.0,Debit Card
2026-01-12 17:45:00,10.0,Cash
2026-01-12 17:49:00,4.0,Cash
2026-01-12 17:52:00,11.0,Debit Card
2026-01-12 18:02:00,18.0,Pix
2026-01-12 18:02:00,9.0,Cash
2026-01-12 18:06:00,11.0,Pix
2026-01-12 18:08:00,9.0,Cash
2026-01-12 18:09:00,11.0,Credit Card
2026-01-12 18:12:00,10.0,Pix
2026-01-12 18:15:00,9.0,Debit Card
2026-01-12 18:25:00,7.0,Pix
2026-01-12 18:34:00,22.0,Pix
2026-01-12 18:36:00,14.0,Debit Card
2026-01-12 18:43:00,34.0,Cash
2026-01-12 18:52:00,14.0,Pix
2026-01-12 18:58:00,7.0,Cash
2026-01-12 19:01:00,32.0,Multiple
2026-01-12 19:04:00,22.0,Cash
2026-01-12 19:05:00,16.0,Cash
2026-01-12 19:06:00,10.0,Pix
2026-01-12 19:09:00,28.0,Credit Card
2026-01-12 19:10:00,9.0,Cash
2026-01-12 19:12:00,11.0,Meal Voucher
2026-01-12 19:17:00,20.0,Debit Card
2026-01-12 19:19:00,10.0,Cash
2026-01-12 19:30:00,11.0,Debit Card
2026-01-12 19:38:00,9.0,Debit Card
2026-01-12 19:45:00,17.0,Multiple
2026-01-12 19:47:00,30.0,Cash
2026-01-12 19:53:00,10.0,Cash
2026-01-12 17:38:00,14.0,Cash
2026-01-13 12:34:00,15.0,Cash
2026-01-13 12:41:00,7.0,Pix
2026-01-13 12:53:00,9.0,Cash
2026-01-13 12:57:00,7.0,Cash
2026-01-13 13:14:00,10.0,Cash
2026-01-13 13:40:00,4.0,Pix
2026-01-13 13:57:00,19.0,Credit Card
2026-01-13 14:09:00,11.0,Debit Card
2026-01-13 14:12:00,24.5,Credit Card
2026-01-13 14:13:00,18.0,Credit Card
2026-01-13 14:20:00,9.0,Debit Card
2026-01-13 14:23:00,14.0,Pix
2026-01-13 14:23:00,7.0,Debit Card
2026-01-13 14:25:00,14.0,Debit Card
2026-01-13 14:30:00,22.0,Pix
2026-01-13 14:49:00,21.0,Cash
2026-01-13 14:59:00,11.0,Credit Card
2026-01-13 14:59:00,14.0,Credit Card
2026-01-13 15:04:00,7.0,Pix
2026-01-13 15:05:00,7.0,Debit Card
2026-01-13 15:10:00,8.0,Debit Card
2026-01-13 15:13:00,25.0,Cash
2026-01-13 15:26:00,11.0,Credit Card
2026-01-13 15:39:00,10.0,Cash
2026-01-13 15:43:00,18.0,Cash
2026-01-13 15:44:00,10.0,Cash
2026-01-13 15:45:00,15.0,Cash
2026-01-13 15:50:00,25.0,Credit Card
2026-01-13 15:52:00,9.0,Debit Card
2026-01-13 15:56:00,30.0,Cash
2026-01-13 15:57:00,9.0,Debit Card
2026-01-13 15:58:00,9.0,Cash
2026-01-13 15:59:00,18.0,Credit Card
2026-01-13 16:04:00,30.0,Pix
2026-01-13 16:08:00,9.0,Cash
2026-01-13 16:13:00,16.0,Cash
2026-01-13 16:16:00,11.0,Cash
2026-01-13 16:16:00,16.0,Credit Card
2026-01-13 16:18:00,25.0,Cash
2026-01-13 16:21:00,14.0,Cash
2026-01-13 16:21:00,44.0,Pix
2026-01-13 16:21:00,7.0,Credit Card
2026-01-13 16:34:00,16.0,Credit Card
2026-01-13 16:35:00,9.0,Cash
2026-01-13 16:39:00,21.0,Cash
2026-01-13 16:41:00,18.0,Debit Card
2026-01-13 16:41:00,11.0,Cash
2026-01-13 16:44:00,18.0,Debit Card
2026-01-13 16:44:00,30.0,Debit Card
2026-01-13 16:49:00,21.0,Debit Card
2026-01-13 16:52:00,11.0,Debit Card
2026-01-13 16:52:00,9.0,Cash
2026-01-13 16:56:00,26.0,Debit Card
2026-01-13 16:59:00,11.0,Debit Card
2026-01-13 17:00:00,10.0,Debit Card
2026-01-13 17:03:00,21.0,Pix
2026-01-13 17:09:00,7.0,Debit Card
2026-01-13 17:12:00,25.0,Credit Card
2026-01-13 17:17:00,7.0,Debit Card
2026-01-13 17:23:00,14.0,Cash
2026-01-13 17:23:00,4.0,Meal Voucher
2026-01-13 17:26:00,4.0,Pix
2026-01-13 17:31:00,4.0,Debit Card
2026-01-13 17:32:00,9.0,Cash
2026-01-13 17:35:00,7.0,Cash
2026-01-13 17:39:00,14.0,Pix
2026-01-13 17:47:00,10.0,Credit Card
2026-01-13 17:50:00,29.0,Credit Card
2026-01-13 17:56:00,18.0,Meal Voucher
2026-01-13 17:58:00,15.0,Meal Voucher
2026-01-13 18:08:00,10.0,Credit Card
2026-01-13 18:23:00,20.0,Debit Card
2026-01-13 18:25:00,11.0,Debit Card
2026-01-13 18:25:00,18.0,Cash
2026-01-13 18:27:00,7.0,Cash
2026-01-13 18:27:00,14.0,Credit Card
2026-01-13 18:34:00,11.0,Pix
2026-01-13 18:38:00,32.0,Debit Card
2026-01-13 18:43:00,30.0,Debit Card
2026-01-13 18:44:00,7.0,Debit Card
2026-01-13 18:50:00,14.0,Pix
2026-01-13 18:59:00,20.0,Debit Card
2026-01-13 19:25:00,7.0,Debit Card
2026-01-13 19:45:00,14.0,Meal Voucher
2026-01-13 16:58:00,7.0,Debit Card
2026-01-14 13:22:00,14.0,Cash
2026-01-14 13:26:00,18.0,Cash
2026-01-14 13:27:00,7.0,Credit Card
2026-01-14 13:35:00,29.0,Credit Card
2026-01-14 13:52:00,11.0,Pix
2026-01-14 13:56:00,14.0,Credit Card
2026-01-14 14:02:00,22.0,Cash
2026-01-14 14:06:00,32.0,Debit Card
2026-01-14 14:07:00,9.0,Cash
2026-01-14 14:14:00,18.0,Debit Card
2026-01-14 14:15:00,9.0,Cash
2026-01-14 14:20:00,22.0,Credit Card
2026-01-14 14:26:00,7.0,Cash
2026-01-14 14:34:00,34.0,Debit Card
2026-01-14 14:45:00,11.0,Debit Card
2026-01-14 14:57:00,37.0,Debit Card
2026-01-14 14:57:00,4.0,Cash
2026-01-14 15:01:00,25.0,Cash
2026-01-14 15:02:00,7.0,Cash
2026-01-14 15:08:00,22.0,Debit Card
2026-01-14 15:11:00,18.0,Debit Card
2026-01-14 15:14:00,22.0,Credit Card
2026-01-14 15:14:00,4.0,Credit Card
2026-01-14 15:16:00,7.0,Cash
2026-01-14 15:17:00,11.5,Cash
2026-01-14 15:18:00,9.0,Debit Card
2026-01-14 15:23:00,9.0,Cash
2026-01-14 15:24:00,7.0,Cash
2026-01-14 15:27:00,11.0,Cash
2026-01-14 15:28:00,18.0,Credit Card
2026-01-14 15:32:00,22.0,Credit Card
2026-01-14 15:47:00,32.0,Debit Card
2026-01-14 15:50:00,18.5,Cash
2026-01-14 15:53:00,29.0,Pix
2026-01-14 16:03:00,4.0,Debit Card
2026-01-14 16:05:00,27.0,Debit Card
2026-01-14 16:07:00,18.0,Pix
2026-01-14 16:10:00,18.0,Debit Card
2026-01-14 16:30:00,9.0,Cash
2026-01-14 16:39:00,28.0,Cash
2026-01-14 16:40:00,11.0,Cash
2026-01-14 16:41:00,4.0,Credit Card
2026-01-14 16:42:00,13.5,Debit Card
2026-01-14 16:53:00,17.0,Debit Card
2026-01-14 16:55:00,18.0,Pix
2026-01-14 16:57:00,14.0,Debit Card
2026-01-14 17:04:00,20.0,Cash
2026-01-14 17:06:00,11.0,Cash
2026-01-14 17:12:00,14.0,Cash
2026-01-14 17:19:00,16.0,Pix
2026-01-14 17:34:00,9.0,Cash
2026-01-14 17:46:00,9.0,Debit Card
2026-01-14 17:51:00,22.0,Pix
2026-01-14 17:56:00,4.0,Credit Card
2026-01-14 18:10:00,14.0,Credit Card
2026-01-14 18:25:00,38.0,Cash
2026-01-14 18:27:00,25.0,Credit Card
2026-01-14 18:39:00,11.0,Pix
2026-01-14 18:44:00,32.5,Cash
2026-01-14 18:47:00,35.0,Credit Card
2026-01-14 19:00:00,22.0,Pix
2026-01-14 19:18:00,10.0,Meal Voucher
2026-01-14 19:25:00,43.0,Debit Card
2026-01-14 19:32:00,25.0,Debit Card
2026-01-15 12:46:00,9.0,Cash
2026-01-15 12:52:00,7.0,Debit Card
2026-01-15 12:53:00,14.0,Debit Card
2026-01-15 13:03:00,11.0,Pix
2026-01-15 13:35:00,7.0,Debit Card
2026-01-15 13:41:00,7.0,Cash
2026-01-15 13:43:00,16.0,Pix
2026-01-15 14:34:00,16.0,Debit Card
2026-01-15 14:46:00,11.0,Debit Card
2026-01-15 14:49:00,33.0,Credit Card
2026-01-15 14:54:00,10.0,Credit Card
2026-01-15 14:56:00,14.0,Cash
2026-01-15 15:04:00,18.0,Cash
2026-01-15 15:13:00,9.0,Cash
2026-01-15 15:16:00,14.0,Credit Card
2026-01-15 15:24:00,16.0,Cash
2026-01-15 15:25:00,14.0,Credit Card
2026-01-15 15:29:00,11.0,Debit Card
2026-01-15 15:38:00,36.0,Cash
2026-01-15 15:39:00,9.0,Cash
2026-01-15 15:46:00,7.0,Cash
2026-01-15 15:48:00,7.0,Cash
2026-01-15 15:57:00,48.0,Debit Card
2026-01-15 15:59:00,18.0,Credit Card
2026-01-15 16:07:00,15.0,Cash
2026-01-15 16:10:00,7.0,Pix
2026-01-15 16:23:00,14.0,Cash
2026-01-15 16:35:00,7.0,Pix
2026-01-15 16:38:00,9.0,Pix
2026-01-15 16:39:00,9.0,Debit Card
2026-01-15 16:43:00,18.0,Cash
2026-01-15 16:59:00,11.0,Cash
2026-01-15 17:06:00,14.0,Credit Card
2026-01-15 17:07:00,28.5,Cash
2026-01-15 17:14:00,14.0,Debit Card
2026-01-15 17:17:00,22.0,Debit Card
2026-01-15 17:18:00,30.0,Meal Voucher
2026-01-15 17:25:00,4.0,Debit Card
2026-01-15 17:31:00,18.0,Debit Card
2026-01-15 17:34:00,22.0,Credit Card
2026-01-15 17:36:00,10.0,Pix
2026-01-15 17:43:00,21.0,Cash
2026-01-15 17:43:00,10.0,Debit Card
2026-01-15 17:52:00,11.0,Cash
2026-01-15 17:52:00,9.0,Cash
2026-01-15 17:54:00,4.5,Debit Card
2026-01-15 18:08:00,25.0,Cash
2026-01-15 18:16:00,22.5,Debit Card
2026-01-15 18:16:00,11.0,Debit Card
2026-01-15 18:23:00,16.0,Pix
2026-01-15 18:28:00,25.0,Cash
2026-01-15 18:30:00,14.0,Debit Card
2026-01-15 18:55:00,7.0,Cash
2026-01-15 19:03:00,7.0,Credit Card
2026-01-15 19:07:00,28.0,Cash
2026-01-15 19:10:00,7.0,Cash
2026-01-15 19:20:00,22.0,Debit Card
2026-01-15 19:21:00,7.0,Pix
2026-01-15 19:23:00,7.0,Pix
2026-01-15 19:41:00,7.0,Debit Card
2026-01-15 19:55:00,28.0,Cash
2026-01-15 19:58:00,22.0,Debit Card
2026-01-16 13:19:00,11.0,Credit Card
2026-01-16 13:20:00,6.0,Pix
2026-01-16 13:42:00,14.0,Cash
2026-01-16 13:44:00,11.0,Debit Card
2026-01-16 14:14:00,14.0,Cash
2026-01-16 14:21:00,23.0,Pix
2026-01-16 14:22:00,14.0,Pix
2026-01-16 14:39:00,15.0,Debit Card
2026-01-16 14:40:00,7.0,Cash
2026-01-16 14:47:00,10.0,Cash
2026-01-16 14:53:00,22.0,Pix
2026-01-16 14:58:00,21.0,Pix
2026-01-16 15:07:00,10.0,Debit Card
2026-01-16 15:27:00,7.0,Debit Card
2026-01-16 15:31:00,10.0,Pix
2026-01-16 15:34:00,25.0,Debit Card
2026-01-16 15:36:00,11.0,Cash
2026-01-16 15:37:00,14.0,Credit Card
2026-01-16 15:54:00,18.0,Pix
2026-01-16 16:01:00,9.0,Pix
2026-01-16 16:06:00,42.0,Debit Card
2026-01-16 16:09:00,31.0,Cash
2026-01-16 16:12:00,29.0,Pix
2026-01-16 16:24:00,9.0,Pix
2026-01-16 16:26:00,11.0,Credit Card
2026-01-16 16:27:00,11.0,Debit Card
2026-01-16 16:30:00,23.0,Cash
2026-01-16 16:33:00,15.0,Cash
2026-01-16 16:33:00,4.5,Debit Card
2026-01-16 16:51:00,9.0,Cash
2026-01-16 16:54:00,11.0,Debit Card
2026-01-16 16:56:00,4.5,Debit Card
2026-01-16 17:03:00,28.0,Debit Card
2026-01-16 17:06:00,15.0,Meal Voucher
2026-01-16 17:10:00,14.0,Cash
2026-01-16 17:18:00,11.0,Debit Card
2026-01-16 17:19:00,30.0,Debit Card
2026-01-16 17:21:00,18.0,Debit Card
2026-01-16 17:23:00,9.0,Cash
2026-01-16 17:29:00,7.0,Debit Card
2026-01-16 17:38:00,23.0,Debit Card
2026-01-16 17:40:00,9.0,Credit Card
2026-01-16 17:44:00,11.0,Pix
2026-01-16 17:49:00,11.0,Pix
2026-01-16 17:50:00,10.0,Cash
2026-01-16 17:53:00,4.0,Debit Card
2026-01-16 18:00:00,32.0,Debit Card
2026-01-16 18:02:00,11.0,Cash
2026-01-16 18:03:00,20.0,Pix
2026-01-16 18:08:00,18.0,Cash
2026-01-16 18:12:00,11.0,Pix
2026-01-16 18:17:00,54.0,Pix
2026-01-16 18:29:00,7.0,Pix
2026-01-16 18:31:00,14.0,Cash
2026-01-16 18:33:00,16.0,Cash
2026-01-16 18:34:00,17.0,Debit Card
2026-01-16 18:36:00,54.0,Pix
2026-01-16 18:44:00,9.0,Debit Card
2026-01-16 18:48:00,32.0,Pix
2026-01-16 18:51:00,14.0,Debit Card
2026-01-16 19:02:00,17.0,Cash
2026-01-16 19:14:00,14.0,Cash
2026-01-16 19:14:00,7.0,Debit Card
2026-01-16 19:18:00,14.0,Pix
2026-01-16 19:23:00,14.0,Debit Card
2026-01-16 19:44:00,18.0,Credit Card
2026-01-16 19:48:00,11.0,Debit Card
2026-01-17 11:02:00,22.0,Cash
2026-01-17 11:03:00,11.0,Debit Card
2026-01-17 11:18:00,7.0,Cash
2026-01-17 11:24:00,4.5,Debit Card
2026-01-17 11:39:00,14.0,Cash
2026-01-17 11:50:00,11.0,Cash
2026-01-17 11:55:00,14.0,Debit Card
2026-01-17 11:59:00,9.0,Multiple
2026-01-17 12:04:00,10.0,Debit Card
2026-01-17 12:04:00,7.0,Credit Card
2026-01-17 12:15:00,7.0,Debit Card
2026-01-17 12:38:00,22.0,Debit Card
2026-01-17 12:41:00,22.0,Debit Card
2026-01-17 12:51:00,24.0,Credit Card
2026-01-17 13:02:00,10.0,Credit Card
2026-01-17 13:11:00,16.0,Cash
2026-01-17 13:21:00,21.0,Debit Card
2026-01-17 13:31:00,7.0,Cash
2026-01-17 13:45:00,18.0,Meal Voucher
2026-01-17 13:48:00,20.0,Debit Card
2026-01-17 14:02:00,14.0,Pix
2026-01-17 14:05:00,8.5,Cash
2026-01-17 14:05:00,8.5,Cash
2026-01-17 14:13:00,18.5,Credit Card
2026-01-17 14:16:00,18.0,Credit Card
2026-01-17 14:18:00,16.0,Pix
2026-01-17 14:19:00,11.0,Cash
2026-01-17 14:25:00,25.0,Pix
2026-01-17 14:30:00,32.0,Cash
2026-01-17 14:33:00,13.5,Pix
2026-01-17 14:33:00,4.0,Cash
2026-01-17 14:43:00,10.0,Cash
2026-01-17 14:55:00,21.0,Pix
2026-01-17 14:59:00,8.0,Debit Card
2026-01-17 15:01:00,8.0,Cash
2026-01-17 15:04:00,11.0,Debit Card
2026-01-17 15:10:00,11.0,Pix
2026-01-17 15:13:00,18.0,Pix
2026-01-17 15:15:00,7.0,Pix
2026-01-17 15:17:00,21.0,Debit Card
2026-01-17 15:20:00,9.0,Cash
2026-01-17 15:27:00,43.0,Pix
2026-01-17 15:27:00,15.0,Pix
2026-01-17 15:30:00,16.0,Debit Card
2026-01-17 15:34:00,15.0,Pix
2026-01-17 15:37:00,11.0,Cash
2026-01-17 15:38:00,14.0,Pix
2026-01-17 15:44:00,9.0,Debit Card
2026-01-17 15:47:00,27.0,Pix
2026-01-17 15:48:00,4.0,Debit Card
2026-01-17 15:49:00,14.0,Pix
2026-01-17 15:53:00,9.0,Credit Card
2026-01-17 15:54:00,7.0,Pix
2026-01-17 15:56:00,14.0,Cash
2026-01-17 15:58:00,21.0,Debit Card
2026-01-17 16:04:00,18.5,Pix
2026-01-17 16:07:00,28.0,Debit Card
2026-01-17 16:08:00,9.0,Debit Card
2026-01-17 16:08:00,8.0,Debit Card
2026-01-17 16:09:00,4.0,Debit Card
2026-01-17 15:41:00,14.0,Cash
2026-01-17 16:36:00,7.0,Credit Card
2026-01-17 16:58:00,9.0,Credit Card
2026-01-17 17:30:00,10.0,Pix
2026-01-17 17:31:00,5.0,Pix
2026-01-17 17:44:00,32.0,Meal Voucher
2026-01-17 17:47:00,7.0,Debit Card
2026-01-17 18:14:00,24.0,Pix
2026-01-17 18:22:00,14.0,Cash
2026-01-17 18:42:00,14.0,Pix
2026-01-17 18:45:00,18.0,Pix
2026-01-17 18:46:00,10.0,Debit Card
2026-01-17 18:55:00,20.0,Cash
2026-01-17 19:12:00,24.0,Credit Card
2026-01-17 19:20:00,13.0,Debit Card
2026-01-17 19:21:00,16.0,Debit Card
2026-01-17 19:35:00,14.0,Debit Card
2026-01-17 19:39:00,7.0,Cash
2026-01-17 19:52:00,11.0,Pix
2026-01-18 14:44:00,4.0,Cash
2026-01-18 15:04:00,25.0,Credit Card
2026-01-18 15:08:00,7.0,Meal Voucher
2026-01-18 15:22:00,7.0,Cash
2026-01-18 15:27:00,35.0,Debit Card
2026-01-18 15:28:00,21.0,Cash
2026-01-18 15:32:00,14.0,Pix
2026-01-18 15:43:00,25.0,Cash
2026-01-18 15:59:00,18.0,Cash
2026-01-18 16:02:00,23.0,Cash
2026-01-18 16:05:00,14.5,Cash
2026-01-18 16:06:00,20.0,Cash
2026-01-18 16:10:00,16.0,Cash
2026-01-18 16:11:00,9.0,Pix
2026-01-18 16:15:00,25.0,Cash
2026-01-18 16:18:00,27.0,Pix
2026-01-18 16:19:00,9.0,Cash
2026-01-18 16:21:00,27.0,Debit Card
2026-01-18 16:22:00,9.0,Cash
2026-01-18 16:30:00,70.0,Debit Card
2026-01-18 16:32:00,25.0,Cash
2026-01-18 16:37:00,34.0,Debit Card
2026-01-18 16:40:00,20.0,Debit Card
2026-01-18 16:43:00,9.0,Credit Card
2026-01-18 16:44:00,4.5,Debit Card
2026-01-18 16:47:00,11.0,Meal Voucher
2026-01-18 16:49:00,18.0,Pix
2026-01-18 17:06:00,40.0,Debit Card
2026-01-18 17:07:00,25.0,Debit Card
2026-01-18 17:19:00,28.0,Pix
2026-01-18 17:25:00,25.0,Cash
2026-01-18 17:28:00,18.0,Credit Card
2026-01-18 17:32:00,9.0,Pix
2026-01-18 17:40:00,4.0,Pix
2026-01-18 17:41:00,4.0,Pix
2026-01-18 17:45:00,28.0,Cash
2026-01-18 17:46:00,4.0,Debit Card
2026-01-18 17:57:00,102.0,Pix
2026-01-18 18:05:00,29.0,Pix
2026-01-18 18:11:00,14.0,Cash
2026-01-18 18:43:00,4.0,Cash
2026-01-18 19:01:00,4.5,Debit Card
2026-01-18 19:15:00,18.0,Credit Card
2026-01-18 19:28:00,48.0,Pix
2026-01-18 19:31:00,22.0,Credit Card
2026-01-18 19:34:00,22.0,Credit Card
2026-01-18 19:34:00,25.0,Credit Card
2026-01-18 19:35:00,16.0,Pix
2026-01-18 19:42:00,22.0,Cash
2026-01-18 19:47:00,11.0,Cash
2026-01-18 19:53:00,14.0,Credit Card
2026-01-19 13:14:00,9.0,Credit Card
2026-01-19 13:34:00,16.0,Credit Card
2026-01-19 13:41:00,22.0,Pix
2026-01-19 13:43:00,16.0,Cash
2026-01-19 13:47:00,18.0,Cash
2026-01-19 13:48:00,4.0,Pix
2026-01-19 14:20:00,14.0,Debit Card
2026-01-19 14:29:00,11.0,Pix
2026-01-19 14:31:00,14.0,Cash
2026-01-19 14:32:00,9.0,Cash
2026-01-19 14:40:00,41.0,Credit Card
2026-01-19 14:55:00,16.0,Debit Card
2026-01-19 14:59:00,20.0,Cash
2026-01-19 15:03:00,43.0,Credit Card
2026-01-19 15:07:00,29.0,Cash
2026-01-19 15:11:00,34.0,Cash
2026-01-19 15:12:00,7.0,Debit Card
2026-01-19 15:15:00,7.0,Cash
2026-01-19 15:15:00,10.0,Pix
2026-01-19 15:18:00,14.0,Pix
2026-01-19 15:28:00,11.0,Pix
2026-01-19 15:38:00,7.0,Cash
2026-01-19 15:38:00,7.0,Cash
2026-01-19 15:42:00,8.5,Debit Card
2026-01-19 15:54:00,20.0,Cash
2026-01-19 15:55:00,16.0,Cash
2026-01-19 15:59:00,22.5,Debit Card
2026-01-19 16:17:00,27.0,Debit Card
2026-01-19 16:17:00,10.0,Cash
2026-01-19 16:23:00,11.0,Cash
2026-01-19 16:25:00,18.0,Cash
2026-01-19 16:28:00,8.0,Pix
2026-01-19 16:35:00,33.0,Pix
2026-01-19 16:40:00,7.0,Pix
2026-01-19 16:46:00,16.0,Debit Card
2026-01-19 16:56:00,18.0,Pix
2026-01-19 17:08:00,9.0,Cash
2026-01-19 17:09:00,9.0,Pix
2026-01-19 17:27:00,16.0,Debit Card
2026-01-19 17:29:00,7.0,Cash
2026-01-19 17:32:00,21.0,Debit Card
2026-01-19 17:33:00,10.0,Debit Card
2026-01-19 17:34:00,7.0,Pix
2026-01-19 17:41:00,18.0,Cash
2026-01-19 17:45:00,9.0,Credit Card
2026-01-19 17:47:00,9.0,Debit Card
2026-01-19 17:48:00,8.5,Cash
2026-01-19 17:58:00,14.0,Debit Card
2026-01-19 18:02:00,4.0,Cash
2026-01-19 18:08:00,9.0,Cash
2026-01-19 18:17:00,7.0,Debit Card
2026-01-19 18:27:00,7.0,Credit Card
2026-01-19 18:51:00,7.0,Cash
2026-01-19 18:53:00,11.0,Cash
2026-01-19 19:12:00,25.0,Credit Card
2026-01-19 19:16:00,9.0,Cash
2026-01-19 19:29:00,14.0,Cash
2026-01-19 19:34:00,18.0,Debit Card
2026-01-19 19:36:00,22.0,Credit Card
2026-01-19 19:47:00,21.0,Pix
2026-01-19 19:55:00,20.0,Debit Card
2026-01-19 20:03:00,7.0,Debit Card
2026-01-19 20:05:00,16.0,Cash
2026-01-20 13:42:00,34.0,Debit Card
2026-01-20 13:48:00,16.0,Cash
2026-01-20 13:51:00,40.0,Cash
2026-01-20 13:52:00,11.5,Debit Card
2026-01-20 13:52:00,7.0,Pix
2026-01-20 13:56:00,22.0,Debit Card
2026-01-20 13:58:00,14.0,Cash
2026-01-20 14:06:00,28.0,Credit Card
2026-01-20 14:06:00,10.0,Debit Card
2026-01-20 14:16:00,14.0,Debit Card
2026-01-20 14:18:00,14.0,Cash
2026-01-20 14:22:00,9.0,Credit Card
2026-01-20 14:32:00,7.0,Debit Card
2026-01-20 14:40:00,16.0,Cash
2026-01-20 14:45:00,31.0,Pix
2026-01-20 14:47:00,11.0,Pix
2026-01-20 14:51:00,9.0,Cash
2026-01-20 14:54:00,4.0,Pix
2026-01-20 15:31:00,22.0,Cash
2026-01-20 15:36:00,16.0,Cash
2026-01-20 15:38:00,21.0,Cash
2026-01-20 15:39:00,11.0,Cash
2026-01-20 15:44:00,32.5,Cash
2026-01-20 15:47:00,22.0,Cash
2026-01-20 15:48:00,9.0,Debit Card
2026-01-20 15:52:00,7.0,Debit Card
2026-01-20 15:56:00,10.0,Debit Card
2026-01-20 16:02:00,43.0,Debit Card
2026-01-20 16:07:00,10.0,Cash
2026-01-20 16:07:00,29.0,Meal Voucher
2026-01-20 16:25:00,31.0,Multiple
2026-01-20 16:26:00,18.0,Cash
2026-01-20 16:29:00,14.0,Cash
2026-01-20 16:34:00,10.0,Cash
2026-01-20 16:38:00,22.0,Debit Card
2026-01-20 16:40:00,10.0,Cash
2026-01-20 16:46:00,9.0,Debit Card
2026-01-20 16:53:00,22.0,Debit Card
2026-01-20 16:54:00,9.0,Cash
2026-01-20 17:02:00,14.0,Debit Card
2026-01-20 17:13:00,11.0,Debit Card
2026-01-20 17:14:00,7.0,Cash
2026-01-20 17:43:00,14.0,Cash
2026-01-20 17:47:00,9.0,Pix
2026-01-20 17:55:00,14.0,Credit Card
2026-01-20 18:03:00,9.0,Pix
2026-01-20 18:22:00,10.0,Pix
2026-01-20 18:28:00,14.0,Pix
2026-01-20 18:30:00,7.0,Pix
2026-01-20 18:40:00,8.5,Cash
2026-01-20 18:58:00,48.5,Debit Card
2026-01-20 19:01:00,18.0,Cash
2026-01-20 19:07:00,36.0,Pix
2026-01-20 19:12:00,10.0,Pix
2026-01-20 19:57:00,7.0,Cash
2026-01-21 13:03:00,7.0,Cash
2026-01-21 13:12:00,18.0,Multiple
2026-01-21 13:17:00,7.0,Cash
2026-01-21 13:38:00,11.0,Debit Card
2026-01-21 14:01:00,28.0,Pix
2026-01-21 14:02:00,4.0,Cash
2026-01-21 14:06:00,7.0,Meal Voucher
2026-01-21 14:15:00,18.0,Cash
2026-01-21 14:17:00,9.0,Cash
2026-01-21 14:30:00,4.0,Cash
2026-01-21 14:49:00,4.0,Cash
2026-01-21 14:50:00,7.0,Pix
2026-01-21 14:57:00,4.5,Debit Card
2026-01-21 15:19:00,16.0,Debit Card
2026-01-21 15:30:00,7.0,Credit Card
2026-01-21 15:32:00,7.0,Cash
2026-01-21 15:32:00,10.0,Cash
2026-01-21 15:34:00,14.0,Pix
2026-01-21 15:39:00,16.0,Debit Card
2026-01-21 15:41:00,4.0,Cash
2026-01-21 15:44:00,9.0,Cash
2026-01-21 15:50:00,10.0,Credit Card
2026-01-21 15:54:00,15.0,Debit Card
2026-01-21 15:56:00,20.0,Debit Card
2026-01-21 15:58:00,10.0,Debit Card
2026-01-21 15:59:00,16.0,Debit Card
2026-01-21 16:02:00,9.0,Pix
2026-01-21 16:02:00,4.0,Credit Card
2026-01-21 16:10:00,21.0,Pix
2026-01-21 16:11:00,9.0,Credit Card
2026-01-21 16:13:00,23.0,Cash
2026-01-21 16:14:00,7.0,Cash
2026-01-21 16:22:00,28.0,Debit Card
2026-01-21 16:32:00,16.0,Debit Card
2026-01-21 16:33:00,20.0,Credit Card
2026-01-21 16:40:00,10.0,Cash
2026-01-21 16:43:00,4.0,Credit Card
2026-01-21 16:45:00,14.0,Pix
2026-01-21 16:50:00,16.0,Pix
2026-01-21 16:52:00,14.0,Cash
2026-01-21 16:53:00,9.0,Cash
2026-01-21 16:59:00,18.0,Cash
2026-01-21 16:59:00,4.0,Cash
2026-01-21 16:59:00,9.0,Credit Card
2026-01-21 17:05:00,31.5,Debit Card
2026-01-21 17:07:00,27.0,Pix
2026-01-21 17:38:00,25.0,Cash
2026-01-21 17:39:00,9.0,Cash
2026-01-21 17:46:00,14.0,Debit Card
2026-01-21 17:55:00,44.0,Debit Card
2026-01-21 18:03:00,7.0,Cash
2026-01-21 18:07:00,25.0,Cash
2026-01-21 18:24:00,21.0,Cash
2026-01-21 18:27:00,11.0,Debit Card
2026-01-21 18:28:00,10.0,Pix
2026-01-21 18:29:00,7.0,Debit Card
2026-01-21 18:35:00,11.0,Credit Card
2026-01-21 18:38:00,32.0,Pix
2026-01-21 18:42:00,35.0,Debit Card
2026-01-21 18:43:00,40.0,Pix
2026-01-21 18:44:00,14.0,Debit Card
2026-01-21 18:59:00,27.0,Meal Voucher
2026-01-21 19:05:00,7.0,Debit Card
2026-01-21 19:38:00,7.0,Cash
2026-01-21 19:47:00,16.0,Cash
2026-01-22 13:30:00,14.0,Cash
2026-01-22 13:31:00,7.0,Credit Card
2026-01-22 13:36:00,7.0,Cash
2026-01-22 13:47:00,11.0,Cash
2026-01-22 13:47:00,9.0,Pix
2026-01-22 14:17:00,14.0,Cash
2026-01-22 14:26:00,16.0,Cash
2026-01-22 14:31:00,20.0,Pix
2026-01-22 14:44:00,14.0,Cash
2026-01-22 14:45:00,11.0,Cash
2026-01-22 14:47:00,11.0,Credit Card
2026-01-22 14:56:00,9.0,Debit Card
2026-01-22 14:59:00,21.0,Pix
2026-01-22 15:12:00,10.0,Pix
2026-01-22 15:23:00,18.0,Cash
2026-01-22 15:24:00,4.5,Debit Card
2026-01-22 15:31:00,14.0,Debit Card
2026-01-22 15:42:00,30.0,Debit Card
2026-01-22 15:51:00,18.0,Cash
2026-01-22 15:56:00,7.0,Pix
2026-01-22 15:57:00,9.0,Cash
2026-01-22 15:57:00,4.0,Debit Card
2026-01-22 16:00:00,14.0,Cash
2026-01-22 16:00:00,18.0,Credit Card
2026-01-22 16:11:00,21.0,Debit Card
2026-01-22 16:12:00,14.0,Cash
2026-01-22 16:13:00,8.0,Cash
2026-01-22 16:14:00,33.5,Debit Card
2026-01-22 16:19:00,12.0,Pix
2026-01-22 16:25:00,18.0,Debit Card
2026-01-22 16:37:00,11.0,Cash
2026-01-22 16:39:00,14.0,Credit Card
2026-01-22 16:47:00,7.0,Cash
2026-01-22 16:47:00,7.0,Pix
2026-01-22 16:50:00,4.5,Cash
2026-01-22 16:57:00,7.0,Cash
2026-01-22 16:59:00,14.0,Debit Card
2026-01-22 17:03:00,11.0,Cash
2026-01-22 17:04:00,7.0,Cash
2026-01-22 17:22:00,14.0,Debit Card
2026-01-22 17:23:00,4.0,Pix
2026-01-22 17:34:00,59.0,Debit Card
2026-01-22 17:35:00,18.0,Debit Card
2026-01-22 17:45:00,11.0,Pix
2026-01-22 17:58:00,15.0,Cash
2026-01-22 18:11:00,22.5,Debit Card
2026-01-22 18:21:00,11.0,Debit Card
2026-01-22 18:22:00,9.0,Credit Card
2026-01-22 18:29:00,20.0,Pix
2026-01-22 19:00:00,9.0,Debit Card
2026-01-22 19:09:00,14.0,Cash
2026-01-22 19:13:00,8.0,Cash
2026-01-22 19:40:00,7.0,Credit Card
2026-01-22 19:46:00,10.0,Cash
2026-01-23 13:38:00,7.0,Meal Voucher
2026-01-23 13:46:00,18.0,Cash
2026-01-23 13:47:00,9.0,Cash
2026-01-23 13:48:00,9.0,Cash
2026-01-23 14:04:00,18.0,Pix
2026-01-23 14:11:00,30.0,Cash
2026-01-23 14:30:00,10.0,Cash
2026-01-23 14:31:00,4.0,Debit Card
2026-01-23 14:38:00,18.0,Cash
2026-01-23 14:40:00,11.0,Debit Card
2026-01-23 14:42:00,9.0,Debit Card
2026-01-23 14:44:00,10.0,Pix
2026-01-23 14:50:00,14.0,Cash
2026-01-23 14:56:00,7.0,Pix
2026-01-23 15:02:00,32.0,Credit Card
2026-01-23 15:03:00,11.0,Pix
2026-01-23 15:10:00,7.0,Cash
2026-01-23 15:21:00,18.0,Cash
2026-01-23 15:32:00,38.0,Cash
2026-01-23 15:36:00,29.0,Credit Card
2026-01-23 15:39:00,28.0,Cash
2026-01-23 15:54:00,29.0,Credit Card
2026-01-23 15:59:00,14.0,Pix
2026-01-23 16:01:00,14.0,Credit Card
2026-01-23 16:20:00,14.0,Cash
2026-01-23 16:22:00,11.0,Debit Card
2026-01-23 16:31:00,4.5,Pix
2026-01-23 16:39:00,14.0,Debit Card
2026-01-23 16:42:00,25.0,Cash
2026-01-23 16:44:00,7.0,Pix
2026-01-23 16:47:00,4.0,Cash
2026-01-23 16:47:00,7.0,Debit Card
2026-01-23 17:01:00,10.0,Pix
2026-01-24 10:23:00,4.0,Cash
2026-01-24 10:32:00,21.0,Debit Card
2026-01-24 10:55:00,7.0,Debit Card
2026-01-24 10:56:00,14.0,Debit Card
2026-01-24 10:58:00,22.0,Credit Card
2026-01-24 11:13:00,7.0,Debit Card
2026-01-24 11:23:00,28.0,Debit Card
2026-01-24 11:30:00,14.0,Cash
2026-01-24 11:43:00,21.0,Debit Card
2026-01-24 11:45:00,30.0,Debit Card
2026-01-24 12:01:00,7.0,Cash
2026-01-24 12:01:00,4.5,Cash
2026-01-24 12:18:00,7.0,Pix
2026-01-24 12:35:00,21.0,Debit Card
2026-01-24 12:38:00,7.0,Pix
2026-01-24 12:41:00,10.0,Pix
2026-01-24 12:42:00,9.0,Debit Card
2026-01-24 12:48:00,4.5,Credit Card
2026-01-24 13:10:00,9.0,Cash
2026-01-24 13:20:00,7.0,Debit Card
2026-01-24 13:23:00,4.0,Cash
2026-01-24 13:28:00,12.5,Debit Card
2026-01-24 13:30:00,16.0,Debit Card
2026-01-24 13:31:00,7.0,Debit Card
2026-01-24 13:31:00,4.0,Cash
2026-01-24 13:38:00,14.0,Cash
2026-01-24 13:41:00,26.5,Pix
2026-01-24 13:45:00,7.0,Cash
2026-01-24 13:46:00,11.0,Pix
2026-01-24 13:56:00,22.0,Pix
2026-01-24 13:57:00,7.0,Pix
2026-01-24 14:02:00,27.0,Debit Card
2026-01-24 14:15:00,25.0,Pix
2026-01-24 14:31:00,35.0,Cash
2026-01-24 14:34:00,4.5,Pix
2026-01-24 14:42:00,14.0,Cash
2026-01-24 14:58:00,20.0,Debit Card
2026-01-24 14:58:00,4.0,Pix
2026-01-24 15:04:00,36.0,Cash
2026-01-24 15:06:00,9.0,Pix
2026-01-24 15:07:00,18.0,Debit Card
2026-01-24 15:11:00,28.0,Pix
2026-01-24 15:12:00,18.0,Pix
2026-01-24 15:28:00,18.0,Cash
2026-01-24 15:30:00,11.0,Debit Card
2026-01-24 15:42:00,18.0,Cash
2026-01-24 15:44:00,14.0,Pix
2026-01-24 15:50:00,18.0,Credit Card
2026-01-24 15:50:00,11.0,Cash
2026-01-24 15:54:00,23.0,Credit Card
2026-01-24 16:06:00,34.5,Cash
2026-01-24 16:06:00,7.0,Debit Card
2026-01-24 16:11:00,16.0,Cash
2026-01-24 16:13:00,14.5,Debit Card
2026-01-24 16:21:00,17.0,Credit Card
2026-01-24 16:24:00,29.0,Credit Card
2026-01-24 16:27:00,28.0,Debit Card
2026-01-24 16:31:00,28.0,Cash
2026-01-24 16:31:00,16.0,Debit Card
2026-01-24 16:35:00,30.0,Pix
2026-01-24 16:35:00,11.0,Pix
2026-01-24 16:40:00,14.0,Cash
2026-01-24 16:43:00,16.0,Debit Card
2026-01-24 16:50:00,32.0,Pix
2026-01-24 16:51:00,9.0,Cash
2026-01-24 16:54:00,18.0,Pix
2026-01-24 16:56:00,4.0,Pix
2026-01-24 16:56:00,4.0,Debit Card
2026-01-24 17:01:00,11.0,Cash
2026-01-24 17:03:00,7.0,Debit Card
2026-01-24 17:05:00,7.0,Cash
2026-01-24 17:14:00,10.0,Cash
2026-01-24 17:18:00,4.5,Cash
2026-01-24 17:31:00,11.0,Cash
2026-01-24 17:33:00,22.0,Cash
2026-01-24 17:38:00,33.0,Multiple
2026-01-24 17:44:00,33.0,Credit Card
2026-01-24 17:44:00,16.0,Debit Card
2026-01-24 17:48:00,32.0,Cash
2026-01-24 17:49:00,18.0,Cash
2026-01-24 17:52:00,20.0,Cash
2026-01-24 18:11:00,27.0,Credit Card
2026-01-24 18:12:00,10.0,Debit Card
2026-01-24 18:15:00,22.0,Debit Card
2026-01-24 18:25:00,18.0,Cash
2026-01-24 18:50:00,28.0,Credit Card
2026-01-24 18:58:00,44.0,Credit Card
2026-01-24 19:00:00,16.0,Cash
2026-01-24 19:01:00,14.0,Cash
2026-01-24 19:02:00,21.0,Cash
2026-01-24 19:05:00,14.0,Cash
2026-01-24 19:25:00,7.0,Pix
2026-01-24 19:30:00,11.0,Cash
2026-01-24 19:45:00,22.0,Credit Card
2026-01-24 17:05:00,7.0,Cash
2026-01-25 14:15:00,4.0,Pix
2026-01-25 14:23:00,33.0,Credit Card
2026-01-25 14:24:00,7.0,Debit Card
2026-01-25 14:43:00,15.0,Debit Card
2026-01-25 14:49:00,16.0,Cash
2026-01-25 14:58:00,14.0,Cash
2026-01-25 15:04:00,40.0,Credit Card
2026-01-25 15:12:00,18.0,Cash
2026-01-25 15:17:00,9.0,Cash
2026-01-25 15:25:00,9.0,Credit Card
2026-01-25 15:29:00,7.0,Cash
2026-01-25 15:48:00,34.0,Credit Card
2026-01-25 15:50:00,14.0,Pix
2026-01-25 15:56:00,16.0,Credit Card
2026-01-25 16:04:00,22.0,Credit Card
2026-01-25 16:11:00,28.0,Pix
2026-01-25 16:16:00,16.0,Credit Card
2026-01-25 16:31:00,11.0,Cash
2026-01-25 16:32:00,8.0,Cash
2026-01-25 16:36:00,9.0,Pix
2026-01-25 16:45:00,22.0,Cash
2026-01-25 16:45:00,40.0,Debit Card
2026-01-25 16:55:00,7.0,Debit Card
2026-01-25 16:58:00,28.0,Debit Card
2026-01-25 17:03:00,21.0,Pix
2026-01-25 17:13:00,14.0,Debit Card
2026-01-25 17:15:00,14.0,Cash
2026-01-25 17:17:00,18.0,Debit Card
2026-01-25 17:25:00,11.0,Pix
2026-01-25 17:34:00,55.0,Cash
2026-01-25 17:34:00,25.0,Pix
2026-01-25 17:38:00,26.5,Cash
2026-01-25 17:40:00,30.0,Debit Card
2026-01-25 17:44:00,25.0,Cash
2026-01-25 17:45:00,16.0,Pix
2026-01-25 17:48:00,25.0,Credit Card
2026-01-25 17:49:00,14.0,Debit Card
2026-01-25 17:51:00,7.0,Cash
2026-01-25 17:53:00,11.0,Credit Card
2026-01-25 17:54:00,9.0,Debit Card
2026-01-25 18:12:00,36.0,Multiple
2026-01-25 18:18:00,9.0,Debit Card
2026-01-25 18:21:00,16.0,Pix
2026-01-25 18:21:00,16.0,Debit Card
2026-01-25 19:03:00,13.5,Debit Card
2026-01-25 19:06:00,11.0,Debit Card
2026-01-25 19:06:00,10.0,Debit Card
2026-01-25 19:14:00,7.0,Cash
2026-01-25 19:18:00,38.0,Debit Card
2026-01-25 19:20:00,18.0,Debit Card
2026-01-25 19:21:00,7.0,Cash
2026-01-25 19:26:00,25.0,Pix
2026-01-25 19:46:00,16.0,Pix
2026-01-25 19:47:00,14.0,Pix
2026-01-25 19:11:00,9.0,Debit Card
2026-01-26 13:21:00,22.0,Debit Card
2026-01-26 13:25:00,7.0,Cash
2026-01-26 13:28:00,9.0,Pix
2026-01-26 13:30:00,7.0,Debit Card
2026-01-26 13:34:00,7.0,Cash
2026-01-26 13:47:00,7.0,Cash
2026-01-26 14:02:00,11.0,Cash
2026-01-26 14:06:00,29.0,Cash
2026-01-26 14:08:00,16.0,Cash
2026-01-26 14:09:00,7.0,Cash
2026-01-26 14:09:00,7.0,Cash
2026-01-26 14:10:00,7.0,Cash
2026-01-26 14:13:00,35.0,Debit Card
2026-01-26 14:15:00,11.0,Debit Card
2026-01-26 14:33:00,18.0,Cash
2026-01-26 14:39:00,18.0,Cash
2026-01-26 14:39:00,18.0,Pix
2026-01-26 14:46:00,7.0,Pix
2026-01-26 15:04:00,26.5,Credit Card
2026-01-26 15:06:00,10.0,Pix
2026-01-26 15:07:00,11.0,Debit Card
2026-01-26 15:15:00,9.0,Debit Card
2026-01-26 15:18:00,7.0,Cash
2026-01-26 15:25:00,27.0,Cash
2026-01-26 15:35:00,20.0,Pix
2026-01-26 15:37:00,22.0,Pix
2026-01-26 15:39:00,7.0,Cash
2026-01-26 15:42:00,23.0,Cash
2026-01-26 15:44:00,8.0,Cash
2026-01-26 15:45:00,21.0,Debit Card
2026-01-26 15:47:00,9.0,Debit Card
2026-01-26 15:50:00,26.5,Pix
2026-01-26 15:52:00,18.0,Pix
2026-01-26 15:56:00,18.0,Cash
2026-01-26 16:01:00,9.0,Credit Card
2026-01-26 16:16:00,9.0,Cash
2026-01-26 16:17:00,14.0,Credit Card
2026-01-26 16:21:00,7.0,Pix
2026-01-26 16:36:00,25.0,Cash
2026-01-26 16:36:00,9.0,Debit Card
2026-01-26 16:37:00,7.0,Cash
2026-01-26 16:46:00,22.0,Pix
2026-01-26 16:47:00,7.0,Debit Card
2026-01-26 16:48:00,4.0,Pix
2026-01-26 16:51:00,18.0,Debit Card
2026-01-26 17:12:00,22.0,Multiple
2026-01-26 17:13:00,9.0,Pix
2026-01-26 17:14:00,9.0,Pix
2026-01-26 17:14:00,4.0,Cash
2026-01-26 17:15:00,11.0,Pix
2026-01-26 17:16:00,7.0,Cash
2026-01-26 17:23:00,4.0,Cash
2026-01-26 17:26:00,9.0,Pix
2026-01-26 17:33:00,28.0,Debit Card
2026-01-26 17:37:00,9.0,Cash
2026-01-26 17:47:00,25.0,Debit Card
2026-01-26 17:55:00,16.0,Credit Card
2026-01-26 17:55:00,8.5,Cash
2026-01-26 17:58:00,10.0,Credit Card
2026-01-26 18:06:00,11.5,Pix
2026-01-26 18:06:00,4.0,Pix
2026-01-26 18:11:00,7.0,Debit Card
2026-01-26 18:17:00,9.0,Cash
2026-01-26 18:18:00,9.0,Pix
2026-01-26 18:21:00,4.0,Pix
2026-01-26 18:22:00,4.0,Cash
2026-01-26 18:22:00,24.0,Pix
2026-01-26 18:28:00,7.0,Pix
2026-01-26 18:39:00,27.0,Pix
2026-01-26 18:41:00,18.0,Cash
2026-01-26 18:44:00,9.0,Cash
2026-01-26 18:50:00,11.0,Debit Card
2026-01-26 19:05:00,30.0,Debit Card
2026-01-26 19:14:00,5.0,Debit Card
2026-01-26 19:24:00,15.0,Pix
2026-01-26 19:35:00,7.0,Pix
2026-01-26 19:37:00,9.0,Debit Card
2026-01-26 19:40:00,26.0,Debit Card
2026-01-26 19:58:00,16.0,Cash
2026-01-26 20:02:00,34.0,Credit Card
2026-01-27 13:40:00,8.0,Debit Card
2026-01-27 14:07:00,35.0,Pix
2026-01-27 14:07:00,4.0,Credit Card
2026-01-27 14:08:00,8.5,Debit Card
2026-01-27 14:13:00,40.0,Credit Card
2026-01-27 14:38:00,28.0,Credit Card
2026-01-27 14:42:00,14.0,Pix
2026-01-27 15:05:00,14.0,Cash
2026-01-27 15:07:00,7.0,Cash
2026-01-27 15:25:00,14.0,Pix
2026-01-27 15:27:00,7.0,Cash
2026-01-27 15:31:00,14.0,Debit Card
2026-01-27 15:40:00,16.0,Cash
2026-01-27 15:44:00,18.0,Cash
2026-01-27 15:45:00,7.0,Credit Card
2026-01-27 15:46:00,7.0,Cash
2026-01-27 15:53:00,21.0,Debit Card
2026-01-27 15:53:00,9.0,Credit Card
2026-01-27 15:57:00,9.0,Cash
2026-01-27 16:07:00,14.0,Cash
2026-01-27 16:24:00,39.0,Cash
2026-01-27 16:30:00,13.0,Credit Card
2026-01-27 16:32:00,7.0,Cash
2026-01-27 16:33:00,7.0,Cash
2026-01-27 16:33:00,10.0,Cash
2026-01-27 16:40:00,32.0,Credit Card
2026-01-27 16:42:00,14.0,Debit Card
2026-01-27 17:06:00,7.0,Pix
2026-01-27 17:13:00,28.0,Pix
2026-01-27 17:16:00,7.0,Debit Card
2026-01-27 17:27:00,34.0,Cash
2026-01-27 17:29:00,14.0,Pix
2026-01-27 17:29:00,7.0,Pix
2026-01-27 17:33:00,18.0,Credit Card
2026-01-27 17:50:00,21.0,Cash
2026-01-27 17:55:00,9.0,Debit Card
2026-01-27 17:56:00,20.0,Credit Card
2026-01-27 18:06:00,29.5,Cash
2026-01-27 18:07:00,11.0,Cash
2026-01-27 18:16:00,21.0,Debit Card
2026-01-27 18:39:00,22.0,Cash
2026-01-27 19:05:00,29.0,Debit Card
2026-01-27 19:19:00,28.0,Credit Card
2026-01-27 19:24:00,14.0,Pix
2026-01-27 19:57:00,18.0,Credit Card
2026-01-28 12:57:00,7.0,Cash
2026-01-28 12:57:00,11.0,Pix
2026-01-28 14:22:00,11.0,Cash
2026-01-28 15:37:00,33.0,Cash
2026-01-28 15:41:00,10.0,Cash
2026-01-28 15:45:00,7.0,Cash
2026-01-28 16:01:00,7.0,Cash
2026-01-28 16:12:00,7.0,Debit Card
2026-01-28 16:14:00,20.0,Debit Card
2026-01-28 16:36:00,14.0,Cash
2026-01-28 16:36:00,15.0,Pix
2026-01-28 16:41:00,9.0,Cash
2026-01-28 16:58:00,18.0,Credit Card
2026-01-28 17:03:00,9.0,Cash
2026-01-28 17:04:00,9.0,Debit Card
2026-01-28 17:06:00,7.0,Cash
2026-01-28 17:36:00,4.5,Debit Card
2026-01-28 17:45:00,11.0,Debit Card
2026-01-28 17:58:00,9.0,Pix
2026-01-28 18:01:00,14.0,Pix
2026-01-28 18:02:00,10.0,Pix
2026-01-28 18:13:00,20.0,Cash
2026-01-28 18:14:00,11.0,Debit Card
2026-01-28 18:16:00,7.0,Pix
2026-01-28 18:17:00,20.0,Credit Card
2026-01-28 18:28:00,11.0,Credit Card
2026-01-28 18:32:00,22.0,Cash
2026-01-28 18:33:00,7.0,Cash
2026-01-28 18:59:00,42.0,Credit Card
2026-01-28 18:59:00,10.0,Credit Card
2026-01-28 19:15:00,14.0,Debit Card
2026-01-28 19:21:00,22.0,Debit Card
2026-01-28 19:44:00,20.0,Pix
2026-01-28 19:59:00,28.0,Pix
2026-01-28 17:21:00,7.0,Cash
2026-01-28 19:45:00,9.0,Debit Card
2026-01-28 19:54:00,25.0,Credit Card
2026-01-29 13:18:00,16.0,Pix
2026-01-29 13:58:00,39.0,Debit Card
2026-01-29 14:03:00,14.0,Credit Card
2026-01-29 14:07:00,18.0,Debit Card
2026-01-29 14:23:00,14.0,Cash
2026-01-29 14:37:00,11.0,Pix
2026-01-29 14:46:00,7.0,Credit Card
2026-01-29 14:49:00,7.0,Cash
2026-01-29 14:52:00,22.0,Debit Card
2026-01-29 14:53:00,18.0,Credit Card
2026-01-29 14:57:00,14.0,Debit Card
2026-01-29 14:57:00,22.0,Debit Card
2026-01-29 15:12:00,4.5,Cash
2026-01-29 15:15:00,18.0,Debit Card
2026-01-29 15:16:00,9.0,Cash
2026-01-29 15:17:00,18.0,Cash
2026-01-29 15:20:00,23.0,Debit Card
2026-01-29 15:36:00,7.0,Cash
2026-01-29 15:44:00,4.5,Cash
2026-01-29 16:04:00,33.0,Pix
2026-01-29 16:09:00,10.0,Pix
2026-01-29 16:20:00,9.0,Credit Card
2026-01-29 16:22:00,21.0,Cash
2026-01-29 16:22:00,4.0,Cash
2026-01-29 16:24:00,7.0,Debit Card
2026-01-29 16:35:00,22.0,Debit Card
2026-01-29 16:43:00,9.0,Credit Card
2026-01-29 16:44:00,7.0,Cash
2026-01-29 16:47:00,22.0,Cash
2026-01-29 16:52:00,5.0,Cash
2026-01-29 17:11:00,10.0,Debit Card
2026-01-29 17:23:00,5.0,Cash
2026-01-29 17:25:00,7.0,Pix
2026-01-29 17:38:00,9.0,Debit Card
2026-01-29 17:45:00,9.0,Cash
2026-01-29 17:46:00,9.0,Cash
2026-01-29 18:13:00,7.0,Debit Card
2026-01-29 18:17:00,7.0,Debit Card
2026-01-29 18:34:00,26.0,Cash
2026-01-29 18:46:00,18.0,Pix
2026-01-29 18:48:00,10.0,Cash
2026-01-29 19:03:00,10.0,Debit Card
2026-01-29 18:28:00,10.0,Cash
2026-01-30 13:02:00,29.0,Debit Card
2026-01-30 13:04:00,18.0,Credit Card
2026-01-30 13:08:00,16.0,Pix
2026-01-30 13:15:00,42.0,Pix
2026-01-30 13:43:00,14.0,Cash
2026-01-30 13:48:00,7.0,Cash
2026-01-30 14:08:00,9.0,Pix
2026-01-30 14:11:00,24.0,Debit Card
2026-01-30 14:19:00,4.0,Cash
2026-01-30 14:24:00,23.0,Debit Card
2026-01-30 14:30:00,14.0,Cash
2026-01-30 14:55:00,22.0,Cash
2026-01-30 14:56:00,4.0,Cash
2026-01-30 15:07:00,14.0,Pix
2026-01-30 15:14:00,7.0,Debit Card
2026-01-30 15:24:00,20.0,Cash
2026-01-30 15:38:00,31.0,Cash
2026-01-30 15:40:00,14.0,Credit Card
2026-01-30 15:31:00,20.0,Cash
2026-01-30 15:45:00,22.0,Meal Voucher
2026-01-30 15:50:00,14.0,Cash
2026-01-30 16:03:00,25.0,Pix
2026-01-30 16:08:00,14.0,Cash
2026-01-30 16:12:00,7.0,Credit Card
2026-01-30 16:19:00,29.0,Credit Card
2026-01-30 16:21:00,16.0,Debit Card
2026-01-30 16:23:00,25.0,Credit Card
2026-01-30 16:24:00,9.0,Cash
2026-01-30 16:26:00,9.0,Cash
2026-01-30 16:36:00,11.0,Cash
2026-01-30 16:37:00,18.0,Debit Card
2026-01-30 16:43:00,9.0,Cash
2026-01-30 16:52:00,25.0,Debit Card
2026-01-30 16:57:00,18.0,Debit Card
2026-01-30 16:58:00,10.0,Debit Card
2026-01-30 17:02:00,30.0,Credit Card
2026-01-30 17:02:00,7.0,Debit Card
2026-01-30 17:03:00,28.0,Debit Card
2026-01-30 17:08:00,32.0,Cash
2026-01-30 17:17:00,16.0,Debit Card
2026-01-30 17:17:00,27.0,Pix
2026-01-30 17:22:00,21.0,Debit Card
2026-01-30 17:32:00,22.0,Debit Card
2026-01-30 17:41:00,18.0,Cash
2026-01-30 17:52:00,18.0,Pix
2026-01-30 17:52:00,4.5,Pix
2026-01-30 17:55:00,18.0,Debit Card
2026-01-30 18:00:00,15.0,Credit Card
2026-01-30 18:01:00,14.0,Debit Card
2026-01-30 18:03:00,15.5,Credit Card
2026-01-30 18:06:00,28.0,Pix
2026-01-30 18:18:00,14.0,Cash
2026-01-30 18:22:00,14.0,Pix
2026-01-30 18:29:00,24.0,Debit Card
2026-01-30 18:30:00,7.0,Debit Card
2026-01-30 18:31:00,14.0,Debit Card
2026-01-30 18:36:00,14.0,Debit Card
2026-01-30 18:48:00,7.0,Cash
2026-01-30 18:50:00,7.0,Debit Card
2026-01-30 19:02:00,32.0,Pix
2026-01-30 19:19:00,36.0,Debit Card
2026-01-30 19:22:00,11.0,Pix
2026-01-30 19:32:00,7.0,Debit Card
2026-01-30 19:38:00,9.0,Cash
2026-01-30 19:42:00,18.0,Credit Card
2026-01-30 19:52:00,44.0,Debit Card
2026-01-31 10:51:00,14.0,Credit Card
2026-01-31 10:54:00,16.0,Debit Card
2026-01-31 11:27:00,23.0,Pix
2026-01-31 11:29:00,9.0,Cash
2026-01-31 11:36:00,7.0,Debit Card
2026-01-31 11:39:00,18.0,Cash
2026-01-31 11:43:00,14.0,Pix
2026-01-31 11:44:00,9.0,Pix
2026-01-31 11:45:00,11.0,Pix
2026-01-31 11:47:00,14.0,Cash
2026-01-31 12:08:00,8.5,Cash
2026-01-31 12:11:00,16.0,Debit Card
2026-01-31 12:22:00,7.0,Credit Card
2026-01-31 12:27:00,9.0,Debit Card
2026-01-31 12:31:00,4.0,Cash
2026-01-31 12:39:00,40.0,Debit Card
2026-01-31 12:44:00,14.0,Credit Card
2026-01-31 12:48:00,10.0,Cash
2026-01-31 13:00:00,33.0,Cash
2026-01-31 13:04:00,9.0,Cash
2026-01-31 13:13:00,20.0,Pix
2026-01-31 13:15:00,7.0,Debit Card
2026-01-31 13:17:00,4.0,Pix
2026-01-31 13:22:00,7.0,Cash
2026-01-31 13:30:00,28.0,Credit Card
2026-01-31 14:15:00,14.0,Debit Card
2026-01-31 14:24:00,14.0,Credit Card
2026-01-31 14:25:00,7.0,Pix
2026-01-31 14:27:00,25.0,Pix
2026-01-31 14:28:00,13.5,Debit Card
2026-01-31 14:30:00,16.0,Cash
2026-01-31 14:37:00,7.0,Credit Card
2026-01-31 14:40:00,14.0,Debit Card
2026-01-31 14:44:00,49.0,Cash
2026-01-31 14:45:00,9.0,Cash
2026-01-31 14:50:00,14.0,Debit Card
2026-01-31 14:51:00,16.0,Credit Card
2026-01-31 14:55:00,14.0,Cash
2026-01-31 14:56:00,18.0,Meal Voucher
2026-01-31 14:57:00,11.0,Cash
2026-01-31 15:01:00,10.0,Cash
2026-01-31 15:06:00,25.0,Debit Card
2026-01-31 15:17:00,7.0,Debit Card
2026-01-31 15:23:00,18.0,Cash
2026-01-31 15:26:00,14.0,Cash
2026-01-31 15:27:00,4.0,Cash
2026-01-31 15:33:00,29.0,Pix
2026-01-31 15:35:00,20.0,Cash
2026-01-31 15:43:00,14.0,Cash
2026-01-31 15:47:00,33.0,Debit Card
2026-01-31 15:48:00,32.0,Credit Card
2026-01-31 15:52:00,11.0,Cash
2026-01-31 15:52:00,8.0,Debit Card
2026-01-31 16:01:00,21.0,Cash
2026-01-31 16:06:00,22.0,Pix
2026-01-31 16:11:00,4.0,Credit Card
2026-01-31 16:16:00,41.0,Pix
2026-01-31 16:16:00,4.5,Pix
2026-01-31 16:21:00,8.5,Pix
2026-01-31 16:28:00,42.0,Cash
2026-01-31 16:30:00,16.0,Pix
2026-01-31 16:33:00,22.0,Cash
2026-01-31 16:37:00,11.0,Debit Card
2026-01-31 16:39:00,22.0,Debit Card
2026-01-31 16:40:00,16.0,Debit Card
2026-01-31 16:45:00,30.0,Cash
2026-01-31 16:46:00,7.0,Cash
2026-01-31 16:49:00,7.0,Cash
2026-01-31 16:58:00,36.0,Debit Card
2026-01-31 17:03:00,18.0,Credit Card
2026-01-31 17:04:00,7.0,Cash
2026-01-31 17:06:00,19.0,Debit Card
2026-01-31 17:10:00,21.0,Debit Card
2026-01-31 17:15:00,33.0,Credit Card
2026-01-31 17:20:00,22.0,Debit Card
2026-01-31 17:26:00,7.0,Debit Card
2026-01-31 17:26:00,7.0,Debit Card
2026-01-31 17:27:00,16.0,Debit Card
2026-01-31 17:31:00,11.0,Credit Card
2026-01-31 17:32:00,14.0,Pix
2026-01-31 17:34:00,35.0,Pix
2026-01-31 17:39:00,14.0,Pix
2026-01-31 17:46:00,9.0,Cash
2026-01-31 17:51:00,28.0,Cash
2026-01-31 17:55:00,25.0,Pix
2026-01-31 18:06:00,34.0,Credit Card
2026-01-31 18:10:00,10.0,Cash
2026-01-31 18:19:00,11.0,Debit Card
2026-01-31 18:26:00,18.0,Debit Card
2026-01-31 18:53:00,14.0,Pix
2026-01-31 18:55:00,5.0,Debit Card
2026-01-31 19:04:00,10.0,Debit Card
2026-01-31 19:41:00,28.0,Debit Card
2026-01-31 11:41:00,9.0,Cash
2026-01-31 13:56:00,8.5,Multiple
2026-02-02 13:52:00,14.0,Debit Card
2026-02-02 13:59:00,44.0,Cash
2026-02-02 14:02:00,28.0,Debit Card
2026-02-02 14:06:00,11.0,Pix
2026-02-02 14:08:00,24.0,Debit Card
2026-02-02 14:10:00,15.0,Debit Card
2026-02-02 14:20:00,28.0,Pix
2026-02-02 14:37:00,7.0,Cash
2026-02-02 14:41:00,33.5,Credit Card
2026-02-02 14:49:00,4.0,Debit Card
2026-02-02 14:52:00,9.0,Pix
2026-02-02 14:04:00,11.0,Cash
2026-02-02 15:08:00,18.0,Pix
2026-02-02 15:11:00,14.0,Cash
2026-02-02 15:11:00,23.0,Debit Card
2026-02-02 15:14:00,17.0,Pix
2026-02-02 15:16:00,18.0,Cash
2026-02-02 15:18:00,9.0,Cash
2026-02-02 15:19:00,32.0,Cash
2026-02-02 15:25:00,11.0,Cash
2026-02-02 15:25:00,20.0,Cash
2026-02-02 15:27:00,11.0,Debit Card
2026-02-02 15:31:00,9.0,Cash
2026-02-02 15:39:00,9.0,Cash
2026-02-02 15:41:00,4.0,Pix
2026-02-02 15:43:00,14.0,Debit Card
2026-02-02 15:47:00,4.5,Pix
2026-02-02 15:50:00,18.0,Cash
2026-02-02 15:53:00,14.0,Cash
2026-02-02 15:53:00,7.0,Debit Card
2026-02-02 15:59:00,11.0,Debit Card
2026-02-02 16:01:00,16.0,Debit Card
2026-02-02 16:03:00,11.0,Meal Voucher
2026-02-02 16:17:00,26.0,Pix
2026-02-02 16:24:00,29.0,Cash
2026-02-02 16:34:00,20.0,Debit Card
2026-02-02 16:44:00,11.0,Cash
2026-02-02 16:50:00,41.0,Credit Card
2026-02-02 16:51:00,20.0,Cash
2026-02-02 16:57:00,25.0,Cash
2026-02-02 17:02:00,34.0,Cash
2026-02-02 17:07:00,7.0,Cash
2026-02-02 17:08:00,18.0,Cash
2026-02-02 17:11:00,18.0,Credit Card
2026-02-02 17:21:00,14.0,Cash
2026-02-02 17:31:00,28.0,Debit Card
2026-02-02 17:32:00,20.0,Pix
2026-02-02 17:44:00,9.0,Cash
2026-02-02 17:57:00,22.0,Debit Card
2026-02-02 17:58:00,15.0,Debit Card
2026-02-02 18:04:00,10.0,Pix
2026-02-02 18:10:00,22.0,Pix
2026-02-02 18:16:00,28.0,Credit Card
2026-02-02 18:20:00,18.0,Debit Card
2026-02-02 18:21:00,11.0,Pix
2026-02-02 18:24:00,16.0,Debit Card
2026-02-02 18:44:00,7.0,Pix
2026-02-02 18:47:00,14.0,Pix
2026-02-02 18:48:00,9.0,Cash
2026-02-02 18:50:00,7.0,Pix
2026-02-02 19:07:00,14.0,Pix
2026-02-02 19:08:00,10.0,Debit Card
2026-02-02 19:28:00,4.0,Debit Card
2026-02-02 17:55:00,91.0,Cash
2026-02-02 17:34:00,7.0,Debit Card
2026-02-04 13:29:00,22.0,Debit Card
2026-02-04 13:32:00,7.0,Debit Card
2026-02-04 13:40:00,11.0,Pix
2026-02-04 13:42:00,20.0,Cash
2026-02-04 13:47:00,21.0,Cash
2026-02-04 13:53:00,22.0,Debit Card
2026-02-04 14:02:00,14.0,Debit Card
2026-02-04 14:09:00,21.0,Cash
2026-02-04 14:14:00,11.0,Cash
2026-02-04 14:17:00,22.0,Pix
2026-02-04 14:21:00,11.0,Cash
2026-02-04 14:22:00,9.0,Cash
2026-02-04 14:43:00,4.0,Debit Card
2026-02-04 14:47:00,9.0,Debit Card
2026-02-04 14:51:00,52.0,Debit Card
2026-02-04 15:00:00,32.0,Debit Card
2026-02-04 15:06:00,33.0,Cash
2026-02-04 15:12:00,11.0,Cash
2026-02-04 15:16:00,16.0,Cash
2026-02-04 15:27:00,22.0,Debit Card
2026-02-04 15:31:00,7.0,Cash
2026-02-04 15:31:00,14.0,Debit Card
2026-02-04 15:38:00,7.0,Credit Card
2026-02-04 15:38:00,7.0,Debit Card
2026-02-04 15:50:00,28.0,Credit Card
2026-02-04 15:53:00,33.0,Pix
2026-02-04 16:00:00,7.0,Cash
2026-02-04 16:03:00,22.0,Credit Card
2026-02-04 16:15:00,24.5,Cash
2026-02-04 16:16:00,14.0,Debit Card
2026-02-04 16:17:00,21.0,Cash
2026-02-04 16:20:00,11.0,Debit Card
2026-02-04 16:26:00,18.0,Meal Voucher
2026-02-04 16:28:00,10.0,Cash
2026-02-04 16:29:00,18.0,Cash
2026-02-04 16:30:00,12.5,Debit Card
2026-02-04 16:32:00,10.0,Debit Card
2026-02-04 16:41:00,9.0,Meal Voucher
2026-02-04 16:50:00,7.0,Cash
2026-02-04 16:53:00,23.0,Debit Card
2026-02-04 16:54:00,22.0,Debit Card
2026-02-04 17:05:00,22.5,Debit Card
2026-02-04 17:06:00,10.0,Debit Card
2026-02-04 17:19:00,16.0,Credit Card
2026-02-04 17:33:00,25.0,Pix
2026-02-04 17:36:00,7.0,Cash
2026-02-04 17:43:00,7.0,Debit Card
2026-02-04 17:45:00,9.0,Credit Card
2026-02-04 17:47:00,14.0,Pix
2026-02-04 17:50:00,47.0,Pix
2026-02-04 17:53:00,18.0,Cash
2026-02-04 17:54:00,9.0,Cash
2026-02-04 17:58:00,11.0,Pix
2026-02-04 17:58:00,15.0,Debit Card
2026-02-04 18:03:00,18.0,Meal Voucher
2026-02-04 18:03:00,9.0,Cash
2026-02-04 18:05:00,20.0,Cash
2026-02-04 18:08:00,11.0,Cash
2026-02-04 18:10:00,9.0,Cash
2026-02-04 18:15:00,61.5,Credit Card
2026-02-04 18:27:00,10.0,Cash
2026-02-04 18:28:00,15.0,Debit Card
2026-02-04 18:33:00,18.0,Credit Card
2026-02-04 18:34:00,7.0,Debit Card
2026-02-04 18:36:00,20.0,Pix
2026-02-04 18:49:00,7.0,Debit Card
2026-02-04 18:57:00,7.0,Cash
2026-02-04 19:09:00,14.0,Cash
2026-02-04 19:19:00,30.0,Pix
2026-02-04 19:29:00,10.0,Credit Card
2026-02-05 14:01:00,13.0,Cash
2026-02-05 14:27:00,7.0,Cash
2026-02-05 14:29:00,9.0,Cash
2026-02-05 14:30:00,8.5,Debit Card
2026-02-05 14:32:00,7.0,Cash
2026-02-05 14:41:00,8.0,Credit Card
2026-02-05 14:56:00,25.0,Pix
2026-02-05 14:58:00,14.0,Debit Card
2026-02-05 14:59:00,7.0,Debit Card
2026-02-05 15:03:00,7.0,Debit Card
2026-02-05 15:12:00,9.0,Cash
2026-02-05 15:14:00,7.0,Debit Card
2026-02-05 15:25:00,32.0,Debit Card
2026-02-05 15:26:00,20.0,Cash
2026-02-05 15:27:00,4.5,Cash
2026-02-05 15:29:00,18.0,Pix
2026-02-05 15:30:00,14.0,Credit Card
2026-02-05 15:35:00,4.5,Cash
2026-02-05 15:36:00,11.0,Debit Card
2026-02-05 15:43:00,16.0,Pix
2026-02-05 16:12:00,22.0,Cash
2026-02-05 16:16:00,16.0,Cash
2026-02-05 16:23:00,27.0,Pix
2026-02-05 16:27:00,27.0,Pix
2026-02-05 16:29:00,22.0,Cash
2026-02-05 16:32:00,7.0,Cash
2026-02-05 16:33:00,30.0,Cash
2026-02-05 16:37:00,14.0,Cash
2026-02-05 16:40:00,9.0,Debit Card
2026-02-05 16:40:00,7.0,Cash
2026-02-05 16:47:00,19.0,Debit Card
2026-02-05 16:48:00,18.0,Cash
2026-02-05 17:22:00,14.0,Debit Card
2026-02-05 17:31:00,42.0,Debit Card
2026-02-05 17:33:00,14.0,Cash
2026-02-05 17:34:00,9.0,Credit Card
2026-02-05 17:39:00,4.0,Debit Card
2026-02-05 17:40:00,7.0,Cash
2026-02-05 17:44:00,27.0,Cash
2026-02-05 17:46:00,15.5,Pix
2026-02-05 17:50:00,16.0,Debit Card
2026-02-05 17:52:00,4.5,Cash
2026-02-05 18:00:00,14.0,Cash
2026-02-05 18:09:00,7.0,Cash
2026-02-05 18:09:00,15.0,Meal Voucher
2026-02-05 18:17:00,7.0,Debit Card
2026-02-05 18:19:00,25.0,Debit Card
2026-02-05 18:22:00,9.0,Meal Voucher
2026-02-05 18:24:00,7.0,Credit Card
2026-02-05 18:29:00,14.0,Cash
2026-02-05 18:30:00,9.0,Debit Card
2026-02-05 18:41:00,29.0,Credit Card
2026-02-05 18:54:00,30.0,Cash
2026-02-05 19:00:00,14.0,Credit Card
2026-02-05 19:01:00,7.0,Cash
2026-02-05 19:21:00,21.0,Debit Card
2026-02-05 19:29:00,14.0,Pix
2026-02-05 15:45:00,11.0,Pix
2026-02-06 13:47:00,15.0,Cash
2026-02-06 14:17:00,14.0,Cash
2026-02-06 14:19:00,13.0,Cash
2026-02-06 14:25:00,18.0,Debit Card
2026-02-06 14:29:00,4.0,Pix
2026-02-06 14:33:00,7.0,Debit Card
2026-02-06 14:40:00,16.0,Cash
2026-02-06 14:43:00,14.0,Cash
2026-02-06 14:44:00,25.0,Pix
2026-02-06 14:51:00,4.0,Cash
2026-02-06 14:51:00,9.0,Cash
2026-02-06 14:59:00,7.0,Cash
2026-02-06 15:19:00,19.5,Debit Card
2026-02-06 15:24:00,37.0,Pix
2026-02-06 15:27:00,27.0,Pix
2026-02-06 15:30:00,27.0,Pix
2026-02-06 15:32:00,14.0,Cash
2026-02-06 15:33:00,16.0,Cash
2026-02-06 15:35:00,18.0,Cash
2026-02-06 15:41:00,9.0,Credit Card
2026-02-06 15:45:00,20.0,Credit Card
2026-02-06 15:54:00,7.0,Debit Card
2026-02-06 16:16:00,21.0,Pix
2026-02-06 16:16:00,9.0,Cash
2026-02-06 16:28:00,14.0,Cash
2026-02-06 16:30:00,9.0,Cash
2026-02-06 16:31:00,4.0,Cash
2026-02-06 16:46:00,14.0,Cash
2026-02-06 16:47:00,14.0,Pix
2026-02-06 16:50:00,22.0,Pix
2026-02-06 16:51:00,7.0,Cash
2026-02-06 17:01:00,35.0,Pix
2026-02-06 17:02:00,7.0,Credit Card
2026-02-06 17:10:00,16.0,Pix
2026-02-06 17:14:00,19.0,Debit Card
2026-02-06 17:22:00,41.0,Credit Card
2026-02-06 17:25:00,30.0,Pix
2026-02-06 17:38:00,4.5,Debit Card
2026-02-06 17:41:00,10.0,Credit Card
2026-02-06 17:46:00,18.0,Debit Card
2026-02-06 17:54:00,7.0,Cash
2026-02-06 18:09:00,22.0,Debit Card
2026-02-06 18:10:00,14.0,Debit Card
2026-02-06 18:22:00,9.0,Cash
2026-02-06 18:26:00,7.0,Debit Card
2026-02-06 18:29:00,14.0,Pix
2026-02-06 18:40:00,14.0,Debit Card
2026-02-06 18:54:00,64.0,Cash
2026-02-06 18:59:00,37.0,Debit Card
2026-02-06 19:01:00,11.0,Debit Card
2026-02-06 19:14:00,18.0,Credit Card
2026-02-06 16:37:00,20.0,Pix
2026-02-06 19:16:00,9.0,Pix
2026-02-06 19:20:00,20.0,Pix
2026-02-07 10:31:00,14.0,Cash
2026-02-07 10:35:00,23.0,Cash
2026-02-07 10:57:00,11.0,Pix
2026-02-07 10:39:00,4.0,Cash
2026-02-07 11:05:00,18.0,Cash
2026-02-07 11:16:00,7.0,Credit Card
2026-02-07 11:21:00,25.0,Cash
2026-02-07 11:25:00,22.0,Debit Card
2026-02-07 11:30:00,18.0,Pix
2026-02-07 11:31:00,12.5,Debit Card
2026-02-07 11:37:00,4.0,Cash
2026-02-07 11:47:00,4.5,Debit Card
2026-02-07 11:54:00,4.5,Pix
2026-02-07 12:07:00,20.5,Pix
2026-02-07 12:29:00,15.5,Cash
2026-02-07 12:36:00,4.0,Cash
2026-02-07 12:41:00,7.0,Cash
2026-02-07 12:56:00,11.0,Cash
2026-02-07 13:03:00,9.0,Cash
2026-02-07 13:04:00,7.0,Cash
2026-02-07 13:05:00,9.0,Cash
2026-02-07 13:07:00,18.0,Debit Card
2026-02-07 13:12:00,7.0,Cash
2026-02-07 13:13:00,16.0,Cash
2026-02-07 13:15:00,9.0,Debit Card
2026-02-07 13:16:00,4.0,Debit Card
2026-02-07 13:20:00,21.0,Cash
2026-02-07 13:21:00,7.0,Debit Card
2026-02-07 13:31:00,22.0,Debit Card
2026-02-07 13:35:00,21.0,Debit Card
2026-02-07 13:38:00,9.0,Debit Card
2026-02-07 13:44:00,31.0,Debit Card
2026-02-07 13:46:00,11.0,Debit Card
2026-02-07 13:55:00,20.0,Multiple
2026-02-07 13:55:00,4.0,Cash
2026-02-07 13:58:00,16.0,Debit Card
2026-02-07 14:01:00,16.0,Debit Card
2026-02-07 14:03:00,11.0,Debit Card
2026-02-07 14:04:00,14.0,Debit Card
2026-02-07 14:14:00,27.0,Debit Card
2026-02-07 14:15:00,18.0,Credit Card
2026-02-07 14:19:00,21.0,Debit Card
2026-02-07 14:42:00,24.0,Cash
2026-02-07 14:51:00,9.0,Credit Card
2026-02-07 15:12:00,14.0,Cash
2026-02-07 15:14:00,9.0,Cash
2026-02-07 15:27:00,18.0,Credit Card
2026-02-07 15:28:00,15.0,Pix
2026-02-07 15:29:00,17.0,Debit Card
2026-02-07 15:31:00,7.0,Credit Card
2026-02-07 15:31:00,7.0,Meal Voucher
2026-02-07 15:32:00,7.0,Cash
2026-02-07 15:38:00,26.0,Cash
2026-02-07 15:39:00,7.0,Debit Card
2026-02-07 15:49:00,7.0,Credit Card
2026-02-07 15:56:00,7.0,Pix
2026-02-07 15:57:00,7.0,Debit Card
2026-02-07 16:09:00,56.0,Cash
2026-02-07 16:27:00,24.5,Pix
2026-02-07 16:29:00,11.0,Debit Card
2026-02-07 16:31:00,21.0,Debit Card
2026-02-07 16:35:00,22.0,Pix
2026-02-07 16:36:00,37.0,Credit Card
2026-02-07 16:40:00,14.0,Cash
2026-02-07 16:41:00,14.0,Debit Card
2026-02-07 16:43:00,18.0,Debit Card
2026-02-07 16:46:00,22.0,Debit Card
2026-02-07 16:49:00,10.0,Debit Card
2026-02-07 16:57:00,20.0,Debit Card
2026-02-07 17:02:00,9.0,Pix
2026-02-07 17:08:00,10.0,Debit Card
2026-02-07 17:11:00,7.0,Debit Card
2026-02-07 17:23:00,4.0,Cash
2026-02-07 17:27:00,16.0,Debit Card
2026-02-07 17:28:00,9.0,Pix
2026-02-07 17:38:00,14.0,Debit Card
2026-02-07 17:49:00,35.0,Debit Card
2026-02-07 17:50:00,16.0,Cash
2026-02-07 17:51:00,15.0,Meal Voucher
2026-02-07 17:54:00,20.0,Credit Card
2026-02-07 18:01:00,17.0,Debit Card
2026-02-07 18:16:00,7.0,Debit Card
2026-02-07 18:23:00,23.0,Cash
2026-02-07 18:26:00,9.0,Credit Card
2026-02-07 18:29:00,25.0,Debit Card
2026-02-07 18:31:00,11.0,Cash
2026-02-07 18:03:00,30.0,Pix
2026-02-07 18:40:00,9.0,Cash
2026-02-07 19:04:00,18.0,Cash
2026-02-07 19:05:00,9.0,Cash
2026-02-07 10:38:00,18.5,Cash
2026-02-07 10:38:00,4.5,Debit Card
2026-02-08 14:01:00,7.0,Debit Card
2026-02-08 14:09:00,24.0,Cash
2026-02-08 14:11:00,18.0,Pix
2026-02-08 14:47:00,18.0,Cash
2026-02-08 14:50:00,14.0,Pix
2026-02-08 14:51:00,8.5,Debit Card
2026-02-08 14:55:00,14.0,Pix
2026-02-08 15:00:00,14.0,Cash
2026-02-08 15:03:00,19.0,Credit Card
2026-02-08 15:10:00,22.0,Cash
2026-02-08 15:16:00,15.0,Debit Card
2026-02-08 15:19:00,8.0,Debit Card
2026-02-08 15:21:00,16.0,Cash
2026-02-08 15:24:00,30.0,Pix
2026-02-08 15:34:00,54.0,Credit Card
2026-02-08 15:38:00,7.0,Debit Card
2026-02-08 15:44:00,7.0,Pix
2026-02-08 15:51:00,11.0,Credit Card
2026-02-08 16:03:00,28.0,Cash
2026-02-08 16:04:00,14.0,Cash
2026-02-08 16:06:00,16.0,Debit Card
2026-02-08 16:07:00,7.0,Debit Card
2026-02-08 16:14:00,43.0,Credit Card
2026-02-08 16:24:00,14.0,Debit Card
2026-02-08 16:27:00,11.0,Cash
2026-02-08 16:28:00,18.0,Pix
2026-02-08 16:37:00,4.5,Debit Card
2026-02-08 16:41:00,7.0,Cash
2026-02-08 16:49:00,20.0,Pix
2026-02-08 16:54:00,25.0,Credit Card
2026-02-08 17:03:00,7.0,Pix
2026-02-08 17:07:00,25.0,Pix
2026-02-08 17:11:00,18.0,Cash
2026-02-08 17:12:00,9.0,Debit Card
2026-02-08 17:14:00,27.0,Credit Card
2026-02-08 17:21:00,30.0,Credit Card
2026-02-08 17:24:00,32.0,Pix
2026-02-08 17:28:00,11.0,Credit Card
2026-02-08 17:35:00,32.0,Debit Card
2026-02-08 17:38:00,7.0,Pix
2026-02-08 17:41:00,11.0,Debit Card
2026-02-08 17:43:00,23.0,Debit Card
2026-02-08 17:46:00,25.0,Cash
2026-02-08 17:48:00,14.0,Debit Card
2026-02-08 17:49:00,61.0,Debit Card
2026-02-08 18:03:00,36.0,Cash
2026-02-08 18:13:00,39.0,Debit Card
2026-02-08 18:17:00,11.0,Debit Card
2026-02-08 18:19:00,14.0,Credit Card
2026-02-08 18:24:00,33.0,Cash
2026-02-08 18:28:00,21.0,Cash
2026-02-08 18:31:00,22.0,Pix
2026-02-08 18:33:00,25.0,Credit Card
2026-02-08 18:37:00,18.0,Debit Card
2026-02-08 18:37:00,14.0,Debit Card
2026-02-08 18:40:00,16.0,Debit Card
2026-02-08 18:41:00,7.0,Debit Card
2026-02-08 18:46:00,14.0,Cash
2026-02-08 18:49:00,18.0,Debit Card
2026-02-08 18:53:00,22.0,Cash
2026-02-08 18:55:00,10.0,Debit Card
2026-02-08 18:55:00,11.0,Credit Card
2026-02-08 18:58:00,27.0,Cash
2026-02-08 19:00:00,18.0,Pix
2026-02-08 19:05:00,9.0,Cash
2026-02-08 19:16:00,40.0,Credit Card
2026-02-08 19:22:00,28.0,Cash
2026-02-08 19:25:00,35.0,Debit Card
2026-02-08 19:29:00,25.0,Debit Card
2026-02-08 16:17:00,33.0,Cash
2026-02-09 13:41:00,11.0,Pix
2026-02-09 13:41:00,7.0,Debit Card
2026-02-09 13:45:00,8.0,Credit Card
2026-02-09 13:49:00,11.0,Credit Card
2026-02-09 13:53:00,18.0,Pix
2026-02-09 13:53:00,15.0,Debit Card
2026-02-09 13:55:00,9.0,Debit Card
2026-02-09 13:59:00,32.0,Debit Card
2026-02-09 14:16:00,22.0,Pix
2026-02-09 14:25:00,21.0,Debit Card
2026-02-09 14:27:00,14.0,Cash
2026-02-09 14:28:00,14.0,Pix
2026-02-09 14:35:00,20.0,Debit Card
2026-02-09 14:49:00,11.0,Debit Card
2026-02-09 14:58:00,32.0,Pix
2026-02-09 15:02:00,4.0,Cash
2026-02-09 15:03:00,18.0,Cash
2026-02-09 15:05:00,4.0,Cash
2026-02-09 15:08:00,20.0,Debit Card
2026-02-09 15:11:00,4.5,Pix
2026-02-09 15:16:00,10.0,Cash
2026-02-09 15:29:00,14.0,Pix
2026-02-09 15:33:00,14.0,Cash
2026-02-09 15:34:00,14.0,Cash
2026-02-09 15:35:00,4.0,Cash
2026-02-09 15:36:00,9.0,Debit Card
2026-02-09 15:45:00,15.0,Cash
2026-02-09 15:47:00,16.0,Debit Card
2026-02-09 16:00:00,7.0,Credit Card
2026-02-09 16:10:00,4.0,Cash
2026-02-09 16:17:00,42.0,Pix
2026-02-09 16:18:00,14.0,Pix
2026-02-09 16:22:00,20.0,Debit Card
2026-02-09 16:23:00,14.0,Debit Card
2026-02-09 16:25:00,16.0,Cash
2026-02-09 16:28:00,9.0,Pix
2026-02-09 16:36:00,36.0,Debit Card
2026-02-09 16:38:00,11.0,Cash
2026-02-09 16:41:00,11.0,Meal Voucher
2026-02-09 16:43:00,18.0,Pix
2026-02-09 16:50:00,18.0,Debit Card
2026-02-09 16:56:00,7.0,Debit Card
2026-02-09 16:57:00,18.0,Credit Card
2026-02-09 17:11:00,20.0,Cash
2026-02-09 17:15:00,7.0,Credit Card
2026-02-09 17:18:00,9.0,Pix
2026-02-09 17:20:00,7.0,Debit Card
2026-02-09 17:21:00,7.0,Cash
2026-02-09 17:24:00,22.0,Cash
2026-02-09 17:29:00,10.0,Pix
2026-02-09 17:29:00,5.0,Pix
2026-02-09 17:31:00,20.0,Pix
2026-02-09 17:33:00,4.0,Credit Card
2026-02-09 17:34:00,7.0,Debit Card
2026-02-09 18:05:00,10.0,Pix
2026-02-09 18:06:00,4.0,Pix
2026-02-09 18:14:00,14.0,Pix
2026-02-09 18:41:00,22.0,Pix
2026-02-09 18:41:00,15.0,Pix
2026-02-09 18:41:00,20.0,Debit Card
2026-02-09 19:00:00,7.0,Cash
2026-02-09 19:15:00,11.0,Debit Card
2026-02-09 19:28:00,32.0,Pix
2026-02-09 19:32:00,11.0,Pix
2026-02-09 19:35:00,11.0,Credit Card
2026-02-10 14:14:00,32.0,Debit Card
2026-02-10 14:32:00,7.0,Pix
2026-02-10 14:33:00,4.0,Pix
2026-02-10 14:34:00,7.0,Debit Card
2026-02-10 14:55:00,14.0,Pix
2026-02-10 14:59:00,4.5,Cash
2026-02-10 15:00:00,7.0,Cash
2026-02-10 15:19:00,18.0,Credit Card
2026-02-10 15:38:00,7.0,Debit Card
2026-02-10 15:51:00,7.0,Debit Card
2026-02-10 16:04:00,9.0,Debit Card
2026-02-10 16:10:00,21.0,Pix
2026-02-10 16:22:00,7.0,Cash
2026-02-10 16:24:00,7.0,Cash
2026-02-10 16:49:00,14.0,Credit Card
2026-02-10 17:04:00,9.0,Debit Card
2026-02-10 17:12:00,10.0,Credit Card
2026-02-10 17:16:00,18.0,Cash
2026-02-10 17:34:00,14.0,Multiple
2026-02-10 17:43:00,7.0,Credit Card
2026-02-10 17:59:00,9.0,Pix
2026-02-10 18:06:00,11.0,Pix
2026-02-10 18:08:00,9.0,Cash
2026-02-10 18:20:00,18.0,Cash
2026-02-10 18:20:00,7.0,Credit Card
2026-02-10 18:21:00,7.0,Credit Card
2026-02-10 18:25:00,9.0,Debit Card
2026-02-10 18:46:00,14.0,Cash
2026-02-10 18:52:00,27.0,Pix
2026-02-10 19:01:00,10.0,Cash
2026-02-10 19:12:00,21.0,Cash
2026-02-10 19:18:00,4.0,Cash
2026-02-10 19:18:00,39.0,Cash
2026-02-10 19:23:00,7.0,Cash
2026-02-10 19:28:00,9.0,Cash
2026-02-10 19:41:00,46.0,Debit Card
2026-02-10 19:43:00,10.0,Credit Card
2026-02-11 14:28:00,14.0,Pix
2026-02-11 14:29:00,9.0,Cash
2026-02-11 15:02:00,44.0,Credit Card
2026-02-11 15:02:00,10.0,Cash
2026-02-11 15:06:00,9.0,Cash
2026-02-11 15:08:00,16.0,Debit Card
2026-02-11 15:11:00,14.0,Credit Card
2026-02-11 15:15:00,42.0,Credit Card
2026-02-11 15:16:00,12.0,Cash
2026-02-11 15:20:00,48.5,Cash
2026-02-11 15:23:00,35.0,Credit Card
2026-02-11 15:27:00,7.0,Cash
2026-02-11 15:29:00,18.0,Pix
2026-02-11 15:35:00,27.0,Pix
2026-02-11 15:42:00,16.0,Pix
2026-02-11 15:43:00,7.0,Pix
2026-02-11 15:49:00,14.0,Cash
2026-02-11 15:51:00,7.0,Debit Card
2026-02-11 15:51:00,9.0,Debit Card
2026-02-11 15:56:00,14.0,Pix
2026-02-11 16:05:00,14.0,Cash
2026-02-11 16:09:00,20.5,Credit Card
2026-02-11 16:15:00,16.0,Debit Card
2026-02-11 16:18:00,18.0,Debit Card
2026-02-11 16:26:00,7.0,Cash
2026-02-11 16:30:00,7.0,Cash
2026-02-11 16:33:00,18.0,Cash
2026-02-11 16:45:00,8.0,Cash
2026-02-11 16:52:00,7.0,Debit Card
2026-02-11 17:06:00,22.0,Debit Card
2026-02-11 17:08:00,8.0,Debit Card
2026-02-11 17:12:00,9.0,Cash
2026-02-11 17:23:00,7.0,Cash
2026-02-11 17:36:00,10.0,Pix
2026-02-11 17:41:00,14.0,Debit Card
2026-02-11 17:43:00,9.0,Cash
2026-02-11 17:50:00,7.0,Pix
2026-02-11 17:56:00,9.0,Cash
2026-02-11 17:59:00,9.0,Pix
2026-02-11 18:01:00,11.0,Cash
2026-02-11 18:02:00,9.0,Debit Card
2026-02-11 18:05:00,20.0,Meal Voucher
2026-02-11 18:06:00,21.0,Debit Card
2026-02-11 18:12:00,18.0,Debit Card
2026-02-11 18:16:00,39.0,Pix
2026-02-11 18:18:00,14.0,Cash
2026-02-11 18:25:00,9.0,Cash
2026-02-11 18:27:00,16.0,Debit Card
2026-02-11 18:31:00,22.0,Pix
2026-02-11 18:32:00,34.0,Credit Card
2026-02-11 18:36:00,16.0,Credit Card
2026-02-11 18:44:00,11.0,Debit Card
2026-02-11 19:18:00,18.0,Cash
2026-02-11 19:21:00,7.0,Pix
2026-02-11 19:36:00,9.0,Pix
2026-02-12 13:35:00,9.0,Debit Card
2026-02-12 13:36:00,9.0,Debit Card
2026-02-12 13:53:00,10.0,Cash
2026-02-12 13:54:00,21.0,Debit Card
2026-02-12 14:09:00,9.0,Cash
2026-02-12 14:32:00,9.0,Debit Card
2026-02-12 14:33:00,7.0,Credit Card
2026-02-12 14:41:00,14.0,Pix
2026-02-12 14:51:00,4.0,Cash
2026-02-12 15:07:00,14.0,Pix
2026-02-12 15:07:00,7.0,Cash
2026-02-12 15:11:00,7.0,Cash
2026-02-12 15:13:00,25.0,Cash
2026-02-12 15:20:00,4.0,Cash
2026-02-12 15:45:00,22.5,Debit Card
2026-02-12 16:02:00,9.0,Pix
2026-02-12 16:02:00,42.0,Cash
2026-02-12 16:08:00,14.0,Pix
2026-02-12 16:24:00,7.0,Cash
2026-02-12 16:29:00,16.0,Debit Card
2026-02-12 16:32:00,30.0,Debit Card
2026-02-12 16:38:00,11.0,Cash
2026-02-12 16:41:00,14.0,Cash
2026-02-12 16:44:00,18.0,Pix
2026-02-12 16:53:00,9.0,Pix
2026-02-12 16:54:00,9.0,Debit Card
2026-02-12 17:00:00,14.0,Pix
2026-02-12 17:04:00,22.5,Pix
2026-02-12 17:06:00,27.0,Pix
2026-02-12 17:09:00,25.0,Cash
2026-02-12 17:17:00,7.0,Credit Card
2026-02-12 17:21:00,11.0,Debit Card
2026-02-12 17:47:00,7.0,Cash
2026-02-12 17:53:00,18.0,Credit Card
2026-02-12 18:14:00,7.0,Cash
2026-02-12 18:32:00,4.0,Debit Card
2026-02-12 18:33:00,7.0,Debit Card
2026-02-12 18:36:00,22.0,Pix
2026-02-12 18:37:00,7.0,Debit Card
2026-02-12 18:39:00,16.0,Credit Card
2026-02-12 18:48:00,67.0,Debit Card
2026-02-12 18:48:00,20.0,Debit Card
2026-02-12 18:53:00,27.0,Cash
2026-02-12 19:05:00,38.0,Credit Card
2026-02-12 19:11:00,9.0,Debit Card
2026-02-12 19:12:00,7.0,Cash
2026-02-12 19:25:00,7.0,Debit Card
2026-02-13 13:59:00,15.5,Credit Card
2026-02-13 14:04:00,14.0,Cash
2026-02-13 14:06:00,11.5,Cash
2026-02-13 14:30:00,16.0,Pix
2026-02-13 14:59:00,10.0,Cash
2026-02-13 15:17:00,17.0,Credit Card
2026-02-13 15:18:00,9.0,Cash
2026-02-13 15:26:00,7.0,Cash
2026-02-13 15:34:00,22.0,Cash
2026-02-13 15:12:00,20.0,Cash
2026-02-13 15:37:00,11.0,Pix
2026-02-13 15:45:00,7.0,Cash
2026-02-13 15:49:00,7.0,Credit Card
2026-02-13 15:55:00,18.0,Debit Card
2026-02-13 15:56:00,7.0,Cash
2026-02-13 15:57:00,7.0,Cash
2026-02-13 16:01:00,21.0,Cash
2026-02-13 16:04:00,7.0,Cash
2026-02-13 16:09:00,9.0,Debit Card
2026-02-13 16:16:00,31.0,Cash
2026-02-13 16:17:00,9.0,Cash
2026-02-13 16:19:00,7.0,Pix
2026-02-13 16:22:00,18.0,Credit Card
2026-02-13 16:25:00,30.0,Pix
2026-02-13 16:26:00,21.0,Pix
2026-02-13 16:39:00,31.0,Credit Card
2026-02-13 16:40:00,7.0,Cash
2026-02-13 16:44:00,16.0,Debit Card
2026-02-13 16:46:00,11.0,Pix
2026-02-13 16:47:00,9.0,Debit Card
2026-02-13 16:59:00,14.0,Credit Card
2026-02-13 17:05:00,15.0,Pix
2026-02-13 17:08:00,9.0,Pix
2026-02-13 17:16:00,15.0,Pix
2026-02-13 17:26:00,7.0,Cash
2026-02-13 17:28:00,9.0,Debit Card
2026-02-13 17:37:00,21.0,Debit Card
2026-02-14 11:03:00,4.5,Cash
2026-02-14 11:20:00,29.0,Pix
2026-02-14 11:23:00,14.0,Debit Card
2026-02-14 11:31:00,16.0,Debit Card
2026-02-14 11:45:00,9.0,Debit Card
2026-02-14 11:46:00,4.0,Cash
2026-02-14 12:32:00,7.0,Debit Card
2026-02-14 13:15:00,10.0,Pix
2026-02-14 13:26:00,7.0,Pix
2026-02-14 13:31:00,33.0,Cash
2026-02-14 13:37:00,23.0,Cash
2026-02-14 13:42:00,48.0,Credit Card
2026-02-14 13:51:00,15.0,Debit Card
2026-02-14 13:53:00,11.0,Debit Card
2026-02-14 13:56:00,7.0,Pix
2026-02-14 14:00:00,7.0,Pix
2026-02-14 14:04:00,24.0,Credit Card
2026-02-14 14:05:00,11.0,Pix
2026-02-14 14:07:00,7.0,Pix
2026-02-14 14:08:00,11.0,Cash
2026-02-14 14:13:00,21.0,Pix
2026-02-14 14:14:00,9.0,Pix
2026-02-14 14:14:00,9.0,Debit Card
2026-02-14 14:22:00,21.0,Pix
2026-02-14 14:26:00,11.0,Cash
2026-02-14 14:32:00,16.0,Cash
2026-02-14 14:38:00,10.0,Cash
2026-02-14 14:42:00,14.0,Cash
2026-02-14 14:46:00,9.0,Cash
2026-02-14 14:47:00,28.0,Debit Card
2026-02-14 14:53:00,9.0,Cash
2026-02-14 14:54:00,18.0,Debit Card
2026-02-14 14:55:00,9.0,Debit Card
2026-02-14 14:58:00,7.0,Cash
2026-02-14 15:07:00,17.0,Credit Card
2026-02-14 15:09:00,18.0,Pix
2026-02-14 15:11:00,23.0,Credit Card
2026-02-14 15:12:00,7.0,Debit Card
2026-02-14 15:18:00,7.0,Debit Card
2026-02-14 15:22:00,9.0,Cash
2026-02-14 15:25:00,16.0,Cash
2026-02-14 15:38:00,14.0,Credit Card
2026-02-14 15:40:00,14.0,Cash
2026-02-14 15:41:00,21.0,Debit Card
2026-02-14 15:44:00,9.0,Credit Card
2026-02-14 15:53:00,9.0,Debit Card
2026-02-14 15:54:00,9.0,Debit Card
2026-02-14 15:58:00,7.0,Cash
2026-02-14 16:03:00,18.0,Cash
2026-02-14 16:06:00,4.5,Cash
2026-02-14 16:19:00,4.5,Debit Card
2026-02-14 16:19:00,9.0,Credit Card
2026-02-14 16:22:00,9.0,On Credit
2026-02-14 16:28:00,25.0,Pix
2026-02-14 16:29:00,7.0,Cash
2026-02-14 16:34:00,14.0,Cash
2026-02-14 16:52:00,21.0,Debit Card
2026-02-14 16:55:00,9.0,Pix
2026-02-14 16:56:00,7.0,Credit Card
2026-02-14 16:59:00,18.0,Debit Card
2026-02-14 17:02:00,7.0,Cash
2026-02-14 17:06:00,19.0,Pix
2026-02-14 17:06:00,9.0,Debit Card
2026-02-14 17:23:00,18.0,Cash
2026-02-14 17:28:00,4.0,Debit Card
2026-02-14 17:43:00,11.0,Debit Card
2026-02-14 17:50:00,43.0,Multiple
2026-02-14 17:50:00,15.0,Pix
2026-02-14 17:51:00,28.0,Credit Card
2026-02-14 17:57:00,7.0,Cash
2026-02-14 18:04:00,27.0,Debit Card
2026-02-14 18:05:00,15.0,Credit Card
2026-02-14 18:06:00,26.0,Cash
2026-02-14 18:13:00,9.0,Credit Card
2026-02-14 18:13:00,18.0,Cash
2026-02-14 18:19:00,11.0,Cash
2026-02-14 18:26:00,20.0,Debit Card
2026-02-14 18:33:00,11.0,Debit Card
2026-02-14 18:44:00,24.0,Debit Card
2026-02-14 18:45:00,21.0,Credit Card
2026-02-14 18:58:00,7.0,Cash
2026-02-14 18:52:00,20.0,Debit Card
2026-02-14 19:04:00,10.0,Cash
2026-02-14 19:05:00,21.0,Credit Card
2026-02-14 19:09:00,18.0,Cash
2026-02-14 19:19:00,32.0,Pix
2026-02-14 19:29:00,9.0,Cash
2026-02-15 15:25:00,14.0,Cash
2026-02-15 15:40:00,14.0,Debit Card
2026-02-15 15:44:00,18.5,Cash
2026-02-15 15:45:00,25.0,Cash
2026-02-15 15:52:00,34.0,Cash
2026-02-15 15:53:00,9.0,Cash
2026-02-15 15:55:00,7.0,Pix
2026-02-15 16:02:00,11.0,Cash
2026-02-15 16:08:00,21.0,Cash
2026-02-15 16:10:00,28.0,Credit Card
2026-02-15 16:16:00,14.0,Pix
2026-02-15 16:24:00,18.0,Cash
2026-02-15 16:28:00,32.0,Cash
2026-02-15 16:33:00,50.0,Credit Card
2026-02-15 16:36:00,11.0,Debit Card
2026-02-15 16:38:00,9.0,Pix
2026-02-15 16:45:00,28.5,Credit Card
2026-02-15 16:48:00,16.0,Credit Card
2026-02-15 16:48:00,12.0,Cash
2026-02-15 16:54:00,12.0,Cash
2026-02-15 16:58:00,14.0,Cash
2026-02-15 17:11:00,44.0,Pix
2026-02-15 17:16:00,25.0,Cash
2026-02-15 17:25:00,34.0,Cash
2026-02-15 17:26:00,8.5,Pix
2026-02-15 17:32:00,53.0,Credit Card
2026-02-15 17:37:00,29.0,Credit Card
2026-02-15 17:37:00,23.0,Credit Card
2026-02-15 17:43:00,18.0,Debit Card
2026-02-15 17:51:00,22.0,Debit Card
2026-02-15 17:57:00,34.0,Credit Card
2026-02-15 17:58:00,23.0,Pix
2026-02-15 18:02:00,14.0,Debit Card
2026-02-15 18:04:00,7.0,Pix
2026-02-15 18:08:00,7.0,Debit Card
2026-02-15 18:13:00,16.0,Cash
2026-02-15 18:19:00,37.0,Debit Card
2026-02-15 18:23:00,11.0,Cash
2026-02-15 18:34:00,27.0,Pix
2026-02-15 18:45:00,14.0,Cash
2026-02-15 18:51:00,4.0,Cash
2026-02-15 18:58:00,51.0,Pix
2026-02-15 19:03:00,39.0,Cash
2026-02-15 19:07:00,7.0,Cash
2026-02-15 19:14:00,29.5,Debit Card
2026-02-15 19:23:00,14.0,Debit Card
2026-02-15 19:24:00,20.0,Debit Card
2026-02-15 19:31:00,11.0,Debit Card
2026-02-15 19:35:00,4.0,Cash
2026-02-16 13:38:00,18.0,Cash
2026-02-16 13:39:00,9.0,Cash
2026-02-16 13:47:00,16.0,Pix
2026-02-16 13:49:00,4.0,Cash
2026-02-16 13:52:00,16.0,Debit Card
2026-02-16 13:58:00,11.0,Debit Card
2026-02-16 14:01:00,14.0,Pix
2026-02-16 14:17:00,18.0,Cash
2026-02-16 14:24:00,18.0,Cash
2026-02-16 14:26:00,23.0,Credit Card
2026-02-16 14:36:00,18.0,Cash
2026-02-16 14:46:00,21.0,Debit Card
2026-02-16 14:48:00,7.0,Cash
2026-02-16 14:49:00,7.0,Pix
2026-02-16 14:54:00,9.0,Cash
2026-02-16 15:00:00,40.0,Credit Card
2026-02-16 15:09:00,40.0,Cash
2026-02-16 15:15:00,50.0,Credit Card
2026-02-16 15:22:00,4.0,Credit Card
2026-02-16 15:34:00,17.0,Debit Card
2026-02-16 15:38:00,24.0,Cash
2026-02-16 15:38:00,20.0,Cash
2026-02-16 15:51:00,14.0,Debit Card
2026-02-16 15:58:00,7.0,Pix
2026-02-16 16:03:00,22.0,Debit Card
2026-02-16 16:03:00,7.0,Debit Card
2026-02-16 16:07:00,17.0,Cash
2026-02-16 16:09:00,18.0,Pix
2026-02-16 16:11:00,16.0,Pix
2026-02-16 16:15:00,29.5,Cash
2026-02-16 16:21:00,4.0,Debit Card
2026-02-16 16:23:00,24.0,Credit Card
2026-02-16 16:25:00,21.0,Cash
2026-02-16 16:25:00,11.0,Cash
2026-02-16 16:36:00,7.0,Debit Card
2026-02-16 16:39:00,11.0,Debit Card
2026-02-16 16:44:00,25.0,Debit Card
2026-02-16 16:51:00,20.5,Cash
2026-02-16 16:53:00,26.0,Cash
2026-02-16 16:59:00,29.0,Cash
2026-02-16 17:13:00,25.0,Pix
2026-02-16 17:22:00,21.0,Pix
2026-02-16 17:23:00,9.0,Debit Card
2026-02-16 17:23:00,7.0,Cash
2026-02-16 17:26:00,28.0,Pix
2026-02-16 17:33:00,14.0,Pix
2026-02-16 17:37:00,10.0,Debit Card
2026-02-16 17:44:00,18.0,Cash
2026-02-16 17:51:00,31.5,Cash
2026-02-16 17:44:00,10.0,Credit Card
2026-02-16 17:57:00,16.0,Cash
2026-02-16 17:59:00,7.0,Credit Card
2026-02-16 18:00:00,9.0,Debit Card
2026-02-16 18:12:00,14.0,Pix
2026-02-16 18:18:00,11.0,Debit Card
2026-02-16 19:04:00,40.0,Credit Card
2026-02-16 19:05:00,10.0,Cash
2026-02-17 14:13:00,7.0,Debit Card
2026-02-17 14:15:00,10.0,Cash
2026-02-17 14:29:00,4.0,Cash
2026-02-17 14:33:00,37.0,Credit Card
2026-02-17 14:35:00,18.0,Debit Card
2026-02-17 14:51:00,4.5,Debit Card
2026-02-17 15:01:00,21.0,Debit Card
2026-02-17 15:05:00,62.0,Credit Card
2026-02-17 15:06:00,9.0,Debit Card
2026-02-17 15:13:00,11.0,Pix
2026-02-17 15:18:00,7.0,Pix
2026-02-17 15:23:00,11.0,Pix
2026-02-17 15:24:00,21.0,Debit Card
2026-02-17 15:34:00,22.0,Credit Card
2026-02-17 15:41:00,7.0,Cash
2026-02-17 15:46:00,11.0,Pix
2026-02-17 15:51:00,15.5,Cash
2026-02-17 15:52:00,11.0,Meal Voucher
2026-02-17 15:53:00,9.0,Cash
2026-02-17 15:55:00,16.0,Pix
2026-02-17 15:59:00,14.0,Cash
2026-02-17 16:03:00,18.0,Cash
2026-02-17 16:10:00,14.0,Credit Card
2026-02-17 16:18:00,9.0,Pix
2026-02-17 16:27:00,11.0,Debit Card
2026-02-17 16:31:00,15.0,Pix
2026-02-17 16:36:00,35.0,Cash
2026-02-17 16:36:00,20.0,Cash
2026-02-17 16:41:00,14.0,Cash
2026-02-17 16:45:00,21.0,Cash
2026-02-17 16:46:00,7.0,Pix
2026-02-17 16:49:00,10.0,Cash
2026-02-17 16:53:00,14.0,Pix
2026-02-17 17:01:00,23.0,Credit Card
2026-02-17 17:03:00,38.0,Cash
2026-02-17 17:09:00,7.0,Cash
2026-02-17 17:16:00,28.0,Cash
2026-02-17 17:17:00,20.0,Cash
2026-02-17 17:22:00,28.0,Debit Card
2026-02-17 17:27:00,18.0,Debit Card
2026-02-17 17:28:00,9.0,Cash
2026-02-17 17:33:00,14.0,Pix
2026-02-17 17:45:00,4.0,Debit Card
2026-02-17 17:48:00,14.0,Pix
2026-02-17 17:50:00,9.0,Cash
2026-02-17 17:51:00,4.5,Cash
2026-02-17 17:53:00,20.0,Cash
2026-02-17 17:58:00,28.0,Debit Card
2026-02-17 18:00:00,14.0,Pix
2026-02-17 18:03:00,14.0,Cash
2026-02-17 18:05:00,7.0,Cash
2026-02-17 18:30:00,18.0,Debit Card
2026-02-17 18:35:00,22.0,Credit Card
2026-02-17 18:36:00,9.0,Debit Card
2026-02-17 18:36:00,16.0,Debit Card
2026-02-17 18:41:00,9.0,Debit Card
2026-02-17 18:42:00,16.0,Debit Card
2026-02-17 18:48:00,32.0,Debit Card
2026-02-17 18:49:00,28.0,Debit Card
2026-02-17 19:10:00,28.0,Debit Card
2026-02-17 19:14:00,14.0,Credit Card
2026-02-17 19:33:00,8.5,Cash
2026-02-17 18:08:00,7.0,Cash
2026-02-17 18:04:00,14.0,Debit Card
2026-02-18 14:03:00,9.0,Debit Card
2026-02-18 14:23:00,33.0,Cash
2026-02-18 14:33:00,40.0,Cash
2026-02-18 14:46:00,16.0,Debit Card
2026-02-18 14:47:00,20.0,Pix
2026-02-18 14:49:00,9.0,Pix
2026-02-18 14:50:00,14.0,Debit Card
2026-02-18 15:03:00,15.0,Cash
2026-02-18 15:05:00,17.0,Debit Card
2026-02-18 15:13:00,4.0,Pix
2026-02-18 15:21:00,14.0,Cash
2026-02-18 15:30:00,20.0,Cash
2026-02-18 15:39:00,14.0,Debit Card
2026-02-18 15:51:00,58.0,Pix
2026-02-18 15:58:00,14.0,Debit Card
2026-02-18 15:59:00,38.0,Cash
2026-02-18 16:02:00,9.0,Cash
2026-02-18 16:07:00,11.0,Cash
2026-02-18 16:08:00,4.0,Cash
2026-02-18 16:09:00,7.0,Debit Card
2026-02-18 16:12:00,18.0,Cash
2026-02-18 16:14:00,8.0,Cash
2026-02-18 16:22:00,7.0,Cash
2026-02-18 16:27:00,7.0,Cash
2026-02-18 16:37:00,15.0,Debit Card
2026-02-18 16:44:00,11.0,Debit Card
2026-02-18 16:57:00,9.0,Debit Card
2026-02-18 17:06:00,7.0,Debit Card
2026-02-18 17:34:00,25.0,Credit Card
2026-02-18 17:41:00,26.0,Debit Card
2026-02-18 17:53:00,11.0,Pix
2026-02-18 17:54:00,11.0,Debit Card
2026-02-18 18:11:00,18.0,Pix
2026-02-18 18:19:00,21.0,Cash
2026-02-18 18:37:00,10.0,Pix
2026-02-18 18:46:00,21.0,Debit Card
2026-02-18 19:02:00,18.0,Debit Card
2026-02-18 19:07:00,11.0,Debit Card
2026-02-18 19:13:00,10.0,Cash
2026-02-18 19:21:00,22.0,Cash
2026-02-18 19:23:00,34.0,Debit Card
2026-02-18 19:34:00,9.0,Debit Card
2026-02-19 14:37:00,7.0,Cash
2026-02-19 14:50:00,7.0,Cash
2026-02-19 15:12:00,33.0,Pix
2026-02-19 15:23:00,7.0,Pix
2026-02-19 15:24:00,16.0,Debit Card
2026-02-19 15:31:00,30.0,Cash
2026-02-19 15:33:00,28.0,Cash
2026-02-19 15:40:00,4.5,Cash
2026-02-19 16:05:00,29.0,Cash
2026-02-19 16:06:00,7.0,Cash
2026-02-19 16:15:00,11.0,Pix
2026-02-19 16:20:00,8.0,Pix
2026-02-19 16:24:00,16.0,Cash
2026-02-19 16:29:00,10.0,Cash
2026-02-19 16:35:00,30.0,Pix
2026-02-19 16:38:00,7.0,Credit Card
2026-02-19 16:38:00,4.0,Cash
2026-02-19 16:45:00,7.0,Cash
2026-02-19 16:46:00,16.0,Debit Card
2026-02-19 17:08:00,14.0,Debit Card
2026-02-19 17:11:00,9.0,Cash
2026-02-19 17:13:00,7.0,Cash
2026-02-19 17:22:00,12.0,Cash
2026-02-19 17:25:00,14.0,Debit Card
2026-02-19 17:32:00,7.0,Debit Card
2026-02-19 17:37:00,9.0,Debit Card
2026-02-19 17:41:00,28.0,Debit Card
2026-02-19 17:43:00,14.0,Cash
2026-02-19 17:44:00,7.0,Cash
2026-02-19 17:48:00,4.0,Cash
2026-02-19 17:57:00,7.0,Cash
2026-02-19 17:58:00,30.0,Debit Card
2026-02-19 18:14:00,21.0,Debit Card
2026-02-19 18:15:00,10.0,Debit Card
2026-02-19 18:39:00,22.0,Credit Card
2026-02-19 18:41:00,21.0,Debit Card
2026-02-19 18:44:00,18.0,Cash
2026-02-19 18:50:00,21.0,Cash
2026-02-19 18:59:00,34.5,Multiple
2026-02-19 19:04:00,20.0,Cash
2026-02-19 19:13:00,9.0,Pix
2026-02-19 19:15:00,20.0,Debit Card
2026-02-19 17:30:00,12.5,Cash
2026-02-20 13:40:00,16.0,Cash
2026-02-20 13:50:00,17.0,Cash
2026-02-20 14:25:00,14.0,Debit Card
2026-02-20 14:39:00,8.5,Debit Card
2026-02-20 14:47:00,7.0,Debit Card
2026-02-20 14:50:00,16.0,Cash
2026-02-20 15:02:00,38.0,Cash
2026-02-20 15:03:00,4.0,Cash
2026-02-20 15:03:00,8.0,Cash
2026-02-20 15:05:00,11.0,Cash
2026-02-20 15:06:00,7.0,Pix
2026-02-20 15:15:00,11.0,Cash
2026-02-20 15:18:00,9.0,Credit Card
2026-02-20 15:25:00,7.0,Cash
2026-02-20 15:28:00,11.0,Pix
2026-02-20 15:42:00,11.0,Pix
2026-02-20 15:43:00,9.0,Pix
2026-02-20 16:01:00,4.5,Debit Card
2026-02-20 16:04:00,4.5,Debit Card
2026-02-20 16:18:00,18.0,Cash
2026-02-20 16:18:00,10.0,Debit Card
2026-02-20 16:23:00,4.5,Debit Card
2026-02-20 16:30:00,21.0,Debit Card
2026-02-20 16:33:00,4.5,Debit Card
2026-02-20 16:40:00,18.0,Debit Card
2026-02-20 16:42:00,11.0,Cash
2026-02-20 16:48:00,9.0,Pix
2026-02-20 16:52:00,7.0,Credit Card
2026-02-20 17:02:00,7.0,Cash
2026-02-20 17:11:00,9.0,Cash
2026-02-20 17:36:00,22.0,Pix
2026-02-20 17:44:00,15.0,Debit Card
2026-02-20 18:32:00,9.0,Cash
2026-02-20 18:34:00,7.0,Meal Voucher
2026-02-20 18:37:00,10.0,Cash
2026-02-20 18:44:00,9.0,Cash
2026-02-20 18:51:00,50.0,Pix
2026-02-20 18:56:00,10.0,Debit Card
2026-02-20 19:06:00,10.0,Cash
2026-02-20 19:15:00,30.0,Debit Card
2026-02-20 19:25:00,15.0,Pix
2026-02-21 11:02:00,25.0,Credit Card
2026-02-21 11:03:00,7.0,Debit Card
2026-02-21 11:04:00,7.0,Debit Card
2026-02-21 11:06:00,9.0,Credit Card
2026-02-21 11:07:00,7.0,Debit Card
2026-02-21 11:11:00,14.0,Credit Card
2026-02-21 11:11:00,4.0,Cash
2026-02-21 11:34:00,11.0,Credit Card
2026-02-21 11:43:00,33.0,Debit Card
2026-02-21 11:45:00,11.0,Debit Card
2026-02-21 11:48:00,22.0,Debit Card
2026-02-21 12:05:00,10.0,Pix
2026-02-21 12:15:00,21.0,Debit Card
2026-02-21 12:27:00,14.0,Cash
2026-02-21 12:28:00,7.0,Cash
2026-02-21 12:33:00,36.0,Debit Card
2026-02-21 12:33:00,9.0,Debit Card
2026-02-21 12:36:00,14.0,Cash
2026-02-21 12:40:00,14.0,Cash
2026-02-21 12:42:00,7.0,Cash
2026-02-21 12:43:00,11.0,Debit Card
2026-02-21 13:01:00,11.0,Pix
2026-02-21 13:07:00,7.0,Cash
2026-02-21 13:10:00,16.0,Pix
2026-02-21 13:30:00,22.0,Credit Card
2026-02-21 13:32:00,14.0,Pix
2026-02-21 14:05:00,9.0,Cash
2026-02-21 14:08:00,9.0,Debit Card
2026-02-21 14:13:00,32.0,Debit Card
2026-02-21 14:40:00,31.5,Debit Card
2026-02-21 14:43:00,18.0,Cash
2026-02-21 14:50:00,7.0,Cash
2026-02-21 14:51:00,9.0,Cash
2026-02-21 14:55:00,27.0,Credit Card
2026-02-21 15:01:00,7.0,Cash
2026-02-21 15:15:00,28.0,Pix
2026-02-21 15:52:00,10.0,Debit Card
2026-02-21 16:09:00,9.0,Cash
2026-02-21 16:14:00,7.0,Pix
2026-02-21 16:17:00,18.0,Debit Card
2026-02-21 16:31:00,15.0,Cash
2026-02-21 16:35:00,15.0,Cash
2026-02-21 16:39:00,7.0,Debit Card
2026-02-21 16:44:00,11.0,Cash
2026-02-21 16:44:00,24.0,Debit Card
2026-02-21 16:49:00,18.0,Cash
2026-02-21 16:49:00,8.5,Debit Card
2026-02-21 16:50:00,8.0,Debit Card
2026-02-21 16:51:00,7.0,Pix
2026-02-21 17:00:00,26.0,Meal Voucher
2026-02-21 17:20:00,7.0,Cash
2026-02-21 17:22:00,18.0,Cash
2026-02-21 17:31:00,27.0,Cash
2026-02-21 17:32:00,7.0,Debit Card
2026-02-21 17:34:00,18.0,Cash
2026-02-21 17:35:00,14.0,Debit Card
2026-02-21 17:40:00,10.0,Debit Card
2026-02-21 17:47:00,7.0,Debit Card
2026-02-21 17:48:00,20.0,Credit Card
2026-02-21 18:02:00,11.0,Pix
2026-02-21 18:03:00,28.0,Pix
2026-02-21 18:10:00,20.0,Pix
2026-02-21 18:12:00,18.0,Cash
2026-02-21 18:13:00,31.0,Cash
2026-02-21 18:19:00,39.0,Cash
2026-02-21 18:25:00,7.0,Cash
2026-02-21 18:27:00,14.0,Debit Card
2026-02-21 18:30:00,7.0,Credit Card
2026-02-21 18:37:00,11.0,Debit Card
2026-02-21 18:44:00,17.0,Credit Card
2026-02-21 18:45:00,10.0,Debit Card
2026-02-22 14:54:00,29.0,Credit Card
2026-02-22 15:00:00,18.0,Debit Card
2026-02-22 15:08:00,16.0,Debit Card
2026-02-22 15:10:00,9.0,Credit Card
2026-02-22 15:14:00,48.0,Debit Card
2026-02-22 15:16:00,21.0,Debit Card
2026-02-22 15:23:00,39.0,Cash
2026-02-22 15:23:00,21.0,Cash
2026-02-22 15:26:00,11.5,Cash
2026-02-22 15:37:00,20.0,Cash
2026-02-22 15:56:00,8.0,Debit Card
2026-02-22 16:02:00,18.0,Pix
2026-02-22 16:03:00,9.0,Pix
2026-02-22 16:09:00,45.0,Pix
2026-02-22 16:12:00,29.0,Debit Card
2026-02-22 16:13:00,16.0,Pix
2026-02-22 16:16:00,7.0,Credit Card
2026-02-22 16:19:00,25.0,Cash
2026-02-22 16:21:00,28.0,Debit Card
2026-02-22 16:23:00,4.0,Cash
2026-02-22 16:32:00,10.0,Cash
2026-02-22 16:46:00,22.0,Credit Card
2026-02-22 16:49:00,32.0,Debit Card
2026-02-22 16:49:00,37.0,Pix
2026-02-22 16:52:00,36.0,Cash
2026-02-22 16:55:00,7.0,Cash
2026-02-22 16:55:00,9.0,Pix
2026-02-22 17:00:00,7.0,Cash
2026-02-22 17:01:00,14.0,Debit Card
2026-02-22 17:04:00,14.0,Debit Card
2026-02-22 17:08:00,43.0,Credit Card
2026-02-22 17:13:00,31.0,Cash
2026-02-22 17:14:00,11.0,Debit Card
2026-02-22 17:17:00,29.0,Debit Card
2026-02-22 17:35:00,22.0,Pix
2026-02-22 17:40:00,22.0,Pix
2026-02-22 17:45:00,35.0,Debit Card
2026-02-22 17:50:00,33.0,Debit Card
2026-02-22 18:08:00,9.0,Debit Card
2026-02-22 18:21:00,14.0,Pix
2026-02-23 13:26:00,21.0,Cash
2026-02-23 14:03:00,14.5,Cash
2026-02-23 14:28:00,28.0,Credit Card
2026-02-23 14:39:00,32.0,Multiple
2026-02-23 14:44:00,21.0,Cash
2026-02-23 14:45:00,9.0,Credit Card
2026-02-23 14:49:00,9.0,Pix
2026-02-23 14:56:00,22.0,Debit Card
2026-02-23 15:27:00,18.0,Debit Card
2026-02-23 15:28:00,7.0,Debit Card
2026-02-23 15:29:00,11.0,Cash
2026-02-23 15:42:00,14.0,Debit Card
2026-02-23 15:47:00,25.0,Cash
2026-02-23 15:55:00,11.0,Cash
2026-02-23 16:10:00,4.5,Cash
2026-02-23 16:19:00,9.0,Cash
2026-02-23 16:22:00,14.0,Pix
2026-02-23 16:32:00,7.0,Cash
2026-02-23 16:38:00,9.0,Cash
2026-02-23 16:48:00,38.0,Debit Card
2026-02-23 17:00:00,7.0,Cash
2026-02-23 17:00:00,15.0,Pix
2026-02-23 17:07:00,14.0,Cash
2026-02-23 17:10:00,25.0,Debit Card
2026-02-23 17:11:00,9.0,Cash
2026-02-23 17:15:00,19.0,Pix
2026-02-23 17:20:00,28.0,Cash
2026-02-23 17:26:00,18.0,Meal Voucher
2026-02-23 17:27:00,19.0,Debit Card
2026-02-23 17:39:00,30.0,Pix
2026-02-23 17:42:00,11.0,Cash
2026-02-23 17:43:00,11.0,Pix
2026-02-23 17:44:00,11.0,Pix
2026-02-23 17:45:00,11.0,Cash
2026-02-23 17:46:00,9.0,Debit Card
2026-02-23 17:58:00,9.0,Cash
2026-02-23 18:00:00,20.0,Debit Card
2026-02-23 18:01:00,9.0,Pix
2026-02-23 18:07:00,9.0,Pix
2026-02-23 18:13:00,10.0,Cash
2026-02-23 18:20:00,20.0,Cash
2026-02-23 18:33:00,20.0,Credit Card
2026-02-23 18:42:00,4.5,Debit Card
2026-02-23 18:53:00,20.0,Credit Card
2026-02-23 19:25:00,20.0,Cash
2026-02-23 19:28:00,15.0,Pix
2026-02-24 14:09:00,9.0,Cash
2026-02-24 14:16:00,4.5,Cash
2026-02-24 14:20:00,10.0,Cash
2026-02-24 14:58:00,4.0,Cash
2026-02-24 15:08:00,7.0,Pix
2026-02-24 15:09:00,9.0,Cash
2026-02-24 15:10:00,18.0,Cash
2026-02-24 15:32:00,11.0,Cash
2026-02-24 15:36:00,7.0,Cash
2026-02-24 15:45:00,14.0,Credit Card
2026-02-24 15:47:00,9.0,Pix
2026-02-24 15:50:00,7.0,Cash
2026-02-24 15:58:00,21.0,Pix
2026-02-24 16:00:00,14.0,Debit Card
2026-02-24 16:34:00,9.0,Cash
2026-02-24 17:04:00,7.0,Debit Card
2026-02-24 17:27:00,18.0,Pix
2026-02-24 17:48:00,10.0,Cash
2026-02-24 17:52:00,7.0,Debit Card
2026-02-24 17:57:00,16.0,Cash
2026-02-24 17:59:00,14.0,Debit Card
2026-02-24 18:01:00,7.0,Cash
2026-02-24 18:03:00,15.0,Pix
2026-02-24 18:06:00,14.0,Cash
2026-02-24 18:08:00,14.0,Cash
2026-02-24 18:11:00,7.0,Cash
2026-02-24 18:12:00,7.0,Cash
2026-02-24 18:18:00,18.0,Debit Card
2026-02-24 18:30:00,7.0,Cash
2026-02-24 18:33:00,4.5,Debit Card
2026-02-24 18:42:00,7.0,Cash
2026-02-24 19:08:00,7.0,Pix
2026-02-25 13:51:00,9.0,Debit Card
2026-02-25 14:10:00,7.0,Debit Card
2026-02-25 14:26:00,20.0,Debit Card
2026-02-25 14:58:00,13.0,Cash
2026-02-25 15:12:00,7.0,Debit Card
2026-02-25 15:12:00,20.0,Debit Card
2026-02-25 15:16:00,23.0,Pix
2026-02-25 15:26:00,9.0,Debit Card
2026-02-25 15:33:00,7.0,Pix
2026-02-25 15:40:00,7.0,Debit Card
2026-02-25 15:41:00,16.0,Debit Card
2026-02-25 15:44:00,21.0,Debit Card
2026-02-25 16:04:00,33.5,Pix
2026-02-25 16:08:00,18.0,Cash
2026-02-25 16:15:00,30.0,Debit Card
2026-02-25 16:23:00,18.0,Cash
2026-02-25 16:25:00,14.0,Credit Card
2026-02-25 16:26:00,14.0,Cash
2026-02-25 16:31:00,16.0,Cash
2026-02-25 16:33:00,18.0,Debit Card
2026-02-25 16:34:00,9.0,Debit Card
2026-02-25 16:34:00,16.0,Debit Card
2026-02-25 16:34:00,16.0,Cash
2026-02-25 16:49:00,11.0,Debit Card
2026-02-25 16:51:00,7.0,Credit Card
2026-02-25 16:53:00,7.0,Cash
2026-02-25 16:53:00,11.0,Cash
2026-02-25 16:56:00,9.0,Cash
2026-02-25 17:08:00,9.0,Pix
2026-02-25 17:11:00,7.0,Cash
2026-02-25 17:19:00,7.0,Debit Card
2026-02-25 17:33:00,11.0,Cash
2026-02-25 17:57:00,21.0,Pix
2026-02-25 17:59:00,7.0,Pix
2026-02-25 18:00:00,18.0,Debit Card
2026-02-25 18:05:00,9.0,Credit Card
2026-02-25 18:12:00,10.0,Credit Card
2026-02-25 18:28:00,61.0,Debit Card
2026-02-25 18:29:00,35.0,Pix
2026-02-25 18:44:00,20.0,Debit Card
2026-02-25 19:15:00,31.0,Debit Card
2026-02-25 19:27:00,14.0,Debit Card
2026-02-25 19:33:00,11.0,Debit Card
2026-02-26 14:07:00,18.0,Cash
2026-02-26 14:10:00,21.0,Credit Card
2026-02-26 14:24:00,7.0,Debit Card
2026-02-26 14:37:00,16.0,Debit Card
2026-02-26 14:40:00,18.0,Pix
2026-02-26 14:52:00,14.0,Debit Card
2026-02-26 14:59:00,18.0,Debit Card
2026-02-26 15:09:00,18.0,Cash
2026-02-26 15:21:00,11.0,Cash
2026-02-26 15:35:00,4.0,Cash
2026-02-26 15:44:00,14.0,Debit Card
2026-02-26 15:55:00,14.0,Pix
2026-02-26 16:00:00,11.0,Cash
2026-02-26 16:08:00,11.0,Cash
2026-02-26 16:08:00,4.5,Cash
2026-02-26 16:11:00,32.0,Credit Card
2026-02-26 16:15:00,9.0,Cash
2026-02-26 16:22:00,7.0,Cash
2026-02-26 16:24:00,20.0,Credit Card
2026-02-26 17:03:00,14.0,Credit Card
2026-02-26 17:13:00,20.0,Pix
2026-02-26 17:17:00,9.0,Credit Card
2026-02-26 17:23:00,20.0,Pix
2026-02-26 17:25:00,14.0,Cash
2026-02-26 17:32:00,18.0,Debit Card
2026-02-26 17:40:00,18.0,Debit Card
2026-02-26 17:42:00,14.0,Debit Card
2026-02-26 17:43:00,16.0,Debit Card
2026-02-26 18:01:00,14.0,Debit Card
2026-02-26 18:06:00,10.0,Cash
2026-02-26 18:09:00,11.0,Pix
2026-02-26 18:23:00,18.0,Debit Card
2026-02-26 18:42:00,9.0,Debit Card
2026-02-26 19:05:00,30.0,Cash
2026-02-26 19:14:00,8.0,Credit Card
2026-02-26 19:17:00,11.0,Pix
2026-02-26 19:20:00,9.0,Pix
2026-02-26 19:42:00,27.0,Cash
2026-02-26 19:42:00,7.0,Pix
2026-02-27 13:37:00,7.0,Cash
2026-02-27 14:28:00,11.0,Pix
2026-02-27 14:37:00,16.0,Pix
2026-02-27 14:39:00,7.0,Debit Card
2026-02-27 14:41:00,18.0,Credit Card
2026-02-27 14:47:00,16.0,Debit Card
2026-02-27 14:53:00,4.0,Pix
2026-02-27 15:03:00,22.0,Debit Card
2026-02-27 15:07:00,14.0,Cash
2026-02-27 15:07:00,11.0,Debit Card
2026-02-27 15:08:00,7.0,Cash
2026-02-27 15:18:00,11.0,Cash
2026-02-27 15:38:00,21.0,Credit Card
2026-02-27 15:40:00,20.0,Meal Voucher
2026-02-27 15:50:00,7.0,Debit Card
2026-02-27 15:51:00,11.0,Debit Card
2026-02-27 15:57:00,14.0,Credit Card
2026-02-27 15:59:00,26.0,Debit Card
2026-02-27 16:20:00,11.0,Cash
2026-02-27 16:24:00,7.0,Cash
2026-02-27 16:32:00,9.0,Pix
2026-02-27 16:37:00,11.0,Pix
2026-02-27 16:37:00,15.0,Cash
2026-02-27 16:44:00,20.5,Multiple
2026-02-27 16:46:00,9.0,Pix
2026-02-27 16:46:00,7.0,Cash
2026-02-27 16:53:00,15.0,Cash
2026-02-27 17:02:00,10.0,Credit Card
2026-02-27 17:22:00,14.0,Cash
2026-02-27 17:22:00,15.0,Cash
2026-02-27 17:33:00,7.0,Cash
2026-02-27 17:55:00,7.0,Debit Card
2026-02-27 18:10:00,11.0,Pix
2026-02-27 18:14:00,11.0,Cash
2026-02-27 18:17:00,27.0,Debit Card
2026-02-27 18:18:00,20.0,Pix
2026-02-27 18:35:00,22.0,Debit Card
2026-02-27 18:45:00,4.5,Cash
2026-02-27 18:48:00,10.0,Cash
2026-02-27 19:20:00,18.5,Debit Card
2026-02-28 10:12:00,11.0,Cash
2026-02-28 10:55:00,22.0,Credit Card
2026-02-28 11:03:00,7.0,Pix
2026-02-28 11:12:00,11.0,Pix
2026-02-28 11:20:00,9.0,Debit Card
2026-02-28 11:21:00,7.0,Cash
2026-02-28 12:24:00,20.0,Cash
2026-02-28 12:24:00,7.0,Debit Card
2026-02-28 12:28:00,5.0,Cash
2026-02-28 12:28:00,4.5,Pix
2026-02-28 12:29:00,4.0,Credit Card
2026-02-28 12:30:00,14.0,Cash
2026-02-28 12:40:00,16.0,Cash
2026-02-28 12:43:00,14.0,Cash
2026-02-28 12:51:00,4.0,Cash
2026-02-28 12:56:00,25.0,Debit Card
2026-02-28 12:59:00,18.0,Pix
2026-02-28 13:10:00,7.0,Debit Card
2026-02-28 13:12:00,14.0,Cash
2026-02-28 13:14:00,9.0,Cash
2026-02-28 13:17:00,11.0,Cash
2026-02-28 13:29:00,4.5,Debit Card
2026-02-28 13:42:00,4.5,Cash
2026-02-28 13:46:00,18.0,Debit Card
2026-02-28 13:48:00,4.0,Debit Card
2026-02-28 13:58:00,25.0,Credit Card
2026-02-28 13:59:00,18.0,Pix
2026-02-28 14:09:00,40.0,Debit Card
2026-02-28 14:13:00,27.0,Debit Card
2026-02-28 14:15:00,18.0,Pix
2026-02-28 14:18:00,21.0,Debit Card
2026-02-28 14:20:00,14.0,Cash
2026-02-28 14:21:00,7.0,Debit Card
2026-02-28 14:22:00,4.0,Credit Card
2026-02-28 14:27:00,16.0,Credit Card
2026-02-28 14:28:00,4.0,Debit Card
2026-02-28 14:30:00,18.0,Credit Card
2026-02-28 14:32:00,9.0,Credit Card
2026-02-28 14:33:00,10.0,Pix
2026-02-28 14:38:00,42.0,Cash
2026-02-28 14:40:00,27.0,Credit Card
2026-02-28 14:43:00,9.0,Pix
2026-02-28 14:44:00,4.0,Debit Card
2026-02-28 14:49:00,33.0,Debit Card
2026-02-28 14:49:00,7.0,Pix
2026-02-28 14:50:00,14.0,Debit Card
2026-02-28 14:56:00,22.0,Pix
2026-02-28 15:01:00,4.0,Cash
2026-02-28 15:01:00,7.0,Cash
2026-02-28 15:06:00,21.0,Credit Card
2026-02-28 15:07:00,7.0,Cash
2026-02-28 15:19:00,27.0,Credit Card
2026-02-28 15:21:00,7.0,Cash
2026-02-28 15:24:00,21.0,Debit Card
2026-02-28 15:30:00,9.0,Cash
2026-02-28 15:31:00,19.0,Pix
2026-02-28 15:35:00,10.0,Pix
2026-02-28 15:41:00,36.0,Pix
2026-02-28 15:49:00,4.0,Cash
2026-02-28 15:57:00,14.0,Cash
2026-02-28 16:07:00,15.0,Cash
2026-02-28 16:13:00,9.0,Cash
2026-02-28 16:13:00,16.0,Cash
2026-02-28 16:20:00,7.0,Cash
2026-02-28 16:24:00,28.0,Cash
2026-02-28 16:27:00,7.0,Debit Card
2026-02-28 16:30:00,15.5,Credit Card
2026-02-28 16:32:00,28.0,Cash
2026-02-28 16:39:00,14.0,Credit Card
2026-02-28 16:39:00,22.0,Pix
2026-02-28 16:49:00,11.0,Pix
2026-02-28 16:54:00,20.0,Cash
2026-02-28 16:54:00,20.0,Cash
2026-02-28 16:59:00,14.0,Pix
2026-02-28 17:04:00,18.0,Pix
2026-02-28 17:07:00,11.0,Debit Card
2026-02-28 17:19:00,14.0,Debit Card
2026-02-28 17:32:00,22.0,Pix
2026-02-28 17:37:00,10.0,Debit Card
2026-02-28 17:40:00,15.0,Debit Card
2026-02-28 17:52:00,14.0,Cash
2026-02-28 17:53:00,7.0,Pix
2026-02-28 17:57:00,26.0,Debit Card
2026-02-28 18:02:00,20.0,Cash
2026-02-28 18:09:00,18.0,Cash
2026-02-28 18:12:00,19.0,Cash
2026-02-28 18:13:00,31.0,Cash
2026-02-28 18:17:00,28.0,Pix
2026-02-28 18:24:00,27.0,Cash
2026-02-28 18:24:00,10.0,Pix
2026-02-28 18:28:00,28.0,Debit Card
2026-02-28 18:33:00,4.0,Debit Card
2026-02-28 18:37:00,22.0,Credit Card
2026-02-28 18:44:00,10.0,Cash
2026-02-28 18:45:00,10.0,Debit Card
2026-02-28 18:49:00,20.0,Credit Card
2026-02-28 18:53:00,4.0,Cash
2026-02-28 18:56:00,11.0,Credit Card
2026-02-28 18:56:00,7.0,Cash
2026-02-28 19:01:00,10.0,Cash
2026-02-28 19:10:00,4.0,Cash
2026-02-28 19:18:00,22.0,Debit Card
2026-02-28 19:24:00,11.0,Debit Card
2026-02-28 19:27:00,24.0,Credit Card
2026-03-01 14:54:00,40.0,Cash
2026-03-01 14:56:00,21.0,Cash
2026-03-01 14:56:00,7.0,Debit Card
2026-03-01 15:11:00,14.0,Pix
2026-03-01 15:12:00,9.0,Pix
2026-03-01 15:13:00,4.0,Cash
2026-03-01 15:17:00,18.0,Pix
2026-03-01 15:23:00,36.5,Pix
2026-03-01 15:27:00,34.5,Pix
2026-03-01 15:39:00,14.0,Meal Voucher
2026-03-01 15:42:00,14.0,Cash
2026-03-01 15:43:00,11.0,Credit Card
2026-03-01 15:46:00,23.0,Cash
2026-03-01 15:51:00,34.0,Debit Card
2026-03-01 15:52:00,7.0,Pix
2026-03-01 15:54:00,18.0,Cash
2026-03-01 15:57:00,18.0,Debit Card
2026-03-01 15:57:00,27.0,Debit Card
2026-03-01 16:03:00,51.0,Cash
2026-03-01 16:03:00,14.5,Cash
2026-03-01 16:15:00,22.0,Meal Voucher
2026-03-01 16:17:00,16.0,Cash
2026-03-01 16:38:00,14.0,Cash
2026-03-01 16:39:00,7.0,Pix
2026-03-01 16:41:00,40.0,Debit Card
2026-03-01 16:46:00,38.0,Credit Card
2026-03-01 16:47:00,10.0,Credit Card
2026-03-01 16:50:00,9.0,Debit Card
2026-03-01 16:52:00,11.0,Cash
2026-03-01 16:53:00,9.0,Debit Card
2026-03-01 17:02:00,31.0,Debit Card
2026-03-01 17:18:00,16.0,Credit Card
2026-03-01 17:21:00,7.0,Pix
2026-03-01 17:22:00,43.0,Credit Card
2026-03-01 17:27:00,11.0,Cash
2026-03-01 17:33:00,4.0,Credit Card
2026-03-01 17:33:00,11.5,Debit Card
2026-03-01 17:41:00,32.0,Credit Card
2026-03-01 17:43:00,21.0,Pix
2026-03-01 17:51:00,16.0,Pix
2026-03-01 18:06:00,14.0,Cash
2026-03-01 18:25:00,9.0,Debit Card
2026-03-01 18:42:00,10.0,Cash
2026-03-01 18:55:00,29.0,Multiple
2026-03-01 19:14:00,22.0,Pix
2026-03-01 19:21:00,16.0,Debit Card
2026-03-01 19:36:00,59.0,Pix
2026-03-02 13:46:00,9.0,Credit Card
2026-03-02 13:49:00,7.0,Meal Voucher
2026-03-02 14:12:00,11.0,Cash
2026-03-02 14:13:00,7.0,Cash
2026-03-02 14:18:00,11.0,Pix
2026-03-02 14:23:00,14.0,Debit Card
2026-03-02 14:32:00,9.0,Debit Card
2026-03-02 14:55:00,27.0,Cash
2026-03-02 15:00:00,16.0,Cash
2026-03-02 15:06:00,11.0,Debit Card
2026-03-02 15:10:00,4.0,Credit Card
2026-03-02 15:39:00,10.0,Cash
2026-03-02 15:42:00,9.0,Meal Voucher
2026-03-02 15:51:00,7.0,Meal Voucher
2026-03-02 15:58:00,11.0,Cash
2026-03-02 16:03:00,44.0,Debit Card
2026-03-02 16:24:00,14.0,Cash
2026-03-02 16:48:00,10.0,Pix
2026-03-02 17:25:00,10.0,Debit Card
2026-03-02 17:41:00,30.0,Debit Card
2026-03-02 17:47:00,16.0,Debit Card
2026-03-02 17:53:00,21.0,Pix
2026-03-02 17:57:00,11.0,Pix
2026-03-02 18:14:00,25.0,Pix
2026-03-02 18:25:00,18.0,Cash
2026-03-02 19:48:00,10.0,Cash
2026-03-02 19:51:00,5.0,Cash
2026-03-03 13:30:00,7.0,Cash
2026-03-03 13:40:00,7.0,Meal Voucher
2026-03-03 13:51:00,9.0,Cash
2026-03-03 14:10:00,16.0,Credit Card
2026-03-03 14:20:00,14.0,Cash
2026-03-03 14:31:00,9.0,Cash
2026-03-03 14:33:00,13.0,Cash
2026-03-03 14:39:00,31.0,Cash
2026-03-03 14:41:00,11.0,Pix
2026-03-03 14:55:00,11.0,Credit Card
2026-03-03 14:58:00,7.0,Cash
2026-03-03 15:17:00,10.0,Pix
2026-03-03 15:36:00,20.0,Cash
2026-03-03 15:37:00,9.0,Cash
2026-03-03 15:57:00,14.0,Pix
2026-03-03 16:05:00,32.0,Cash
2026-03-03 16:15:00,16.0,Cash
2026-03-03 16:33:00,7.0,Cash
2026-03-03 16:33:00,15.0,Meal Voucher
2026-03-03 16:38:00,11.0,Cash
2026-03-03 16:39:00,28.0,Pix
2026-03-03 16:57:00,9.0,Meal Voucher
2026-03-03 16:58:00,16.0,Pix
2026-03-03 17:01:00,7.0,Pix
2026-03-03 17:02:00,7.0,Cash
2026-03-03 17:41:00,9.0,Cash
2026-03-03 17:54:00,9.0,Debit Card
2026-03-03 17:55:00,7.0,Debit Card
2026-03-03 17:57:00,7.0,Cash
2026-03-03 18:01:00,7.0,Debit Card
2026-03-03 18:09:00,7.0,Credit Card
2026-03-03 18:10:00,7.0,Debit Card
2026-03-03 18:14:00,16.0,Cash
2026-03-03 18:15:00,10.0,Cash
2026-03-03 18:16:00,11.0,Cash
2026-03-03 18:23:00,4.0,Cash
2026-03-03 18:40:00,7.0,Cash
2026-03-03 18:41:00,7.0,Debit Card
2026-03-03 19:06:00,11.5,Credit Card
2026-03-03 19:16:00,11.0,Pix
2026-03-03 19:21:00,9.0,Debit Card
2026-03-03 19:37:00,16.0,Credit Card
2026-03-03 18:26:00,11.0,Debit Card
2026-03-04 13:46:00,9.0,Cash
2026-03-04 13:46:00,10.0,Cash
2026-03-04 13:46:00,15.0,Cash
2026-03-04 14:06:00,46.0,Debit Card
2026-03-04 14:06:00,4.5,Cash
2026-03-04 14:11:00,14.0,Pix
2026-03-04 14:12:00,14.0,Debit Card
2026-03-04 14:16:00,10.0,Cash
2026-03-04 14:28:00,7.0,Credit Card
2026-03-04 14:48:00,14.0,Credit Card
2026-03-04 14:53:00,4.5,Debit Card
2026-03-04 14:54:00,4.0,Cash
2026-03-04 14:59:00,7.0,Cash
2026-03-04 14:59:00,4.0,Debit Card
2026-03-04 15:07:00,18.0,Cash
2026-03-04 15:08:00,9.0,Cash
2026-03-04 15:09:00,9.0,Debit Card
2026-03-04 15:27:00,9.0,Credit Card
2026-03-04 15:42:00,7.0,Cash
2026-03-04 15:43:00,7.0,Cash
2026-03-04 15:44:00,20.0,Cash
2026-03-04 16:08:00,31.0,Cash
2026-03-04 16:11:00,11.0,Credit Card
2026-03-04 16:19:00,14.0,Debit Card
2026-03-04 16:22:00,14.0,Cash
2026-03-04 16:34:00,7.0,Cash
2026-03-04 16:35:00,7.0,Cash
2026-03-04 16:48:00,24.0,Pix
2026-03-04 17:08:00,9.0,Pix
2026-03-04 17:25:00,9.0,Debit Card
2026-03-04 17:27:00,14.0,Debit Card
2026-03-04 17:45:00,7.0,Cash
2026-03-04 17:47:00,7.0,Cash
2026-03-04 17:50:00,20.0,Pix
2026-03-04 17:51:00,23.0,Pix
2026-03-04 17:53:00,9.0,Cash
2026-03-04 17:54:00,10.0,Debit Card
2026-03-04 17:58:00,10.0,Credit Card
2026-03-04 18:02:00,22.0,Pix
2026-03-04 18:03:00,9.0,Cash
2026-03-04 18:05:00,4.0,Debit Card
2026-03-04 18:13:00,7.0,Pix
2026-03-04 18:14:00,11.0,Credit Card
2026-03-04 18:20:00,22.0,Debit Card
2026-03-04 18:25:00,11.0,Debit Card
2026-03-04 18:30:00,7.0,Credit Card
2026-03-04 16:01:00,9.0,Cash
2026-03-05 13:34:00,11.0,Cash
2026-03-05 13:36:00,9.0,Cash
2026-03-05 13:47:00,18.0,Pix
2026-03-05 13:58:00,20.0,Pix
2026-03-05 14:01:00,23.0,Debit Card
2026-03-05 14:10:00,7.0,Meal Voucher
2026-03-05 14:28:00,22.0,Cash
2026-03-05 14:36:00,11.0,Credit Card
2026-03-05 14:49:00,14.0,Pix
2026-03-05 15:00:00,16.0,Cash
2026-03-05 15:02:00,9.0,Cash
2026-03-05 15:11:00,4.0,Debit Card
2026-03-05 15:32:00,7.0,Cash
2026-03-05 15:33:00,9.0,Cash
2026-03-05 15:37:00,21.0,Debit Card
2026-03-05 15:40:00,16.0,Cash
2026-03-05 15:56:00,9.0,Debit Card
2026-03-05 15:57:00,9.0,Cash
2026-03-05 15:59:00,7.0,Debit Card
2026-03-05 16:15:00,14.0,Cash
2026-03-05 17:05:00,10.0,Cash
2026-03-05 17:10:00,10.0,Cash
2026-03-05 17:33:00,11.0,Meal Voucher
2026-03-05 17:47:00,16.0,Pix
2026-03-05 18:22:00,5.0,Cash
2026-03-05 18:30:00,9.0,Pix
2026-03-05 18:54:00,10.0,Cash
2026-03-05 19:20:00,10.0,Pix
2026-03-05 19:30:00,14.0,Debit Card
2026-03-05 19:31:00,10.0,Cash
2026-03-05 19:45:00,7.0,Debit Card
2026-03-05 19:50:00,9.0,Debit Card
2026-03-06 13:21:00,4.0,Cash
2026-03-06 13:30:00,19.0,Debit Card
2026-03-06 13:46:00,4.0,Debit Card
2026-03-06 14:03:00,9.0,Cash
2026-03-06 14:12:00,28.0,Debit Card
2026-03-06 14:18:00,14.0,Cash
2026-03-06 14:45:00,16.0,Cash
2026-03-06 14:48:00,12.5,Debit Card
2026-03-06 15:00:00,4.5,Cash
2026-03-06 15:02:00,18.0,Cash
2026-03-06 15:05:00,21.0,Cash
2026-03-06 15:07:00,11.0,Debit Card
2026-03-06 15:09:00,14.0,Debit Card
2026-03-06 15:14:00,14.0,Debit Card
2026-03-06 15:19:00,7.0,Cash
2026-03-06 15:21:00,11.0,Debit Card
2026-03-06 15:32:00,11.0,Cash
2026-03-06 15:33:00,7.0,Credit Card
2026-03-06 15:35:00,11.0,Cash
2026-03-06 15:42:00,32.0,Debit Card
2026-03-06 15:45:00,28.0,Cash
2026-03-06 15:50:00,7.0,Cash
2026-03-06 15:52:00,7.0,Debit Card
2026-03-06 15:53:00,9.0,Debit Card
2026-03-06 16:00:00,4.0,Cash
2026-03-06 16:01:00,11.0,Cash
2026-03-06 16:09:00,32.0,Cash
2026-03-06 16:14:00,14.0,Pix
2026-03-06 16:15:00,9.0,Cash
2026-03-06 16:15:00,16.0,Debit Card
2026-03-06 16:18:00,9.0,Cash
2026-03-06 16:18:00,22.0,Meal Voucher
2026-03-06 16:23:00,22.0,Cash
2026-03-06 16:24:00,9.0,Cash
2026-03-06 16:26:00,16.0,Debit Card
2026-03-06 16:27:00,7.0,Cash
2026-03-06 16:34:00,14.0,Pix
2026-03-06 16:36:00,11.0,Cash
2026-03-06 16:36:00,20.0,Debit Card
2026-03-06 16:46:00,7.0,Debit Card
2026-03-06 16:59:00,4.0,Cash
2026-03-06 17:04:00,27.0,Debit Card
2026-03-06 17:07:00,7.0,Debit Card
2026-03-06 17:21:00,32.0,Cash
2026-03-06 17:21:00,4.0,Cash
2026-03-06 17:25:00,4.0,Cash
2026-03-06 17:26:00,4.5,Debit Card
2026-03-06 17:28:00,22.0,Credit Card
2026-03-06 17:31:00,9.0,Debit Card
2026-03-06 17:35:00,30.0,Pix
2026-03-06 17:47:00,9.0,Cash
2026-03-06 17:50:00,7.0,Cash
2026-03-06 17:54:00,9.0,Debit Card
2026-03-06 17:58:00,19.5,Debit Card
2026-03-06 18:18:00,18.0,Debit Card
2026-03-06 18:27:00,7.0,Credit Card
2026-03-06 18:44:00,10.0,Debit Card
2026-03-06 19:40:00,21.0,Cash
2026-03-07 10:39:00,16.0,Cash
2026-03-07 10:46:00,4.5,Cash
2026-03-07 11:14:00,4.5,Cash
2026-03-07 11:16:00,14.0,Cash
2026-03-07 11:18:00,9.0,Cash
2026-03-07 11:23:00,25.0,Cash
2026-03-07 11:25:00,14.0,Debit Card
2026-03-07 11:33:00,18.0,Cash
2026-03-07 11:42:00,22.0,Cash
2026-03-07 11:43:00,4.0,Debit Card
2026-03-07 11:47:00,27.0,Debit Card
2026-03-07 11:49:00,18.5,Pix
2026-03-07 12:07:00,71.0,Multiple
2026-03-07 12:09:00,16.0,Pix
2026-03-07 12:10:00,14.0,Cash
2026-03-07 12:11:00,4.0,Debit Card
2026-03-07 12:33:00,7.0,Credit Card
2026-03-07 12:36:00,26.0,Pix
2026-03-07 12:47:00,26.0,Multiple
2026-03-07 12:56:00,26.5,Cash
2026-03-07 13:06:00,11.0,Debit Card
2026-03-07 13:15:00,27.0,Cash
2026-03-07 13:20:00,22.0,Credit Card
2026-03-07 13:24:00,14.0,Debit Card
2026-03-07 13:38:00,16.0,Credit Card
2026-03-07 13:46:00,21.0,Debit Card
2026-03-07 13:51:00,11.0,Credit Card
2026-03-07 14:00:00,36.0,Pix
2026-03-07 14:07:00,4.0,Cash
2026-03-07 14:17:00,7.0,Debit Card
2026-03-07 14:18:00,7.0,Debit Card
2026-03-07 14:19:00,34.0,Credit Card
2026-03-07 14:27:00,20.0,Cash
2026-03-07 14:28:00,14.0,Cash
2026-03-07 14:31:00,28.0,Debit Card
2026-03-07 14:34:00,7.0,Pix
2026-03-07 14:43:00,31.0,Multiple
2026-03-07 14:50:00,10.0,Pix
2026-03-07 14:53:00,21.0,Cash
2026-03-07 14:59:00,8.0,Cash
2026-03-07 15:00:00,4.0,Cash
2026-03-07 15:08:00,30.0,Debit Card
2026-03-07 15:13:00,22.0,Cash
2026-03-07 15:22:00,16.0,Pix
2026-03-07 15:25:00,21.0,Pix
2026-03-07 15:31:00,37.0,Credit Card
2026-03-07 15:32:00,20.0,Debit Card
2026-03-07 15:40:00,8.5,Pix
2026-03-07 15:42:00,15.5,Debit Card
2026-03-07 15:43:00,58.0,Pix
2026-03-07 15:51:00,14.0,Credit Card
2026-03-07 15:56:00,21.0,Credit Card
2026-03-07 16:00:00,11.0,Cash
2026-03-07 16:02:00,9.0,Credit Card
2026-03-07 16:03:00,4.0,Credit Card
2026-03-07 16:04:00,7.0,Credit Card
2026-03-07 16:06:00,24.0,Cash
2026-03-07 16:12:00,28.0,Cash
2026-03-07 16:13:00,10.0,Credit Card
2026-03-07 16:13:00,20.0,Credit Card
2026-03-07 16:14:00,7.0,Cash
2026-03-07 16:14:00,7.0,Cash
2026-03-07 16:20:00,31.0,Cash
2026-03-07 16:27:00,32.0,Debit Card
2026-03-07 16:32:00,14.0,Cash
2026-03-07 16:40:00,4.0,Pix
2026-03-07 16:41:00,11.0,Pix
2026-03-07 16:42:00,14.0,Debit Card
2026-03-07 16:53:00,11.0,Pix
2026-03-07 16:53:00,11.0,Debit Card
2026-03-07 16:56:00,14.0,Cash
2026-03-07 17:07:00,4.5,Cash
2026-03-07 17:07:00,4.5,Pix
2026-03-07 17:09:00,17.0,Cash
2026-03-07 17:28:00,9.0,Debit Card
2026-03-07 17:30:00,7.0,Cash
2026-03-07 17:37:00,7.0,Cash
2026-03-07 17:43:00,21.0,Debit Card
2026-03-07 17:44:00,11.0,Pix
2026-03-07 17:47:00,18.0,Debit Card
2026-03-07 17:47:00,8.5,Pix
2026-03-07 17:49:00,14.0,Cash
2026-03-07 17:49:00,11.0,Credit Card
2026-03-07 17:50:00,8.0,Cash
2026-03-07 17:52:00,11.0,Pix
2026-03-07 17:54:00,7.0,Debit Card
2026-03-07 17:58:00,36.0,Credit Card
2026-03-07 17:58:00,8.5,Pix
2026-03-07 17:59:00,24.0,Cash
2026-03-07 18:02:00,22.0,Debit Card
2026-03-07 18:09:00,9.0,Cash
2026-03-07 18:14:00,8.0,Credit Card
2026-03-07 18:15:00,11.0,Debit Card
2026-03-07 18:17:00,4.0,Cash
2026-03-07 18:24:00,14.0,Pix
2026-03-07 18:28:00,28.0,Debit Card
2026-03-07 18:31:00,14.0,Pix
2026-03-07 18:35:00,11.0,Cash
2026-03-07 18:39:00,26.0,Cash
2026-03-07 18:51:00,7.0,Cash
2026-03-07 18:59:00,10.0,Pix
2026-03-07 19:01:00,24.0,Pix
2026-03-07 19:22:00,36.0,Cash
2026-03-07 19:23:00,20.0,Cash
2026-03-07 14:37:00,5.0,Cash
2026-03-07 16:33:00,14.0,Debit Card
2026-03-08 14:42:00,4.0,Cash
2026-03-08 14:46:00,18.0,Cash
2026-03-08 14:55:00,46.0,Debit Card
2026-03-08 14:56:00,7.0,Credit Card
2026-03-08 14:58:00,29.0,Debit Card
2026-03-08 15:01:00,18.0,Cash
2026-03-08 15:03:00,4.5,Debit Card
2026-03-08 15:05:00,44.5,Cash
2026-03-08 15:15:00,10.0,Pix
2026-03-08 16:42:00,7.0,Debit Card
2026-03-08 16:42:00,4.0,Cash
2026-03-08 16:54:00,11.0,Credit Card
2026-03-08 16:56:00,35.0,Cash
2026-03-08 16:58:00,4.0,Cash
2026-03-08 17:11:00,20.0,Cash
2026-03-08 17:20:00,7.0,Cash
2026-03-08 17:21:00,9.0,Cash
2026-03-08 17:41:00,21.0,Pix
2026-03-08 17:53:00,9.0,Debit Card
2026-03-08 18:12:00,16.0,Debit Card
2026-03-08 18:28:00,21.0,Pix
2026-03-08 18:29:00,19.0,Pix
2026-03-09 13:35:00,15.0,Pix
2026-03-09 14:01:00,7.0,Debit Card
2026-03-09 14:04:00,18.0,Pix
2026-03-09 14:07:00,4.0,Debit Card
2026-03-09 14:29:00,16.0,Pix
2026-03-09 14:43:00,7.0,Cash
2026-03-09 14:47:00,14.0,Debit Card
2026-03-09 15:04:00,14.0,Debit Card
2026-03-09 15:06:00,42.0,Debit Card
2026-03-09 15:13:00,10.0,Debit Card
2026-03-09 15:38:00,32.0,Pix
2026-03-09 15:46:00,20.0,Cash
2026-03-09 15:59:00,5.0,Cash
2026-03-09 16:03:00,18.0,Cash
2026-03-09 16:07:00,32.0,Pix
2026-03-09 16:09:00,14.0,Cash
2026-03-09 16:14:00,14.0,Cash
2026-03-09 16:15:00,10.0,Cash
2026-03-09 16:25:00,4.0,Cash
2026-03-09 16:27:00,11.0,Cash
2026-03-09 16:27:00,9.0,Cash
2026-03-09 16:37:00,28.5,Meal Voucher
2026-03-09 16:37:00,16.0,Pix
2026-03-09 16:53:00,4.5,Debit Card
2026-03-09 16:56:00,4.5,Cash
2026-03-09 16:59:00,15.0,Pix
2026-03-09 17:09:00,22.0,Cash
2026-03-09 17:12:00,10.0,Pix
2026-03-09 17:19:00,7.0,Pix
2026-03-09 17:23:00,28.0,Cash
2026-03-09 17:23:00,9.0,Cash
2026-03-09 17:27:00,18.0,Cash
2026-03-09 17:29:00,21.0,Cash
2026-03-09 17:42:00,20.0,Credit Card
2026-03-09 17:55:00,20.0,Cash
2026-03-09 18:00:00,21.0,Credit Card
2026-03-09 18:04:00,7.0,Pix
2026-03-09 18:10:00,7.0,Pix
2026-03-09 18:14:00,16.0,Pix
2026-03-09 18:27:00,11.0,Cash
2026-03-09 18:39:00,10.0,Credit Card
2026-03-09 19:00:00,11.0,Cash
2026-03-09 19:26:00,32.0,Debit Card
2026-03-09 19:31:00,20.0,Debit Card
2026-03-10 13:43:00,27.0,Pix
2026-03-10 13:44:00,15.0,Cash
2026-03-10 13:59:00,7.0,Cash
2026-03-10 14:01:00,27.0,Multiple
2026-03-10 14:08:00,7.0,Pix
2026-03-10 14:14:00,7.0,Cash
2026-03-10 14:21:00,9.0,Debit Card
2026-03-10 14:27:00,20.0,Cash
2026-03-10 14:28:00,9.0,Cash
2026-03-10 14:35:00,9.0,Credit Card
2026-03-10 14:38:00,31.0,Debit Card
2026-03-10 14:54:00,11.0,Cash
2026-03-10 14:57:00,9.0,Debit Card
2026-03-10 15:08:00,18.0,Debit Card
2026-03-10 15:17:00,5.0,Cash
2026-03-10 15:21:00,7.0,Debit Card
2026-03-10 15:25:00,6.0,Cash
2026-03-10 15:31:00,11.0,Pix
2026-03-10 15:41:00,9.0,Cash
2026-03-10 15:45:00,14.0,Debit Card
2026-03-10 15:49:00,18.0,Debit Card
2026-03-10 15:51:00,9.0,Debit Card
2026-03-10 15:58:00,14.0,Pix
2026-03-10 16:03:00,14.0,Debit Card
2026-03-10 16:03:00,31.0,Pix
2026-03-10 16:04:00,9.0,Pix
2026-03-10 16:12:00,7.0,Cash
2026-03-10 16:14:00,9.0,Cash
2026-03-10 16:22:00,7.0,Debit Card
2026-03-10 16:33:00,10.0,Cash
2026-03-10 16:35:00,4.5,Debit Card
2026-03-10 16:40:00,14.0,Cash
2026-03-10 16:43:00,18.0,Credit Card
2026-03-10 16:46:00,27.0,Credit Card
2026-03-10 16:49:00,24.0,Debit Card
2026-03-10 16:55:00,15.0,Meal Voucher
2026-03-10 17:11:00,14.0,Cash
2026-03-10 17:46:00,11.0,Debit Card
2026-03-10 17:47:00,4.0,Cash
2026-03-10 17:48:00,7.0,Cash
2026-03-10 17:49:00,9.0,Credit Card
2026-03-10 18:04:00,37.0,Debit Card
2026-03-10 18:05:00,9.0,Cash
2026-03-10 18:06:00,7.0,Pix
2026-03-10 18:11:00,22.0,Debit Card
2026-03-10 18:13:00,14.0,Debit Card
2026-03-10 18:24:00,14.0,Cash
2026-03-10 18:27:00,18.0,Pix
2026-03-10 18:28:00,18.0,Cash
2026-03-10 18:33:00,18.0,Credit Card
2026-03-10 18:53:00,13.0,Cash
2026-03-10 19:16:00,14.0,Debit Card
2026-03-10 19:20:00,17.0,Credit Card
2026-03-10 19:26:00,15.0,Pix
2026-03-10 19:51:00,7.0,Cash
2026-03-10 17:25:00,11.0,Pix
2026-03-10 16:25:00,18.0,Cash
2026-03-10 16:47:00,7.0,Pix
2026-03-11 13:57:00,14.0,Debit Card
2026-03-11 14:11:00,11.0,Credit Card
2026-03-11 14:17:00,4.5,Debit Card
2026-03-11 14:47:00,18.0,Cash
2026-03-11 14:49:00,18.0,Credit Card
2026-03-11 15:07:00,11.0,Credit Card
2026-03-11 15:10:00,14.0,Debit Card
2026-03-11 15:12:00,9.0,Debit Card
2026-03-11 15:14:00,11.0,Debit Card
2026-03-11 15:26:00,9.0,Debit Card
2026-03-11 15:27:00,9.0,Debit Card
2026-03-11 15:41:00,4.0,Debit Card
2026-03-11 15:43:00,16.0,Debit Card
2026-03-11 16:01:00,14.0,Debit Card
2026-03-11 16:07:00,11.0,Pix
2026-03-11 16:13:00,18.0,Pix
2026-03-11 16:14:00,9.0,Credit Card
2026-03-11 16:19:00,9.0,Cash
2026-03-11 17:02:00,9.0,Debit Card
2026-03-11 17:03:00,9.0,Pix
2026-03-11 17:38:00,7.0,Debit Card
2026-03-11 17:43:00,15.0,Pix
2026-03-11 17:48:00,10.0,Cash
2026-03-11 17:59:00,36.0,Cash
2026-03-11 18:10:00,22.0,Credit Card
2026-03-11 18:19:00,10.0,Debit Card
2026-03-12 13:43:00,16.0,Debit Card
2026-03-12 13:48:00,7.0,Cash
2026-03-12 13:59:00,4.0,Cash
2026-03-12 14:15:00,14.0,Cash
2026-03-12 14:18:00,7.0,Cash
2026-03-12 14:19:00,11.5,Cash
2026-03-12 14:26:00,9.0,Cash
2026-03-12 14:39:00,9.0,Cash
2026-03-12 14:41:00,33.0,Credit Card
2026-03-12 15:08:00,7.0,Pix
2026-03-12 15:21:00,11.0,Credit Card
2026-03-12 15:24:00,9.0,Credit Card
2026-03-12 15:26:00,9.0,Cash
2026-03-12 15:30:00,7.0,Cash
2026-03-12 15:35:00,7.0,Pix
2026-03-12 15:37:00,14.0,Cash
2026-03-12 15:37:00,14.0,Pix
2026-03-12 15:39:00,7.0,Pix
2026-03-12 15:48:00,11.0,Cash
2026-03-12 15:52:00,4.0,Cash
2026-03-12 15:55:00,14.0,Pix
2026-03-12 16:17:00,22.0,Cash
2026-03-12 16:23:00,7.0,Debit Card
2026-03-12 16:24:00,7.0,Cash
2026-03-12 16:40:00,20.0,Cash
2026-03-12 16:43:00,10.0,Debit Card
2026-03-12 16:54:00,22.0,Cash
2026-03-12 17:06:00,32.0,Debit Card
2026-03-12 17:12:00,14.0,Pix
2026-03-12 17:24:00,10.0,Cash
2026-03-12 17:33:00,7.0,Cash
2026-03-12 17:37:00,18.0,Cash
2026-03-12 17:55:00,37.0,Debit Card
2026-03-12 17:57:00,21.0,Cash
2026-03-12 18:11:00,14.0,Credit Card
2026-03-12 18:13:00,21.0,Multiple
2026-03-12 18:19:00,9.0,Cash
2026-03-12 18:21:00,7.0,Cash
2026-03-12 18:43:00,9.0,Debit Card
2026-03-12 19:06:00,7.0,Cash
2026-03-12 19:08:00,11.0,Debit Card
2026-03-12 19:10:00,20.0,Debit Card
2026-03-12 19:36:00,31.0,Credit Card
2026-03-12 19:51:00,9.0,Credit Card
2026-03-13 14:07:00,9.0,Cash
2026-03-13 14:35:00,16.0,Cash
2026-03-13 14:35:00,9.0,Cash
2026-03-13 14:54:00,20.0,Debit Card
2026-03-13 14:54:00,16.0,Cash
2026-03-13 15:12:00,7.0,Pix
2026-03-13 15:14:00,27.0,Cash
2026-03-13 15:18:00,8.0,Cash
2026-03-13 15:21:00,14.0,Cash
2026-03-13 15:24:00,7.0,Cash
2026-03-13 15:34:00,14.0,Debit Card
2026-03-13 15:36:00,9.0,Cash
2026-03-13 15:37:00,9.0,Cash
2026-03-13 15:38:00,2.0,Cash
2026-03-13 15:41:00,20.0,Pix
2026-03-13 15:53:00,8.0,Debit Card
2026-03-13 16:03:00,14.0,Debit Card
2026-03-13 16:07:00,10.0,Cash
2026-03-13 16:22:00,27.0,Debit Card
2026-03-13 16:26:00,28.0,Cash
2026-03-13 16:27:00,14.0,Cash
2026-03-13 16:34:00,8.0,Pix
2026-03-13 16:36:00,9.0,Cash
2026-03-13 16:41:00,21.0,Pix
2026-03-13 16:48:00,9.0,Debit Card
2026-03-13 16:54:00,18.0,Credit Card
2026-03-13 17:05:00,7.0,Pix
2026-03-14 10:53:00,4.0,Pix
2026-03-14 11:09:00,7.0,Cash
2026-03-14 11:12:00,4.0,Debit Card
2026-03-14 11:13:00,9.0,Pix
2026-03-14 11:34:00,31.0,Cash
2026-03-14 11:37:00,23.0,Cash
2026-03-14 11:44:00,14.0,Debit Card
2026-03-14 11:50:00,9.0,Cash
2026-03-14 11:51:00,7.0,Cash
2026-03-14 11:53:00,8.5,Debit Card
2026-03-14 11:57:00,11.0,Pix
2026-03-14 12:03:00,7.0,Pix
2026-03-14 12:05:00,7.0,Pix
2026-03-14 12:06:00,14.0,Cash
2026-03-14 12:20:00,7.0,Debit Card
2026-03-14 12:23:00,27.0,Pix
2026-03-14 12:36:00,28.0,Cash
2026-03-14 12:41:00,14.0,Debit Card
2026-03-14 12:45:00,9.0,Debit Card
2026-03-14 13:02:00,7.0,Cash
2026-03-14 13:17:00,27.0,Cash
2026-03-14 13:23:00,10.0,Debit Card
2026-03-14 13:29:00,7.0,Pix
2026-03-14 13:33:00,9.0,Debit Card
2026-03-14 13:35:00,28.0,Debit Card
2026-03-14 13:39:00,14.0,Debit Card
2026-03-14 13:52:00,8.0,Credit Card
2026-03-14 13:54:00,14.0,Debit Card
2026-03-14 13:57:00,21.0,Debit Card
2026-03-14 14:05:00,14.0,Cash
2026-03-14 14:09:00,11.0,Cash
2026-03-14 14:09:00,11.0,Pix
2026-03-14 14:15:00,42.0,Cash
2026-03-14 14:16:00,11.0,Credit Card
2026-03-14 14:20:00,11.0,Debit Card
2026-03-14 14:22:00,2.0,Cash
2026-03-14 14:26:00,16.0,Debit Card
2026-03-14 14:44:00,7.0,Credit Card
2026-03-14 14:48:00,11.0,Cash
2026-03-14 14:52:00,11.0,Debit Card
2026-03-14 14:53:00,14.0,Cash
2026-03-14 15:03:00,4.0,Cash
2026-03-14 15:09:00,18.0,Cash
2026-03-14 15:13:00,9.0,Credit Card
2026-03-14 15:16:00,23.0,Cash
2026-03-14 15:16:00,11.0,Cash
2026-03-14 15:19:00,14.0,Cash
2026-03-14 15:23:00,17.0,Cash
2026-03-14 15:27:00,4.0,Cash
2026-03-14 15:30:00,20.0,Meal Voucher
2026-03-14 15:37:00,7.0,Credit Card
2026-03-14 15:45:00,11.0,Debit Card
2026-03-14 16:01:00,16.0,Cash
2026-03-14 16:06:00,26.0,Debit Card
2026-03-14 16:08:00,11.0,Credit Card
2026-03-14 16:11:00,18.0,Debit Card
2026-03-14 16:13:00,18.0,Pix
2026-03-14 16:16:00,11.0,Cash
2026-03-14 16:20:00,14.0,Debit Card
2026-03-14 16:21:00,4.0,Debit Card
2026-03-14 16:22:00,22.0,Credit Card
2026-03-14 16:24:00,15.0,Debit Card
2026-03-14 16:26:00,16.0,Credit Card
2026-03-14 16:38:00,18.0,Credit Card
2026-03-14 16:42:00,18.0,Debit Card
2026-03-14 16:45:00,22.0,Pix
2026-03-14 16:49:00,14.0,Debit Card
2026-03-14 16:55:00,7.0,Debit Card
2026-03-14 16:59:00,34.5,Pix
2026-03-14 16:59:00,10.0,Debit Card
2026-03-14 17:04:00,45.0,Multiple
2026-03-14 17:12:00,23.0,Debit Card
2026-03-14 17:15:00,31.0,Pix
2026-03-14 17:19:00,25.0,Debit Card
2026-03-14 17:23:00,25.0,Debit Card
2026-03-14 17:31:00,32.0,Pix
2026-03-14 17:35:00,21.0,Debit Card
2026-03-14 17:37:00,14.0,Debit Card
2026-03-14 17:37:00,6.0,Pix
2026-03-14 17:39:00,20.0,Credit Card
2026-03-14 17:48:00,7.0,Cash
2026-03-14 17:50:00,15.0,Pix
2026-03-14 17:50:00,11.0,Meal Voucher
2026-03-14 17:54:00,14.0,Pix
2026-03-14 18:02:00,25.0,Cash
2026-03-14 18:07:00,10.0,Cash
2026-03-14 18:08:00,10.0,Credit Card
2026-03-14 18:11:00,4.0,Pix
2026-03-14 18:14:00,7.0,Debit Card
2026-03-14 18:32:00,27.0,Pix
2026-03-14 18:33:00,16.0,Pix
2026-03-14 18:35:00,16.0,Pix
2026-03-14 18:41:00,16.0,Debit Card
2026-03-14 18:45:00,39.0,Debit Card
2026-03-14 18:46:00,30.0,Cash
2026-03-14 18:49:00,7.0,Cash
2026-03-14 18:51:00,11.0,Cash
2026-03-14 19:16:00,33.0,Debit Card
2026-03-14 19:17:00,14.0,Debit Card
2026-03-14 13:47:00,4.0,Debit Card
2026-03-15 14:51:00,42.0,Debit Card
2026-03-15 14:52:00,29.0,Pix
2026-03-15 14:59:00,23.0,Pix
2026-03-15 15:02:00,11.0,Cash
2026-03-15 15:04:00,26.0,Pix
2026-03-15 15:06:00,10.0,Cash
2026-03-15 15:27:00,43.0,Cash
2026-03-15 15:39:00,20.0,Debit Card
2026-03-15 15:50:00,28.0,Pix
2026-03-15 15:52:00,16.0,Meal Voucher
2026-03-15 16:04:00,32.0,Debit Card
2026-03-15 16:12:00,4.0,Debit Card
2026-03-15 16:14:00,14.0,Cash
2026-03-15 16:15:00,18.0,Credit Card
2026-03-15 16:19:00,14.5,Credit Card
2026-03-15 16:20:00,18.0,Cash
2026-03-15 16:23:00,7.0,Cash
2026-03-15 16:50:00,21.0,Debit Card
2026-03-15 16:55:00,18.0,Debit Card
2026-03-15 17:02:00,14.0,Pix
2026-03-15 17:07:00,18.0,Cash
2026-03-15 17:07:00,20.0,Cash
2026-03-15 17:12:00,14.0,Cash
2026-03-15 17:14:00,21.0,Credit Card
2026-03-15 17:21:00,42.0,Pix
2026-03-15 17:39:00,11.0,Pix
2026-03-15 17:40:00,15.0,Pix
2026-03-15 17:43:00,7.0,Pix
2026-03-15 17:50:00,20.0,Pix
2026-03-15 18:02:00,7.0,Cash
2026-03-15 18:05:00,27.0,Cash
2026-03-15 18:11:00,4.5,Cash
2026-03-15 18:14:00,18.0,Cash
2026-03-15 18:16:00,20.0,Cash
2026-03-15 18:38:00,21.0,Credit Card
2026-03-15 18:53:00,32.0,Cash
2026-03-16 13:29:00,11.0,Debit Card
2026-03-16 13:54:00,7.0,Debit Card
2026-03-16 14:24:00,40.0,Credit Card
2026-03-16 14:40:00,4.0,Pix
2026-03-16 14:40:00,9.0,Cash
2026-03-16 15:12:00,16.0,Pix
2026-03-16 15:23:00,9.0,Pix
2026-03-16 15:35:00,14.0,Cash
2026-03-16 15:39:00,14.0,Cash
2026-03-16 15:47:00,16.0,Credit Card
2026-03-16 15:53:00,11.5,Debit Card
2026-03-16 16:48:00,11.0,Pix
2026-03-16 16:50:00,14.0,Cash
2026-03-16 16:50:00,9.0,Debit Card
2026-03-16 17:00:00,14.0,Cash
2026-03-16 17:01:00,7.0,Cash
2026-03-16 17:18:00,14.0,Pix
2026-03-16 17:26:00,61.0,Debit Card
2026-03-16 17:31:00,18.0,Pix
2026-03-16 18:08:00,11.0,Pix
2026-03-16 18:20:00,10.0,Pix
2026-03-16 18:30:00,20.0,Pix
2026-03-16 19:01:00,19.0,Pix
2026-03-16 19:11:00,18.0,Debit Card
2026-03-17 14:01:00,10.0,Cash
2026-03-17 14:10:00,11.0,Credit Card
2026-03-17 14:13:00,9.0,Pix
2026-03-17 14:21:00,27.0,Cash
2026-03-17 15:14:00,7.0,Cash
2026-03-17 15:16:00,11.0,Credit Card
2026-03-17 15:50:00,7.0,Debit Card
2026-03-17 15:55:00,10.0,Cash
2026-03-17 16:19:00,11.0,Pix
2026-03-17 16:19:00,10.0,Cash
2026-03-17 16:21:00,14.0,Credit Card
2026-03-17 16:41:00,7.0,Cash
2026-03-17 16:55:00,14.0,Debit Card
2026-03-17 16:55:00,4.0,Cash
2026-03-17 17:02:00,7.0,Cash
2026-03-17 17:16:00,11.0,Pix
2026-03-17 17:32:00,7.0,Pix
2026-03-17 17:33:00,4.0,Cash
2026-03-17 17:36:00,10.0,Pix
2026-03-17 18:02:00,22.0,Pix
2026-03-17 18:02:00,18.0,Cash
2026-03-17 18:06:00,22.0,Debit Card
2026-03-17 18:06:00,10.0,Credit Card
2026-03-17 18:22:00,11.0,Cash
2026-03-17 19:06:00,21.0,Pix
2026-03-17 19:10:00,14.0,Credit Card
2026-03-18 13:56:00,14.0,Cash
2026-03-18 13:59:00,7.0,Debit Card
2026-03-18 14:20:00,7.0,Debit Card
2026-03-18 14:25:00,7.0,Pix
2026-03-18 14:27:00,7.0,Cash
2026-03-18 14:44:00,5.0,Cash
2026-03-18 14:46:00,7.0,Meal Voucher
2026-03-18 14:55:00,9.0,Cash
2026-03-18 14:57:00,7.0,Cash
2026-03-18 14:58:00,20.0,Cash
2026-03-18 15:03:00,14.0,Pix
2026-03-18 15:05:00,7.0,Pix
2026-03-18 15:05:00,10.0,Cash
2026-03-18 15:09:00,14.0,Cash
2026-03-18 15:36:00,14.0,Pix
2026-03-18 15:48:00,11.0,Cash
2026-03-18 15:56:00,7.0,Cash
2026-03-18 15:58:00,11.0,Debit Card
2026-03-18 16:07:00,11.0,Debit Card
2026-03-18 16:13:00,7.0,Pix
2026-03-18 16:22:00,27.0,Credit Card
2026-03-18 16:31:00,18.0,Pix
2026-03-18 16:36:00,28.0,Pix
2026-03-18 17:18:00,32.0,Debit Card
2026-03-18 17:36:00,7.0,Debit Card
2026-03-18 17:39:00,9.0,Debit Card
2026-03-18 17:40:00,10.0,Pix
2026-03-18 17:49:00,7.0,Cash
2026-03-18 17:51:00,7.0,Credit Card
2026-03-18 18:05:00,15.0,Credit Card
2026-03-18 18:40:00,20.0,Cash
2026-03-18 19:04:00,10.0,Debit Card
2026-03-18 19:15:00,7.0,Pix
2026-03-18 19:29:00,14.0,Debit Card
2026-03-19 13:45:00,7.0,Pix
2026-03-19 13:49:00,14.0,Debit Card
2026-03-19 13:50:00,11.0,Pix
2026-03-19 13:55:00,21.0,Cash
2026-03-19 14:22:00,7.0,Cash
2026-03-19 14:24:00,18.0,Debit Card
2026-03-19 14:40:00,18.0,Credit Card
2026-03-19 14:42:00,5.0,Cash
2026-03-19 14:46:00,15.0,Debit Card
2026-03-19 14:59:00,22.0,Debit Card
2026-03-19 15:14:00,14.0,Pix
2026-03-19 15:19:00,14.0,Cash
2026-03-19 15:26:00,25.0,Debit Card
2026-03-19 15:40:00,21.0,Credit Card
2026-03-19 16:33:00,42.0,Pix
2026-03-19 16:46:00,10.0,Cash
2026-03-19 16:55:00,14.0,Credit Card
2026-03-19 16:57:00,32.0,Cash
2026-03-19 17:07:00,14.0,Meal Voucher
2026-03-19 17:10:00,8.0,Cash
2026-03-19 17:15:00,16.0,Cash
2026-03-19 17:43:00,25.0,Meal Voucher
2026-03-19 17:44:00,20.0,Credit Card
2026-03-19 17:58:00,20.0,Credit Card
2026-03-19 18:24:00,42.0,Pix
2026-03-19 18:29:00,7.0,Pix
2026-03-19 18:40:00,18.0,Meal Voucher
2026-03-19 19:24:00,14.0,Pix
2026-03-20 13:34:00,7.0,Cash
2026-03-20 14:13:00,14.0,Cash
2026-03-20 14:15:00,11.0,Cash
2026-03-20 14:41:00,4.0,Cash
2026-03-20 14:52:00,9.0,Cash
2026-03-20 14:57:00,5.0,Cash
2026-03-20 15:01:00,22.0,Cash
2026-03-20 15:11:00,21.0,Pix
2026-03-20 15:11:00,2.0,Cash
2026-03-20 15:20:00,16.0,Cash
2026-03-20 15:22:00,4.0,Cash
2026-03-20 15:31:00,14.0,Pix
2026-03-20 15:33:00,18.0,Cash
2026-03-20 15:36:00,22.0,Pix
2026-03-20 15:36:00,11.5,Cash
2026-03-20 15:52:00,57.0,Debit Card
2026-03-20 15:58:00,18.0,Debit Card
2026-03-20 16:06:00,28.0,Cash
2026-03-20 16:08:00,20.0,Credit Card
2026-03-20 16:11:00,22.0,Credit Card
2026-03-20 16:23:00,4.5,Cash
2026-03-20 16:48:00,10.0,Cash
2026-03-20 16:51:00,18.0,Cash
2026-03-20 16:52:00,9.0,Credit Card
2026-03-20 16:54:00,11.0,Credit Card
2026-03-20 16:55:00,9.0,Credit Card
2026-03-20 16:57:00,7.0,Credit Card
2026-03-20 16:59:00,14.0,Debit Card
2026-03-20 17:02:00,9.0,Cash
2026-03-20 17:04:00,7.0,Cash
2026-03-20 17:18:00,7.0,Credit Card
2026-03-20 17:35:00,7.0,Cash
2026-03-20 17:43:00,16.0,Cash
2026-03-20 17:43:00,10.0,Debit Card
2026-03-20 17:45:00,17.0,Debit Card
2026-03-20 17:47:00,27.0,Credit Card
2026-03-20 18:00:00,14.0,Debit Card
2026-03-20 18:16:00,11.0,On Credit
2026-03-20 18:18:00,21.0,Credit Card
2026-03-20 18:23:00,22.0,Pix
2026-03-20 18:23:00,9.0,Meal Voucher
2026-03-20 18:25:00,15.0,Meal Voucher
2026-03-20 18:45:00,43.0,Pix
2026-03-20 18:49:00,42.0,Pix
2026-03-20 18:56:00,7.0,Pix
2026-03-20 18:56:00,7.0,Pix
2026-03-20 19:01:00,7.0,Pix
2026-03-20 19:18:00,10.0,Cash
2026-03-20 19:31:00,19.0,Cash
2026-03-21 10:56:00,7.0,Cash
2026-03-21 11:00:00,9.0,Cash
2026-03-21 11:21:00,37.0,Debit Card
2026-03-21 11:23:00,22.5,Cash
2026-03-21 11:29:00,9.0,Cash
2026-03-21 11:36:00,7.0,Cash
2026-03-21 11:52:00,22.0,Debit Card
2026-03-21 11:58:00,8.5,Debit Card
2026-03-21 12:03:00,7.0,Debit Card
2026-03-21 12:13:00,30.0,Pix
2026-03-21 12:25:00,18.0,Credit Card
2026-03-21 12:43:00,11.0,Debit Card
2026-03-21 13:35:00,7.0,Pix
2026-03-21 13:37:00,7.0,Pix
2026-03-21 13:38:00,7.0,Debit Card
2026-03-21 13:41:00,7.0,Debit Card
2026-03-21 13:45:00,18.0,Debit Card
2026-03-21 13:48:00,11.0,Debit Card
2026-03-21 14:07:00,16.0,Pix
2026-03-21 14:23:00,27.0,Debit Card
2026-03-21 14:24:00,7.0,Cash
2026-03-21 14:36:00,11.0,Cash
2026-03-21 14:43:00,30.0,Cash
2026-03-21 14:47:00,28.0,Debit Card
2026-03-21 14:53:00,16.0,Cash
2026-03-21 15:09:00,18.0,Cash
2026-03-21 15:12:00,36.0,Pix
2026-03-21 15:17:00,7.0,Cash
2026-03-21 15:20:00,11.0,Pix
2026-03-21 15:24:00,33.0,Credit Card
2026-03-21 15:25:00,7.0,Debit Card
2026-03-21 15:36:00,11.0,Cash
2026-03-21 15:36:00,10.0,Cash
2026-03-21 15:39:00,25.0,Cash
2026-03-21 15:39:00,4.0,Pix
2026-03-21 15:48:00,7.0,Cash
2026-03-21 15:57:00,11.0,Pix
2026-03-21 15:59:00,7.0,Credit Card
2026-03-21 16:01:00,14.0,Credit Card
2026-03-21 16:06:00,4.0,Credit Card
2026-03-21 16:19:00,9.0,Cash
2026-03-21 16:20:00,25.0,Credit Card
2026-03-21 16:30:00,16.0,Debit Card
2026-03-21 16:41:00,14.0,Pix
2026-03-21 16:42:00,11.0,Pix
2026-03-21 16:43:00,14.0,Cash
2026-03-21 16:47:00,29.0,Debit Card
2026-03-21 16:52:00,16.0,Pix
2026-03-21 16:57:00,4.0,Debit Card
2026-03-21 16:59:00,7.0,Debit Card
2026-03-21 17:06:00,18.0,Pix
2026-03-21 17:10:00,18.0,Cash
2026-03-21 17:33:00,11.0,Cash
2026-03-21 17:52:00,21.0,Credit Card
2026-03-21 17:55:00,7.0,Pix
2026-03-21 17:57:00,4.0,Credit Card
2026-03-21 17:58:00,4.0,Cash
2026-03-21 18:02:00,16.0,Pix
2026-03-21 18:43:00,10.0,Pix
2026-03-21 18:45:00,15.0,Meal Voucher
2026-03-21 18:49:00,21.0,Pix
2026-03-21 18:50:00,8.0,Debit Card
2026-03-21 19:20:00,8.0,Cash
2026-03-22 15:37:00,10.0,Cash
2026-03-22 15:45:00,13.0,Cash
2026-03-22 15:47:00,9.0,Meal Voucher
2026-03-22 15:48:00,16.0,Meal Voucher
2026-03-22 15:56:00,7.0,Credit Card
2026-03-22 16:02:00,11.5,Credit Card
2026-03-22 16:02:00,9.0,Debit Card
2026-03-22 16:04:00,52.0,Cash
2026-03-22 16:12:00,14.0,Pix
2026-03-22 16:15:00,7.0,Cash
2026-03-22 16:16:00,7.0,Debit Card
2026-03-22 16:22:00,9.0,Debit Card
2026-03-22 16:34:00,14.0,Pix
2026-03-22 16:42:00,32.0,Debit Card
2026-03-22 16:46:00,8.0,Pix
2026-03-22 16:47:00,4.0,Debit Card
2026-03-22 17:06:00,52.0,Cash
2026-03-22 17:28:00,28.0,Pix
2026-03-22 17:33:00,41.0,Credit Card
2026-03-22 17:37:00,14.0,Debit Card
2026-03-22 17:38:00,14.0,Cash
2026-03-22 17:40:00,18.0,Credit Card
2026-03-22 17:42:00,7.0,Debit Card
2026-03-22 17:48:00,15.0,Cash
2026-03-22 18:02:00,21.0,Credit Card
2026-03-22 18:08:00,14.0,Pix
2026-03-23 13:38:00,25.0,Meal Voucher
2026-03-23 13:45:00,4.5,Cash
2026-03-23 13:58:00,28.0,Credit Card
2026-03-23 14:18:00,22.0,Debit Card
2026-03-23 14:31:00,7.0,Cash
2026-03-23 14:37:00,28.0,Pix
2026-03-23 14:39:00,10.0,Cash
2026-03-23 14:45:00,23.0,Debit Card
2026-03-23 14:59:00,22.0,Debit Card
2026-03-23 15:21:00,9.0,Cash
2026-03-23 15:21:00,9.0,Cash
2026-03-23 15:32:00,4.0,Cash
2026-03-23 15:36:00,7.0,Pix
2026-03-23 15:42:00,16.0,Pix
2026-03-23 15:43:00,10.0,Cash
2026-03-23 15:44:00,9.0,Credit Card
2026-03-23 15:58:00,9.0,Cash
2026-03-23 16:08:00,7.0,Debit Card
2026-03-23 16:14:00,4.5,Debit Card
2026-03-23 16:17:00,18.0,Cash
2026-03-23 16:20:00,7.0,Credit Card
2026-03-23 16:25:00,19.0,Cash
2026-03-23 16:50:00,4.0,Pix
2026-03-23 16:50:00,10.0,Cash
2026-03-23 16:58:00,14.0,Pix
2026-03-23 17:12:00,9.0,Debit Card
2026-03-23 17:15:00,27.0,Pix
2026-03-23 17:22:00,10.0,Pix
2026-03-23 17:48:00,13.0,Debit Card
2026-03-23 18:06:00,11.0,Debit Card
2026-03-23 18:18:00,4.0,Debit Card
2026-03-23 18:30:00,18.0,Debit Card
2026-03-23 18:33:00,7.0,Debit Card
2026-03-23 18:51:00,11.0,Pix
2026-03-23 19:08:00,5.0,Cash
2026-03-24 13:37:00,20.0,Cash
2026-03-24 13:42:00,7.0,Pix
2026-03-24 13:42:00,7.0,Pix
2026-03-24 13:45:00,7.0,Cash
2026-03-24 13:50:00,14.0,Cash
2026-03-24 13:59:00,7.0,Credit Card
2026-03-24 14:13:00,11.0,Cash
2026-03-24 14:17:00,10.0,Cash
2026-03-24 14:17:00,10.0,Cash
2026-03-24 14:18:00,10.0,Cash
2026-03-24 15:07:00,14.0,Cash
2026-03-24 15:09:00,15.0,Credit Card
2026-03-24 15:17:00,7.0,Credit Card
2026-03-24 15:19:00,9.0,Cash
2026-03-24 15:26:00,14.0,Debit Card
2026-03-24 15:29:00,16.0,Cash
2026-03-24 15:30:00,14.0,Debit Card
2026-03-24 15:31:00,9.0,Cash
2026-03-24 15:37:00,7.0,Credit Card
2026-03-24 15:40:00,9.0,Cash
2026-03-24 15:58:00,11.0,Pix
2026-03-24 16:12:00,20.0,Pix
2026-03-24 16:24:00,14.0,Cash
2026-03-24 16:30:00,7.0,Debit Card
2026-03-24 16:32:00,9.0,Debit Card
2026-03-24 16:42:00,10.0,Pix
2026-03-24 17:02:00,22.0,Credit Card
2026-03-24 17:17:00,4.5,Cash
2026-03-24 17:27:00,33.0,Cash
2026-03-24 17:41:00,25.0,Pix
2026-03-24 17:47:00,31.0,Cash
2026-03-24 17:48:00,15.0,Meal Voucher
2026-03-24 17:57:00,9.0,Cash
2026-03-24 18:04:00,20.0,Cash
2026-03-24 18:06:00,17.0,Cash
2026-03-24 18:08:00,14.0,Cash
2026-03-24 18:18:00,22.0,Debit Card
2026-03-24 18:19:00,30.0,Cash
2026-03-24 18:30:00,10.0,Meal Voucher
2026-03-24 18:56:00,20.0,Cash
2026-03-24 19:02:00,14.0,Cash
2026-03-24 19:08:00,10.0,Pix
2026-03-24 19:13:00,4.0,Cash
2026-03-25 14:00:00,14.0,Cash
2026-03-25 14:13:00,7.0,Cash
2026-03-25 14:31:00,16.0,Debit Card
2026-03-25 14:34:00,7.0,Cash
2026-03-25 14:44:00,7.0,Cash
2026-03-25 14:45:00,11.5,Pix
2026-03-25 14:46:00,11.0,Credit Card
2026-03-25 15:03:00,7.0,Credit Card
2026-03-25 15:08:00,14.0,Pix
2026-03-25 15:19:00,22.0,Pix
2026-03-25 15:21:00,11.0,Debit Card
2026-03-25 15:24:00,11.0,Pix
2026-03-25 15:25:00,9.0,Pix
2026-03-25 15:26:00,7.0,Pix
2026-03-25 15:27:00,9.0,Cash
2026-03-25 15:28:00,7.0,Cash
2026-03-25 15:32:00,8.5,Cash
2026-03-25 15:37:00,16.0,Credit Card
2026-03-25 15:38:00,4.0,Debit Card
2026-03-25 15:39:00,8.5,Pix
2026-03-25 15:51:00,7.0,Cash
2026-03-25 15:57:00,9.0,Debit Card
2026-03-25 15:58:00,11.0,Debit Card
2026-03-25 16:01:00,16.0,Debit Card
2026-03-25 16:11:00,9.0,Pix
2026-03-25 16:13:00,14.0,Pix
2026-03-25 16:15:00,7.0,Debit Card
2026-03-25 16:20:00,16.0,Debit Card
2026-03-25 16:29:00,7.0,Pix
2026-03-25 16:35:00,16.0,Meal Voucher
2026-03-25 16:42:00,7.0,Pix
2026-03-25 16:45:00,14.0,Debit Card
2026-03-25 16:55:00,18.0,Cash
2026-03-25 16:59:00,14.0,Cash
2026-03-25 17:08:00,17.0,Debit Card
2026-03-25 17:08:00,9.0,Debit Card
2026-03-25 17:10:00,16.0,Cash
2026-03-25 17:13:00,9.0,Debit Card
2026-03-25 17:30:00,21.0,Cash
2026-03-25 17:34:00,16.0,Debit Card
2026-03-25 17:42:00,7.0,Debit Card
2026-03-25 17:49:00,15.0,Pix
2026-03-25 17:49:00,15.0,Pix
2026-03-25 18:21:00,7.0,Cash
2026-03-25 18:27:00,40.0,Credit Card
2026-03-25 18:27:00,40.0,Credit Card
2026-03-25 18:40:00,21.0,Debit Card
2026-03-25 18:52:00,29.0,Pix
2026-03-25 19:17:00,9.0,Debit Card
2026-03-26 13:48:00,38.0,Cash
2026-03-26 13:49:00,9.0,Cash
2026-03-26 13:58:00,14.0,Debit Card
2026-03-26 14:30:00,14.0,Cash
2026-03-26 14:58:00,18.0,Cash
2026-03-26 14:59:00,14.0,Cash
2026-03-26 15:00:00,14.0,Debit Card
2026-03-26 15:07:00,7.0,Debit Card
2026-03-26 15:12:00,14.0,Cash
2026-03-26 15:24:00,9.0,Cash
2026-03-26 15:25:00,9.0,Cash
2026-03-26 15:34:00,4.5,Debit Card
2026-03-26 16:02:00,20.0,Pix
2026-03-26 16:14:00,11.0,Debit Card
2026-03-26 16:26:00,20.0,Cash
2026-03-26 16:33:00,10.0,Cash
2026-03-26 16:39:00,7.0,Cash
2026-03-26 16:45:00,10.0,Cash
2026-03-26 16:45:00,10.0,Pix
2026-03-26 16:56:00,10.0,Cash
2026-03-26 16:56:00,10.0,Cash
2026-03-26 17:12:00,14.0,Pix
2026-03-26 17:21:00,14.0,Cash
2026-03-26 17:21:00,14.0,Pix
2026-03-26 17:35:00,18.0,Debit Card
2026-03-26 17:43:00,23.0,Cash
2026-03-26 17:47:00,20.0,Debit Card
2026-03-26 17:53:00,10.0,Credit Card
2026-03-26 18:06:00,10.0,Credit Card
2026-03-26 18:09:00,14.0,Debit Card
2026-03-26 18:10:00,9.0,Cash
2026-03-26 18:10:00,11.0,Cash
2026-03-26 18:21:00,25.0,Credit Card
2026-03-26 18:55:00,7.0,Debit Card
2026-03-26 18:59:00,32.0,Credit Card
2026-03-26 19:04:00,37.0,Cash
2026-03-26 19:18:00,4.5,Credit Card
2026-03-26 19:26:00,7.0,Debit Card
2026-03-26 19:38:00,10.0,Cash
2026-03-27 13:45:00,4.5,Debit Card
2026-03-27 13:55:00,18.0,Cash
2026-03-27 13:57:00,18.0,Debit Card
2026-03-27 14:05:00,8.5,Cash
2026-03-27 14:05:00,11.0,Pix
2026-03-27 14:12:00,28.0,Cash
2026-03-27 14:31:00,4.5,Cash
2026-03-27 14:37:00,32.0,Cash
2026-03-27 14:38:00,7.0,Pix
2026-03-27 15:09:00,7.0,Cash
2026-03-27 15:11:00,7.0,Cash
2026-03-27 15:23:00,11.0,Debit Card
2026-03-27 15:36:00,7.0,Cash
2026-03-27 15:41:00,28.0,Cash
2026-03-27 15:41:00,28.0,Credit Card
2026-03-27 15:58:00,20.0,Cash
2026-03-27 15:58:00,20.0,Debit Card
2026-03-27 16:07:00,30.0,Cash
2026-03-27 16:07:00,30.0,Debit Card
2026-03-27 16:24:00,10.0,Cash
2026-03-27 16:31:00,11.0,Cash
2026-03-27 16:31:00,11.0,Cash
2026-03-27 16:48:00,7.0,Cash
2026-03-27 16:49:00,7.0,Pix
2026-03-27 17:07:00,21.0,Cash
2026-03-27 17:20:00,14.0,Cash
2026-03-27 17:29:00,10.0,Cash
2026-03-27 17:29:00,10.0,Pix
2026-03-27 17:38:00,49.0,Debit Card
2026-03-27 17:41:00,10.0,Pix
2026-03-27 17:41:00,9.0,Cash
2026-03-27 17:46:00,25.0,Pix
2026-03-27 17:52:00,20.0,Cash
2026-03-27 17:58:00,12.0,Cash
2026-03-27 18:01:00,14.0,Cash
2026-03-27 18:09:00,9.0,Debit Card
2026-03-27 18:23:00,20.0,Debit Card
2026-03-27 18:49:00,10.0,Credit Card
2026-03-27 18:51:00,14.0,Credit Card
2026-03-27 18:54:00,4.5,Pix
2026-03-27 19:05:00,9.0,Debit Card
2026-03-27 19:12:00,18.0,Pix
2026-03-28 10:35:00,4.5,Cash
2026-03-28 11:02:00,4.0,Cash
2026-03-28 11:31:00,16.0,Credit Card
2026-03-28 11:40:00,4.5,Pix
2026-03-28 11:45:00,12.5,Cash
2026-03-28 11:47:00,14.0,Pix
2026-03-28 12:02:00,7.0,Cash
2026-03-28 12:05:00,18.0,Cash
2026-03-28 12:18:00,4.0,Debit Card
2026-03-28 12:26:00,16.0,Credit Card
2026-03-28 12:28:00,7.0,Cash
2026-03-28 12:42:00,7.0,Cash
2026-03-28 12:43:00,4.0,Cash
2026-03-28 12:45:00,18.0,Credit Card
2026-03-28 12:58:00,7.0,Pix
2026-03-28 13:04:00,9.0,Meal Voucher
2026-03-28 13:09:00,14.0,Cash
2026-03-28 13:12:00,19.0,Credit Card
2026-03-28 13:22:00,7.0,Cash
2026-03-28 13:25:00,15.0,Meal Voucher
2026-03-28 13:26:00,7.0,Cash
2026-03-28 13:27:00,9.0,Debit Card
2026-03-28 13:41:00,4.5,Debit Card
2026-03-28 13:59:00,18.0,Cash
2026-03-28 13:59:00,18.0,Credit Card
2026-03-28 14:10:00,9.0,Meal Voucher
2026-03-28 14:18:00,22.0,Debit Card
2026-03-28 14:19:00,4.0,Credit Card
2026-03-28 14:23:00,14.0,Credit Card
2026-03-28 14:26:00,25.0,Credit Card
2026-03-28 14:31:00,22.0,Cash
2026-03-28 14:34:00,25.0,Debit Card
2026-03-28 14:35:00,18.0,Credit Card
2026-03-28 14:39:00,9.0,Credit Card
2026-03-28 14:45:00,51.0,Credit Card
2026-03-28 14:55:00,4.0,Credit Card
2026-03-28 15:02:00,7.0,Pix
2026-03-28 15:06:00,45.0,Cash
2026-03-28 15:08:00,20.0,Cash
2026-03-28 15:09:00,9.0,Cash
2026-03-28 15:23:00,35.0,Credit Card
2026-03-28 15:23:00,10.0,Cash
2026-03-28 15:23:00,10.0,Cash
2026-03-28 15:34:00,4.0,Cash
2026-03-28 15:38:00,11.0,Debit Card
2026-03-28 15:39:00,7.0,Debit Card
2026-03-28 15:43:00,8.5,Cash
2026-03-28 15:50:00,14.0,Cash
2026-03-28 15:56:00,20.0,Debit Card
2026-03-28 15:57:00,9.0,Debit Card
2026-03-28 16:01:00,20.0,Cash
2026-03-28 16:06:00,10.0,Cash
2026-03-28 16:11:00,10.0,Pix
2026-03-28 16:14:00,7.0,Pix
2026-03-28 16:22:00,7.0,Debit Card
2026-03-28 16:22:00,7.0,Debit Card
2026-03-28 16:25:00,4.0,Cash
2026-03-28 16:28:00,14.0,Cash
2026-03-28 16:32:00,7.0,Cash
2026-03-28 16:34:00,22.0,Debit Card
2026-03-28 16:35:00,15.0,Cash
2026-03-28 16:39:00,7.0,Cash
2026-03-28 16:43:00,15.0,Cash
2026-03-28 16:51:00,11.0,Cash
2026-03-28 16:53:00,35.0,Cash
2026-03-28 16:53:00,10.0,Credit Card
2026-03-28 17:00:00,8.0,Debit Card
2026-03-28 17:05:00,28.0,Debit Card
2026-03-28 17:09:00,16.0,Credit Card
2026-03-28 17:11:00,32.0,Cash
2026-03-28 17:12:00,29.0,Credit Card
2026-03-28 17:18:00,32.5,Debit Card
2026-03-28 17:22:00,7.0,Credit Card
2026-03-28 17:26:00,11.0,Cash
2026-03-28 17:26:00,14.0,Debit Card
2026-03-28 17:29:00,10.0,Cash
2026-03-28 17:29:00,15.0,Pix
2026-03-28 17:36:00,27.0,Debit Card
2026-03-28 17:46:00,27.0,Credit Card
2026-03-28 17:47:00,14.0,Cash
2026-03-28 17:48:00,10.0,Pix
2026-03-28 17:54:00,16.0,Cash
2026-03-28 18:07:00,16.0,Cash
2026-03-28 18:23:00,13.0,Credit Card
2026-03-28 18:31:00,16.0,Debit Card
2026-03-28 18:34:00,4.5,Debit Card
2026-03-28 18:42:00,17.5,Pix
2026-03-28 18:44:00,4.0,Debit Card
2026-03-28 19:00:00,7.0,Debit Card
2026-03-28 19:07:00,20.0,Credit Card
2026-03-28 14:55:00,4.0,Debit Card
2026-03-29 15:12:00,50.0,Pix
2026-03-29 15:13:00,7.0,Cash
2026-03-29 15:14:00,8.5,Pix
2026-03-29 15:15:00,7.0,Credit Card
2026-03-29 15:16:00,8.5,Cash
2026-03-29 15:21:00,16.0,Pix
2026-03-29 15:23:00,4.0,Credit Card
2026-03-29 15:28:00,27.0,Debit Card
2026-03-29 15:36:00,42.0,Pix
2026-03-29 15:37:00,9.0,Cash
2026-03-29 15:48:00,22.0,Debit Card
2026-03-29 15:49:00,7.0,Cash
2026-03-29 15:54:00,7.0,Credit Card
2026-03-29 15:57:00,21.0,Cash
2026-03-29 15:57:00,21.0,Cash
2026-03-29 16:08:00,14.0,Debit Card
2026-03-29 16:10:00,11.0,Pix
2026-03-29 16:13:00,22.0,Debit Card
2026-03-29 16:18:00,44.0,Pix
2026-03-29 16:20:00,14.0,Cash
2026-03-29 16:20:00,42.0,Debit Card
2026-03-29 16:28:00,48.0,Debit Card
2026-03-29 16:33:00,16.0,Credit Card
2026-03-29 16:36:00,14.0,Debit Card
2026-03-29 16:45:00,13.0,Pix
2026-03-29 16:46:00,10.0,Cash
2026-03-29 16:50:00,7.0,Pix
2026-03-29 16:51:00,14.0,Cash
2026-03-29 16:51:00,14.0,Pix
2026-03-29 16:54:00,7.0,Pix
2026-03-29 17:00:00,20.0,Debit Card
2026-03-29 17:01:00,4.0,Debit Card
2026-03-29 17:07:00,14.0,Debit Card
2026-03-29 17:07:00,16.0,Pix
2026-03-29 17:10:00,11.0,Pix
2026-03-29 17:10:00,14.0,Pix
2026-03-29 17:18:00,62.0,Credit Card
2026-03-29 17:19:00,4.5,Cash
2026-03-29 17:21:00,39.0,Cash
2026-03-29 17:21:00,39.0,Pix
2026-03-29 17:27:00,16.0,Cash
2026-03-29 17:29:00,25.0,Pix
2026-03-29 17:31:00,27.0,Pix
2026-03-29 17:33:00,14.0,Credit Card
2026-03-29 17:33:00,7.0,Credit Card
2026-03-29 17:38:00,20.0,Debit Card
2026-03-29 17:44:00,11.0,Cash
2026-03-29 17:44:00,15.0,Credit Card
2026-03-29 17:47:00,4.0,Cash
2026-03-29 17:48:00,14.0,Debit Card
2026-03-29 17:50:00,20.0,Pix
2026-03-29 17:52:00,14.0,Cash
2026-03-29 17:57:00,25.0,Pix
2026-03-29 18:20:00,9.0,Debit Card
2026-03-29 18:26:00,21.0,Cash
2026-03-29 18:27:00,7.0,Cash
2026-03-29 18:31:00,20.0,Cash
2026-03-29 18:41:00,10.0,Cash
2026-03-29 18:42:00,14.0,Cash
2026-03-29 18:45:00,31.0,Pix
2026-03-29 18:47:00,14.0,Cash
2026-03-29 18:48:00,14.0,Debit Card
2026-03-29 18:49:00,9.0,Cash
2026-03-29 18:57:00,18.0,Multiple
2026-03-29 18:58:00,4.5,Pix
2026-03-29 19:01:00,9.0,Debit Card
2026-03-29 19:12:00,18.0,Cash
2026-03-29 19:15:00,28.0,Debit Card
2026-03-29 19:19:00,13.5,Cash
2026-03-29 19:21:00,20.0,Debit Card
2026-03-29 19:28:00,4.0,Credit Card
2026-03-30 13:33:00,7.0,Pix
2026-03-30 13:34:00,11.0,Cash
2026-03-30 13:42:00,10.0,Cash
2026-03-30 13:42:00,10.0,Pix
2026-03-30 14:21:00,10.0,Pix
2026-03-30 14:25:00,22.0,Pix
2026-03-30 14:28:00,7.0,Cash
2026-03-30 14:31:00,11.0,Cash
2026-03-30 14:38:00,32.0,Debit Card
2026-03-30 14:44:00,4.0,Cash
2026-03-30 14:55:00,27.0,Debit Card
2026-03-30 14:57:00,14.0,Cash
2026-03-30 14:57:00,14.0,Debit Card
2026-03-30 15:21:00,12.0,Debit Card
2026-03-30 15:25:00,7.0,Cash
2026-03-30 15:30:00,9.0,Cash
2026-03-30 15:39:00,14.0,Cash
2026-03-30 15:46:00,14.0,Cash
2026-03-30 16:11:00,14.0,Debit Card
2026-03-30 16:11:00,9.0,Debit Card
2026-03-30 16:13:00,14.0,Meal Voucher
2026-03-30 16:13:00,9.0,Debit Card
2026-03-30 16:27:00,9.0,Cash
2026-03-30 16:29:00,21.0,Debit Card
2026-03-30 16:31:00,14.0,Debit Card
2026-03-30 16:34:00,39.0,Cash
2026-03-30 16:34:00,39.0,Debit Card
2026-03-30 16:40:00,18.0,Cash
2026-03-30 16:42:00,7.0,Cash
2026-03-30 16:51:00,7.0,Pix
2026-03-30 16:53:00,9.0,Cash
2026-03-30 17:24:00,7.0,Debit Card
2026-03-30 17:30:00,7.0,Credit Card
2026-03-30 17:30:00,7.0,Meal Voucher
2026-03-30 17:36:00,9.0,Cash
2026-03-30 17:45:00,17.0,Cash
2026-03-30 17:49:00,7.0,Cash
2026-03-30 17:54:00,18.5,Credit Card
2026-03-30 18:21:00,14.0,Cash
2026-03-30 18:31:00,18.0,Cash
2026-03-30 18:35:00,4.5,Debit Card
2026-03-30 18:38:00,9.0,Debit Card
2026-03-30 18:45:00,9.0,Debit Card
2026-03-30 18:48:00,11.0,Credit Card
2026-03-31 15:29:00,20.0,Debit Card
2026-04-01 13:47:00,7.0,Debit Card
2026-04-01 13:48:00,9.0,Cash
2026-04-01 13:56:00,14.0,Cash
2026-04-01 14:18:00,4.0,Pix
2026-04-01 14:19:00,7.0,Cash
2026-04-01 14:24:00,23.0,Cash
2026-04-01 14:38:00,16.0,Cash
2026-04-01 14:39:00,11.0,Cash
2026-04-01 14:51:00,33.0,Cash
2026-04-01 14:53:00,11.0,Cash
2026-04-01 14:53:00,30.0,Debit Card
2026-04-01 15:03:00,11.0,Debit Card
2026-04-01 15:06:00,9.0,Cash
2026-04-01 15:08:00,11.0,Debit Card
2026-04-01 15:09:00,9.0,Debit Card
2026-04-01 15:12:00,25.0,Credit Card
2026-04-01 15:15:00,11.0,Credit Card
2026-04-01 15:21:00,9.0,Cash
2026-04-01 15:22:00,8.0,Pix
2026-04-01 15:48:00,21.0,Debit Card
2026-04-01 15:49:00,15.0,Pix
2026-04-01 15:50:00,9.0,Cash
2026-04-01 15:51:00,11.0,Pix
2026-04-01 15:58:00,15.0,Meal Voucher
2026-04-01 16:05:00,10.0,Credit Card
2026-04-01 16:09:00,16.0,Debit Card
2026-04-01 16:12:00,14.0,Meal Voucher
2026-04-01 16:36:00,14.0,Debit Card
2026-04-01 16:36:00,7.0,Debit Card
2026-04-01 16:41:00,11.0,Cash
2026-04-01 16:51:00,10.0,Cash
2026-04-01 16:54:00,18.0,Cash
2026-04-01 17:07:00,7.0,Cash
2026-04-01 17:12:00,18.0,Debit Card
2026-04-01 17:15:00,10.0,Meal Voucher
2026-04-01 17:25:00,16.0,Meal Voucher
2026-04-01 17:27:00,7.0,Pix
2026-04-01 17:37:00,9.0,Cash
2026-04-01 17:38:00,7.0,Meal Voucher
2026-04-01 17:42:00,16.0,Cash
2026-04-01 17:50:00,4.0,Debit Card
2026-04-01 17:51:00,20.0,Credit Card
2026-04-01 18:10:00,11.0,Cash
2026-04-01 18:14:00,10.0,Pix
2026-04-01 18:18:00,9.0,Debit Card
2026-04-01 19:10:00,21.0,Debit Card
2026-04-01 19:24:00,18.0,Pix
2026-04-02 13:35:00,21.0,Cash
2026-04-02 13:48:00,7.0,Cash
2026-04-02 14:19:00,7.0,Cash
2026-04-02 14:35:00,10.0,Debit Card
2026-04-02 14:44:00,10.0,Cash
2026-04-02 14:53:00,7.0,Cash
2026-04-02 14:54:00,9.0,Debit Card
2026-04-02 14:56:00,7.0,Pix
2026-04-02 15:01:00,11.0,Debit Card
2026-04-02 15:06:00,7.0,Cash
2026-04-02 15:08:00,8.0,Debit Card
2026-04-02 15:13:00,7.0,Cash
2026-04-02 15:14:00,7.0,Debit Card
2026-04-02 15:20:00,11.0,Pix
2026-04-02 15:22:00,18.0,Credit Card
2026-04-02 15:24:00,4.5,Cash
2026-04-02 15:32:00,16.0,Pix
2026-04-02 15:45:00,7.0,Debit Card
2026-04-02 15:53:00,9.0,Debit Card
2026-04-02 15:59:00,17.0,Debit Card
2026-04-02 16:07:00,10.0,Debit Card
2026-04-02 16:13:00,7.0,Debit Card
2026-04-02 16:18:00,21.0,Debit Card
2026-04-02 16:20:00,7.0,Cash
2026-04-02 16:22:00,10.0,Meal Voucher
2026-04-02 16:24:00,7.0,Cash
2026-04-02 16:30:00,26.5,Pix
2026-04-02 16:33:00,7.0,Cash
2026-04-02 16:41:00,9.0,Debit Card
2026-04-02 16:44:00,16.0,Cash
2026-04-02 16:51:00,16.0,Debit Card
2026-04-02 16:53:00,22.0,Pix
2026-04-02 17:03:00,10.0,Cash
2026-04-02 17:09:00,18.0,Credit Card
2026-04-02 17:11:00,18.0,Pix
2026-04-02 17:12:00,9.0,Debit Card
2026-04-02 17:15:00,9.0,Debit Card
2026-04-02 17:18:00,10.0,Cash
2026-04-02 17:28:00,24.0,Credit Card
2026-04-02 17:31:00,11.0,Pix
2026-04-02 17:32:00,14.0,Debit Card
2026-04-02 17:33:00,9.0,Pix
2026-04-02 17:35:00,24.0,Credit Card
2026-04-02 17:38:00,22.0,Cash
2026-04-02 17:51:00,18.0,Cash
2026-04-02 17:55:00,21.0,Cash
2026-04-02 18:00:00,11.0,Debit Card
2026-04-02 18:02:00,9.0,Pix
2026-04-02 18:04:00,11.0,Debit Card
2026-04-02 18:07:00,7.0,Debit Card
2026-04-02 18:14:00,7.0,Pix
2026-04-02 18:15:00,21.0,Pix
2026-04-02 18:16:00,10.0,Pix
2026-04-02 18:21:00,7.0,Debit Card
2026-04-02 18:51:00,14.0,Pix
2026-04-02 18:57:00,4.5,Debit Card
2026-04-02 19:02:00,20.0,Debit Card
2026-04-02 19:05:00,11.0,Cash
2026-04-02 19:23:00,15.0,Pix
2026-04-02 19:25:00,39.0,Cash
2026-04-02 19:30:00,15.0,Meal Voucher
2026-04-03 12:31:00,38.0,Pix
2026-04-03 12:34:00,22.0,Debit Card
2026-04-03 12:44:00,11.0,Debit Card
2026-04-03 12:54:00,18.0,Debit Card
2026-04-03 12:54:00,4.5,Credit Card
2026-04-03 13:06:00,14.0,Debit Card
2026-04-03 13:31:00,16.0,Debit Card
2026-04-03 13:33:00,7.0,Debit Card
2026-04-03 13:34:00,18.0,Credit Card
2026-04-03 13:38:00,17.0,Pix
2026-04-03 13:38:00,9.0,Debit Card
2026-04-03 13:42:00,9.0,Pix
2026-04-03 13:45:00,14.0,Credit Card
2026-04-03 13:50:00,14.0,Cash
2026-04-03 13:52:00,22.0,Debit Card
2026-04-03 13:54:00,16.0,Debit Card
2026-04-03 13:58:00,18.0,Debit Card
2026-04-03 14:13:00,22.0,Pix
2026-04-03 14:18:00,42.0,Pix
2026-04-03 14:19:00,16.0,Cash
2026-04-03 14:25:00,21.0,Debit Card
2026-04-03 14:30:00,31.0,Multiple
2026-04-03 14:34:00,7.0,Pix
2026-04-03 14:36:00,10.0,Cash
2026-04-03 14:42:00,20.0,Pix
2026-04-03 14:43:00,7.0,Pix
2026-04-03 14:47:00,36.0,Pix
2026-04-03 14:54:00,7.0,Cash
2026-04-03 15:00:00,14.0,Cash
2026-04-03 15:10:00,11.0,Cash
2026-04-03 15:19:00,32.0,Pix
2026-04-03 15:24:00,22.0,Debit Card
2026-04-03 15:28:00,14.0,Pix
2026-04-03 15:30:00,14.0,Cash
2026-04-03 15:34:00,4.5,Pix
2026-04-03 15:36:00,10.0,Meal Voucher
2026-04-03 15:37:00,16.0,Meal Voucher
2026-04-03 15:42:00,17.0,Meal Voucher
2026-04-03 15:48:00,32.0,Debit Card
2026-04-03 16:01:00,21.0,Meal Voucher
2026-04-03 16:03:00,25.0,Credit Card
2026-04-03 16:03:00,25.0,Cash
2026-04-03 16:06:00,10.0,Debit Card
2026-04-03 16:10:00,25.0,Pix
2026-04-03 16:12:00,4.0,Cash
2026-04-03 16:18:00,20.0,Cash
2026-04-03 16:23:00,67.0,Debit Card
2026-04-03 16:31:00,20.5,Debit Card
2026-04-03 16:45:00,4.0,Credit Card
2026-04-03 16:47:00,7.0,Cash
2026-04-03 16:54:00,32.0,Debit Card
2026-04-03 16:54:00,7.0,Debit Card
2026-04-03 16:55:00,20.0,Cash
2026-04-03 17:01:00,32.0,Debit Card
2026-04-03 17:05:00,42.0,Debit Card
2026-04-03 17:15:00,21.0,Pix
2026-04-03 17:19:00,4.0,Pix
2026-04-03 17:25:00,44.0,Debit Card
2026-04-03 17:27:00,14.0,Cash
2026-04-03 17:31:00,18.0,Cash
2026-04-03 17:32:00,18.0,Credit Card
2026-04-03 17:42:00,14.0,Cash
2026-04-03 17:42:00,14.0,Cash
2026-04-03 17:45:00,21.0,Credit Card
2026-04-03 17:45:00,18.0,Debit Card
2026-04-03 17:46:00,9.0,Debit Card
2026-04-03 17:48:00,4.0,Pix
2026-04-03 17:51:00,48.0,Credit Card
2026-04-03 17:53:00,9.0,Credit Card
2026-04-03 18:14:00,32.0,Credit Card
2026-04-03 18:15:00,4.5,Cash
2026-04-03 18:17:00,18.0,Pix
2026-04-03 18:21:00,11.0,Cash
2026-04-03 18:24:00,14.0,Debit Card
2026-04-03 18:25:00,19.0,Cash
2026-04-03 18:50:00,18.0,Debit Card
2026-04-03 19:13:00,11.0,Debit Card
2026-04-03 19:24:00,35.0,Cash
2026-04-03 19:28:00,21.0,Cash
2026-04-03 19:30:00,14.0,Meal Voucher
2026-04-03 19:07:00,11.0,Debit Card
2026-04-04 10:11:00,14.0,Pix
2026-04-04 10:15:00,14.0,Cash
2026-04-04 10:36:00,14.0,Pix
2026-04-04 10:43:00,8.0,Cash
2026-04-04 10:49:00,15.5,Cash
2026-04-04 10:52:00,4.0,Cash
2026-04-04 10:54:00,10.0,Cash
2026-04-04 11:00:00,15.0,Cash
2026-04-04 11:04:00,21.0,Debit Card
2026-04-04 11:06:00,14.0,Credit Card
2026-04-04 11:11:00,14.0,Cash
2026-04-04 11:12:00,7.0,Cash
2026-04-04 11:15:00,4.0,Pix
2026-04-04 11:17:00,14.0,Cash
2026-04-04 11:41:00,14.0,Debit Card
2026-04-04 12:09:00,11.0,Debit Card
2026-04-04 12:12:00,20.0,Cash
2026-04-04 12:22:00,44.0,Pix
2026-04-04 12:29:00,18.0,Debit Card
2026-04-04 12:30:00,4.0,Debit Card
2026-04-04 12:31:00,7.0,Credit Card
2026-04-04 12:31:00,7.0,Debit Card
2026-04-04 12:35:00,14.0,Pix
2026-04-04 12:38:00,29.0,Cash
2026-04-04 12:45:00,23.0,Pix
2026-04-04 12:56:00,27.0,Cash
2026-04-04 12:56:00,18.0,Cash
2026-04-04 12:58:00,7.0,Debit Card
2026-04-04 13:03:00,4.5,Debit Card
2026-04-04 13:04:00,7.0,Cash
2026-04-04 13:05:00,7.0,Debit Card
2026-04-04 13:10:00,16.0,Debit Card
2026-04-04 13:14:00,15.0,Cash
2026-04-04 13:17:00,8.5,Debit Card
2026-04-04 13:22:00,9.0,Credit Card
2026-04-04 13:28:00,11.0,Pix
2026-04-04 13:28:00,4.0,Pix
2026-04-04 13:30:00,14.0,Credit Card
2026-04-04 13:32:00,14.0,Debit Card
2026-04-04 13:52:00,32.0,Cash
2026-04-04 13:52:00,7.0,Pix
2026-04-04 13:52:00,7.0,Pix
2026-04-04 13:54:00,14.0,Cash
2026-04-04 13:56:00,11.0,Cash
2026-04-04 13:56:00,14.0,Pix
2026-04-04 13:59:00,4.0,Debit Card
2026-04-04 14:10:00,7.0,Debit Card
2026-04-04 14:20:00,37.0,Pix
2026-04-04 14:22:00,11.0,Debit Card
2026-04-04 14:28:00,14.0,Cash
2026-04-04 14:29:00,4.0,Debit Card
2026-04-04 14:34:00,27.0,Debit Card
2026-04-04 14:39:00,7.0,Cash
2026-04-04 14:43:00,9.0,Cash
2026-04-04 14:46:00,9.0,Cash
2026-04-04 14:48:00,14.0,Debit Card
2026-04-04 14:49:00,13.5,Debit Card
2026-04-04 14:52:00,5.0,Cash
2026-04-04 15:00:00,16.0,Credit Card
2026-04-04 15:11:00,7.0,Cash
2026-04-04 15:12:00,7.0,Pix
2026-04-04 15:14:00,12.0,Cash
2026-04-04 15:15:00,11.0,Pix
2026-04-04 15:16:00,14.0,Pix
2026-04-04 15:25:00,14.0,Cash
2026-04-04 15:33:00,14.0,Debit Card
2026-04-04 15:35:00,9.0,Cash
2026-04-04 15:40:00,14.0,Pix
2026-04-04 15:41:00,27.0,Debit Card
2026-04-04 15:46:00,9.0,Debit Card
2026-04-04 15:51:00,20.0,Cash
2026-04-04 15:53:00,14.0,Debit Card
2026-04-04 15:54:00,11.0,Cash
2026-04-04 15:54:00,7.0,Debit Card
2026-04-04 15:58:00,20.0,Debit Card
2026-04-04 16:04:00,10.0,Credit Card
2026-04-04 16:10:00,9.0,Pix
2026-04-04 16:12:00,16.0,Credit Card
2026-04-04 16:19:00,25.0,Cash
2026-04-04 16:22:00,7.0,Cash
2026-04-04 16:23:00,42.0,Cash
2026-04-04 16:32:00,22.0,Debit Card
2026-04-04 16:35:00,21.0,Credit Card
2026-04-04 16:37:00,14.0,Credit Card
2026-04-04 16:39:00,24.0,Pix
2026-04-04 16:45:00,14.0,Pix
2026-04-04 16:46:00,8.5,Debit Card
2026-04-04 16:50:00,41.0,Pix
2026-04-04 16:55:00,39.5,Credit Card
2026-04-04 16:57:00,14.0,Pix
2026-04-04 16:58:00,7.0,Debit Card
2026-04-04 17:00:00,11.0,Pix
2026-04-04 17:12:00,27.0,Cash
2026-04-04 17:13:00,7.0,Pix
2026-04-04 17:15:00,16.0,Credit Card
2026-04-04 17:17:00,16.0,Cash
2026-04-04 17:23:00,4.0,Cash
2026-04-04 17:28:00,11.0,Pix
2026-04-04 17:33:00,7.0,Meal Voucher
2026-04-04 17:41:00,42.0,Cash
2026-04-04 17:44:00,33.0,Pix
2026-04-04 17:44:00,18.0,Cash
2026-04-04 17:54:00,13.5,Cash
2026-04-04 17:56:00,14.0,Credit Card
2026-04-04 17:56:00,10.0,Debit Card
2026-04-04 18:02:00,18.0,Credit Card
2026-04-04 18:03:00,18.0,Pix
2026-04-04 18:33:00,54.0,Cash
2026-04-04 18:33:00,17.0,Debit Card
2026-04-04 18:37:00,33.0,Cash
2026-04-04 19:04:00,14.0,Debit Card
2026-04-04 19:06:00,21.0,Debit Card
2026-04-06 13:50:00,14.0,Pix
2026-04-06 13:55:00,10.0,Cash
2026-04-06 14:01:00,18.0,Debit Card
2026-04-06 14:22:00,14.0,Pix
2026-04-06 14:38:00,23.0,Cash
2026-04-06 14:45:00,37.5,Cash
2026-04-06 15:18:00,11.0,Cash
2026-04-06 15:32:00,7.0,Debit Card
2026-04-06 15:42:00,11.0,Meal Voucher
2026-04-06 15:45:00,18.0,Cash
2026-04-06 15:51:00,7.0,Credit Card
2026-04-06 16:03:00,28.0,Credit Card
2026-04-06 16:04:00,11.0,Debit Card
2026-04-06 16:17:00,9.0,Credit Card
2026-04-06 16:24:00,9.0,Cash
2026-04-06 16:25:00,11.0,Cash
2026-04-06 16:30:00,9.0,Pix
2026-04-06 16:34:00,7.0,Pix
2026-04-06 16:38:00,9.0,Credit Card
2026-04-06 16:44:00,34.0,Pix
2026-04-06 16:48:00,14.0,Cash
2026-04-06 16:48:00,15.0,Meal Voucher
2026-04-06 16:52:00,7.0,Meal Voucher
2026-04-06 16:52:00,36.0,Debit Card
2026-04-06 16:58:00,7.0,Debit Card
2026-04-06 17:14:00,10.0,Pix
2026-04-06 17:29:00,22.0,Cash
2026-04-06 17:47:00,9.0,Cash
2026-04-06 17:49:00,25.0,Debit Card
2026-04-06 17:55:00,7.0,Pix
2026-04-06 18:02:00,7.0,Pix
2026-04-06 18:09:00,7.0,Pix
2026-04-06 18:12:00,16.0,Debit Card
2026-04-06 18:29:00,14.0,Pix
2026-04-06 18:41:00,10.0,Debit Card
2026-04-06 18:54:00,10.0,Cash
2026-04-06 19:02:00,21.0,Cash
2026-04-06 19:07:00,9.0,Cash
2026-04-06 19:11:00,10.0,Debit Card
2026-04-07 13:24:00,7.0,Cash
2026-04-07 13:35:00,16.0,Credit Card
2026-04-07 13:45:00,7.0,Cash
2026-04-07 14:13:00,14.0,Cash
2026-04-07 14:13:00,30.0,Credit Card
2026-04-07 14:37:00,11.0,Cash
2026-04-07 14:47:00,7.0,Cash
2026-04-07 14:48:00,7.0,Cash
2026-04-07 15:27:00,14.0,Cash
2026-04-07 15:30:00,25.0,Pix
2026-04-07 15:32:00,14.0,Debit Card
2026-04-07 15:38:00,7.0,Meal Voucher
2026-04-07 15:41:00,22.0,Pix
2026-04-07 15:44:00,10.0,Cash
2026-04-07 15:45:00,11.0,Credit Card
2026-04-07 15:51:00,21.0,Pix
2026-04-07 16:07:00,10.0,Debit Card
2026-04-07 16:18:00,14.0,Cash
2026-04-07 16:35:00,10.0,Credit Card
2026-04-07 16:40:00,14.0,Pix
2026-04-07 16:46:00,14.0,Cash
2026-04-07 16:47:00,11.0,Pix
2026-04-07 16:50:00,16.0,Cash
2026-04-07 16:52:00,14.0,Pix
2026-04-07 16:54:00,4.5,Pix
2026-04-07 17:52:00,38.5,Pix
2026-04-08 13:38:00,9.0,Pix
2026-04-08 14:09:00,11.0,Cash
2026-04-08 14:10:00,4.0,Debit Card
2026-04-08 14:11:00,20.0,Cash
2026-04-08 14:17:00,7.0,Pix
2026-04-08 14:21:00,4.0,Cash
2026-04-08 14:37:00,4.0,Cash
2026-04-08 14:48:00,8.0,Debit Card
2026-04-08 14:48:00,10.0,Cash
2026-04-08 14:54:00,14.0,Cash
2026-04-08 15:01:00,11.0,Debit Card
2026-04-08 15:11:00,11.0,Pix
2026-04-08 15:15:00,20.0,Debit Card
2026-04-08 15:24:00,11.0,Debit Card
2026-04-08 15:25:00,10.0,Pix
2026-04-08 15:29:00,27.0,Cash
2026-04-08 15:31:00,7.0,Cash
2026-04-08 15:34:00,7.0,Debit Card
2026-04-08 15:38:00,14.0,Cash
2026-04-08 15:43:00,17.0,Pix
2026-04-08 15:49:00,4.0,Pix
2026-04-08 15:52:00,11.0,Credit Card
2026-04-08 15:55:00,32.0,Cash
2026-04-08 15:56:00,16.0,Cash
2026-04-08 16:31:00,9.0,Cash
2026-04-08 17:08:00,9.0,Debit Card
2026-04-08 17:12:00,11.0,Cash
2026-04-08 17:29:00,7.0,Meal Voucher
2026-04-08 17:29:00,14.0,Pix
2026-04-08 17:31:00,14.0,Meal Voucher
2026-04-08 17:50:00,15.0,Meal Voucher
2026-04-08 17:53:00,10.0,Debit Card
2026-04-08 17:54:00,10.0,Debit Card
2026-04-08 17:55:00,14.0,Credit Card
2026-04-08 18:15:00,7.0,Credit Card
2026-04-08 18:22:00,9.0,Debit Card
2026-04-08 18:31:00,20.0,Debit Card
2026-04-08 18:46:00,4.0,Cash
2026-04-08 19:01:00,7.0,Debit Card
2026-04-08 19:06:00,7.0,Debit Card
2026-04-09 13:29:00,9.0,Cash
2026-04-09 13:43:00,7.0,Debit Card
2026-04-09 14:26:00,7.0,Credit Card
2026-04-09 14:52:00,16.0,Debit Card
2026-04-09 14:53:00,7.0,Cash
2026-04-09 14:59:00,25.0,Cash
2026-04-09 15:15:00,7.0,Pix
2026-04-09 15:35:00,10.0,On Credit
2026-04-09 15:36:00,11.0,Pix
2026-04-09 15:44:00,18.0,Pix
2026-04-09 15:48:00,9.0,Cash
2026-04-09 15:49:00,11.0,Cash
2026-04-09 15:52:00,9.0,Debit Card
2026-04-09 16:07:00,4.0,Pix
2026-04-09 16:09:00,7.0,Cash
2026-04-09 16:22:00,24.0,Debit Card
2026-04-09 16:23:00,4.0,Cash
2026-04-09 16:25:00,7.0,Cash
2026-04-09 16:26:00,9.0,Debit Card
2026-04-09 16:31:00,10.0,Debit Card
2026-04-09 16:38:00,7.0,Pix
2026-04-09 16:51:00,9.0,Credit Card
2026-04-09 16:53:00,7.0,Cash
2026-04-09 17:03:00,10.0,Pix
2026-04-09 17:13:00,16.0,Pix
2026-04-09 17:18:00,9.0,Pix
2026-04-09 17:35:00,7.0,Credit Card
2026-04-09 17:39:00,10.0,Credit Card
2026-04-09 17:49:00,10.0,Cash
2026-04-09 17:53:00,10.0,Cash
2026-04-09 17:57:00,9.0,Cash
2026-04-09 18:10:00,16.0,Cash
2026-04-09 18:12:00,20.0,Debit Card
2026-04-09 18:47:00,20.0,Cash
2026-04-09 18:52:00,27.0,Pix
2026-04-09 19:00:00,4.5,Debit Card
2026-04-10 13:39:00,7.0,Cash
2026-04-10 13:43:00,4.0,Credit Card
2026-04-10 14:02:00,7.0,Debit Card
2026-04-10 14:12:00,18.0,Pix
2026-04-10 14:23:00,7.0,Credit Card
2026-04-10 14:36:00,9.0,Debit Card
2026-04-10 14:49:00,16.0,Pix
2026-04-10 14:50:00,20.0,Cash
2026-04-10 14:55:00,14.0,Cash
2026-04-10 15:03:00,25.0,Debit Card
2026-04-10 15:04:00,9.0,Debit Card
2026-04-10 15:04:00,7.0,Debit Card
2026-04-10 15:22:00,11.0,Debit Card
2026-04-10 15:35:00,16.0,Cash
2026-04-10 15:37:00,16.0,Cash
2026-04-10 15:43:00,4.0,Cash
2026-04-10 15:48:00,4.0,Cash
2026-04-10 15:50:00,7.0,Cash
2026-04-10 15:53:00,21.0,Debit Card
2026-04-10 15:54:00,15.0,Debit Card
2026-04-10 15:55:00,14.0,Debit Card
2026-04-10 15:57:00,10.0,Cash
2026-04-10 15:59:00,4.0,Cash
2026-04-10 16:02:00,9.0,Pix
2026-04-10 16:12:00,11.0,Cash
2026-04-10 16:31:00,37.0,Cash
2026-04-10 16:36:00,9.0,Cash
2026-04-10 16:55:00,14.0,Pix
2026-04-10 16:57:00,23.0,Pix
2026-04-10 17:05:00,30.0,Cash
2026-04-10 17:07:00,18.0,Cash
2026-04-10 17:20:00,16.0,Pix
2026-04-10 17:21:00,4.0,Cash
2026-04-10 17:35:00,16.0,Pix
2026-04-10 17:43:00,28.0,Debit Card
2026-04-10 17:51:00,9.0,Cash
2026-04-10 17:59:00,39.0,Cash
2026-04-10 18:14:00,9.0,Cash
2026-04-10 18:18:00,10.0,Debit Card
2026-04-10 18:21:00,14.0,Debit Card
2026-04-10 18:21:00,20.0,Debit Card
2026-04-10 18:39:00,16.0,Cash
2026-04-10 18:42:00,30.0,Debit Card
2026-04-10 19:03:00,28.0,Pix
2026-04-10 19:05:00,14.0,Pix
2026-04-11 11:49:00,11.0,Cash
2026-04-11 11:51:00,7.0,Debit Card
2026-04-11 12:04:00,7.0,Debit Card
2026-04-11 12:11:00,14.0,Credit Card
2026-04-11 12:17:00,11.0,Credit Card
2026-04-11 12:24:00,18.0,Pix
2026-04-11 12:25:00,4.0,Debit Card
2026-04-11 12:25:00,10.0,Credit Card
2026-04-11 12:32:00,7.0,Debit Card
2026-04-11 12:35:00,42.0,Credit Card
2026-04-11 12:39:00,32.0,Cash
2026-04-11 12:40:00,7.0,Pix
2026-04-11 12:52:00,4.0,Cash
2026-04-11 12:55:00,14.0,Debit Card
2026-04-11 13:05:00,11.0,Cash
2026-04-11 13:15:00,14.0,Cash
2026-04-11 13:32:00,18.0,Pix
2026-04-11 13:34:00,39.0,Cash
2026-04-11 13:36:00,11.0,Pix
2026-04-11 14:07:00,7.0,Debit Card
2026-04-11 14:14:00,7.0,Cash
2026-04-11 14:17:00,7.0,Debit Card
2026-04-11 14:18:00,18.0,Debit Card
2026-04-11 14:21:00,14.0,Debit Card
2026-04-11 14:31:00,14.0,Debit Card
2026-04-11 14:36:00,40.0,Pix
2026-04-11 14:44:00,11.0,Cash
2026-04-11 14:51:00,28.0,Debit Card
2026-04-11 14:53:00,21.0,Debit Card
2026-04-11 15:04:00,22.0,Credit Card
2026-04-11 15:12:00,22.0,Debit Card
2026-04-11 15:14:00,11.0,Pix
2026-04-11 15:23:00,21.0,Cash
2026-04-11 15:27:00,15.0,Debit Card
2026-04-11 15:31:00,4.0,Credit Card
2026-04-11 15:32:00,4.0,Credit Card
2026-04-11 15:32:00,7.0,Debit Card
2026-04-11 15:36:00,7.0,Credit Card
2026-04-11 15:39:00,7.0,Cash
2026-04-11 15:46:00,16.0,Debit Card
2026-04-11 15:53:00,7.0,Cash
2026-04-11 16:00:00,36.0,Pix
2026-04-11 16:01:00,11.0,Cash
2026-04-11 16:03:00,14.0,Debit Card
2026-04-11 16:04:00,16.0,Pix
2026-04-11 16:07:00,4.0,Debit Card
2026-04-11 16:11:00,7.0,Debit Card
2026-04-11 16:15:00,28.0,Credit Card
2026-04-11 16:17:00,11.0,Credit Card
2026-04-11 16:18:00,10.0,Credit Card
2026-04-11 16:18:00,7.0,Debit Card
2026-04-11 16:21:00,21.0,Debit Card
2026-04-11 16:23:00,11.0,Pix
2026-04-11 16:27:00,9.0,Cash
2026-04-11 16:27:00,30.0,Debit Card
2026-04-11 16:35:00,14.0,Debit Card
2026-04-11 16:37:00,16.0,Pix
2026-04-11 16:38:00,14.0,Cash
2026-04-11 16:39:00,7.0,Pix
2026-04-11 16:46:00,10.0,Debit Card
2026-04-11 16:47:00,18.0,Cash
2026-04-11 16:50:00,23.0,Credit Card
2026-04-11 16:51:00,32.0,Cash
2026-04-11 16:56:00,22.0,Pix
2026-04-11 16:57:00,7.0,Pix
2026-04-11 17:00:00,11.0,Pix
2026-04-11 17:00:00,10.0,Cash
2026-04-11 17:04:00,11.0,Credit Card
2026-04-11 17:06:00,16.0,Debit Card
2026-04-11 17:08:00,28.0,Debit Card
2026-04-11 17:12:00,27.0,Cash
2026-04-11 17:16:00,4.5,Cash
2026-04-11 17:24:00,23.0,Cash
2026-04-11 17:25:00,29.0,Pix
2026-04-11 17:30:00,28.0,Cash
2026-04-11 17:30:00,11.0,Pix
2026-04-11 17:36:00,18.0,Debit Card
2026-04-11 17:42:00,20.0,Credit Card
2026-04-11 17:47:00,7.0,Debit Card
2026-04-11 17:47:00,7.0,Pix
2026-04-11 17:58:00,11.0,Credit Card
2026-04-11 17:59:00,7.0,Cash
2026-04-11 18:22:00,28.0,Debit Card
2026-04-11 18:24:00,14.0,Credit Card
2026-04-11 18:36:00,14.0,Pix
2026-04-11 18:39:00,10.0,Cash
2026-04-11 18:43:00,7.0,Cash
2026-04-11 18:43:00,7.0,Pix
2026-04-11 18:45:00,15.0,Debit Card
2026-04-11 18:58:00,7.0,Debit Card
2026-04-13 14:30:00,11.0,Cash
2026-04-13 14:30:00,7.0,Pix
2026-04-13 14:33:00,28.0,Debit Card
2026-04-13 14:40:00,9.0,Pix
2026-04-13 14:44:00,14.0,Debit Card
2026-04-13 14:55:00,10.0,Credit Card
2026-04-13 15:04:00,11.0,Cash
2026-04-13 15:09:00,7.0,Pix
2026-04-13 15:19:00,7.0,Cash
2026-04-13 15:24:00,10.0,Cash
2026-04-13 15:25:00,9.0,Cash
2026-04-13 15:26:00,18.0,Debit Card
2026-04-13 15:32:00,28.0,Pix
2026-04-13 15:42:00,22.0,Cash
2026-04-13 15:42:00,18.0,Credit Card
2026-04-13 16:01:00,28.0,Pix
2026-04-13 16:03:00,11.0,Pix
2026-04-13 16:04:00,11.0,Cash
2026-04-13 16:08:00,14.0,Cash
2026-04-13 16:10:00,9.0,Pix
2026-04-13 16:12:00,27.0,Cash
2026-04-13 16:18:00,7.0,Debit Card
2026-04-13 16:23:00,7.0,Cash
2026-04-13 16:29:00,67.0,Pix
2026-04-13 16:34:00,9.0,Pix
2026-04-13 16:36:00,7.0,Cash
2026-04-13 16:40:00,16.0,Debit Card
2026-04-13 16:54:00,18.0,Cash
2026-04-13 16:57:00,27.0,Debit Card
2026-04-13 16:58:00,7.0,Cash
2026-04-13 17:00:00,7.0,Cash
2026-04-13 17:03:00,14.0,Pix
2026-04-13 17:04:00,7.0,Pix
2026-04-13 17:12:00,11.0,Cash
2026-04-13 17:27:00,14.0,Debit Card
2026-04-13 17:28:00,14.0,Cash
2026-04-13 17:34:00,7.0,Cash
2026-04-13 17:45:00,7.0,Debit Card
2026-04-13 17:55:00,9.0,Debit Card
2026-04-13 17:56:00,9.0,Credit Card
2026-04-13 17:59:00,11.0,Debit Card
2026-04-13 18:07:00,7.0,Pix
2026-04-13 18:11:00,14.0,Debit Card
2026-04-13 18:26:00,7.0,Debit Card
2026-04-13 18:29:00,14.0,Debit Card
2026-04-13 18:25:00,4.5,Debit Card
2026-04-13 18:40:00,10.0,Cash
2026-04-13 18:44:00,5.0,Cash
2026-04-13 18:46:00,14.0,Cash
2026-04-13 18:46:00,10.0,Debit Card
2026-04-13 18:51:00,10.0,Cash
2026-04-13 18:59:00,20.0,Debit Card
2026-04-13 19:03:00,24.0,Credit Card
2026-04-13 19:21:00,27.0,Debit Card
2026-04-14 13:38:00,9.0,Cash
2026-04-14 15:09:00,5.0,Cash
2026-04-14 15:10:00,9.0,Cash
2026-04-14 15:11:00,10.0,Debit Card
2026-04-14 15:22:00,9.0,Cash
2026-04-14 15:37:00,7.0,Cash
2026-04-14 15:55:00,25.0,Credit Card
2026-04-14 15:55:00,7.0,Debit Card
2026-04-14 16:05:00,32.0,Pix
2026-04-14 16:10:00,14.0,Pix
2026-04-14 16:16:00,20.0,Cash
2026-04-14 16:30:00,11.0,Pix
2026-04-14 16:31:00,16.0,Debit Card
2026-04-14 16:32:00,7.0,Meal Voucher
2026-04-14 16:33:00,15.0,Pix
2026-04-14 16:35:00,15.0,Pix
2026-04-14 16:48:00,11.0,Cash
2026-04-14 16:53:00,20.0,Cash
2026-04-14 16:57:00,19.0,Pix
2026-04-14 17:13:00,22.0,Cash
2026-04-14 17:30:00,9.0,Credit Card
2026-04-14 17:47:00,7.0,Credit Card
2026-04-14 17:48:00,4.0,Cash
2026-04-14 18:11:00,40.0,Debit Card
2026-04-14 18:30:00,9.0,Pix
2026-04-14 18:47:00,9.0,Pix
2026-04-14 18:54:00,21.0,Cash
2026-04-14 18:59:00,7.0,Debit Card
2026-04-14 19:01:00,11.0,Cash
2026-04-14 19:05:00,21.0,Debit Card
2026-04-14 19:13:00,27.0,Cash
2026-04-14 19:15:00,18.0,Cash
2026-04-15 13:43:00,14.0,Pix
2026-04-15 14:19:00,7.0,Debit Card
2026-04-15 14:35:00,7.0,Cash
2026-04-15 14:53:00,18.0,Pix
2026-04-15 15:03:00,21.0,Debit Card
2026-04-15 15:05:00,7.0,Credit Card
2026-04-15 15:09:00,14.0,Debit Card
2026-04-15 15:51:00,4.0,Pix
2026-04-15 15:51:00,10.0,Pix
2026-04-15 16:00:00,20.0,Debit Card
2026-04-15 16:02:00,28.0,Cash
2026-04-15 16:11:00,16.0,Credit Card
2026-04-15 16:18:00,10.0,Debit Card
2026-04-15 16:18:00,4.0,Cash
2026-04-15 16:20:00,20.0,Pix
2026-04-15 16:45:00,20.0,Cash
2026-04-15 16:50:00,10.0,Cash
2026-04-15 18:04:00,10.0,Debit Card
2026-04-15 18:13:00,11.5,Cash
2026-04-15 18:21:00,10.0,Cash
2026-04-16 13:48:00,16.0,Cash
2026-04-16 13:58:00,14.0,Pix
2026-04-16 14:17:00,14.0,Credit Card
2026-04-16 14:23:00,14.0,Pix
2026-04-16 15:31:00,9.0,Debit Card
2026-04-16 15:37:00,9.0,Pix
2026-04-16 15:53:00,44.0,Pix
2026-04-16 16:11:00,10.0,Cash
2026-04-16 16:16:00,14.0,Credit Card
2026-04-16 16:33:00,10.0,Pix
2026-04-16 16:54:00,16.0,Credit Card
2026-04-16 17:20:00,7.0,Cash
2026-04-16 17:22:00,14.0,Cash
2026-04-16 17:22:00,10.0,Debit Card
2026-04-16 17:22:00,10.0,Pix
2026-04-16 17:29:00,14.0,Pix
2026-04-16 17:39:00,25.0,Meal Voucher
2026-04-16 17:42:00,9.0,Cash
2026-04-16 18:14:00,21.0,Cash
2026-04-16 18:30:00,30.0,Credit Card
2026-04-16 18:35:00,9.0,Cash
2026-04-16 18:40:00,7.0,Debit Card
2026-04-16 18:45:00,22.0,Debit Card
2026-04-17 13:51:00,7.0,Cash
2026-04-17 13:51:00,4.0,Debit Card
2026-04-17 14:30:00,11.0,Pix
2026-04-17 14:34:00,14.0,Cash
2026-04-17 14:56:00,40.0,Credit Card
2026-04-17 15:03:00,33.0,Cash
2026-04-17 15:04:00,7.0,Credit Card
2026-04-17 15:16:00,9.0,Cash
2026-04-17 15:17:00,14.0,Debit Card
2026-04-17 15:26:00,11.0,Credit Card
2026-04-17 15:28:00,11.0,Cash
2026-04-17 15:43:00,7.0,Debit Card
2026-04-17 15:45:00,9.0,Cash
2026-04-17 15:53:00,7.0,Credit Card
2026-04-17 16:16:00,14.0,Pix
2026-04-17 16:30:00,7.0,Cash
2026-04-17 16:30:00,11.0,Meal Voucher
2026-04-17 16:33:00,11.0,Debit Card
2026-04-17 16:38:00,40.0,Pix
2026-04-17 16:46:00,25.0,Pix
2026-04-17 17:03:00,22.0,Pix
2026-04-17 17:06:00,28.0,Cash
2026-04-17 17:10:00,33.0,Debit Card
2026-04-17 17:13:00,7.0,Debit Card
2026-04-17 17:20:00,11.0,Cash
2026-04-17 17:49:00,27.0,Pix
2026-04-17 18:00:00,10.0,Pix
2026-04-17 18:03:00,10.0,Cash
2026-04-17 18:12:00,7.0,Debit Card
2026-04-17 18:16:00,20.0,Cash
2026-04-17 18:17:00,10.0,Cash
2026-04-17 18:18:00,14.0,Debit Card
2026-04-17 18:20:00,20.0,Pix
2026-04-17 18:52:00,18.0,Cash
2026-04-17 18:53:00,16.0,Pix
2026-04-17 19:06:00,4.5,Debit Card
2026-04-18 10:26:00,7.0,Credit Card
2026-04-18 10:28:00,14.0,Credit Card
2026-04-18 10:32:00,27.0,Pix
2026-04-18 10:43:00,11.0,Credit Card
2026-04-18 10:49:00,19.0,Cash
2026-04-18 11:00:00,15.0,Cash
2026-04-18 11:07:00,10.0,Cash
2026-04-18 11:07:00,9.0,Cash
2026-04-18 11:17:00,18.0,Cash
2026-04-18 11:18:00,11.0,Credit Card
2026-04-18 11:19:00,10.0,Credit Card
2026-04-18 11:21:00,31.0,Cash
2026-04-18 11:46:00,11.0,Debit Card
2026-04-18 12:07:00,8.0,Credit Card
2026-04-18 12:08:00,4.0,Cash
2026-04-18 12:17:00,18.0,Debit Card
2026-04-18 12:23:00,7.0,Pix
2026-04-18 12:53:00,15.0,Cash
2026-04-18 13:33:00,18.0,Cash
2026-04-18 13:35:00,16.0,Debit Card
2026-04-18 13:42:00,14.0,Pix
2026-04-18 13:44:00,5.0,Cash
2026-04-18 13:47:00,16.0,Credit Card
2026-04-18 13:51:00,21.0,Debit Card
2026-04-18 14:09:00,7.0,Credit Card
2026-04-18 14:12:00,14.0,Credit Card
2026-04-18 14:20:00,14.0,Debit Card
2026-04-18 14:26:00,9.0,Cash
2026-04-18 14:35:00,7.0,Credit Card
2026-04-18 14:38:00,7.0,Credit Card
2026-04-18 14:45:00,7.0,Credit Card
2026-04-18 14:52:00,7.0,Cash
2026-04-18 14:53:00,9.0,Debit Card
2026-04-18 14:53:00,20.0,Debit Card
2026-04-18 14:58:00,36.0,Pix
2026-04-18 15:08:00,10.0,Debit Card
2026-04-18 15:24:00,20.0,Debit Card
2026-04-18 15:39:00,23.0,Multiple
2026-04-18 15:50:00,4.0,Cash
2026-04-18 15:53:00,21.0,Debit Card
2026-04-18 15:54:00,14.0,Debit Card
2026-04-18 15:56:00,16.0,Cash
2026-04-18 15:59:00,32.0,Debit Card
2026-04-18 16:01:00,18.0,Debit Card
2026-04-18 16:04:00,21.0,Debit Card
2026-04-18 16:07:00,7.0,Cash
2026-04-18 16:13:00,48.0,Pix
2026-04-18 16:14:00,7.0,Cash
2026-04-18 16:25:00,18.0,Debit Card
2026-04-18 16:27:00,14.0,Pix
2026-04-18 16:29:00,7.0,Cash
2026-04-18 16:41:00,7.0,Pix
2026-04-18 16:46:00,11.0,Debit Card
2026-04-18 16:48:00,14.0,Debit Card
2026-04-18 16:50:00,7.0,Debit Card
2026-04-18 16:53:00,14.0,Pix
2026-04-18 16:59:00,18.0,Pix
2026-04-18 17:03:00,11.0,Cash
2026-04-18 17:09:00,4.0,Pix
2026-04-18 17:13:00,14.0,Pix
2026-04-18 17:25:00,14.0,Debit Card
2026-04-18 17:28:00,18.0,Credit Card
2026-04-18 17:35:00,10.0,Cash
2026-04-18 17:39:00,21.0,Credit Card
2026-04-18 17:42:00,14.0,Pix
2026-04-18 17:44:00,18.0,Cash
2026-04-18 17:47:00,14.0,Debit Card
2026-04-18 17:49:00,18.0,Debit Card
2026-04-18 17:55:00,10.0,Cash
2026-04-18 18:01:00,11.0,Pix
2026-04-18 18:02:00,10.0,Cash
2026-04-18 18:05:00,50.0,Cash
2026-04-18 18:20:00,16.0,Debit Card
2026-04-18 18:30:00,14.0,Cash
2026-04-18 18:57:00,10.0,Credit Card
2026-04-18 19:12:00,9.0,Cash
2026-04-19 14:56:00,23.0,Credit Card
2026-04-19 14:59:00,22.0,Credit Card
2026-04-19 15:05:00,14.5,Credit Card
2026-04-19 15:06:00,7.0,Debit Card
2026-04-19 15:08:00,14.0,Pix
2026-04-19 15:08:00,11.5,Debit Card
2026-04-19 15:10:00,8.0,Credit Card
2026-04-19 15:19:00,33.0,Credit Card
2026-04-19 15:23:00,54.5,Pix
2026-04-19 15:28:00,28.0,Debit Card
2026-04-19 15:30:00,11.0,Cash
2026-04-19 15:31:00,7.0,Cash
2026-04-19 15:38:00,7.0,Debit Card
2026-04-19 15:50:00,11.0,Debit Card
2026-04-19 15:53:00,23.0,Cash
2026-04-19 15:57:00,42.0,Debit Card
2026-04-19 16:00:00,21.0,Cash
2026-04-19 16:08:00,14.0,Pix
2026-04-19 16:13:00,20.0,Cash
2026-04-19 16:24:00,46.0,Credit Card
2026-04-19 16:25:00,18.0,Cash
2026-04-19 16:31:00,25.0,Pix
2026-04-19 16:41:00,14.0,Cash
2026-04-19 16:41:00,7.0,Debit Card
2026-04-19 16:46:00,7.0,Cash
2026-04-19 16:47:00,4.0,Cash
2026-04-19 16:52:00,7.0,Debit Card
2026-04-19 17:24:00,30.0,Debit Card
2026-04-19 17:27:00,32.0,Cash
2026-04-19 17:40:00,21.0,Pix
2026-04-19 17:40:00,7.0,Pix
2026-04-19 17:53:00,7.0,Cash
2026-04-19 17:54:00,14.0,Cash
2026-04-19 17:56:00,14.0,Debit Card
2026-04-19 17:58:00,9.0,Debit Card
2026-04-19 18:04:00,9.0,Cash
2026-04-19 18:07:00,9.0,Cash
2026-04-19 18:09:00,4.0,Pix
2026-04-19 18:12:00,28.0,Debit Card
2026-04-19 18:13:00,14.0,Cash
2026-04-19 18:15:00,9.0,Cash
2026-04-19 18:18:00,9.0,Cash
2026-04-19 18:21:00,23.0,Credit Card
2026-04-19 18:22:00,14.0,Pix
2026-04-19 18:35:00,34.0,Cash
2026-04-19 18:52:00,16.0,Cash
2026-04-19 19:01:00,14.0,Pix
2026-04-20 13:55:00,9.0,Cash
2026-04-20 13:58:00,24.5,Credit Card
2026-04-20 13:59:00,4.5,Debit Card
2026-04-20 14:02:00,22.0,Pix
2026-04-20 14:04:00,18.0,Cash
2026-04-20 14:34:00,36.0,Pix
2026-04-20 14:36:00,27.0,Credit Card
2026-04-20 14:40:00,22.0,Credit Card
2026-04-20 14:42:00,4.0,Debit Card
2026-04-20 14:46:00,14.0,Debit Card
2026-04-20 14:49:00,10.0,Debit Card
2026-04-20 14:52:00,11.0,Cash
2026-04-20 15:06:00,44.0,Debit Card
2026-04-20 15:16:00,20.0,Pix
2026-04-20 15:26:00,14.0,Cash
2026-04-20 15:27:00,5.0,Cash
2026-04-20 15:30:00,7.0,Cash
2026-04-20 15:34:00,4.5,Cash
2026-04-20 15:46:00,37.0,Pix
2026-04-20 16:00:00,7.0,Debit Card
2026-04-20 16:05:00,16.0,Meal Voucher
2026-04-20 16:11:00,14.0,Debit Card
2026-04-20 16:21:00,14.0,Debit Card
2026-04-20 16:26:00,15.0,Credit Card
2026-04-20 16:33:00,11.0,Pix
2026-04-20 16:37:00,28.0,Debit Card
2026-04-20 16:45:00,16.0,Cash
2026-04-20 16:45:00,10.0,Debit Card
2026-04-20 16:47:00,21.0,Cash
2026-04-20 16:49:00,16.0,Meal Voucher
2026-04-20 16:50:00,11.0,Cash
2026-04-20 16:51:00,9.0,Pix
2026-04-20 16:52:00,7.0,Cash
2026-04-20 17:12:00,9.0,Pix
2026-04-20 17:13:00,9.0,Cash
2026-04-20 17:18:00,7.0,Cash
2026-04-20 17:21:00,53.0,Debit Card
2026-04-20 17:35:00,7.0,Cash
2026-04-20 17:35:00,14.0,Debit Card
2026-04-20 17:37:00,4.5,Debit Card
2026-04-20 17:59:00,18.0,Credit Card
2026-04-20 18:02:00,11.0,Credit Card
2026-04-20 18:02:00,7.0,Pix
2026-04-20 18:13:00,21.0,Credit Card
2026-04-20 18:20:00,9.0,Cash
2026-04-20 18:21:00,10.0,Credit Card
2026-04-20 18:26:00,11.0,Pix
2026-04-20 18:29:00,21.0,Pix
2026-04-20 18:34:00,10.0,On Credit
2026-04-20 18:56:00,14.0,Credit Card
2026-04-20 19:17:00,9.0,Debit Card
2026-04-20 19:18:00,68.0,Pix
2026-04-21 13:57:00,8.0,Debit Card
2026-04-21 14:00:00,4.0,Pix
2026-04-21 14:29:00,14.0,Credit Card
2026-04-21 14:44:00,7.0,Cash
2026-04-21 14:51:00,25.0,Debit Card
2026-04-21 14:57:00,7.0,Debit Card
2026-04-21 15:01:00,7.0,Cash
2026-04-21 15:05:00,4.0,Cash
2026-04-21 15:06:00,7.0,Debit Card
2026-04-21 15:18:00,25.0,Pix
2026-04-21 15:20:00,16.0,Cash
2026-04-21 15:21:00,7.0,Cash
2026-04-21 15:25:00,39.0,Credit Card
2026-04-21 15:30:00,7.0,Credit Card
2026-04-21 15:35:00,7.0,Debit Card
2026-04-21 15:49:00,15.0,Debit Card
2026-04-21 15:49:00,21.0,Cash
2026-04-21 16:07:00,14.0,Pix
2026-04-21 16:13:00,21.0,Debit Card
2026-04-21 16:24:00,20.0,Debit Card
2026-04-21 16:37:00,22.0,Credit Card
2026-04-21 16:39:00,11.0,Debit Card
2026-04-21 16:41:00,28.0,Cash
2026-04-21 16:41:00,12.0,Cash
2026-04-21 16:43:00,21.0,Debit Card
2026-04-21 16:46:00,18.0,Pix
2026-04-21 16:59:00,8.0,Debit Card
2026-04-21 17:03:00,9.0,Debit Card
2026-04-21 17:11:00,20.0,Cash
2026-04-21 17:16:00,27.0,Debit Card
2026-04-21 17:19:00,39.0,Cash
2026-04-21 17:31:00,16.0,Debit Card
2026-04-21 17:33:00,7.0,Debit Card
2026-04-21 18:06:00,7.0,Pix
2026-04-21 18:22:00,7.0,Debit Card
2026-04-21 18:50:00,20.0,Credit Card
2026-04-21 18:54:00,23.0,Pix
2026-04-21 18:54:00,20.0,Pix
2026-04-21 19:06:00,14.0,Cash
2026-04-21 19:14:00,11.0,Debit Card
2026-04-22 13:51:00,22.0,Pix
2026-04-22 13:53:00,5.0,Cash
2026-04-22 14:46:00,4.0,Cash
2026-04-22 14:47:00,7.0,Pix
2026-04-22 14:48:00,9.0,Cash
2026-04-22 15:16:00,28.0,Cash
2026-04-22 15:16:00,9.0,Cash
2026-04-22 15:18:00,14.0,Debit Card
2026-04-22 15:28:00,18.0,Pix
2026-04-22 15:29:00,14.0,Pix
2026-04-22 15:30:00,7.0,Pix
2026-04-22 15:36:00,7.0,Pix
2026-04-22 15:47:00,9.0,Debit Card
2026-04-22 15:53:00,11.0,Pix
2026-04-22 16:01:00,4.0,Cash
2026-04-22 16:02:00,4.0,Cash
2026-04-22 16:04:00,5.0,Cash
2026-04-22 16:07:00,7.0,Cash
2026-04-22 16:19:00,7.0,Cash
2026-04-22 16:22:00,25.0,Pix
2026-04-22 16:22:00,20.0,Debit Card
2026-04-22 16:47:00,8.5,Pix
2026-04-22 17:01:00,9.0,Cash
2026-04-22 17:03:00,21.0,Debit Card
2026-04-22 17:22:00,20.0,Debit Card
2026-04-22 17:58:00,28.0,Pix
2026-04-22 18:01:00,11.0,Cash
2026-04-22 18:02:00,7.0,Debit Card
2026-04-22 18:04:00,9.0,Credit Card
2026-04-22 18:04:00,20.0,Pix
2026-04-22 18:17:00,9.0,Pix
2026-04-22 18:38:00,11.0,Debit Card
2026-04-22 18:57:00,15.0,Cash
2026-04-22 19:07:00,5.0,Cash
2026-04-22 17:21:00,9.0,Pix
2026-04-22 17:17:00,4.0,Pix
2026-04-23 13:47:00,7.0,Pix
2026-04-23 13:58:00,14.0,Cash
2026-04-23 13:55:00,9.0,Pix
2026-04-23 14:06:00,21.5,Cash
2026-04-23 14:11:00,11.0,Cash
2026-04-23 14:18:00,14.0,Debit Card
2026-04-23 14:29:00,14.0,Cash
2026-04-23 14:31:00,11.0,Pix
2026-04-23 14:42:00,25.0,Cash
2026-04-23 14:45:00,27.0,Credit Card
2026-04-23 14:57:00,18.0,Cash
2026-04-23 15:00:00,7.0,Cash
2026-04-23 15:03:00,14.0,Credit Card
2026-04-23 15:13:00,7.0,Cash
2026-04-23 15:16:00,18.0,Cash
2026-04-23 15:19:00,18.0,Cash
2026-04-23 15:55:00,11.0,Pix
2026-04-23 16:01:00,21.0,Debit Card
2026-04-23 16:27:00,7.0,Debit Card
2026-04-23 16:31:00,14.0,Cash
2026-04-23 17:02:00,7.0,Debit Card
2026-04-23 17:21:00,7.0,Pix
2026-04-23 17:22:00,7.0,Cash
2026-04-23 17:32:00,17.0,Debit Card
2026-04-23 17:42:00,10.0,Cash
2026-04-23 18:10:00,7.0,Credit Card
2026-04-23 18:11:00,10.0,Cash
2026-04-23 18:15:00,7.0,Cash
2026-04-23 18:16:00,28.0,Cash
2026-04-23 18:26:00,10.0,Cash
2026-04-23 18:20:00,11.0,Credit Card
2026-04-23 15:35:00,4.0,Cash
2026-04-23 15:26:00,10.0,Credit Card
2026-04-23 15:45:00,11.0,Cash
2026-04-23 15:46:00,7.0,Cash
2026-04-23 16:11:00,20.0,Cash
2026-04-23 15:58:00,7.0,Credit Card
2026-04-23 15:26:00,14.0,Credit Card
2026-04-27 14:40:00,10.0,Debit Card
2026-04-27 15:35:00,9.0,Cash
2026-04-27 15:37:00,10.0,Cash
2026-04-27 15:37:00,11.0,Cash
2026-04-27 15:52:00,15.0,Debit Card
2026-04-27 16:01:00,16.0,Cash
2026-04-27 16:31:00,14.0,Cash
2026-04-27 16:35:00,7.0,Cash
2026-04-27 16:49:00,4.0,Debit Card
2026-04-27 17:52:00,31.0,Meal Voucher
2026-04-27 18:15:00,14.0,Debit Card
2026-04-27 18:53:00,10.0,Debit Card
2026-04-27 18:59:00,25.0,Pix
2026-04-28 15:53:00,18.0,Pix
2026-04-28 15:54:00,9.0,Cash
2026-04-28 16:02:00,14.0,Cash
2026-04-28 16:03:00,30.0,Cash
2026-04-28 16:05:00,20.0,Pix
2026-04-28 16:09:00,10.0,Debit Card
2026-04-28 16:27:00,11.5,Debit Card
2026-04-28 16:55:00,17.0,Pix
2026-04-28 17:36:00,20.0,Meal Voucher
2026-04-28 17:59:00,10.0,Debit Card
2026-04-28 18:00:00,30.0,Cash
2026-04-28 18:04:00,20.0,Cash
2026-04-30 14:38:00,7.0,Cash
2026-04-30 14:42:00,29.0,Debit Card
2026-04-30 14:52:00,14.0,Cash
2026-04-30 14:53:00,7.0,Debit Card
2026-04-30 14:54:00,7.0,Cash
2026-04-30 15:01:00,9.0,Debit Card
2026-04-30 15:02:00,9.0,Credit Card
2026-04-30 15:04:00,14.0,Pix
2026-04-30 15:07:00,9.0,Cash
2026-04-30 15:10:00,24.0,Credit Card
2026-04-30 15:16:00,4.0,Debit Card
2026-04-30 15:20:00,16.0,Debit Card
2026-04-30 15:32:00,7.0,Cash
2026-04-30 15:38:00,14.0,Debit Card
2026-04-30 15:40:00,7.0,Cash
2026-04-30 15:43:00,30.0,Debit Card
2026-04-30 15:58:00,16.0,Credit Card
2026-04-30 16:00:00,21.0,Debit Card
2026-04-30 16:02:00,7.0,Cash
2026-04-30 16:03:00,20.0,Cash
2026-04-30 16:14:00,21.0,Pix
2026-04-30 16:25:00,39.0,Cash
2026-04-30 16:28:00,14.0,Cash
2026-04-30 16:29:00,7.0,Debit Card
2026-04-30 16:40:00,9.0,Debit Card
2026-04-30 16:42:00,9.0,Pix
2026-04-30 16:42:00,7.0,Debit Card
2026-04-30 17:18:00,11.5,Credit Card
2026-04-30 17:22:00,20.0,Debit Card
2026-04-30 17:27:00,14.0,Pix
2026-04-30 17:32:00,7.0,Debit Card
2026-04-30 17:33:00,7.0,Cash
2026-04-30 17:40:00,32.0,Cash
2026-04-30 17:51:00,22.0,Pix
2026-04-30 17:53:00,20.0,Cash
2026-04-30 18:06:00,10.0,Debit Card
2026-04-30 18:14:00,7.0,Cash
2026-04-30 18:17:00,32.0,Debit Card
2026-04-30 18:19:00,10.0,Debit Card
2026-04-30 18:34:00,7.0,Credit Card
2026-05-01 12:29:00,7.0,Cash
2026-05-01 13:23:00,7.0,Pix
2026-05-01 13:31:00,11.5,Cash
2026-05-01 13:39:00,17.0,Cash
2026-05-01 14:01:00,33.0,Cash
2026-05-01 14:07:00,36.0,Debit Card
2026-05-01 14:09:00,14.0,Debit Card
2026-05-01 14:13:00,34.0,Cash
2026-05-01 14:13:00,7.0,Debit Card
2026-05-01 14:14:00,14.0,Debit Card
2026-05-01 14:16:00,7.0,Credit Card
2026-05-01 14:18:00,11.0,Debit Card
2026-05-01 14:38:00,53.0,Debit Card
2026-05-01 14:39:00,4.0,Cash
2026-05-01 14:42:00,10.0,Pix
2026-05-01 14:46:00,20.0,Cash
2026-05-01 14:54:00,20.0,Cash
2026-05-01 15:34:00,29.0,Credit Card
2026-05-01 15:35:00,9.0,Cash
2026-05-01 15:39:00,9.0,Credit Card
2026-05-01 16:02:00,25.0,Debit Card
2026-05-01 16:06:00,10.0,Cash
2026-05-01 16:07:00,7.0,Cash
2026-05-01 16:10:00,16.0,Debit Card
2026-05-01 16:14:00,14.0,Pix
2026-05-01 16:18:00,42.0,Pix
2026-05-01 16:21:00,7.0,Debit Card
2026-05-01 16:27:00,16.0,Cash
2026-05-01 16:31:00,29.0,Pix
2026-05-01 16:31:00,4.0,Cash
2026-05-01 16:33:00,23.0,Debit Card
2026-05-01 16:37:00,28.0,Debit Card
2026-05-01 16:48:00,46.0,Debit Card
2026-05-01 16:52:00,25.0,Cash
2026-05-01 16:52:00,7.0,Debit Card
2026-05-01 16:53:00,20.0,Cash
2026-05-01 16:57:00,9.0,Pix
2026-05-01 17:07:00,9.0,Credit Card
2026-05-01 17:08:00,7.0,Debit Card
2026-05-01 17:09:00,4.5,Cash
2026-05-01 17:09:00,31.0,Pix
2026-05-01 17:20:00,31.0,Cash
2026-05-01 17:24:00,28.0,Pix
2026-05-01 17:28:00,26.0,Debit Card
2026-05-01 17:49:00,10.0,Cash
2026-05-01 17:54:00,7.0,Cash
2026-05-01 17:56:00,20.0,Credit Card
2026-05-01 17:59:00,22.0,Credit Card
2026-05-01 18:04:00,10.0,Cash
2026-05-01 18:10:00,11.0,Cash
2026-05-01 18:19:00,11.0,Credit Card
2026-05-01 18:42:00,7.0,Cash
2026-05-02 10:43:00,10.0,Cash
2026-05-02 10:45:00,20.0,Pix
2026-05-02 14:23:00,9.0,Pix
2026-05-02 14:25:00,21.0,Cash
2026-05-02 14:27:00,18.0,Pix
2026-05-02 14:31:00,9.0,Debit Card
2026-05-02 14:36:00,25.0,Credit Card
2026-05-02 15:02:00,22.0,Credit Card
2026-05-02 15:45:00,25.0,Credit Card
2026-05-02 15:58:00,7.0,Debit Card
2026-05-03 14:55:00,16.0,Debit Card
2026-05-03 15:07:00,7.0,Credit Card
2026-05-03 15:12:00,9.0,Pix
2026-05-03 15:22:00,9.0,Cash
2026-05-03 15:23:00,14.0,Credit Card
2026-05-03 15:34:00,27.0,Debit Card
2026-05-03 15:36:00,20.0,Meal Voucher
2026-05-03 15:37:00,11.0,Credit Card
2026-05-03 15:39:00,15.0,Meal Voucher
2026-05-03 15:43:00,11.0,Debit Card
2026-05-03 15:47:00,34.0,Credit Card
2026-05-03 15:49:00,18.0,Cash
2026-05-03 15:50:00,10.0,Cash
2026-05-03 16:02:00,7.0,Debit Card
2026-05-03 16:02:00,10.0,Pix
2026-05-03 16:11:00,20.0,Pix
2026-05-03 16:27:00,18.0,Debit Card
2026-05-03 16:32:00,14.0,Credit Card
2026-05-03 16:36:00,21.0,Debit Card
2026-05-03 16:37:00,7.0,Debit Card
2026-05-03 16:41:00,14.0,Debit Card
2026-05-03 16:49:00,14.0,Pix
2026-05-03 17:11:00,30.0,Credit Card
2026-05-03 17:21:00,20.0,Pix
2026-05-03 17:21:00,20.0,Credit Card
2026-05-03 17:35:00,21.0,Pix
2026-05-03 17:36:00,28.0,Credit Card
2026-05-03 17:46:00,52.0,Debit Card
2026-05-03 17:46:00,20.0,Credit Card
2026-05-03 18:01:00,17.0,Cash
2026-05-03 18:06:00,9.0,Cash
2026-05-03 18:13:00,9.0,Cash
2026-05-03 18:35:00,7.0,Cash
2026-05-03 15:30:00,14.0,Pix
2026-05-03 15:28:00,25.0,Cash
2026-05-04 14:04:00,4.5,Cash
2026-05-04 14:11:00,7.0,Credit Card
2026-05-04 14:12:00,7.0,Debit Card
2026-05-04 14:14:00,8.0,Debit Card
2026-05-04 14:28:00,7.0,Credit Card
2026-05-04 14:53:00,7.0,Cash
2026-05-04 14:54:00,7.0,Cash
2026-05-04 15:01:00,9.0,Cash
2026-05-04 15:17:00,14.0,Credit Card
2026-05-04 15:25:00,16.0,Cash
2026-05-04 15:27:00,18.0,Debit Card
2026-05-04 15:49:00,20.0,Pix
2026-05-04 15:59:00,7.0,Debit Card
2026-05-04 16:04:00,28.0,Debit Card
2026-05-04 16:06:00,22.0,Credit Card
2026-05-04 16:08:00,14.0,Credit Card
2026-05-04 16:09:00,14.0,Debit Card
2026-05-04 16:11:00,4.0,Pix
2026-05-04 16:16:00,10.0,Pix
2026-05-04 16:23:00,9.0,Debit Card
2026-05-04 16:25:00,4.5,Debit Card
2026-05-04 16:31:00,39.0,Pix
2026-05-04 16:34:00,9.0,Cash
2026-05-04 16:36:00,27.0,Cash
2026-05-04 16:55:00,25.0,Credit Card
2026-05-04 17:01:00,9.0,Debit Card
2026-05-04 17:09:00,7.0,Cash
2026-05-04 17:11:00,7.0,Pix
2026-05-04 17:43:00,37.0,Cash
2026-05-04 17:53:00,7.0,Credit Card
2026-05-04 18:02:00,7.0,Cash
2026-05-04 18:06:00,15.0,Meal Voucher
2026-05-04 18:17:00,18.0,Cash
2026-05-04 18:23:00,18.0,Pix
2026-05-04 18:26:00,9.0,Pix
2026-05-04 18:34:00,15.0,Meal Voucher
2026-05-04 18:45:00,15.0,Cash
2026-05-05 13:35:00,4.0,Cash
2026-05-05 14:09:00,9.0,Cash
2026-05-05 14:11:00,7.0,Cash
2026-05-05 14:19:00,46.0,Multiple
2026-05-05 14:20:00,9.0,Cash
2026-05-05 14:21:00,11.0,Debit Card
2026-05-05 14:50:00,15.0,Credit Card
2026-05-05 14:58:00,10.0,Debit Card
2026-05-05 15:01:00,18.0,Pix
2026-05-05 15:08:00,9.0,Pix
2026-05-05 15:11:00,9.0,Cash
2026-05-05 15:15:00,11.0,Debit Card
2026-05-05 15:16:00,9.0,Cash
2026-05-05 16:03:00,11.0,Credit Card
2026-05-05 16:14:00,7.0,Cash
2026-05-05 16:15:00,18.0,Pix
2026-05-05 16:19:00,9.0,Cash
2026-05-05 17:00:00,11.0,Debit Card
2026-05-05 17:25:00,7.0,Debit Card
2026-05-05 17:42:00,10.0,Credit Card
2026-05-05 17:55:00,11.0,Debit Card
2026-05-05 18:02:00,20.0,Debit Card
2026-05-05 18:02:00,10.0,Debit Card
2026-05-05 18:04:00,10.0,Pix
2026-05-05 18:10:00,11.0,Meal Voucher
2026-05-05 18:15:00,30.0,Cash
2026-05-05 18:27:00,22.0,Debit Card
2026-05-05 18:44:00,14.0,Debit Card
2026-05-06 13:58:00,9.0,Cash
2026-05-06 14:03:00,7.0,Pix
2026-05-06 14:04:00,7.0,Pix
2026-05-06 14:05:00,8.0,Credit Card
2026-05-06 14:08:00,16.0,Cash
2026-05-06 14:10:00,14.0,Cash
2026-05-06 14:11:00,4.0,Debit Card
2026-05-06 14:23:00,7.0,Debit Card
2026-05-06 14:46:00,10.0,Cash
2026-05-06 14:53:00,14.0,Cash
2026-05-06 15:14:00,14.0,Cash
2026-05-06 15:14:00,4.0,Debit Card
2026-05-06 15:26:00,7.0,Cash
2026-05-06 15:30:00,18.0,Credit Card
2026-05-06 15:33:00,18.0,Debit Card
2026-05-06 15:34:00,16.0,Credit Card
2026-05-06 15:47:00,7.0,Debit Card
2026-05-06 16:03:00,32.0,Meal Voucher
2026-05-06 16:04:00,7.0,Cash
2026-05-06 16:12:00,9.0,Credit Card
2026-05-06 16:17:00,7.0,Cash
2026-05-06 16:28:00,9.0,Pix
2026-05-06 16:30:00,11.0,Cash
2026-05-06 16:39:00,15.0,Meal Voucher
2026-05-06 16:43:00,14.0,Pix
2026-05-06 17:06:00,18.0,Debit Card
2026-05-06 17:34:00,24.0,Cash
2026-05-06 17:52:00,11.0,Cash
2026-05-06 18:00:00,20.0,Cash
2026-05-06 18:17:00,7.0,Pix
2026-05-06 13:45:00,15.0,Cash
2026-05-07 14:03:00,48.0,Pix
2026-05-07 14:16:00,14.0,Cash
2026-05-07 14:16:00,4.0,Cash
2026-05-07 14:18:00,31.0,Cash
2026-05-07 14:23:00,7.0,Cash
2026-05-07 14:26:00,7.0,Credit Card
2026-05-07 14:31:00,10.0,Cash
2026-05-07 14:39:00,4.5,Credit Card
2026-05-07 14:50:00,9.0,Cash
2026-05-07 15:05:00,7.0,Cash
2026-05-07 15:07:00,21.0,Cash
2026-05-07 15:17:00,11.0,Cash
2026-05-07 15:19:00,16.0,Cash
2026-05-07 15:19:00,7.0,Cash
2026-05-07 15:20:00,14.0,Pix
2026-05-07 15:22:00,7.0,Cash
2026-05-07 15:24:00,11.5,Cash
2026-05-07 15:35:00,18.0,Cash
2026-05-07 15:36:00,30.0,Debit Card
2026-05-07 16:06:00,7.0,Credit Card
2026-05-07 16:07:00,18.0,Pix
2026-05-07 16:09:00,7.0,Cash
2026-05-07 16:14:00,18.0,Pix
2026-05-07 16:16:00,16.0,Cash
2026-05-07 16:17:00,7.0,Debit Card
2026-05-07 16:28:00,11.0,Cash
2026-05-07 16:29:00,16.0,Pix
2026-05-07 16:30:00,7.0,Cash
2026-05-07 16:33:00,16.0,Pix
2026-05-07 16:38:00,8.0,Cash
2026-05-07 16:39:00,7.0,Cash
2026-05-07 16:43:00,10.0,Pix
2026-05-07 16:44:00,14.0,Debit Card
2026-05-07 16:50:00,10.0,Cash
2026-05-07 16:52:00,11.0,Cash
2026-05-07 16:53:00,9.0,Cash
2026-05-07 16:55:00,14.0,Debit Card
2026-05-07 16:57:00,7.0,Cash
2026-05-07 16:59:00,14.0,Cash
2026-05-07 17:03:00,21.0,Debit Card
2026-05-07 17:03:00,11.0,Credit Card
2026-05-07 17:51:00,16.0,Pix
2026-05-07 18:04:00,26.0,Meal Voucher
2026-05-07 18:06:00,10.0,Cash
2026-05-07 18:14:00,14.0,Pix
2026-05-07 18:15:00,20.0,Cash
2026-05-07 18:16:00,20.0,Pix
2026-05-07 18:31:00,21.0,Cash
2026-05-07 18:35:00,23.0,Cash
2026-05-07 18:49:00,14.0,Cash
2026-05-07 18:57:00,7.0,Pix
2026-05-09 11:56:00,10.0,Debit Card
2026-05-09 13:08:00,14.0,Cash
2026-05-09 13:15:00,10.0,Credit Card
2026-05-09 13:24:00,20.0,Pix
2026-05-09 13:52:00,10.0,Pix
2026-05-09 14:00:00,20.0,Cash
2026-05-09 14:25:00,22.0,Pix
2026-05-09 14:43:00,8.0,Cash
2026-05-09 14:43:00,4.5,Cash
2026-05-09 15:10:00,53.0,Debit Card
2026-05-09 15:43:00,10.0,Credit Card
2026-05-09 16:03:00,24.0,Credit Card
2026-05-09 16:13:00,10.0,Pix
2026-05-09 16:51:00,18.0,Cash
2026-05-09 20:09:00,22.0,Cash
2026-05-10 15:36:00,16.0,Cash
2026-05-10 15:37:00,10.0,Pix
2026-05-10 15:41:00,25.0,Cash
2026-05-10 15:44:00,20.0,Debit Card
2026-05-10 15:54:00,20.0,Cash
2026-05-10 15:54:00,4.0,Cash
2026-05-10 15:58:00,11.0,Debit Card
2026-05-10 16:01:00,11.0,Pix
2026-05-10 16:03:00,22.0,Pix
2026-05-10 16:06:00,7.0,Credit Card
2026-05-10 16:18:00,10.0,Pix
2026-05-10 16:34:00,18.0,Pix
2026-05-10 17:11:00,7.0,Pix
2026-05-10 17:18:00,4.0,Cash
2026-05-10 17:25:00,14.0,Debit Card
2026-05-10 17:34:00,21.0,Pix
2026-05-10 17:46:00,9.0,Pix
2026-05-10 17:47:00,9.0,Pix
2026-05-10 17:50:00,14.0,Cash
2026-05-10 18:03:00,10.0,Pix
2026-05-10 18:22:00,67.0,Credit Card
2026-05-11 14:05:00,17.0,Pix
2026-05-11 14:08:00,4.5,Debit Card
2026-05-11 14:13:00,15.0,Cash
2026-05-11 14:26:00,10.0,Pix
2026-05-11 14:42:00,8.0,Cash
2026-05-11 15:02:00,11.0,Pix
2026-05-11 15:15:00,11.0,Cash
2026-05-11 15:24:00,7.0,Pix
2026-05-11 15:35:00,10.0,Cash
2026-05-11 15:37:00,10.0,Pix
2026-05-11 15:38:00,21.0,Debit Card
2026-05-11 15:49:00,7.0,Pix
2026-05-11 15:54:00,11.0,Credit Card
2026-05-11 16:20:00,11.0,Pix
2026-05-11 16:29:00,10.0,Cash
2026-05-11 16:30:00,4.0,Cash
2026-05-11 16:33:00,30.0,Pix
2026-05-11 16:37:00,7.0,Debit Card
2026-05-11 16:43:00,11.0,Pix
2026-05-11 16:47:00,28.0,Pix
2026-05-11 16:56:00,10.0,Pix
2026-05-11 17:10:00,20.0,Meal Voucher
2026-05-11 17:11:00,10.0,Cash
2026-05-11 17:17:00,10.0,Cash
2026-05-11 17:19:00,9.0,Cash
2026-05-11 17:33:00,11.0,Debit Card
2026-05-11 17:38:00,19.0,Cash
2026-05-11 18:01:00,15.0,Pix
2026-05-11 18:05:00,17.0,Debit Card
2026-05-11 18:15:00,10.0,Pix
2026-05-11 18:42:00,20.0,Pix
2026-05-11 18:43:00,20.0,Pix
2026-05-11 18:51:00,40.0,Cash
2026-05-11 18:59:00,9.0,Credit Card
2026-05-11 19:04:00,4.0,Cash
2026-05-11 19:04:00,50.0,Cash
2026-05-12 14:09:00,20.0,Cash
2026-05-12 14:24:00,4.0,Debit Card
2026-05-12 14:40:00,14.0,Cash
2026-05-12 14:57:00,7.0,Pix
2026-05-12 15:05:00,11.0,Pix
2026-05-12 15:14:00,4.5,Debit Card
2026-05-12 15:24:00,51.0,Pix
2026-05-12 15:44:00,16.0,Debit Card
2026-05-12 15:45:00,9.0,Cash
2026-05-12 15:51:00,11.0,Debit Card
2026-05-12 15:51:00,10.0,Debit Card
2026-05-12 15:52:00,10.0,Meal Voucher
2026-05-12 16:07:00,11.0,Debit Card
2026-05-12 16:13:00,43.0,Credit Card
2026-05-12 16:22:00,4.0,Cash
2026-05-12 16:22:00,20.0,Debit Card
2026-05-12 16:24:00,10.0,Cash
2026-05-12 16:29:00,7.0,Pix
2026-05-12 16:33:00,31.0,Credit Card
2026-05-12 16:42:00,9.0,Debit Card
2026-05-12 16:51:00,10.0,Cash
2026-05-12 16:51:00,11.0,Pix
2026-05-12 16:54:00,18.0,Cash
2026-05-12 16:58:00,14.0,Cash
2026-05-12 16:58:00,10.0,Cash
2026-05-12 17:03:00,32.0,Debit Card
2026-05-12 17:05:00,5.0,Cash
2026-05-12 17:06:00,4.0,Cash
2026-05-12 17:06:00,10.0,Pix
2026-05-12 17:20:00,15.0,Pix
2026-05-12 17:20:00,21.0,Cash
2026-05-12 17:29:00,4.0,Cash
2026-05-12 17:44:00,10.0,Cash
2026-05-12 17:54:00,20.0,Multiple
2026-05-12 17:58:00,21.0,Cash
2026-05-12 18:05:00,7.0,Debit Card
2026-05-12 18:06:00,7.0,Pix
2026-05-13 14:02:00,11.0,Credit Card
2026-05-13 14:33:00,10.0,Cash
2026-05-13 14:37:00,7.0,Pix
2026-05-13 14:48:00,7.0,Cash
2026-05-13 14:53:00,29.0,Cash
2026-05-13 14:54:00,10.0,Debit Card
2026-05-13 14:57:00,4.5,Debit Card
2026-05-13 14:57:00,11.0,Cash
2026-05-13 14:58:00,7.0,Debit Card
2026-05-13 15:00:00,15.0,Cash
2026-05-13 15:09:00,14.0,Cash
2026-05-13 15:23:00,30.0,Debit Card
2026-05-13 15:28:00,14.0,Debit Card
2026-05-13 15:41:00,14.0,Cash
2026-05-13 15:41:00,8.5,Debit Card
2026-05-13 15:45:00,10.0,Cash
2026-05-13 15:47:00,20.0,Cash
2026-05-13 15:53:00,7.0,Cash
2026-05-13 15:55:00,5.0,Cash
2026-05-13 16:01:00,19.5,Debit Card
2026-05-13 16:03:00,4.5,Debit Card
2026-05-13 16:10:00,16.0,Credit Card
2026-05-13 16:12:00,7.0,Credit Card
2026-05-13 16:15:00,11.0,Cash
2026-05-13 16:36:00,7.0,Cash
2026-05-13 16:47:00,15.0,Meal Voucher
2026-05-13 16:58:00,10.0,Cash
2026-05-13 17:01:00,15.0,Pix
2026-05-13 17:09:00,10.0,Debit Card
2026-05-13 17:13:00,9.0,Credit Card
2026-05-13 17:15:00,14.0,Debit Card
2026-05-13 17:25:00,10.0,Meal Voucher
2026-05-13 17:37:00,11.0,Cash
2026-05-13 17:41:00,7.0,Meal Voucher
2026-05-13 17:47:00,10.0,Pix
2026-05-13 17:50:00,10.0,Cash
2026-05-13 17:52:00,11.0,Pix
2026-05-13 18:03:00,10.0,Pix
2026-05-13 18:29:00,10.0,Pix
2026-05-14 14:16:00,5.0,Cash
2026-05-14 14:36:00,10.0,Debit Card
2026-05-14 14:40:00,7.0,Cash
2026-05-14 14:51:00,11.0,Cash
2026-05-14 15:04:00,7.0,Cash
2026-05-14 15:53:00,20.0,Cash
2026-05-14 15:59:00,10.0,Cash
2026-05-14 16:00:00,11.0,Cash
2026-05-14 16:17:00,9.0,Cash
2026-05-14 16:21:00,10.0,Cash
2026-05-14 16:23:00,5.0,Cash
2026-05-14 16:29:00,7.0,Credit Card
2026-05-14 16:35:00,21.0,Pix
2026-05-14 16:48:00,7.0,Cash
2026-05-14 17:05:00,11.0,Pix
2026-05-14 17:10:00,21.0,Debit Card
2026-05-14 17:25:00,40.0,Debit Card
2026-05-14 18:04:00,38.0,Pix
2026-05-14 18:25:00,20.0,Credit Card
2026-05-14 18:32:00,18.0,Cash
2026-05-14 18:34:00,11.0,Pix
2026-05-15 14:55:00,14.0,Cash
2026-05-15 15:03:00,7.0,Debit Card
2026-05-15 15:05:00,16.0,Cash
2026-05-15 15:20:00,4.0,Pix
2026-05-15 15:38:00,11.0,Cash
2026-05-15 16:33:00,10.0,Credit Card
2026-05-15 16:53:00,20.0,Cash
2026-05-15 17:04:00,17.0,Cash
2026-05-15 17:14:00,25.0,Pix
2026-05-15 17:26:00,11.0,Pix
2026-05-15 17:26:00,16.0,Pix
2026-05-15 17:36:00,11.0,Debit Card
2026-05-15 17:43:00,9.0,Debit Card
2026-05-15 17:48:00,10.0,Meal Voucher
2026-05-15 17:58:00,45.0,Debit Card
2026-05-16 10:16:00,9.0,Debit Card
2026-05-16 11:17:00,4.0,Debit Card
2026-05-16 12:06:00,7.0,Credit Card
2026-05-16 12:09:00,14.0,Debit Card
2026-05-16 12:44:00,11.0,Cash
2026-05-16 12:49:00,9.0,Pix
2026-05-16 13:17:00,7.0,Debit Card
2026-05-16 13:23:00,9.0,Credit Card
2026-05-16 13:27:00,11.0,Debit Card
2026-05-16 13:29:00,10.0,Cash
2026-05-16 13:38:00,5.0,Cash
2026-05-16 13:44:00,20.0,Debit Card
2026-05-16 14:20:00,5.0,Cash
2026-05-16 14:36:00,25.0,Credit Card
2026-05-16 14:54:00,21.0,Pix
2026-05-16 14:57:00,14.0,Cash
2026-05-16 14:58:00,15.0,Debit Card
2026-05-16 15:02:00,20.0,Cash
2026-05-16 15:08:00,11.0,Debit Card
2026-05-16 15:08:00,11.0,Cash
2026-05-16 15:13:00,11.0,Cash
2026-05-16 15:21:00,42.0,Cash
2026-05-16 15:24:00,14.0,Debit Card
2026-05-16 15:34:00,7.0,Cash
2026-05-16 15:38:00,27.0,Debit Card
2026-05-16 15:54:00,14.0,Credit Card
2026-05-16 16:17:00,40.0,Credit Card
2026-05-16 16:20:00,34.0,Credit Card
2026-05-16 16:29:00,18.0,Debit Card
2026-05-16 16:30:00,4.5,Cash
2026-05-16 16:39:00,25.5,Pix
2026-05-16 16:42:00,10.0,Debit Card
2026-05-16 16:48:00,21.0,Debit Card
2026-05-16 17:00:00,7.0,Debit Card
2026-05-16 17:09:00,34.0,Cash
2026-05-16 17:17:00,7.0,Cash
2026-05-16 17:18:00,9.0,Credit Card
2026-05-16 17:20:00,11.0,Cash
2026-05-16 17:25:00,22.0,Cash
2026-05-16 17:25:00,4.0,Cash
2026-05-16 17:27:00,10.0,Debit Card
2026-05-16 17:36:00,7.0,Debit Card
2026-05-16 17:36:00,31.0,Pix
2026-05-16 17:50:00,4.0,Debit Card
2026-05-16 18:00:00,20.0,Cash
2026-05-16 18:12:00,31.0,Pix
2026-05-16 18:14:00,10.0,Pix
2026-05-16 18:26:00,26.0,Debit Card
2026-05-16 18:29:00,18.0,Pix
2026-05-16 18:29:00,10.0,Pix
2026-05-16 18:42:00,7.0,Credit Card
2026-05-18 14:20:00,4.5,Cash
2026-05-18 14:21:00,7.0,Debit Card
2026-05-18 14:47:00,7.0,Cash
2026-05-18 15:25:00,7.0,Pix
2026-05-18 15:45:00,11.0,Pix
2026-05-18 15:50:00,13.0,Debit Card
2026-05-18 15:55:00,19.0,Cash
2026-05-18 16:04:00,11.0,Debit Card
2026-05-18 16:11:00,18.0,Pix
2026-05-18 16:38:00,5.0,Pix
2026-05-18 16:38:00,37.0,Pix
2026-05-18 16:49:00,7.0,Pix
2026-05-18 16:53:00,11.0,Pix
2026-05-18 16:54:00,20.0,Meal Voucher
2026-05-18 17:00:00,7.0,Pix
2026-05-18 17:03:00,11.0,Cash
2026-05-18 17:05:00,20.0,Debit Card
2026-05-18 17:06:00,4.0,Debit Card
2026-05-18 17:18:00,10.0,Cash
2026-05-18 17:26:00,10.0,Pix
2026-05-18 17:56:00,15.0,Debit Card
2026-05-18 18:38:00,9.0,Pix
2026-05-19 14:13:00,9.0,Cash
2026-05-19 14:39:00,4.0,Cash
2026-05-19 14:47:00,40.0,Debit Card
2026-05-19 14:48:00,18.0,Debit Card
2026-05-19 14:52:00,24.0,Debit Card
2026-05-19 14:59:00,4.0,Pix
2026-05-19 15:20:00,18.0,Debit Card
2026-05-19 15:23:00,14.0,Cash
2026-05-19 15:50:00,7.0,Cash
2026-05-19 16:18:00,7.0,Debit Card
2026-05-19 16:31:00,28.0,Pix
2026-05-19 16:58:00,15.0,Credit Card
2026-05-19 17:09:00,7.0,Debit Card
2026-05-19 17:34:00,11.0,Pix
2026-05-19 17:50:00,25.0,Debit Card
2026-05-19 17:53:00,9.0,Pix
2026-05-19 18:28:00,10.0,Pix
2026-05-20 16:08:00,31.0,Credit Card
2026-05-20 16:20:00,8.5,Debit Card
2026-05-20 16:28:00,51.0,Debit Card
2026-05-20 16:42:00,10.0,Pix
2026-05-20 16:45:00,18.0,Cash
2026-05-20 16:52:00,10.0,Debit Card
2026-05-20 16:56:00,7.0,Cash
2026-05-20 17:00:00,11.0,Debit Card
2026-05-20 17:12:00,14.0,Credit Card
2026-05-20 17:16:00,18.0,Debit Card
2026-05-20 17:16:00,17.0,Debit Card
2026-05-20 17:35:00,22.0,Pix
2026-05-20 17:50:00,11.0,Pix
2026-05-20 18:14:00,48.0,Meal Voucher
2026-05-20 18:18:00,10.0,Debit Card
2026-05-20 18:42:00,30.0,Credit Card
2026-05-20 18:55:00,7.0,Pix
2026-05-21 13:58:00,5.0,Cash
2026-05-21 14:09:00,4.0,Cash
2026-05-21 14:17:00,11.0,Cash
2026-05-21 14:30:00,4.0,Cash
2026-05-21 14:57:00,14.0,Debit Card
2026-05-21 16:08:00,14.0,Cash
2026-05-21 16:09:00,14.0,Cash
2026-05-21 16:21:00,30.0,Debit Card
2026-05-21 15:35:00,15.0,Cash
2026-05-21 16:32:00,9.0,Pix
2026-05-21 16:45:00,11.0,Cash
2026-05-21 17:07:00,9.0,Cash
2026-05-21 17:09:00,14.0,Pix
2026-05-21 17:39:00,8.0,Debit Card
2026-05-21 17:40:00,10.0,Debit Card
2026-05-21 17:45:00,10.0,Debit Card
2026-05-21 18:05:00,26.0,Cash
2026-05-21 18:48:00,10.0,Pix
2026-05-21 18:50:00,20.0,Pix
2026-05-21 18:52:00,15.0,Pix
2026-05-21 18:55:00,11.0,Pix
2026-05-21 15:48:00,22.0,Cash
2026-05-21 16:41:00,11.0,Cash
2026-05-21 16:31:00,7.0,Debit Card
2026-05-22 15:05:00,11.0,Debit Card
2026-05-22 15:05:00,8.0,Debit Card
2026-05-23 12:11:00,19.0,Pix
2026-05-23 12:40:00,21.0,Cash
2026-05-23 12:45:00,11.0,Cash
2026-05-23 13:08:00,7.0,Cash
2026-05-23 13:38:00,4.0,Cash
2026-05-23 14:07:00,18.0,Pix
2026-05-23 14:16:00,14.0,Debit Card
2026-05-23 14:21:00,28.0,Credit Card
2026-05-23 14:32:00,9.0,Debit Card
2026-05-23 14:34:00,14.0,Debit Card
2026-05-23 14:35:00,7.0,Pix
2026-05-23 14:37:00,7.0,Cash
2026-05-23 14:39:00,16.0,Pix
2026-05-23 14:41:00,9.0,Pix
2026-05-23 14:49:00,28.0,Debit Card
2026-05-23 14:49:00,20.0,Pix
2026-05-23 14:51:00,10.0,Debit Card
2026-05-23 14:52:00,7.0,Cash
2026-05-23 14:58:00,33.0,Pix
2026-05-23 14:59:00,20.0,Credit Card
2026-05-23 15:09:00,7.0,Debit Card
2026-05-23 15:22:00,20.0,Credit Card
2026-05-23 15:22:00,20.0,Cash
2026-05-23 15:25:00,10.0,Debit Card
2026-05-23 15:29:00,20.0,Debit Card
2026-05-23 15:38:00,10.0,Cash
2026-05-23 15:42:00,33.0,Credit Card
2026-05-23 15:45:00,11.0,Cash
2026-05-23 15:54:00,16.0,Debit Card
2026-05-23 16:05:00,7.0,Debit Card
2026-05-23 16:14:00,14.0,Pix
2026-05-23 16:49:00,18.0,Debit Card
2026-05-23 17:05:00,7.0,Cash
2026-05-23 17:11:00,20.0,Debit Card
2026-05-23 17:22:00,30.0,Credit Card
2026-05-23 17:30:00,20.0,Debit Card
2026-05-23 17:36:00,10.0,Credit Card
2026-05-23 17:40:00,66.0,Cash
2026-05-23 17:47:00,11.0,Pix
2026-05-23 17:47:00,7.0,Debit Card
2026-05-23 17:49:00,26.0,Cash
2026-05-23 17:58:00,20.0,Debit Card
2026-05-23 18:17:00,16.0,Credit Card
2026-05-23 18:23:00,16.0,Pix
2026-05-24 14:47:00,14.5,Credit Card
2026-05-24 14:53:00,22.0,Cash
2026-05-24 14:56:00,14.0,Pix
2026-05-24 14:58:00,11.0,Cash
2026-05-24 15:08:00,29.0,Pix
2026-05-24 15:18:00,18.0,Cash
2026-05-24 15:21:00,27.0,Credit Card
2026-05-24 15:23:00,14.0,Cash
2026-05-24 15:25:00,14.0,Credit Card
2026-05-24 15:26:00,24.0,Cash
2026-05-24 15:32:00,14.0,Credit Card
2026-05-24 15:43:00,36.0,Pix
2026-05-24 15:45:00,11.0,Cash
2026-05-24 15:48:00,28.0,Credit Card
2026-05-24 15:53:00,21.0,Cash
2026-05-24 15:55:00,11.0,Credit Card
2026-05-24 15:57:00,10.0,Cash
2026-05-24 16:04:00,42.0,Meal Voucher
2026-05-24 16:05:00,10.0,Debit Card
2026-05-24 16:16:00,9.0,Cash
2026-05-24 16:18:00,10.0,Cash
2026-05-24 16:28:00,9.0,Debit Card
2026-05-24 16:41:00,7.0,Pix
2026-05-24 16:43:00,18.0,Pix
2026-05-24 16:57:00,20.0,Credit Card
2026-05-24 16:58:00,11.0,Debit Card
2026-05-24 17:01:00,10.0,Cash
2026-05-24 17:09:00,53.0,Debit Card
2026-05-24 17:14:00,4.5,Cash
2026-05-24 17:21:00,25.0,Cash
2026-05-24 17:26:00,35.0,Debit Card
2026-05-24 17:33:00,22.0,Pix
2026-05-24 17:34:00,40.0,Pix
2026-05-24 17:47:00,18.0,Credit Card
2026-05-24 17:49:00,18.0,Credit Card
2026-05-24 17:50:00,14.0,Pix
2026-05-24 17:51:00,17.0,Pix
2026-05-24 18:00:00,9.0,Cash
2026-05-24 18:01:00,14.0,Pix
2026-05-24 18:03:00,4.5,Cash
2026-05-24 18:11:00,40.0,Pix
2026-05-24 18:22:00,9.0,Debit Card
2026-05-24 18:26:00,25.0,Cash
2026-05-24 18:31:00,10.0,Cash
2026-05-25 14:00:00,14.0,Pix
2026-05-25 14:00:00,4.5,Pix
2026-05-25 14:07:00,16.0,Credit Card
2026-05-25 14:16:00,14.0,Debit Card
2026-05-25 14:23:00,4.0,Cash
2026-05-25 14:31:00,14.0,Cash
2026-05-25 14:34:00,14.0,Pix
2026-05-25 14:34:00,10.0,Cash
2026-05-25 14:36:00,9.0,Cash
2026-05-25 14:37:00,7.0,Cash
2026-05-25 14:43:00,25.0,Cash
2026-05-25 14:46:00,25.0,Cash
2026-05-25 14:47:00,10.0,Cash
2026-05-25 14:48:00,7.0,Cash
2026-05-25 14:50:00,14.0,Credit Card
2026-05-25 14:54:00,29.0,Debit Card
2026-05-25 15:08:00,27.0,Pix
2026-05-25 15:20:00,11.0,Debit Card
2026-05-25 15:23:00,7.0,Pix
2026-05-25 15:25:00,4.0,Pix
2026-05-25 15:25:00,10.0,Credit Card
2026-05-25 15:31:00,22.0,Debit Card
2026-05-25 15:46:00,21.0,Cash
2026-05-25 16:11:00,7.0,Cash
2026-05-25 16:27:00,23.0,Cash
2026-05-25 16:34:00,30.0,Pix
2026-05-25 16:50:00,20.0,Pix
2026-05-25 16:57:00,7.0,Debit Card
2026-05-25 17:13:00,20.0,Credit Card
2026-05-25 17:15:00,20.0,Credit Card
2026-05-25 17:32:00,18.0,Pix
2026-05-25 17:56:00,11.0,Debit Card
2026-05-25 17:57:00,14.0,Cash
2026-05-25 18:11:00,29.0,Meal Voucher
2026-05-25 18:14:00,24.0,Cash
2026-05-25 18:36:00,30.0,Credit Card
2026-05-26 15:10:00,18.0,Credit Card
2026-05-26 15:13:00,14.0,Pix
2026-05-26 15:28:00,10.0,Debit Card
2026-05-26 15:28:00,7.0,Pix
2026-05-26 15:41:00,14.0,Debit Card
2026-05-26 15:44:00,28.0,Pix
2026-05-26 15:49:00,20.0,Cash
2026-05-26 15:59:00,14.0,Cash
2026-05-26 16:20:00,7.0,Pix
2026-05-26 16:37:00,58.0,Credit Card
2026-05-26 16:37:00,10.0,Cash
2026-05-26 16:58:00,16.0,Debit Card
2026-05-26 17:20:00,11.0,Cash
2026-05-26 17:52:00,15.0,Debit Card
2026-05-26 18:01:00,50.0,Cash
2026-05-26 18:17:00,22.0,Debit Card
2026-05-27 14:24:00,28.0,Debit Card
2026-05-27 14:24:00,9.0,Cash
2026-05-27 14:34:00,9.0,Cash
2026-05-27 14:45:00,10.0,Debit Card
2026-05-27 14:57:00,11.0,Cash
2026-05-27 14:59:00,27.0,Cash
2026-05-27 15:28:00,14.0,Debit Card
2026-05-27 15:36:00,14.0,Debit Card
2026-05-27 15:37:00,27.0,Credit Card
2026-05-27 15:43:00,11.0,Cash
2026-05-27 15:49:00,8.5,Cash
2026-05-27 15:52:00,18.0,Cash
2026-05-27 16:01:00,11.0,Pix
2026-05-27 16:10:00,14.0,Pix
2026-05-27 16:16:00,7.0,Pix
2026-05-27 16:27:00,11.0,Pix
2026-05-27 16:32:00,20.0,Debit Card
2026-05-27 16:35:00,9.0,Cash
2026-05-27 16:37:00,11.0,Credit Card
2026-05-27 16:46:00,7.0,Debit Card
2026-05-27 16:52:00,31.0,Cash
2026-05-27 17:57:00,10.0,Cash
2026-05-27 18:05:00,11.0,Pix
2026-05-27 18:10:00,7.0,Debit Card
2026-05-27 18:18:00,20.0,Credit Card
2026-05-27 18:26:00,7.0,Credit Card
2026-05-27 18:37:00,14.0,Credit Card
2026-05-28 13:58:00,4.5,Debit Card
2026-05-28 14:19:00,7.0,Cash
2026-05-28 14:40:00,7.0,Cash
2026-05-28 14:41:00,9.0,Debit Card
2026-05-28 14:42:00,18.0,Pix
2026-05-28 14:47:00,4.0,Debit Card
2026-05-28 14:48:00,14.0,Cash
2026-05-28 15:24:00,16.0,Cash
2026-05-28 15:29:00,16.0,Pix
2026-05-28 15:37:00,18.0,Pix
2026-05-28 15:40:00,34.0,Credit Card
2026-05-28 15:42:00,11.0,Cash
2026-05-28 16:09:00,16.0,Debit Card
2026-05-28 16:12:00,4.0,Cash
2026-05-28 16:16:00,14.0,Pix
2026-05-28 16:24:00,30.0,Debit Card
2026-05-28 16:28:00,22.0,Cash
2026-05-28 16:30:00,18.0,Debit Card
2026-05-28 16:35:00,16.0,Debit Card
2026-05-28 16:38:00,18.0,Cash
2026-05-28 16:43:00,10.0,Pix
2026-05-28 16:55:00,11.0,Credit Card
2026-05-28 16:58:00,10.0,Cash
2026-05-28 16:59:00,4.0,Cash
2026-05-28 17:00:00,14.0,Debit Card
2026-05-28 17:32:00,35.0,Cash
2026-05-28 17:37:00,10.0,Cash
2026-05-28 17:40:00,13.0,Cash
2026-05-28 17:54:00,11.0,Cash
2026-05-28 18:02:00,11.0,Pix
2026-05-28 18:17:00,7.0,Cash
2026-05-28 18:19:00,4.0,Debit Card
2026-05-28 18:35:00,10.0,Debit Card
2026-05-28 18:56:00,7.0,Debit Card
2026-05-28 18:58:00,11.0,Cash
2026-05-28 19:03:00,20.0,Debit Card
2026-05-29 13:59:00,15.0,Cash
2026-05-29 14:19:00,4.5,Cash
2026-05-29 14:22:00,20.0,Pix
2026-05-29 14:26:00,20.0,Pix
2026-05-29 14:39:00,9.0,Pix
2026-05-29 14:47:00,9.0,Pix
2026-05-29 14:49:00,9.0,Pix
2026-05-29 14:55:00,18.0,Debit Card
2026-05-29 14:58:00,11.0,Debit Card
2026-05-29 15:14:00,5.0,Cash
2026-05-29 15:31:00,23.0,Cash
2026-05-29 15:47:00,4.0,Cash
2026-05-29 15:52:00,7.0,Debit Card
2026-05-29 15:53:00,16.0,Pix
2026-05-29 15:56:00,4.0,Pix
2026-05-29 16:08:00,10.0,Credit Card
2026-05-29 16:34:00,23.0,Debit Card
2026-05-29 16:39:00,10.0,Pix
2026-05-29 16:41:00,7.0,Debit Card
2026-05-29 16:47:00,10.0,Pix
2026-05-29 17:01:00,18.0,Cash
2026-05-29 17:03:00,10.0,On Credit
2026-05-29 17:07:00,10.0,Debit Card
2026-05-29 17:12:00,14.0,Debit Card
2026-05-29 17:26:00,40.0,Debit Card
2026-05-30 10:48:00,20.0,Credit Card
2026-05-30 11:17:00,11.0,Cash
2026-05-30 11:53:00,18.0,Cash
2026-05-30 11:56:00,7.0,Debit Card
2026-05-30 11:57:00,7.0,Pix
2026-05-30 12:45:00,14.0,Debit Card
2026-05-30 13:00:00,7.0,Pix
2026-05-30 13:11:00,4.0,Cash
2026-05-30 13:11:00,4.0,Cash
2026-05-30 13:32:00,7.0,Cash
2026-05-30 13:33:00,5.0,Cash
2026-05-30 13:37:00,10.0,Cash
2026-05-30 13:38:00,10.0,Credit Card
2026-05-30 13:42:00,9.0,Cash
2026-05-30 13:47:00,7.0,Debit Card
2026-05-30 13:48:00,4.0,Cash
2026-05-30 13:56:00,7.0,Pix
2026-05-30 13:56:00,9.0,Pix
2026-05-30 14:08:00,7.0,Pix
2026-05-30 14:16:00,21.0,Cash
2026-05-30 14:17:00,4.0,Cash
2026-05-30 14:23:00,11.0,Debit Card
2026-05-30 14:26:00,7.0,Cash
2026-05-30 14:44:00,11.0,Credit Card
2026-05-30 14:47:00,4.0,Debit Card
2026-05-30 14:55:00,14.0,Cash
2026-05-30 14:57:00,7.0,Debit Card
2026-05-30 14:58:00,14.0,Cash
2026-05-30 14:59:00,4.0,Debit Card
2026-05-30 15:03:00,21.0,Cash
2026-05-30 15:04:00,7.0,Debit Card
2026-05-30 15:29:00,32.0,Debit Card
2026-05-30 15:34:00,22.0,Cash
2026-05-30 15:38:00,22.0,Credit Card
2026-05-30 15:44:00,30.0,Cash
2026-05-30 15:51:00,10.0,Cash
2026-05-30 16:01:00,32.0,Debit Card
2026-05-30 16:03:00,16.0,Debit Card
2026-05-30 16:08:00,38.0,Cash
2026-05-30 16:19:00,21.0,Cash
2026-05-30 16:26:00,33.0,Cash
2026-05-30 16:45:00,28.0,Pix
2026-05-30 17:19:00,20.0,Meal Voucher
2026-05-30 17:20:00,7.0,Debit Card
2026-05-30 17:35:00,14.0,Debit Card
2026-05-30 17:44:00,10.0,Credit Card
2026-05-30 17:59:00,30.0,Pix
2026-05-30 18:53:00,37.0,Pix
2026-05-31 14:40:00,14.0,Cash
2026-05-31 15:14:00,14.0,Cash
2026-05-31 15:14:00,20.0,Debit Card
2026-05-31 15:17:00,30.0,Debit Card
2026-05-31 15:37:00,25.0,Cash
2026-05-31 15:37:00,15.0,Meal Voucher
2026-05-31 15:50:00,20.0,Debit Card
2026-05-31 15:50:00,9.0,Cash
2026-05-31 15:52:00,15.0,Pix
2026-05-31 15:56:00,21.0,Cash
2026-05-31 15:59:00,21.0,Debit Card
2026-05-31 16:02:00,27.0,Debit Card
2026-05-31 16:07:00,14.0,Debit Card
2026-05-31 16:09:00,14.0,Debit Card
2026-05-31 16:15:00,34.0,Debit Card
2026-05-31 16:16:00,9.0,Cash
2026-05-31 16:17:00,9.0,Pix
2026-05-31 16:17:00,33.0,Pix
2026-05-31 16:27:00,21.0,Cash
2026-05-31 16:33:00,37.0,Pix
2026-05-31 16:33:00,30.0,Cash
2026-05-31 16:38:00,9.0,Credit Card
2026-05-31 16:48:00,7.0,Cash
2026-05-31 16:48:00,22.0,Credit Card
2026-05-31 16:52:00,16.0,Credit Card
2026-05-31 16:56:00,25.0,Debit Card
2026-05-31 16:59:00,5.0,Cash
2026-05-31 17:20:00,10.0,Pix
2026-05-31 17:20:00,4.0,Pix
2026-05-31 17:21:00,21.0,Credit Card
2026-05-31 17:34:00,30.0,Credit Card
2026-05-31 17:37:00,11.0,Debit Card
2026-05-31 17:45:00,18.0,Cash
2026-05-31 17:59:00,7.0,Pix
2026-05-31 18:27:00,11.0,Pix
2026-05-31 17:46:00,9.0,Pix
2026-06-01 13:57:00,14.0,Cash
2026-06-01 14:26:00,4.0,Cash
2026-06-01 14:44:00,7.0,Cash
2026-06-01 14:51:00,14.0,Cash
2026-06-01 15:00:00,16.0,Cash
2026-06-01 15:03:00,27.0,Pix
2026-06-01 15:07:00,25.0,Debit Card
2026-06-01 15:15:00,7.0,Cash
2026-06-01 15:19:00,20.0,Pix
2026-06-01 15:21:00,8.0,Debit Card
2026-06-01 15:32:00,25.0,Cash
2026-06-01 15:34:00,10.0,Cash
2026-06-01 15:41:00,10.0,Cash
2026-06-01 15:54:00,10.0,Pix
2026-06-01 16:10:00,7.0,Cash
2026-06-01 16:24:00,14.0,Cash
2026-06-01 16:26:00,7.0,Debit Card
2026-06-01 16:32:00,7.0,Cash
2026-06-01 16:33:00,8.0,Debit Card
2026-06-01 16:37:00,20.0,Cash
2026-06-01 16:41:00,10.0,Debit Card
2026-06-01 16:53:00,7.0,Credit Card
2026-06-01 17:08:00,29.0,Pix
2026-06-01 17:40:00,7.0,Debit Card
2026-06-01 17:48:00,4.0,Debit Card
2026-06-01 17:51:00,8.0,Credit Card
2026-06-01 18:00:00,8.0,Meal Voucher
2026-06-01 18:09:00,24.0,Pix
2026-06-01 18:26:00,22.0,Pix
2026-06-01 18:26:00,4.5,Cash
2026-06-01 18:52:00,10.0,Cash
2026-06-02 14:22:00,11.0,Cash
2026-06-02 14:25:00,32.0,Pix
2026-06-02 14:43:00,11.0,Pix
2026-06-02 14:47:00,51.0,Pix
2026-06-02 14:52:00,22.0,Pix
2026-06-02 14:56:00,40.0,Cash
2026-06-02 15:01:00,9.0,Cash
2026-06-02 15:04:00,16.0,Cash
2026-06-02 15:06:00,21.0,Debit Card
2026-06-02 15:07:00,14.0,Pix
2026-06-02 15:21:00,7.0,Cash
2026-06-02 15:27:00,10.0,Cash
2026-06-02 15:37:00,11.5,Pix
2026-06-02 15:38:00,16.0,Cash
2026-06-02 15:39:00,16.0,Meal Voucher
2026-06-02 16:09:00,16.0,Cash
2026-06-02 16:10:00,10.0,Debit Card
2026-06-02 16:16:00,14.0,Pix
2026-06-02 16:21:00,11.0,On Credit
2026-06-02 16:26:00,16.0,Cash
2026-06-02 16:28:00,28.0,Credit Card
2026-06-02 16:38:00,10.0,Debit Card
2026-06-02 16:38:00,10.0,Cash
2026-06-02 16:43:00,7.0,Pix
2026-06-02 17:16:00,10.0,Cash
2026-06-02 17:24:00,10.0,Cash
2026-06-02 17:25:00,7.0,Credit Card
2026-06-02 17:47:00,9.0,Cash
2026-06-02 17:49:00,14.0,Debit Card
2026-06-02 17:54:00,4.5,Pix
2026-06-02 18:16:00,11.0,Credit Card
2026-06-03 14:56:00,7.0,Debit Card
2026-06-03 14:12:00,7.0,Pix
2026-06-03 14:21:00,4.0,Pix
2026-06-03 14:53:00,10.0,Debit Card
2026-06-03 14:55:00,7.0,Pix
2026-06-03 15:50:00,9.0,Cash
2026-06-03 16:06:00,5.0,Cash
2026-06-03 16:20:00,18.0,Debit Card
2026-06-03 16:22:00,30.0,Cash
2026-06-03 16:28:00,7.0,Pix
2026-06-03 16:36:00,21.0,Cash
2026-06-03 17:27:00,11.0,Debit Card
2026-06-03 17:54:00,10.0,Meal Voucher
2026-06-03 17:57:00,20.0,Credit Card
2026-06-03 17:59:00,20.0,Pix
2026-06-03 18:14:00,10.0,Pix
2026-06-03 18:34:00,22.0,Pix
2026-06-03 18:42:00,11.0,Debit Card
2026-06-03 19:03:00,11.0,Cash
2026-06-03 15:33:00,7.0,Cash
2026-06-03 14:52:00,16.0,Cash
2026-06-03 15:30:00,10.0,Cash
2026-06-04 10:44:00,9.0,Debit Card
2026-06-04 10:49:00,7.0,Debit Card
2026-06-04 11:25:00,7.0,Cash
2026-06-04 12:05:00,7.0,Cash
2026-06-04 12:12:00,16.0,Credit Card
2026-06-04 12:17:00,4.0,Pix
2026-06-04 12:17:00,4.0,Cash
2026-06-04 12:18:00,7.0,Cash
2026-06-04 12:20:00,11.0,Cash
2026-06-04 12:37:00,13.0,Cash
2026-06-04 12:55:00,16.0,Credit Card
2026-06-04 13:27:00,7.0,Pix
2026-06-04 13:38:00,16.0,Debit Card
2026-06-04 13:47:00,20.0,Cash
2026-06-04 13:50:00,32.0,Pix
2026-06-04 13:56:00,4.0,Pix
2026-06-04 13:57:00,11.5,Debit Card
2026-06-04 14:04:00,8.0,Debit Card
2026-06-04 14:10:00,21.0,Credit Card
2026-06-04 14:11:00,16.0,Credit Card
2026-06-04 14:36:00,4.0,Debit Card
2026-06-04 14:42:00,4.0,Cash
2026-06-04 14:37:00,10.0,Credit Card
2026-06-04 14:48:00,4.0,Cash
2026-06-04 15:07:00,9.0,Cash
2026-06-04 15:15:00,14.0,Credit Card
2026-06-04 15:23:00,33.0,Credit Card
2026-06-04 15:23:00,7.0,Cash
2026-06-04 15:26:00,16.0,Cash
2026-06-04 15:37:00,14.0,Debit Card
2026-06-04 15:38:00,7.0,Debit Card
2026-06-04 15:40:00,10.0,Pix
2026-06-04 15:41:00,4.0,Debit Card
2026-06-04 15:44:00,28.0,Debit Card
2026-06-04 15:50:00,28.0,Pix
2026-06-04 15:56:00,16.0,Debit Card
2026-06-04 16:01:00,14.0,Pix
2026-06-04 16:05:00,30.0,Debit Card
2026-06-04 16:09:00,21.0,Pix
2026-06-04 16:10:00,14.0,Credit Card
2026-06-04 16:11:00,9.0,Pix
2026-06-04 16:15:00,29.0,Debit Card
2026-06-04 16:15:00,23.0,Debit Card
2026-06-04 16:17:00,22.0,Meal Voucher
2026-06-04 16:24:00,16.0,Cash
2026-06-04 16:26:00,16.0,Debit Card
2026-06-04 16:28:00,19.0,Credit Card
2026-06-04 16:33:00,7.0,Meal Voucher
2026-06-04 16:35:00,7.0,Pix
2026-06-04 16:36:00,14.0,Credit Card
2026-06-04 16:38:00,24.0,Cash
2026-06-04 16:44:00,14.0,Pix
2026-06-04 16:45:00,7.0,Cash
2026-06-04 16:47:00,14.0,Cash
2026-06-04 16:51:00,4.0,Pix
2026-06-04 17:00:00,33.0,Pix
2026-06-04 17:05:00,22.0,Debit Card
2026-06-04 17:05:00,10.0,Debit Card
2026-06-04 17:06:00,32.0,Pix
2026-06-04 17:10:00,7.0,Cash
2026-06-04 17:17:00,29.0,Cash
2026-06-04 17:20:00,21.0,Debit Card
2026-06-04 17:22:00,11.0,Cash
2026-06-04 17:25:00,10.0,Credit Card
2026-06-04 17:30:00,11.0,Debit Card
2026-06-04 17:31:00,7.0,Cash
2026-06-04 17:34:00,10.0,Debit Card
2026-06-04 17:38:00,9.0,Cash
2026-06-04 17:38:00,14.0,Cash
2026-06-04 17:50:00,20.0,Cash
2026-06-04 17:58:00,20.0,Cash
2026-06-04 18:09:00,10.0,Pix
2026-06-04 18:11:00,16.0,Debit Card
2026-06-04 18:12:00,10.0,Pix
2026-06-04 18:12:00,10.0,Credit Card
2026-06-04 18:26:00,11.0,Pix
2026-06-05 13:21:00,20.0,Cash
2026-06-05 13:21:00,7.0,Cash
2026-06-05 13:35:00,14.0,Debit Card
2026-06-05 13:41:00,4.0,Debit Card
2026-06-05 13:45:00,9.0,Credit Card
2026-06-05 13:56:00,4.5,Credit Card
2026-06-05 14:15:00,7.0,Cash
2026-06-05 14:32:00,10.0,Cash
2026-06-05 14:35:00,7.0,Debit Card
2026-06-05 14:39:00,17.0,Pix
2026-06-05 14:41:00,25.0,Cash
2026-06-05 14:45:00,9.0,Credit Card
2026-06-05 14:51:00,11.0,Cash
2026-06-05 15:03:00,10.0,Meal Voucher
2026-06-05 15:09:00,7.0,Debit Card
2026-06-05 15:17:00,12.0,Cash
2026-06-05 15:26:00,16.0,Debit Card
2026-06-05 15:34:00,16.0,Cash
2026-06-05 15:37:00,23.0,Pix
2026-06-05 15:37:00,11.0,Meal Voucher
2026-06-05 15:45:00,20.0,Pix
2026-06-05 15:48:00,10.0,Pix
2026-06-05 15:56:00,7.0,Cash
2026-06-05 15:57:00,8.0,Cash
2026-06-05 15:57:00,10.0,Credit Card
2026-06-05 15:58:00,10.0,Meal Voucher
2026-06-05 16:04:00,11.0,Cash
2026-06-05 16:05:00,7.0,Cash
2026-06-05 16:12:00,4.0,Pix
2026-06-05 16:17:00,5.0,Meal Voucher
2026-06-05 16:20:00,4.5,Cash
2026-06-05 16:26:00,9.0,Cash
2026-06-05 16:28:00,20.0,Credit Card
2026-06-05 16:31:00,14.0,Cash
2026-06-05 16:34:00,21.0,Debit Card
2026-06-05 16:34:00,16.0,Meal Voucher
2026-06-05 16:37:00,20.0,Debit Card
2026-06-05 16:56:00,7.0,Cash
2026-06-05 17:02:00,18.0,Pix
2026-06-05 17:07:00,20.0,Cash
2026-06-05 17:15:00,10.0,Pix
2026-06-05 17:47:00,27.0,Debit Card
2026-06-05 18:03:00,11.0,Debit Card
2026-06-05 18:12:00,30.0,Credit Card
2026-06-05 18:30:00,35.0,Credit Card
2026-06-05 18:39:00,18.0,Credit Card
2026-06-06 10:41:00,20.0,Cash
2026-06-06 10:43:00,10.0,Cash
2026-06-06 10:57:00,21.0,Pix
2026-06-06 11:14:00,8.0,Debit Card
2026-06-06 11:24:00,4.0,Cash
2026-06-06 11:26:00,11.0,Debit Card
2026-06-06 12:36:00,4.5,Credit Card
2026-06-06 12:39:00,21.0,Pix
2026-06-06 12:44:00,10.0,Cash
2026-06-06 12:55:00,18.0,Debit Card
2026-06-06 12:59:00,7.0,Credit Card
2026-06-06 13:02:00,22.0,Pix
2026-06-06 13:22:00,18.0,Credit Card
2026-06-06 13:24:00,10.0,Cash
2026-06-06 13:27:00,14.0,Cash
2026-06-06 13:51:00,9.0,Cash
2026-06-06 13:54:00,21.0,Debit Card
2026-06-06 14:00:00,14.0,Debit Card
2026-06-06 14:05:00,40.0,Credit Card
2026-06-06 14:05:00,8.0,Cash
2026-06-06 14:08:00,4.5,Debit Card
2026-06-06 14:10:00,9.0,Debit Card
2026-06-06 14:11:00,23.0,Debit Card
2026-06-06 14:16:00,7.0,Cash
2026-06-06 14:20:00,23.0,Pix
2026-06-06 14:22:00,18.0,Debit Card
2026-06-06 14:27:00,4.0,Cash
2026-06-06 14:45:00,28.0,Cash
2026-06-06 14:46:00,7.0,Cash
2026-06-06 15:03:00,18.0,Cash
2026-06-06 15:11:00,4.5,Cash
2026-06-06 15:15:00,7.0,Credit Card
2026-06-06 15:17:00,16.0,Pix
2026-06-06 15:17:00,10.0,Pix
2026-06-06 15:22:00,10.0,Credit Card
2026-06-06 15:30:00,16.0,Pix
2026-06-06 15:31:00,9.0,Cash
2026-06-06 15:32:00,25.0,Pix
2026-06-06 15:36:00,18.0,Meal Voucher
2026-06-06 15:40:00,27.0,Credit Card
2026-06-06 15:53:00,30.0,Debit Card
2026-06-06 16:02:00,18.0,Pix
2026-06-06 16:11:00,14.0,Debit Card
2026-06-06 16:12:00,14.0,Debit Card
2026-06-06 16:33:00,7.0,Debit Card
2026-06-06 16:36:00,28.0,Debit Card
2026-06-06 16:57:00,11.0,Pix
2026-06-06 17:04:00,18.0,Debit Card
2026-06-06 17:07:00,21.0,Cash
2026-06-06 17:08:00,21.0,Credit Card
2026-06-06 17:10:00,7.0,Meal Voucher
2026-06-06 17:12:00,18.0,Debit Card
2026-06-06 17:13:00,7.0,Credit Card
2026-06-06 17:14:00,9.0,Debit Card
2026-06-06 17:14:00,7.0,Debit Card
2026-06-06 17:17:00,7.0,Debit Card
2026-06-06 17:34:00,7.0,Credit Card
2026-06-06 17:36:00,13.0,Debit Card
2026-06-06 17:53:00,7.0,Credit Card
2026-06-06 18:40:00,7.0,Cash
2026-06-06 18:44:00,16.0,Pix
2026-06-07 14:52:00,10.0,Credit Card
2026-06-07 14:56:00,7.0,Cash
2026-06-07 15:17:00,14.0,Pix
2026-06-07 15:18:00,10.0,Cash
2026-06-07 15:21:00,14.0,Cash
2026-06-07 15:23:00,18.0,Debit Card
2026-06-07 15:27:00,39.0,Multiple
2026-06-07 15:36:00,29.0,Pix
2026-06-07 15:41:00,14.0,Pix
2026-06-07 15:45:00,25.0,Debit Card
2026-06-07 15:53:00,34.0,Debit Card
2026-06-07 15:55:00,11.0,Debit Card
2026-06-07 15:57:00,18.0,Debit Card
2026-06-07 16:07:00,9.0,Pix
2026-06-07 16:09:00,9.0,Cash
2026-06-07 16:16:00,16.0,Cash
2026-06-07 16:16:00,4.0,Pix
2026-06-07 16:18:00,20.0,Pix
2026-06-07 16:20:00,26.0,Pix
2026-06-07 16:21:00,9.0,Credit Card
2026-06-07 16:22:00,20.0,Cash
2026-06-07 16:24:00,27.0,Cash
2026-06-07 16:28:00,32.0,Cash
2026-06-07 16:36:00,7.0,Cash
2026-06-07 16:38:00,7.0,Cash
2026-06-07 16:39:00,10.0,Pix
2026-06-07 16:44:00,24.0,Meal Voucher
2026-06-07 16:50:00,28.0,Debit Card
2026-06-07 16:55:00,24.0,Debit Card
2026-06-07 17:09:00,18.0,Debit Card
2026-06-07 17:12:00,25.0,Pix
2026-06-07 17:13:00,25.0,Debit Card
2026-06-07 17:17:00,11.0,Pix
2026-06-07 17:17:00,10.0,Pix
2026-06-07 17:19:00,10.0,Cash
2026-06-07 17:36:00,10.0,Debit Card
2026-06-07 17:43:00,11.0,Debit Card
2026-06-07 17:44:00,10.0,Cash
2026-06-07 17:46:00,50.0,Debit Card
2026-06-07 17:53:00,34.0,Debit Card
2026-06-07 17:54:00,30.0,Cash
2026-06-07 17:56:00,11.0,Cash
2026-06-07 17:56:00,20.0,Cash
2026-06-07 18:10:00,41.0,Cash
2026-06-07 18:20:00,48.0,Debit Card
2026-06-07 18:21:00,10.0,Pix
2026-06-07 18:34:00,27.0,Debit Card
2026-06-07 18:35:00,9.0,Credit Card
2026-06-07 18:40:00,18.0,Cash
2026-06-08 14:12:00,32.0,Cash
2026-06-08 14:19:00,15.0,Pix
2026-06-08 14:25:00,18.0,Credit Card
2026-06-08 14:30:00,27.0,Credit Card
2026-06-08 14:39:00,25.0,Debit Card
2026-06-08 14:39:00,4.5,Debit Card
2026-06-08 15:01:00,9.0,Cash
2026-06-08 15:17:00,7.0,Pix
2026-06-08 15:17:00,4.5,Cash
2026-06-08 15:27:00,40.0,Pix
2026-06-08 15:35:00,11.0,Cash
2026-06-08 15:37:00,9.0,Debit Card
2026-06-08 15:41:00,20.0,Pix
2026-06-08 16:06:00,23.0,Cash
2026-06-08 16:07:00,7.0,Credit Card
2026-06-08 16:07:00,14.0,Cash
2026-06-08 16:09:00,20.0,Pix
2026-06-08 16:14:00,7.0,Debit Card
2026-06-08 16:20:00,4.0,Cash
2026-06-08 16:21:00,14.0,Cash
2026-06-08 16:23:00,4.0,Cash
2026-06-08 16:24:00,14.0,Debit Card
2026-06-08 16:39:00,9.0,Debit Card
2026-06-08 16:53:00,7.0,Pix
2026-06-08 16:54:00,7.0,Debit Card
2026-06-08 16:57:00,7.0,Cash
2026-06-08 17:00:00,7.0,Debit Card
2026-06-08 17:01:00,14.0,Debit Card
2026-06-08 17:05:00,22.0,Cash
2026-06-08 17:07:00,9.0,Debit Card
2026-06-08 17:28:00,20.0,Pix
2026-06-08 17:31:00,9.0,Debit Card
2026-06-08 17:32:00,9.0,Pix
2026-06-08 18:04:00,16.0,Pix
2026-06-08 18:13:00,21.0,Cash
2026-06-08 18:14:00,11.0,Debit Card
2026-06-08 18:16:00,24.0,Pix
2026-06-08 18:24:00,11.0,Cash
2026-06-09 14:02:00,11.0,Debit Card
2026-06-09 14:03:00,16.0,Pix
2026-06-09 14:17:00,7.0,Debit Card
2026-06-09 14:18:00,9.0,Debit Card
2026-06-09 14:27:00,20.0,Debit Card
2026-06-09 14:45:00,7.0,Cash
2026-06-09 14:58:00,14.0,Debit Card
2026-06-09 15:04:00,9.0,Cash
2026-06-09 15:05:00,9.0,Debit Card
2026-06-09 15:19:00,20.0,Cash
2026-06-09 15:26:00,11.0,Cash
2026-06-09 15:38:00,7.0,Cash
2026-06-09 15:39:00,10.0,Pix
2026-06-09 15:44:00,7.0,Cash
2026-06-09 15:45:00,16.0,Meal Voucher
2026-06-09 15:47:00,9.0,Debit Card
2026-06-09 15:59:00,28.0,Pix
2026-06-09 16:02:00,16.0,Debit Card
2026-06-09 16:13:00,10.0,Meal Voucher
2026-06-09 16:20:00,9.0,Cash
2026-06-09 16:25:00,4.0,Pix
2026-06-09 16:37:00,18.0,Debit Card
2026-06-09 16:54:00,14.0,Cash
2026-06-09 16:57:00,16.0,Pix
2026-06-09 16:57:00,14.0,Cash
2026-06-09 17:05:00,14.0,Cash
2026-06-09 17:06:00,9.0,Debit Card
2026-06-09 17:07:00,11.0,Cash
2026-06-09 17:44:00,25.0,Pix
2026-06-09 17:49:00,10.0,Debit Card
2026-06-09 18:02:00,30.0,Cash
2026-06-09 18:03:00,10.0,Cash
2026-06-09 18:16:00,60.0,Cash
2026-06-09 18:22:00,11.0,Cash
2026-06-09 18:29:00,10.0,Cash
2026-06-11 14:56:00,20.0,Pix
2026-06-11 15:58:00,16.0,Meal Voucher
2026-06-12 14:29:00,18.0,Debit Card
2026-06-12 14:41:00,14.0,Pix
2026-06-12 14:54:00,7.0,Cash
2026-06-12 14:54:00,30.0,Pix
2026-06-12 15:01:00,11.0,Debit Card
2026-06-12 15:03:00,20.0,Debit Card
2026-06-12 15:08:00,14.0,Debit Card
2026-06-12 15:11:00,7.0,Debit Card
2026-06-12 15:12:00,10.0,Debit Card
2026-06-12 15:15:00,14.0,Credit Card
2026-06-12 15:42:00,7.0,Credit Card
2026-06-12 15:43:00,7.0,Credit Card
2026-06-12 15:56:00,16.0,Debit Card
2026-06-12 16:03:00,11.0,Cash
2026-06-12 16:07:00,23.0,Debit Card
2026-06-12 16:07:00,22.0,Debit Card
2026-06-12 16:10:00,10.0,Cash
2026-06-12 16:14:00,10.0,Pix
2026-06-12 16:18:00,20.0,Cash
2026-06-12 16:26:00,7.0,Credit Card
2026-06-12 16:58:00,7.0,Debit Card
2026-06-12 16:58:00,10.0,Debit Card
2026-06-12 17:03:00,25.0,Pix
2026-06-12 17:26:00,11.0,Cash
2026-06-12 18:05:00,14.0,Meal Voucher
2026-06-12 18:13:00,20.0,Pix
2026-06-13 10:42:00,21.0,Pix
2026-06-13 10:48:00,4.0,Cash
2026-06-13 11:11:00,8.0,Credit Card
2026-06-13 11:28:00,16.0,Cash
2026-06-13 11:59:00,4.0,Credit Card
2026-06-13 12:02:00,8.5,Pix
2026-06-13 12:29:00,30.0,Cash
2026-06-13 12:35:00,22.0,Credit Card
2026-06-13 13:00:00,7.0,Credit Card
2026-06-13 13:00:00,10.0,Debit Card
2026-06-13 13:09:00,11.0,Cash
2026-06-13 13:28:00,22.0,Credit Card
2026-06-13 13:31:00,55.0,Multiple
2026-06-13 13:54:00,9.0,Credit Card
2026-06-13 14:17:00,11.0,Credit Card
2026-06-13 14:18:00,7.0,Debit Card
2026-06-13 14:23:00,22.0,Cash
2026-06-13 14:27:00,10.0,Credit Card
2026-06-13 14:32:00,18.0,Credit Card
2026-06-13 14:43:00,15.5,Credit Card
2026-06-13 14:52:00,20.0,Pix
2026-06-13 14:55:00,4.5,Cash
2026-06-13 15:07:00,18.0,Debit Card
2026-06-13 15:08:00,11.0,Debit Card
2026-06-13 15:20:00,27.0,Debit Card
2026-06-13 15:24:00,27.0,Debit Card
2026-06-13 15:25:00,16.0,Credit Card
2026-06-13 15:29:00,7.0,Cash
2026-06-13 15:30:00,9.0,Credit Card
2026-06-13 15:32:00,22.0,Debit Card
2026-06-13 15:33:00,31.0,Cash
2026-06-13 15:37:00,9.0,Cash
2026-06-13 15:43:00,4.0,Cash
2026-06-13 15:51:00,7.0,Credit Card
2026-06-13 15:52:00,9.0,Meal Voucher
2026-06-13 16:00:00,25.0,Cash
2026-06-13 16:00:00,24.0,Debit Card
2026-06-13 16:03:00,4.0,Cash
2026-06-13 16:08:00,14.5,Pix
2026-06-13 16:10:00,7.0,Pix
2026-06-13 16:17:00,10.0,Cash
2026-06-13 16:22:00,18.0,Credit Card
2026-06-13 16:24:00,11.0,Cash
2026-06-13 16:26:00,7.0,Debit Card
2026-06-13 16:27:00,29.0,Cash
2026-06-13 16:27:00,10.0,Cash
2026-06-13 16:48:00,14.0,Credit Card
2026-06-13 16:55:00,44.0,Meal Voucher
2026-06-13 16:56:00,7.0,Debit Card
2026-06-13 17:06:00,11.0,Credit Card
2026-06-13 17:12:00,14.0,Pix
2026-06-13 17:16:00,30.0,Pix
2026-06-13 17:35:00,10.0,Cash
2026-06-13 17:38:00,21.0,Pix
2026-06-13 17:39:00,8.0,Pix
2026-06-13 17:43:00,9.0,Cash
2026-06-13 17:44:00,10.0,Cash
2026-06-13 17:49:00,14.0,Cash
2026-06-14 14:50:00,16.0,Credit Card
2026-06-14 15:16:00,10.0,Cash
2026-06-14 15:21:00,7.0,Pix
2026-06-14 15:51:00,4.0,Debit Card
2026-06-14 15:51:00,8.0,Cash
2026-06-14 15:52:00,20.0,Pix
2026-06-14 16:01:00,14.0,Pix
2026-06-14 16:03:00,9.0,Debit Card
2026-06-14 16:04:00,7.0,Cash
2026-06-14 16:04:00,11.0,Cash
2026-06-14 16:16:00,42.0,Debit Card
2026-06-14 16:23:00,20.0,Debit Card
2026-06-14 16:25:00,16.0,Pix
2026-06-14 16:26:00,10.0,Pix
2026-06-14 16:28:00,20.0,Pix
2026-06-14 16:31:00,9.0,Pix
2026-06-14 16:46:00,10.0,Credit Card
2026-06-14 16:55:00,9.0,Cash
2026-06-14 16:57:00,18.0,Pix
2026-06-14 17:34:00,27.0,Credit Card
2026-06-14 17:45:00,14.0,Cash
2026-06-14 17:46:00,14.0,Debit Card
2026-06-14 17:58:00,14.0,Credit Card
2026-06-14 18:03:00,21.0,Cash
2026-06-15 14:28:00,11.0,Meal Voucher
2026-06-15 14:30:00,11.0,Cash
2026-06-15 14:33:00,7.0,Pix
2026-06-15 14:42:00,24.0,Debit Card
2026-06-15 15:04:00,4.0,Cash
2026-06-15 15:11:00,16.0,Credit Card
2026-06-15 15:30:00,21.0,Pix
2026-06-15 15:31:00,7.0,Debit Card
2026-06-15 15:38:00,32.0,Pix
2026-06-15 15:41:00,11.0,Credit Card
2026-06-15 15:44:00,32.0,Pix
2026-06-15 16:22:00,10.0,Debit Card
2026-06-15 16:28:00,24.0,Debit Card
2026-06-15 16:33:00,9.0,Cash
2026-06-15 16:41:00,10.0,Cash
2026-06-15 17:11:00,30.0,Pix
2026-06-15 17:25:00,18.0,Pix
2026-06-15 17:27:00,18.0,Pix
2026-06-15 17:46:00,10.0,Pix
2026-06-15 17:53:00,10.0,Debit Card
2026-06-15 18:01:00,20.0,Pix
2026-06-15 18:10:00,7.0,Debit Card
2026-06-15 18:19:00,10.0,Pix
2026-06-15 18:28:00,31.0,Pix
2026-06-16 14:17:00,4.0,Cash
2026-06-16 15:23:00,14.0,Cash
2026-06-16 15:38:00,21.0,Meal Voucher
2026-06-16 16:23:00,9.0,Pix
2026-06-16 16:29:00,7.0,Cash
2026-06-16 17:07:00,16.0,Cash
2026-06-16 17:17:00,14.5,Debit Card
2026-06-16 17:32:00,11.0,Pix
2026-06-16 17:35:00,10.0,Cash
2026-06-16 17:36:00,11.0,Debit Card
2026-06-16 17:45:00,16.0,Meal Voucher
2026-06-16 18:00:00,14.0,Credit Card
2026-06-16 18:02:00,11.0,Debit Card
2026-06-16 18:18:00,28.0,Cash
2026-06-16 18:22:00,20.0,Multiple
2026-06-16 18:33:00,20.0,Cash
2026-06-16 18:35:00,9.0,Cash
2026-06-17 13:23:00,7.0,Cash
2026-06-17 13:45:00,18.0,Debit Card
2026-06-17 13:55:00,4.0,Debit Card
2026-06-17 14:01:00,4.5,Pix
2026-06-17 14:03:00,6.0,Cash
2026-06-17 14:12:00,16.0,Pix
2026-06-17 14:37:00,16.0,Cash
2026-06-17 14:38:00,10.0,Cash
2026-06-17 15:39:00,11.0,Credit Card
2026-06-17 15:45:00,9.0,Debit Card
2026-06-17 15:48:00,10.0,Cash
2026-06-17 16:14:00,10.0,Meal Voucher
2026-06-17 16:16:00,7.0,Pix
2026-06-17 16:39:00,9.0,Cash
2026-06-17 16:43:00,7.0,Cash
2026-06-17 17:07:00,7.0,Cash
2026-06-17 17:13:00,20.0,Cash
2026-06-17 17:13:00,4.0,Cash
2026-06-17 17:19:00,7.0,Cash
2026-06-17 17:20:00,7.0,Cash
2026-06-17 18:19:00,20.0,Pix
2026-06-17 18:25:00,11.0,Credit Card
2026-06-17 18:28:00,20.0,Pix
2026-06-17 18:32:00,10.0,Credit Card
2026-06-17 18:39:00,7.0,Pix
2026-06-17 18:52:00,10.0,Credit Card
2026-06-17 17:15:00,16.0,Cash
2026-06-18 14:15:00,10.0,Cash
2026-06-18 14:17:00,11.0,Cash
2026-06-18 14:58:00,11.0,Cash
2026-06-18 15:25:00,7.0,Cash
2026-06-18 15:30:00,10.0,Debit Card
2026-06-18 15:35:00,18.0,Debit Card
2026-06-18 15:41:00,28.0,Debit Card
2026-06-18 16:18:00,21.0,Cash
2026-06-18 16:38:00,10.0,Cash
2026-06-18 17:24:00,37.0,Cash
2026-06-18 17:55:00,4.0,Cash
2026-06-18 18:28:00,20.0,Credit Card
2026-06-18 18:39:00,10.0,Credit Card
2026-06-20 11:14:00,20.0,Credit Card
2026-06-20 11:21:00,62.0,Cash
2026-06-20 11:37:00,10.0,Debit Card
2026-06-20 11:38:00,4.0,Credit Card
2026-06-20 11:41:00,7.0,Credit Card
2026-06-20 11:56:00,10.0,Cash
2026-06-20 12:13:00,18.0,Cash
2026-06-20 12:14:00,4.5,Cash
2026-06-20 12:22:00,11.0,Debit Card
2026-06-20 12:41:00,9.0,Debit Card
2026-06-20 13:25:00,9.0,Pix
2026-06-20 13:54:00,16.0,Debit Card
2026-06-20 14:13:00,10.0,Pix
2026-06-20 14:34:00,22.0,Pix
2026-06-20 14:43:00,11.0,Debit Card
2026-06-20 14:51:00,10.0,Cash
2026-06-20 14:56:00,10.0,Cash
2026-06-20 15:04:00,27.0,Debit Card
2026-06-20 15:10:00,4.0,Debit Card
2026-06-20 15:13:00,10.0,Debit Card
2026-06-20 15:28:00,10.0,Pix
2026-06-20 15:33:00,14.0,Debit Card
2026-06-20 15:45:00,4.0,Debit Card
2026-06-20 15:44:00,7.0,Debit Card
2026-06-20 16:05:00,41.0,Cash
2026-06-20 16:12:00,28.0,Pix
2026-06-20 16:17:00,10.0,Meal Voucher
2026-06-20 16:22:00,7.0,Debit Card
2026-06-20 16:15:00,20.0,Debit Card
2026-06-20 16:36:00,11.0,Pix
2026-06-20 16:42:00,9.0,Cash
2026-06-20 16:57:00,7.0,Debit Card
2026-06-20 16:58:00,7.0,Cash
2026-06-20 17:05:00,24.0,Debit Card
2026-06-20 17:08:00,10.0,Pix
2026-06-20 17:10:00,7.0,Debit Card
2026-06-20 17:11:00,7.0,Cash
2026-06-20 17:18:00,7.0,Cash
2026-06-20 17:18:00,4.5,Meal Voucher
2026-06-20 17:22:00,11.0,Credit Card
2026-06-20 17:37:00,22.0,Pix
2026-06-20 17:37:00,30.0,Pix
2026-06-20 17:48:00,18.0,Cash
2026-06-20 17:49:00,9.0,Debit Card
2026-06-20 17:50:00,11.0,Cash
2026-06-20 18:11:00,30.0,Debit Card
2026-06-20 18:10:00,30.0,Cash
2026-06-20 18:26:00,7.0,Debit Card
2026-06-20 18:28:00,9.0,Credit Card
2026-06-20 18:49:00,50.0,Cash
2026-06-20 18:08:00,4.0,Pix
2026-06-20 16:32:00,18.0,Cash
2026-06-20 18:07:00,25.0,Cash
2026-06-21 15:10:00,9.0,Pix
2026-06-21 15:21:00,30.0,Meal Voucher
2026-06-21 15:26:00,24.5,Cash
2026-06-21 15:58:00,25.0,Cash
2026-06-21 16:02:00,18.0,Debit Card
2026-06-21 16:05:00,28.0,Cash
2026-06-21 16:11:00,18.0,Pix
2026-06-21 16:14:00,23.0,Pix
2026-06-21 16:24:00,14.0,Debit Card
2026-06-21 16:35:00,28.0,Pix
2026-06-21 17:17:00,20.0,Cash
2026-06-21 17:18:00,22.0,Credit Card
2026-06-21 17:22:00,7.0,Cash
2026-06-21 17:29:00,14.0,Cash
2026-06-21 17:31:00,11.0,Debit Card
2026-06-21 17:49:00,10.0,Cash
2026-06-21 17:58:00,28.0,Cash
2026-06-21 17:59:00,40.0,Debit Card
2026-06-23 13:56:00,9.0,Debit Card
2026-06-23 14:31:00,7.0,Debit Card
2026-06-23 14:35:00,7.0,Debit Card
2026-06-23 14:35:00,20.0,Cash
2026-06-23 14:39:00,7.0,Meal Voucher
2026-06-23 14:43:00,10.0,Cash
2026-06-23 15:05:00,17.0,Pix
2026-06-23 15:24:00,7.0,Pix
2026-06-23 15:29:00,7.0,Pix
2026-06-23 15:45:00,4.0,Credit Card
2026-06-23 15:48:00,7.0,Pix
2026-06-23 15:49:00,16.0,Debit Card
2026-06-23 15:50:00,11.0,Cash
2026-06-23 16:45:00,16.0,Debit Card
2026-06-23 16:48:00,26.5,Debit Card
2026-06-23 17:04:00,10.0,Pix
2026-06-23 17:12:00,14.0,Pix
2026-06-23 17:49:00,20.0,Pix
2026-06-23 18:10:00,18.0,Cash
2026-06-23 18:29:00,7.0,Debit Card
2026-06-24 14:25:00,4.0,Debit Card
2026-06-24 14:40:00,7.0,Cash
2026-06-24 14:41:00,10.0,Meal Voucher
2026-06-24 15:04:00,4.5,Pix
2026-06-24 15:08:00,14.0,Debit Card
2026-06-24 15:14:00,4.5,Pix
2026-06-24 15:20:00,7.0,Pix
2026-06-24 15:30:00,11.0,Cash
2026-06-24 15:41:00,11.0,Credit Card
2026-06-24 16:22:00,7.0,Cash
2026-06-24 16:51:00,11.0,Pix
2026-06-24 17:11:00,20.0,Debit Card
2026-06-24 17:16:00,10.0,Credit Card
2026-06-24 17:41:00,10.0,Cash
2026-06-24 17:48:00,10.0,Cash
2026-06-24 18:01:00,7.0,Debit Card
2026-06-24 18:14:00,20.0,Cash
2026-06-25 14:10:00,16.0,Pix
2026-06-25 14:54:00,25.0,Pix
2026-06-25 15:02:00,4.0,Cash
2026-06-25 15:06:00,4.0,Debit Card
2026-06-25 15:07:00,4.5,Debit Card
2026-06-25 15:51:00,16.0,Credit Card
2026-06-25 15:56:00,44.0,Debit Card
2026-06-25 16:42:00,15.0,Meal Voucher
2026-06-25 16:51:00,22.0,Cash
2026-06-25 17:04:00,11.5,Cash
2026-06-25 17:38:00,10.0,Debit Card
2026-06-25 17:41:00,18.0,Cash
2026-06-25 17:41:00,7.0,Pix
2026-06-25 17:45:00,10.0,Cash
2026-06-25 17:48:00,30.0,Meal Voucher
2026-06-25 18:07:00,11.0,Pix
2026-06-25 18:07:00,11.0,Cash
2026-06-25 18:19:00,4.0,Cash
2026-06-25 18:26:00,27.0,Debit Card
2026-06-25 18:30:00,20.0,Cash
2026-06-26 14:05:00,10.0,Cash
2026-06-26 14:16:00,22.0,Cash
2026-06-26 14:28:00,5.0,Cash
2026-06-26 14:34:00,20.0,Cash
2026-06-26 14:40:00,33.0,Cash
2026-06-26 14:49:00,18.0,Debit Card
2026-06-26 15:03:00,44.0,Pix
2026-06-26 15:04:00,11.0,Debit Card
2026-06-26 15:18:00,14.0,Cash
2026-06-26 15:51:00,10.0,Credit Card
2026-06-26 15:53:00,14.0,Cash
2026-06-26 15:56:00,9.0,Cash
2026-06-26 16:08:00,11.0,Cash
2026-06-26 16:28:00,18.0,Cash
2026-06-26 16:28:00,7.0,Debit Card
2026-06-26 16:40:00,30.0,Debit Card
2026-06-26 16:41:00,4.0,Cash
2026-06-26 16:50:00,21.0,Cash
2026-06-26 16:54:00,23.0,Pix
2026-06-26 17:02:00,40.0,Cash
2026-06-26 17:15:00,4.5,Cash
2026-06-26 17:57:00,7.0,Debit Card
2026-06-26 17:58:00,10.0,Cash
2026-06-26 20:06:00,14.0,Cash
2026-06-26 20:08:00,11.0,Cash
2026-06-26 20:09:00,14.0,Cash
2026-06-26 20:10:00,20.0,Cash
2026-06-26 20:11:00,15.0,Cash
2026-06-26 20:13:00,32.5,Cash
2026-06-26 20:14:00,16.0,Cash
2026-06-26 20:15:00,11.0,Cash
2026-06-26 20:16:00,14.0,Cash
2026-06-26 20:19:00,18.0,Cash
2026-06-26 20:26:00,11.0,Cash
2026-06-26 20:23:00,9.0,Cash
2026-06-26 20:22:00,9.0,Cash
2026-06-26 20:25:00,14.0,Cash
2026-06-26 20:29:00,14.0,Cash
2026-06-26 20:30:00,7.0,Cash
2026-06-26 20:27:00,22.0,Cash
2026-06-26 20:43:00,22.0,Cash
2026-06-26 20:28:00,16.0,Cash
2026-06-26 20:24:00,20.0,Cash
2026-06-26 20:51:00,11.0,Cash
2026-06-26 20:54:00,11.0,Cash
2026-06-26 20:58:00,11.0,Cash
2026-06-26 20:59:00,16.0,Cash
2026-06-26 21:42:00,16.0,Cash
2026-06-26 21:49:00,11.0,Cash
2026-06-26 21:49:00,11.0,Cash
2026-06-26 22:06:00,21.0,Cash
2026-06-26 22:08:00,9.0,Cash
2026-06-26 22:10:00,14.0,Cash
2026-06-26 22:10:00,10.0,Cash
2026-06-26 22:11:00,11.0,Cash
2026-06-26 22:12:00,19.0,Cash
2026-06-26 22:50:00,10.0,Cash
2026-06-26 23:15:00,11.0,Cash
2026-06-26 23:26:00,18.0,Cash
2026-06-26 15:40:00,18.0,Cash
2026-06-27 00:05:00,18.0,Cash
2026-06-27 00:06:00,7.0,Cash
2026-06-27 00:07:00,7.0,Cash
2026-06-27 00:08:00,16.0,Cash
2026-06-27 00:09:00,7.0,Cash
2026-06-27 00:10:00,14.0,Cash
2026-06-27 00:10:00,14.0,Cash
2026-06-27 00:11:00,16.0,Cash
2026-06-27 00:12:00,16.0,Cash
2026-06-27 00:12:00,16.0,Cash
2026-06-27 00:13:00,28.0,Cash
2026-06-27 00:14:00,16.0,Cash
2026-06-27 00:15:00,14.0,Cash
2026-06-27 00:16:00,7.0,Cash
2026-06-27 00:18:00,27.0,Cash
2026-06-27 00:18:00,7.0,Cash
2026-06-27 00:19:00,11.0,Cash
2026-06-27 00:20:00,11.0,Cash
2026-06-27 00:20:00,16.0,Cash
2026-06-27 00:21:00,7.0,Cash
2026-06-27 00:22:00,11.0,Cash
2026-06-27 00:23:00,14.0,Cash
2026-06-27 00:23:00,27.0,Cash
2026-06-27 00:25:00,11.0,Cash
2026-06-27 00:26:00,16.0,Cash
2026-06-27 00:28:00,16.0,Cash
2026-06-27 00:30:00,18.0,Cash
2026-06-27 00:30:00,11.0,Cash
2026-06-27 00:31:00,16.0,Cash
2026-06-27 00:31:00,7.0,Cash
2026-06-27 00:33:00,11.0,Cash
2026-06-27 00:36:00,11.0,Cash
2026-06-27 00:37:00,11.0,Cash
2026-06-27 00:43:00,20.0,Cash
2026-06-27 00:44:00,16.0,Cash
2026-06-27 00:46:00,16.0,Cash
2026-06-27 00:48:00,11.0,Cash
2026-06-27 00:51:00,9.0,Cash
2026-06-27 00:52:00,9.0,Cash
2026-06-27 00:53:00,16.0,Cash
2026-06-27 00:53:00,23.0,Cash
2026-06-27 00:54:00,10.0,Cash
2026-06-27 00:54:00,16.0,Cash
2026-06-27 00:56:00,10.0,Cash
2026-06-27 00:58:00,11.0,Cash
2026-06-27 01:00:00,14.0,Cash
2026-06-27 01:04:00,10.0,Cash
2026-06-27 01:06:00,24.0,Cash
2026-06-27 01:07:00,9.0,Cash
2026-06-27 01:08:00,15.0,Cash
2026-06-27 01:10:00,11.0,Cash
2026-06-27 01:15:00,11.0,Cash
2026-06-27 01:16:00,16.0,Cash
2026-06-27 01:18:00,4.5,Cash
2026-06-27 01:19:00,32.0,Cash
2026-06-27 01:20:00,10.0,Cash
2026-06-27 01:21:00,14.0,Cash
2026-06-27 01:21:00,14.0,Cash
2026-06-27 01:22:00,16.0,Cash
2026-06-27 01:22:00,11.0,Cash
2026-06-27 01:26:00,16.0,Cash
2026-06-27 01:26:00,11.0,Cash
2026-06-27 01:27:00,7.0,Cash
2026-06-27 01:27:00,9.0,Cash
2026-06-27 01:29:00,10.0,Cash
2026-06-27 01:29:00,11.0,Cash
2026-06-27 01:31:00,16.0,Cash
2026-06-27 01:33:00,11.0,Cash
2026-06-27 01:35:00,11.0,Cash
2026-06-27 01:35:00,10.0,Cash
2026-06-27 01:41:00,4.0,Cash
2026-06-27 01:48:00,9.0,Cash
2026-06-27 01:54:00,7.0,Cash
2026-06-27 02:01:00,14.0,Cash
2026-06-28 16:19:00,20.0,Pix
2026-06-28 16:27:00,9.0,Pix
2026-06-28 16:33:00,7.0,Credit Card
2026-06-28 16:43:00,54.0,Cash
2026-06-28 16:43:00,26.0,Credit Card
2026-06-28 17:07:00,4.0,Debit Card
2026-06-28 17:42:00,20.0,Debit Card
2026-06-29 15:00:00,16.0,Cash
2026-06-29 16:18:00,10.0,Cash
2026-06-29 16:20:00,10.0,Cash
2026-06-29 16:28:00,18.0,Debit Card
2026-06-29 16:33:00,9.0,Cash
2026-06-29 16:59:00,10.0,Cash
2026-06-29 17:22:00,28.0,Cash
2026-06-29 17:26:00,27.0,Cash
2026-06-29 17:40:00,9.0,Cash
2026-06-29 17:47:00,21.0,Cash
2026-06-29 17:56:00,11.0,Debit Card
2026-06-29 17:57:00,22.0,Debit Card
2026-06-30 14:21:00,11.0,Cash
2026-06-30 14:28:00,18.0,Cash
2026-06-30 15:01:00,7.0,Cash
2026-06-30 15:04:00,31.0,Cash
2026-06-30 15:15:00,22.0,Cash
2026-06-30 15:16:00,4.5,Cash
2026-06-30 15:17:00,4.5,Debit Card
2026-06-30 15:26:00,9.0,Cash
2026-06-30 15:30:00,4.0,Cash
2026-06-30 15:33:00,9.0,Cash
2026-06-30 16:23:00,14.0,Credit Card
2026-06-30 16:59:00,18.0,Debit Card
2026-06-30 17:02:00,10.0,Cash
2026-06-30 17:43:00,7.0,Cash
2026-06-30 17:52:00,7.0,Debit Card
2026-06-30 18:10:00,7.0,Debit Card
2026-06-30 18:18:00,10.0,Pix
2026-07-01 13:55:00,14.0,Pix
2026-07-01 13:55:00,10.0,Cash
2026-07-01 14:00:00,9.0,Cash
2026-07-01 14:13:00,14.0,Pix
2026-07-01 14:22:00,7.0,Cash
2026-07-01 14:31:00,7.0,Cash
2026-07-01 14:44:00,14.0,Debit Card
2026-07-01 14:46:00,18.0,Credit Card
2026-07-01 14:48:00,16.0,Meal Voucher
2026-07-01 14:56:00,39.0,Debit Card
2026-07-01 14:59:00,30.0,Credit Card
2026-07-01 15:04:00,18.0,Pix
2026-07-01 15:11:00,7.0,Cash
2026-07-01 15:16:00,8.5,Pix
2026-07-01 15:22:00,11.0,Credit Card
2026-07-01 15:30:00,11.5,Cash
2026-07-01 15:34:00,18.0,Credit Card
2026-07-01 15:36:00,11.0,Cash
2026-07-01 15:46:00,9.0,Pix
2026-07-01 15:49:00,36.0,Debit Card
2026-07-01 15:49:00,7.0,Debit Card
2026-07-01 15:51:00,7.0,Debit Card
2026-07-01 15:52:00,7.0,Cash
2026-07-01 15:54:00,20.0,Cash
2026-07-01 15:58:00,9.0,Debit Card
2026-07-01 16:01:00,4.0,Pix
2026-07-01 16:04:00,7.0,Pix
2026-07-01 16:05:00,4.0,Cash
2026-07-01 16:22:00,28.0,Pix
2026-07-01 16:22:00,10.0,Debit Card
2026-07-01 16:41:00,20.0,Debit Card
2026-07-01 16:45:00,18.0,Multiple
2026-07-01 16:46:00,4.0,Cash
2026-07-01 16:49:00,9.0,Debit Card
2026-07-01 16:52:00,20.0,Pix
2026-07-01 16:57:00,9.0,Debit Card
2026-07-01 17:16:00,7.0,Cash
2026-07-01 17:17:00,14.0,Debit Card
2026-07-01 17:39:00,11.0,Credit Card
2026-07-01 17:40:00,9.0,Credit Card
2026-07-01 17:41:00,24.0,Meal Voucher
2026-07-01 17:44:00,7.0,Pix
2026-07-01 17:47:00,18.0,Cash
2026-07-01 17:49:00,10.0,Debit Card
2026-07-01 17:53:00,20.0,Pix
2026-07-01 17:55:00,10.0,Pix
2026-07-01 17:58:00,10.0,Meal Voucher
2026-07-01 18:07:00,10.0,Pix
2026-07-01 18:12:00,7.0,Debit Card
2026-07-01 18:18:00,18.0,Credit Card
2026-07-01 18:38:00,14.5,Pix
2026-07-01 18:42:00,10.0,Cash
2026-07-01 18:50:00,21.0,Debit Card
2026-07-02 14:10:00,18.0,Credit Card
2026-07-02 14:28:00,10.0,Cash
2026-07-02 14:39:00,25.0,Pix
2026-07-02 15:33:00,9.0,Cash
2026-07-02 15:49:00,14.0,Pix
2026-07-02 15:57:00,9.0,Debit Card
2026-07-02 16:41:00,4.0,Pix
2026-07-02 17:03:00,14.0,Debit Card
2026-07-02 17:04:00,7.0,Cash
2026-07-02 17:12:00,7.0,Cash
2026-07-02 17:52:00,18.0,Cash
2026-07-02 17:55:00,10.0,Meal Voucher
2026-07-02 17:57:00,10.0,Cash
2026-07-02 18:11:00,10.0,Pix
2026-07-02 18:20:00,14.0,Debit Card
2026-07-02 18:31:00,10.0,Pix
2026-07-03 14:02:00,16.0,Cash
2026-07-03 14:37:00,4.0,Cash
2026-07-03 14:42:00,4.0,Cash
2026-07-03 14:48:00,9.0,Pix
2026-07-03 15:00:00,5.0,Cash
2026-07-03 15:07:00,20.0,Debit Card
2026-07-03 15:16:00,11.0,Credit Card
2026-07-03 15:20:00,9.0,Pix
2026-07-03 15:28:00,11.0,Debit Card
2026-07-03 15:38:00,4.0,Cash
2026-07-03 15:43:00,21.0,Debit Card
2026-07-03 16:04:00,7.0,Pix
2026-07-03 16:22:00,10.0,Debit Card
2026-07-03 16:36:00,10.0,Pix
2026-07-03 16:48:00,9.0,Credit Card
2026-07-03 16:49:00,7.0,Debit Card
2026-07-04 10:49:00,5.0,Pix
2026-07-04 11:24:00,22.0,Debit Card
2026-07-04 11:25:00,36.0,Debit Card
2026-07-04 11:34:00,8.0,Debit Card
2026-07-04 11:39:00,7.0,Cash
2026-07-04 11:41:00,7.0,Cash
2026-07-04 11:42:00,14.0,Debit Card
2026-07-04 11:46:00,7.0,Cash
2026-07-04 12:02:00,8.5,Pix
2026-07-04 12:23:00,11.0,Debit Card
2026-07-04 12:46:00,18.0,Cash
2026-07-04 12:47:00,10.0,Debit Card
2026-07-04 13:28:00,9.0,Cash
2026-07-04 13:30:00,7.0,Pix
2026-07-04 13:33:00,21.0,Pix
2026-07-04 13:38:00,11.0,Debit Card
2026-07-04 13:39:00,18.0,Credit Card
2026-07-04 13:42:00,9.0,Debit Card
2026-07-04 13:43:00,11.0,Debit Card
2026-07-04 13:46:00,18.0,Pix
2026-07-04 13:47:00,14.0,Cash
2026-07-04 13:52:00,7.0,Cash
2026-07-04 13:53:00,27.0,Debit Card
2026-07-04 13:58:00,14.0,Debit Card
2026-07-04 14:17:00,21.0,Debit Card
2026-07-04 14:23:00,32.0,Cash
2026-07-04 14:27:00,16.0,Pix
2026-07-04 14:35:00,36.0,Cash
2026-07-04 14:36:00,9.0,Cash
2026-07-04 14:37:00,18.0,Cash
2026-07-04 14:40:00,23.0,Debit Card
2026-07-04 14:49:00,11.0,Pix
2026-07-04 14:55:00,14.0,Debit Card
2026-07-04 14:55:00,41.0,Credit Card
2026-07-04 15:15:00,4.0,Cash
2026-07-04 15:20:00,11.0,Pix
2026-07-04 15:31:00,4.5,Pix
2026-07-04 15:36:00,21.0,Pix
2026-07-04 15:40:00,4.0,Debit Card
2026-07-04 15:40:00,20.0,Debit Card
2026-07-04 15:41:00,7.0,Debit Card
2026-07-04 15:46:00,7.0,Cash
2026-07-04 15:54:00,5.0,Debit Card
2026-07-04 15:57:00,11.0,Debit Card
2026-07-04 15:59:00,20.0,Debit Card
2026-07-04 16:01:00,8.0,Cash
2026-07-04 16:04:00,25.0,Cash
2026-07-04 16:07:00,20.0,Credit Card
2026-07-04 16:10:00,16.0,Debit Card
2026-07-04 16:16:00,4.5,Credit Card
2026-07-04 16:16:00,10.0,Meal Voucher
2026-07-04 16:19:00,14.0,Pix
2026-07-04 16:21:00,9.0,Pix
2026-07-04 16:21:00,9.0,Pix
2026-07-04 16:25:00,25.0,Cash
2026-07-04 16:26:00,7.0,Debit Card
2026-07-04 16:34:00,22.0,Cash
2026-07-04 16:34:00,25.0,Cash
2026-07-04 16:35:00,7.0,Pix
2026-07-04 16:38:00,8.0,Pix
2026-07-04 16:39:00,11.0,Cash
2026-07-04 16:46:00,4.0,Debit Card
2026-07-04 16:57:00,14.0,Debit Card
2026-07-04 16:58:00,9.0,Pix
2026-07-04 17:08:00,16.0,Cash
2026-07-04 17:13:00,18.0,Pix
2026-07-04 17:15:00,22.0,Pix
2026-07-04 17:17:00,11.0,Cash
2026-07-04 17:21:00,21.0,Debit Card
2026-07-04 17:23:00,21.0,Debit Card
2026-07-04 17:24:00,7.0,Pix
2026-07-04 17:27:00,10.0,Cash
2026-07-04 17:31:00,4.0,Cash
2026-07-04 17:35:00,43.0,Debit Card
2026-07-04 17:41:00,7.0,Debit Card
2026-07-04 17:41:00,10.0,Pix
2026-07-04 17:44:00,7.0,Pix
2026-07-04 17:48:00,14.0,Pix
2026-07-04 17:51:00,14.0,Pix
2026-07-04 17:53:00,20.0,Pix
2026-07-04 18:00:00,11.0,Cash
2026-07-04 18:02:00,20.0,Pix
2026-07-04 18:11:00,11.0,Pix
2026-07-04 18:16:00,29.0,Debit Card
2026-07-04 18:25:00,10.0,Cash
2026-07-06 14:23:00,10.0,Pix
2026-07-06 15:05:00,30.0,Debit Card
2026-07-06 15:15:00,9.0,Cash
2026-07-07 14:04:00,20.0,Pix
2026-07-07 14:09:00,11.0,Pix
2026-07-07 14:21:00,16.0,Cash
2026-07-07 14:42:00,10.0,Debit Card
2026-07-07 14:55:00,14.0,Pix
2026-07-07 15:11:00,10.0,Meal Voucher
2026-07-07 15:32:00,10.0,Pix
2026-07-07 15:46:00,14.0,Cash
2026-07-07 15:46:00,30.0,Debit Card
2026-07-07 16:10:00,14.0,Debit Card
2026-07-07 16:18:00,10.0,Cash
2026-07-07 16:22:00,52.0,Cash
2026-07-07 16:25:00,10.0,Pix
2026-07-07 17:06:00,10.0,Pix
2026-07-07 17:22:00,10.0,Meal Voucher
2026-07-07 17:29:00,10.0,Cash
2026-07-07 17:30:00,30.0,Debit Card
2026-07-07 17:36:00,11.0,Pix
2026-07-07 17:58:00,4.5,Cash
2026-07-07 18:01:00,14.0,Debit Card
2026-07-07 18:05:00,10.0,Cash
2026-07-08 14:20:00,7.0,Credit Card
2026-07-08 14:21:00,7.0,Cash
2026-07-08 14:22:00,9.0,Cash
2026-07-08 14:27:00,14.0,Cash
2026-07-08 14:29:00,24.0,Cash
2026-07-08 14:31:00,7.0,Pix
2026-07-08 14:32:00,20.5,Credit Card
2026-07-08 14:33:00,20.0,Cash
2026-07-08 14:39:00,13.0,Cash
2026-07-08 14:41:00,7.0,Pix
2026-07-08 14:42:00,7.0,Cash
2026-07-08 14:49:00,9.0,Cash
2026-07-08 14:51:00,14.0,Debit Card
2026-07-08 14:53:00,10.0,Cash
2026-07-08 14:55:00,7.0,Pix
2026-07-08 15:01:00,9.0,Debit Card
2026-07-08 15:09:00,4.5,Cash
2026-07-08 15:25:00,10.0,Cash
2026-07-08 15:27:00,14.0,Cash
2026-07-08 15:28:00,14.0,Cash
2026-07-08 15:29:00,17.0,Cash
2026-07-08 15:33:00,9.0,Pix
2026-07-08 15:39:00,22.0,Debit Card
2026-07-08 15:39:00,4.0,Cash
2026-07-08 15:42:00,9.0,Credit Card
2026-07-08 15:54:00,15.0,Credit Card
2026-07-08 16:00:00,18.0,Cash
2026-07-08 16:02:00,10.0,Pix
2026-07-08 16:21:00,21.0,Pix
2026-07-08 16:22:00,25.0,Credit Card
2026-07-08 16:28:00,27.0,Multiple
2026-07-08 16:33:00,7.0,Cash
2026-07-08 16:44:00,14.0,Cash
2026-07-08 16:46:00,14.0,Cash
2026-07-08 16:51:00,22.0,Cash
2026-07-08 17:00:00,9.0,Debit Card
2026-07-08 17:01:00,10.0,Cash
2026-07-08 17:24:00,10.0,Pix
2026-07-08 17:26:00,18.0,Cash
2026-07-08 17:28:00,7.0,Credit Card
2026-07-08 17:29:00,10.0,Cash
2026-07-08 17:37:00,9.0,Pix
2026-07-08 17:38:00,7.0,Cash
2026-07-08 17:39:00,17.0,Credit Card
2026-07-08 17:43:00,18.0,Debit Card
2026-07-08 17:50:00,22.0,Debit Card
2026-07-08 17:50:00,20.0,Cash
2026-07-08 17:52:00,30.0,Debit Card
2026-07-08 17:57:00,16.0,Meal Voucher
2026-07-08 18:00:00,10.0,Pix
2026-07-08 18:09:00,10.0,Debit Card
2026-07-08 18:14:00,16.0,Credit Card
2026-07-08 18:17:00,7.0,Credit Card
2026-07-08 18:19:00,11.0,Debit Card
2026-07-08 18:29:00,10.0,Credit Card
2026-07-08 18:33:00,10.0,Pix
2026-07-08 18:43:00,7.0,Debit Card
2026-07-08 18:49:00,14.0,Credit Card
2026-07-08 18:58:00,18.0,Debit Card
2026-07-09 13:59:00,18.0,Debit Card
2026-07-09 14:13:00,20.0,Pix
2026-07-09 14:48:00,15.5,Cash
2026-07-09 14:49:00,10.0,Debit Card
2026-07-09 14:52:00,7.0,Debit Card
2026-07-09 15:00:00,16.0,Credit Card
2026-07-09 15:00:00,9.0,Cash
2026-07-09 15:07:00,4.0,Cash
2026-07-09 15:12:00,22.0,Pix
2026-07-09 15:12:00,7.0,Debit Card
2026-07-09 15:14:00,9.0,Debit Card
2026-07-09 15:14:00,9.0,Credit Card
2026-07-09 15:21:00,11.0,Cash
2026-07-09 15:25:00,14.0,Debit Card
2026-07-09 15:32:00,7.0,Cash
2026-07-09 15:34:00,16.0,Cash
2026-07-09 15:47:00,11.0,Cash
2026-07-09 15:47:00,9.0,Debit Card
2026-07-09 15:50:00,14.0,Debit Card
2026-07-09 15:53:00,7.0,Debit Card
2026-07-09 15:59:00,9.0,Cash
2026-07-09 16:01:00,11.0,Cash
2026-07-09 16:08:00,20.0,Debit Card
2026-07-09 16:28:00,33.0,Cash
2026-07-09 16:32:00,22.0,Cash
2026-07-09 16:34:00,23.0,Cash
2026-07-09 16:37:00,14.0,Credit Card
2026-07-09 16:39:00,7.0,Cash
2026-07-09 16:41:00,7.0,Cash
2026-07-09 16:45:00,14.0,Cash
2026-07-09 16:51:00,18.0,Credit Card
2026-07-09 16:57:00,32.0,Debit Card
2026-07-09 17:20:00,9.0,Cash
2026-07-09 17:21:00,4.0,Credit Card
2026-07-09 17:24:00,7.0,Debit Card
2026-07-09 17:26:00,18.0,Pix
2026-07-09 17:26:00,21.0,Debit Card
2026-07-09 17:31:00,16.0,Cash
2026-07-09 17:32:00,14.0,Cash
2026-07-09 17:34:00,52.0,Pix
2026-07-09 17:41:00,4.0,Cash
2026-07-09 17:44:00,41.0,Debit Card
2026-07-09 17:45:00,42.0,Credit Card
2026-07-09 17:53:00,4.0,Cash
2026-07-09 18:01:00,22.0,Pix
2026-07-09 18:06:00,14.0,Pix
2026-07-09 18:10:00,14.0,Cash
2026-07-09 18:47:00,9.0,Debit Card
2026-07-09 18:49:00,40.0,Pix
2026-07-10 13:50:00,32.0,Pix
2026-07-10 14:03:00,14.0,Cash
2026-07-10 14:14:00,14.0,Credit Card
2026-07-10 14:23:00,9.0,Debit Card
2026-07-10 14:33:00,7.0,Cash
2026-07-10 14:33:00,10.0,Cash
2026-07-10 14:35:00,7.0,Cash
2026-07-10 14:39:00,16.0,Cash
2026-07-10 14:42:00,4.0,Debit Card
2026-07-10 14:52:00,14.0,Debit Card
2026-07-10 14:54:00,42.0,Cash
2026-07-10 15:07:00,14.0,Credit Card
2026-07-10 15:10:00,9.0,Cash
2026-07-10 15:14:00,9.0,Cash
2026-07-10 15:17:00,11.0,Debit Card
2026-07-10 15:27:00,14.0,Cash
2026-07-10 15:30:00,11.0,Cash
2026-07-10 15:35:00,4.0,Cash
2026-07-10 15:35:00,14.0,Cash
2026-07-10 15:37:00,30.0,Cash
2026-07-10 15:48:00,15.0,Cash
2026-07-10 15:56:00,11.0,Pix
2026-07-10 15:59:00,8.0,Cash
2026-07-10 16:02:00,16.0,Cash
2026-07-10 16:05:00,7.0,Cash
2026-07-10 16:11:00,11.0,Debit Card
2026-07-10 16:13:00,16.0,Debit Card
2026-07-10 16:16:00,16.0,Debit Card
2026-07-10 16:18:00,20.0,Pix
2026-07-10 16:25:00,18.0,Cash
2026-07-10 16:41:00,15.0,Pix
2026-07-10 16:44:00,29.0,Pix
2026-07-10 16:55:00,20.0,Debit Card
2026-07-10 16:59:00,7.0,Cash
2026-07-12 14:53:00,20.0,Debit Card
2026-07-12 14:56:00,7.0,Cash
2026-07-12 14:59:00,18.0,Debit Card
2026-07-12 15:02:00,10.0,Pix
2026-07-12 15:02:00,4.5,Debit Card
2026-07-12 15:08:00,18.0,On Credit
2026-07-12 15:11:00,18.0,Debit Card
2026-07-12 15:13:00,9.0,Cash
2026-07-12 15:20:00,10.0,Debit Card
2026-07-12 15:26:00,10.0,Debit Card
2026-07-12 15:28:00,9.0,Debit Card
2026-07-12 15:38:00,7.0,Pix
2026-07-12 15:38:00,40.0,Pix
2026-07-12 15:42:00,25.0,Cash
2026-07-12 15:46:00,10.0,Cash
2026-07-12 15:46:00,20.0,Cash
2026-07-12 15:53:00,20.0,Pix
2026-07-12 15:56:00,24.0,Credit Card
2026-07-12 16:11:00,11.0,Cash
2026-07-12 16:11:00,10.0,Pix
2026-07-12 16:24:00,35.0,Cash
2026-07-12 16:30:00,21.0,Debit Card
2026-07-12 16:31:00,20.0,Pix
2026-07-12 16:43:00,20.0,Pix
2026-07-12 16:46:00,50.0,Pix
2026-07-12 17:00:00,20.0,Pix
2026-07-12 17:11:00,37.0,Credit Card
2026-07-12 17:13:00,10.0,Cash
2026-07-12 17:19:00,26.5,Debit Card
2026-07-12 17:22:00,8.5,Debit Card
2026-07-12 17:25:00,18.0,Debit Card
2026-07-12 17:29:00,22.0,Cash
2026-07-12 17:29:00,20.0,Pix
2026-07-12 17:33:00,31.0,Cash
2026-07-12 17:37:00,34.0,Debit Card
2026-07-12 17:44:00,36.0,Credit Card
2026-07-12 17:55:00,29.0,Credit Card
2026-07-12 17:57:00,9.0,Credit Card
2026-07-12 18:06:00,4.5,Cash
2026-07-12 18:10:00,7.0,Pix
2026-07-12 18:14:00,17.0,Credit Card
2026-07-12 18:14:00,4.0,Cash
2026-07-13 14:19:00,32.0,Pix
2026-07-13 14:20:00,20.0,Credit Card
2026-07-13 14:34:00,4.0,Debit Card
2026-07-13 14:49:00,15.0,Debit Card
2026-07-13 14:56:00,7.0,Cash
2026-07-13 15:09:00,20.0,Cash
2026-07-13 15:17:00,7.0,Cash
2026-07-13 15:30:00,4.0,Cash
2026-07-13 15:36:00,7.0,Pix
2026-07-13 15:43:00,10.0,Meal Voucher
2026-07-13 15:49:00,15.0,Meal Voucher
2026-07-13 15:52:00,15.0,Debit Card
2026-07-13 16:09:00,25.0,Debit Card
2026-07-13 16:13:00,10.0,Debit Card
2026-07-13 16:21:00,8.0,Cash
2026-07-13 16:35:00,15.0,Debit Card
2026-07-13 16:36:00,9.0,Pix
2026-07-13 16:48:00,7.0,Cash
2026-07-13 16:52:00,9.0,Pix
2026-07-13 17:16:00,9.0,Debit Card
2026-07-13 17:23:00,40.0,Multiple
2026-07-13 17:33:00,15.0,Meal Voucher
2026-07-13 18:43:00,10.0,Debit Card
2026-07-14 13:58:00,32.0,Pix
2026-07-14 13:58:00,20.0,Credit Card
2026-07-14 14:00:00,7.0,Cash
2026-07-14 14:11:00,15.0,Cash
2026-07-14 14:52:00,9.0,Cash
2026-07-14 14:59:00,11.0,Debit Card
2026-07-14 15:11:00,20.0,Cash
2026-07-14 15:19:00,10.0,Cash
2026-07-14 15:22:00,14.0,Debit Card
2026-07-14 15:23:00,11.0,Pix
2026-07-14 15:31:00,16.0,Pix
2026-07-14 15:33:00,14.0,Debit Card
2026-07-14 15:37:00,14.0,Cash
2026-07-14 15:39:00,7.0,Cash
2026-07-14 15:40:00,9.0,Cash
2026-07-14 15:40:00,10.0,Cash
2026-07-14 15:42:00,4.0,Pix
2026-07-14 15:42:00,9.0,Cash
2026-07-14 16:02:00,14.0,Pix
2026-07-14 16:05:00,11.0,Cash
2026-07-14 16:13:00,38.0,Debit Card
2026-07-14 16:21:00,10.0,Debit Card
2026-07-14 16:35:00,14.0,Cash
2026-07-14 16:36:00,10.0,Debit Card
2026-07-14 16:54:00,7.0,Cash
2026-07-14 16:57:00,20.0,Debit Card
2026-07-14 17:04:00,7.0,Debit Card
2026-07-14 18:35:00,7.0,Debit Card
2026-07-15 13:56:00,20.0,Debit Card
2026-07-15 13:56:00,8.0,Cash
2026-07-15 13:58:00,18.0,Pix
2026-07-15 14:09:00,22.0,Cash
2026-07-15 14:09:00,11.0,Pix
2026-07-15 14:14:00,4.0,Debit Card
2026-07-15 14:29:00,14.0,Pix
2026-07-15 14:33:00,14.0,Debit Card
2026-07-15 14:40:00,7.0,Pix
2026-07-15 14:47:00,8.0,Pix
2026-07-15 15:01:00,14.0,Cash
2026-07-15 15:02:00,4.5,Cash
2026-07-15 15:05:00,9.0,Cash
2026-07-15 15:18:00,4.0,Cash
2026-07-15 15:21:00,16.0,Debit Card
2026-07-15 15:24:00,7.0,Pix
2026-07-15 15:25:00,21.0,Pix
2026-07-15 15:28:00,11.0,Pix
2026-07-15 15:30:00,11.0,Pix
2026-07-15 15:33:00,22.0,Debit Card
2026-07-15 15:44:00,14.0,Pix
2026-07-15 15:55:00,7.0,Debit Card
2026-07-15 16:13:00,9.0,Debit Card
2026-07-15 16:31:00,7.0,Debit Card
2026-07-15 16:35:00,14.0,Pix
2026-07-15 16:36:00,4.0,Pix
2026-07-15 16:39:00,10.0,Cash
2026-07-15 16:43:00,11.0,Cash
2026-07-15 16:46:00,20.0,Meal Voucher
2026-07-15 16:48:00,10.0,Cash
2026-07-15 16:49:00,7.0,Cash
2026-07-15 16:54:00,7.0,Debit Card
2026-07-15 16:55:00,11.0,Cash
2026-07-15 17:02:00,18.0,Debit Card
2026-07-15 17:05:00,11.0,Cash
2026-07-15 17:07:00,27.0,Cash
2026-07-15 17:08:00,10.0,Cash
2026-07-15 17:23:00,7.0,Cash
2026-07-15 17:24:00,9.0,Meal Voucher
2026-07-15 17:25:00,7.0,Cash
2026-07-15 18:09:00,10.0,Meal Voucher
2026-07-15 18:10:00,10.0,Debit Card
2026-07-15 18:13:00,9.0,Meal Voucher
2026-07-15 18:20:00,14.0,Pix
2026-07-15 18:22:00,7.0,Credit Card
2026-07-15 18:27:00,19.0,Cash
2026-07-15 18:34:00,9.0,Cash
2026-07-15 18:35:00,7.0,Cash
2026-07-15 18:36:00,7.0,Cash
2026-07-16 13:40:00,18.0,Credit Card
2026-07-16 13:49:00,9.0,Cash
2026-07-16 14:10:00,9.0,Debit Card
2026-07-16 14:10:00,10.0,Cash
2026-07-16 14:14:00,27.0,Cash
2026-07-16 14:16:00,18.0,Debit Card
2026-07-16 14:19:00,29.0,Credit Card
2026-07-16 14:23:00,14.0,Debit Card
2026-07-16 14:43:00,7.0,Debit Card
2026-07-16 14:49:00,7.0,Credit Card
2026-07-16 14:51:00,14.0,Debit Card
2026-07-16 15:05:00,25.0,Pix
2026-07-16 15:21:00,4.0,Debit Card
2026-07-16 15:24:00,32.0,Credit Card
2026-07-16 15:27:00,21.0,Cash
2026-07-16 15:27:00,7.0,Cash
2026-07-16 15:36:00,10.0,Cash
2026-07-16 15:43:00,18.0,Cash
2026-07-16 15:47:00,11.0,Debit Card
2026-07-16 16:03:00,11.0,Cash
2026-07-16 16:05:00,10.0,Pix
2026-07-16 16:08:00,16.0,Pix
2026-07-16 16:10:00,25.0,Cash
2026-07-16 16:16:00,28.0,Pix
2026-07-16 16:20:00,35.5,Debit Card
2026-07-16 16:21:00,10.0,Debit Card
2026-07-16 16:24:00,4.5,Cash
2026-07-16 16:31:00,4.0,Cash
2026-07-16 16:41:00,18.0,Debit Card
2026-07-16 16:42:00,14.0,Debit Card
2026-07-16 16:46:00,8.5,Debit Card
2026-07-16 16:49:00,22.0,Pix
2026-07-16 16:52:00,22.5,Debit Card
2026-07-16 17:08:00,22.0,Cash
2026-07-16 17:16:00,11.0,Pix
2026-07-16 17:24:00,7.0,Pix
2026-07-16 17:28:00,18.0,Pix
2026-07-16 17:35:00,24.0,Cash
2026-07-16 17:54:00,14.0,Pix
2026-07-16 17:56:00,7.0,Cash
2026-07-16 18:04:00,4.0,Debit Card
2026-07-16 18:07:00,14.0,Cash
2026-07-16 18:10:00,14.0,Pix
2026-07-16 18:28:00,14.0,Pix
2026-07-16 18:31:00,20.0,Pix
2026-07-16 18:38:00,10.0,Pix
2026-07-16 18:42:00,4.5,Debit Card
2026-07-17 13:47:00,9.0,Cash
2026-07-17 13:48:00,7.0,Cash
2026-07-17 13:52:00,7.0,Debit Card
2026-07-17 14:00:00,18.0,Cash
2026-07-17 14:22:00,11.5,Cash
2026-07-17 14:40:00,21.0,Credit Card
2026-07-17 14:43:00,8.0,Credit Card
2026-07-17 14:59:00,35.0,Debit Card
2026-07-17 15:02:00,27.0,Credit Card
2026-07-17 15:08:00,10.0,Cash
2026-07-17 15:34:00,30.0,Credit Card
2026-07-17 15:43:00,9.0,Cash
2026-07-17 15:48:00,11.0,Debit Card
2026-07-17 15:52:00,16.0,Debit Card
2026-07-17 15:58:00,9.0,Cash
2026-07-17 15:59:00,14.0,Cash
2026-07-17 16:10:00,11.0,Cash
2026-07-17 16:11:00,14.0,Pix
2026-07-17 16:14:00,14.0,Cash
2026-07-17 16:25:00,25.0,Debit Card
2026-07-17 16:33:00,7.0,Cash
2026-07-17 16:38:00,40.0,Pix
2026-07-17 16:39:00,40.0,Pix
2026-07-17 16:42:00,11.0,Credit Card
2026-07-17 16:43:00,14.0,Pix
2026-07-17 16:44:00,14.0,Cash
2026-07-17 16:44:00,8.0,Cash
2026-07-17 16:50:00,7.0,Credit Card
2026-07-17 16:55:00,20.0,Pix
2026-07-17 17:05:00,14.0,Debit Card
2026-07-17 17:31:00,35.0,Credit Card
2026-07-17 17:36:00,14.0,Cash
2026-07-17 17:45:00,32.0,Cash
2026-07-17 17:47:00,14.0,Credit Card
2026-07-17 17:49:00,18.0,Debit Card
2026-07-17 17:57:00,9.0,Cash
2026-07-17 18:17:00,20.0,Cash
2026-07-17 18:31:00,9.0,Debit Card
2026-07-18 10:52:00,4.5,Cash
2026-07-18 11:07:00,4.0,Debit Card
2026-07-18 11:22:00,7.0,Cash
2026-07-18 11:43:00,20.0,Cash
2026-07-18 12:13:00,16.0,Credit Card
2026-07-18 12:23:00,11.0,Debit Card
2026-07-18 12:32:00,22.0,Debit Card
2026-07-18 12:33:00,4.5,Debit Card
2026-07-18 12:36:00,16.0,Credit Card
2026-07-18 12:37:00,7.0,Debit Card
2026-07-18 12:44:00,8.5,Pix
2026-07-18 12:46:00,8.0,Pix
2026-07-18 12:53:00,4.0,Credit Card
2026-07-18 13:34:00,7.0,Debit Card
2026-07-18 13:34:00,8.0,Credit Card
2026-07-18 13:37:00,9.0,Debit Card
2026-07-18 13:45:00,14.0,Debit Card
2026-07-18 13:47:00,16.0,Cash
2026-07-18 13:49:00,7.0,Credit Card
2026-07-18 13:55:00,7.0,Pix
2026-07-18 13:56:00,7.0,Debit Card
2026-07-18 14:02:00,4.0,Debit Card
2026-07-18 14:04:00,16.0,Cash
2026-07-18 14:07:00,14.0,Pix
2026-07-18 14:20:00,56.0,Cash
2026-07-18 14:21:00,7.0,Debit Card
2026-07-18 14:29:00,4.0,Cash
2026-07-18 14:53:00,7.0,Cash
2026-07-18 14:55:00,21.0,Debit Card
2026-07-18 14:57:00,14.0,Debit Card
2026-07-18 14:58:00,55.0,Credit Card
2026-07-18 15:00:00,21.0,Credit Card
2026-07-18 15:07:00,34.0,Debit Card
2026-07-18 15:10:00,8.0,Cash
2026-07-18 15:12:00,11.0,Debit Card
2026-07-18 15:12:00,9.0,Cash
2026-07-18 15:19:00,44.0,Meal Voucher
2026-07-18 15:21:00,9.0,Cash
2026-07-18 15:21:00,24.0,Debit Card
2026-07-18 15:23:00,9.0,Cash
2026-07-18 15:24:00,7.0,Cash
2026-07-18 15:25:00,27.0,Debit Card
2026-07-18 15:28:00,20.0,Credit Card
2026-07-18 15:30:00,7.0,Cash
2026-07-18 15:33:00,18.0,Debit Card
2026-07-18 15:54:00,7.0,Debit Card
2026-07-18 15:58:00,16.0,Pix
2026-07-18 16:01:00,27.0,Debit Card
2026-07-18 16:03:00,11.0,Pix
2026-07-18 16:07:00,33.0,Debit Card
2026-07-18 16:10:00,18.0,Cash
2026-07-18 16:11:00,36.0,Cash
2026-07-18 16:17:00,11.0,Cash
2026-07-18 16:21:00,14.0,Cash
2026-07-18 16:26:00,50.0,Debit Card
2026-07-18 16:27:00,7.0,Debit Card
2026-07-18 16:29:00,9.0,Cash
2026-07-18 16:33:00,21.0,Pix
2026-07-18 16:35:00,7.0,Debit Card
2026-07-18 16:43:00,9.0,Debit Card
2026-07-18 16:46:00,14.0,Pix
2026-07-18 16:47:00,9.0,Pix
2026-07-18 16:48:00,18.0,Cash
2026-07-18 16:53:00,18.0,Pix
2026-07-18 16:57:00,18.0,Debit Card
2026-07-18 17:00:00,7.0,Debit Card
2026-07-18 17:02:00,7.0,Pix
2026-07-18 17:05:00,16.0,Credit Card
2026-07-18 17:08:00,4.0,Cash
2026-07-18 17:10:00,16.0,Cash
2026-07-19 14:16:00,22.0,Pix
2026-07-19 14:43:00,14.0,Debit Card
2026-07-19 14:54:00,18.0,Debit Card
2026-07-19 14:54:00,9.0,Cash
2026-07-19 14:56:00,14.0,Credit Card
2026-07-19 15:00:00,33.0,Cash
2026-07-19 15:23:00,20.0,Debit Card
2026-07-19 15:23:00,14.0,Credit Card
2026-07-19 15:26:00,7.0,Debit Card
2026-07-19 15:29:00,14.0,Credit Card
2026-07-19 15:32:00,25.0,Cash
2026-07-19 15:34:00,23.0,Cash
2026-07-19 15:37:00,7.0,Credit Card
2026-07-19 15:41:00,11.0,Credit Card
2026-07-19 15:43:00,16.0,Pix
2026-07-19 15:48:00,37.0,Credit Card
2026-07-19 15:49:00,7.0,Pix
2026-07-19 15:51:00,22.0,Debit Card
2026-07-19 15:53:00,21.0,Pix
2026-07-19 15:54:00,4.0,Cash
2026-07-19 15:57:00,14.0,Debit Card
2026-07-19 15:58:00,9.0,Debit Card
2026-07-19 16:01:00,21.0,Debit Card
2026-07-19 16:01:00,10.0,Debit Card
2026-07-19 16:04:00,10.0,Cash
2026-07-19 16:08:00,18.0,Cash
2026-07-19 16:12:00,7.0,Pix
2026-07-19 16:17:00,16.0,Pix
2026-07-19 16:21:00,33.0,Cash
2026-07-19 16:32:00,7.0,Pix
2026-07-19 16:37:00,14.0,Debit Card
2026-07-19 16:41:00,31.0,Credit Card
2026-07-19 16:46:00,28.5,Pix
2026-07-19 17:15:00,8.0,Cash
2026-07-19 17:16:00,20.0,Debit Card
2026-07-20 13:54:00,28.0,Cash
2026-07-20 14:00:00,11.0,Pix
2026-07-20 14:23:00,7.0,Pix
2026-07-20 14:37:00,16.0,Credit Card
2026-07-20 14:39:00,7.0,Cash
2026-07-20 14:43:00,22.5,Pix
2026-07-20 14:49:00,4.0,Pix
2026-07-20 14:53:00,14.0,Debit Card
2026-07-20 15:00:00,39.0,Pix
2026-07-20 15:03:00,24.0,Pix
2026-07-20 15:03:00,10.0,Debit Card
2026-07-20 15:08:00,14.0,Credit Card
2026-07-20 15:10:00,10.0,Debit Card
2026-07-20 15:12:00,11.0,Credit Card
2026-07-20 15:14:00,14.0,Debit Card
2026-07-20 15:18:00,16.0,Debit Card
2026-07-20 15:25:00,48.0,Credit Card
2026-07-20 15:27:00,7.0,Cash
2026-07-20 15:36:00,46.0,Pix
2026-07-20 15:38:00,21.0,Debit Card
2026-07-20 15:39:00,9.0,Cash
2026-07-20 15:40:00,7.0,Cash
2026-07-20 15:41:00,15.0,Debit Card
2026-07-20 15:44:00,14.0,Debit Card
2026-07-20 15:44:00,10.0,Cash
2026-07-20 15:48:00,17.0,Debit Card
2026-07-20 15:55:00,18.0,Cash
2026-07-20 15:55:00,10.0,Cash
2026-07-20 16:06:00,44.0,Cash
2026-07-20 16:14:00,54.0,Credit Card
2026-07-20 16:15:00,7.0,Debit Card
2026-07-20 16:19:00,9.0,Pix
2026-07-20 16:20:00,4.0,Debit Card
2026-07-20 16:22:00,4.0,Credit Card
2026-07-20 16:43:00,10.0,Debit Card
2026-07-20 16:52:00,8.5,Cash
2026-07-20 16:58:00,7.0,Cash
2026-07-20 17:04:00,18.0,Credit Card
2026-07-20 17:19:00,7.0,Debit Card
2026-07-20 18:05:00,30.0,Cash
2026-07-20 18:06:00,7.0,Credit Card
2026-07-20 18:15:00,25.0,Debit Card
2026-07-20 18:30:00,37.0,Pix
2026-07-20 18:43:00,14.0,Cash
2026-07-20 18:44:00,7.0,Cash
2026-07-20 18:47:00,4.0,Cash
2026-07-21 14:28:00,18.0,Pix
2026-07-21 14:34:00,9.0,Debit Card
2026-07-21 14:35:00,7.0,Cash
2026-07-21 14:52:00,18.0,Debit Card
2026-07-21 14:53:00,14.0,Debit Card
2026-07-21 14:54:00,14.0,Pix
2026-07-21 15:10:00,16.0,Debit Card
2026-07-21 15:14:00,9.0,Pix
2026-07-21 15:19:00,7.0,Pix
2026-07-21 15:20:00,14.0,Pix
2026-07-21 15:23:00,14.0,Pix
2026-07-21 15:28:00,9.0,Cash
2026-07-21 15:29:00,7.0,Cash
2026-07-21 15:32:00,7.0,Debit Card
2026-07-21 15:32:00,15.0,Cash
2026-07-21 15:33:00,19.0,Debit Card
2026-07-21 15:39:00,7.0,Cash
2026-07-21 15:40:00,18.0,Debit Card
2026-07-21 15:43:00,11.0,Debit Card
2026-07-21 15:44:00,21.0,Credit Card
2026-07-21 15:46:00,14.0,Credit Card
2026-07-21 15:53:00,11.0,Credit Card
2026-07-21 15:56:00,7.0,Debit Card
2026-07-21 15:59:00,21.0,Pix
2026-07-21 16:04:00,7.0,Meal Voucher
2026-07-21 16:05:00,15.0,Cash
2026-07-21 16:05:00,9.0,Pix
2026-07-21 16:18:00,21.0,Debit Card
2026-07-21 16:22:00,12.0,Pix
2026-07-21 16:24:00,4.0,Cash
2026-07-21 16:30:00,27.0,Debit Card
2026-07-21 16:31:00,17.0,Cash
2026-07-21 16:32:00,14.0,Debit Card
2026-07-21 16:34:00,18.0,Cash
2026-07-21 16:34:00,9.0,Cash
2026-07-21 16:37:00,36.0,Pix
2026-07-21 16:38:00,25.5,Debit Card
2026-07-21 16:42:00,9.0,Credit Card
2026-07-21 16:48:00,9.0,Debit Card
2026-07-21 16:51:00,22.0,Debit Card
2026-07-21 17:13:00,10.0,Cash
2026-07-21 17:16:00,14.0,Credit Card
2026-07-21 17:24:00,11.0,Pix
2026-07-21 17:57:00,18.0,Debit Card
2026-07-21 17:59:00,7.0,Debit Card
2026-07-21 18:44:00,7.0,Debit Card
2026-07-21 18:51:00,7.0,Debit Card
2026-07-21 18:55:00,16.0,Debit Card
2026-07-23 13:48:00,4.0,Cash
2026-07-23 14:20:00,20.0,Debit Card
2026-07-23 14:35:00,10.0,Cash
2026-07-23 14:55:00,16.0,Cash
2026-07-23 14:57:00,7.0,Cash
2026-07-23 14:59:00,18.0,Pix
2026-07-23 15:03:00,49.0,Cash
2026-07-23 15:15:00,7.0,Cash
2026-07-23 15:20:00,9.0,Pix
2026-07-23 15:29:00,4.0,Cash
2026-07-23 15:41:00,14.0,Cash
2026-07-23 15:44:00,28.0,Pix
2026-07-23 15:49:00,17.0,Cash
2026-07-23 15:52:00,11.0,Cash
2026-07-23 15:55:00,16.0,Cash
2026-07-23 15:57:00,7.0,Debit Card
2026-07-23 15:58:00,20.0,Cash
2026-07-23 15:59:00,15.0,Debit Card
2026-07-23 16:02:00,10.0,Debit Card
2026-07-23 16:14:00,7.0,Debit Card
2026-07-23 16:25:00,14.0,Credit Card
2026-07-23 16:28:00,27.0,Cash
2026-07-23 16:29:00,7.0,Pix
2026-07-23 16:33:00,7.0,Credit Card
2026-07-23 16:33:00,22.0,Credit Card
2026-07-23 16:38:00,16.0,Cash
2026-07-23 16:42:00,16.0,Cash
2026-07-23 16:42:00,20.0,Cash
2026-07-23 16:44:00,16.0,Cash
2026-07-23 16:47:00,14.0,Cash
2026-07-23 16:51:00,21.0,Debit Card
2026-07-23 17:32:00,22.0,Cash
2026-07-23 18:11:00,22.0,Cash
2026-07-23 18:11:00,4.5,Debit Card
2026-07-24 14:10:00,7.0,Cash
2026-07-24 14:42:00,10.0,Pix
2026-07-24 14:46:00,10.0,Cash
2026-07-24 14:51:00,16.0,Cash
2026-07-24 15:37:00,9.0,Cash
2026-07-24 15:37:00,11.0,Pix
2026-07-24 15:49:00,16.0,Debit Card
2026-07-24 16:16:00,14.0,Credit Card
2026-07-24 16:19:00,16.0,Pix
2026-07-24 16:29:00,19.0,Cash
2026-07-24 16:34:00,37.0,Cash
2026-07-24 16:49:00,7.0,Pix
2026-07-24 16:59:00,7.0,Debit Card
2026-07-24 17:29:00,20.0,Credit Card
2026-07-24 17:34:00,26.0,Credit Card
2026-07-25 11:15:00,14.0,Debit Card
2026-07-25 11:17:00,13.0,Debit Card
2026-07-25 11:19:00,9.0,Debit Card
2026-07-25 11:21:00,7.0,Debit Card
2026-07-25 11:28:00,14.0,Debit Card
2026-07-25 11:56:00,10.0,Pix
2026-07-25 12:24:00,14.0,Cash
2026-07-25 12:27:00,7.0,Cash
2026-07-25 12:47:00,11.0,Debit Card
2026-07-25 12:53:00,20.0,Pix
2026-07-25 13:04:00,11.0,Credit Card
2026-07-25 13:09:00,18.0,Credit Card
2026-07-25 13:10:00,18.0,Debit Card
2026-07-25 13:14:00,4.0,Debit Card
2026-07-25 13:32:00,24.0,Pix
2026-07-25 13:47:00,7.0,Debit Card
2026-07-25 13:47:00,8.0,Cash
2026-07-25 14:03:00,7.0,Cash
2026-07-25 14:08:00,16.0,Debit Card
2026-07-25 14:12:00,11.0,Debit Card
2026-07-25 14:18:00,14.0,Pix
2026-07-25 14:24:00,42.0,Cash
2026-07-25 14:54:00,39.0,Credit Card
2026-07-25 14:56:00,16.0,Debit Card
2026-07-25 14:57:00,9.0,Debit Card
2026-07-25 15:01:00,28.0,Debit Card
2026-07-25 15:03:00,28.0,Debit Card
2026-07-25 15:07:00,4.0,Debit Card
2026-07-25 15:24:00,20.0,Cash
2026-07-25 15:34:00,20.0,Credit Card
2026-07-25 15:36:00,7.0,Cash
2026-07-25 15:40:00,21.0,Debit Card
2026-07-25 15:44:00,21.0,Pix
2026-07-25 15:53:00,11.0,Cash
2026-07-25 15:57:00,10.0,Cash
2026-07-25 16:02:00,30.0,Cash
2026-07-25 16:11:00,14.0,Cash
2026-07-25 16:15:00,10.0,Debit Card
2026-07-25 16:17:00,20.0,Cash
2026-07-25 16:27:00,7.0,Pix
2026-07-25 16:34:00,25.0,Credit Card
2026-07-25 16:34:00,10.0,Credit Card
2026-07-25 16:38:00,7.0,Cash
2026-07-25 16:39:00,7.0,Cash
2026-07-25 16:47:00,28.0,Multiple
2026-07-25 16:52:00,21.0,Pix
2026-07-25 16:56:00,14.0,Debit Card
2026-07-25 16:56:00,16.0,Debit Card
2026-07-25 17:00:00,11.0,Debit Card
2026-07-25 17:05:00,26.0,Pix
2026-07-25 17:07:00,11.0,Debit Card
2026-07-25 17:11:00,16.0,Debit Card
2026-07-25 17:12:00,42.0,Cash
2026-07-25 17:14:00,9.0,Pix
2026-07-25 17:21:00,7.0,Cash
2026-07-25 17:23:00,39.0,Cash
2026-07-25 17:23:00,11.0,Debit Card
2026-07-25 17:31:00,20.0,Cash
2026-07-25 17:32:00,10.0,Cash
2026-07-25 17:40:00,28.0,Debit Card
2026-07-25 17:45:00,24.0,Credit Card
2026-07-25 17:50:00,7.0,Debit Card
2026-07-25 17:52:00,11.0,Pix
2026-07-25 17:57:00,22.0,Credit Card
2026-07-25 18:12:00,21.0,Debit Card
2026-07-25 18:19:00,68.0,Pix
2026-07-25 18:31:00,14.0,Debit Card
2026-07-25 18:33:00,9.0,Cash
2026-07-25 18:33:00,20.0,Cash
2026-07-25 18:38:00,19.0,Debit Card
2026-07-26 15:04:00,14.0,Debit Card
2026-07-26 15:09:00,11.0,Cash
2026-07-26 15:19:00,28.0,Debit Card
2026-07-26 15:21:00,16.0,Debit Card
2026-07-26 15:23:00,35.0,Credit Card
2026-07-26 15:30:00,23.0,Cash
2026-07-26 15:30:00,14.0,Cash
2026-07-26 15:31:00,12.5,Cash
2026-07-26 15:35:00,18.0,Cash
2026-07-26 15:37:00,14.0,Debit Card
2026-07-26 15:41:00,15.0,Cash
2026-07-26 15:44:00,26.0,Pix
2026-07-26 15:46:00,27.0,Credit Card
2026-07-26 15:55:00,38.0,Credit Card
2026-07-26 15:56:00,10.0,Cash
2026-07-26 16:00:00,40.0,Debit Card
2026-07-26 16:04:00,11.0,Pix
2026-07-26 16:08:00,41.0,Pix
2026-07-26 16:11:00,7.0,Cash
2026-07-26 16:17:00,14.0,Cash
2026-07-26 16:19:00,9.0,Credit Card
2026-07-26 16:26:00,21.0,Cash
2026-07-26 16:29:00,21.0,Debit Card
2026-07-26 16:29:00,9.0,Debit Card
2026-07-26 16:33:00,36.0,Debit Card
2026-07-26 16:35:00,7.0,Cash
2026-07-26 16:39:00,7.0,Cash
2026-07-26 16:48:00,19.0,Cash
2026-07-26 16:50:00,7.0,Cash
2026-07-26 16:55:00,21.0,Credit Card
2026-07-26 16:56:00,24.0,Credit Card
2026-07-26 16:59:00,25.0,Debit Card
2026-07-26 17:05:00,41.0,Multiple
2026-07-26 17:07:00,21.0,Pix
2026-07-26 17:13:00,11.0,Cash
2026-07-26 17:13:00,25.0,Credit Card
2026-07-26 17:20:00,16.0,Debit Card
2026-07-26 17:20:00,14.0,Cash
2026-07-26 17:30:00,32.0,Debit Card
2026-07-26 17:37:00,20.0,Cash
2026-07-26 17:41:00,31.0,Pix
2026-07-26 17:45:00,4.5,Cash
2026-07-26 17:47:00,30.0,Cash
2026-07-26 17:51:00,11.0,Debit Card
2026-07-26 17:57:00,7.0,Cash
2026-07-26 18:02:00,20.0,Credit Card
2026-07-26 18:17:00,30.0,Pix
2026-07-26 18:33:00,16.0,Debit Card
2026-07-26 18:37:00,25.0,Debit Card
2026-07-26 18:38:00,18.0,Pix
2026-07-26 18:43:00,29.0,Cash
2026-07-26 18:44:00,24.0,Credit Card
2026-07-26 18:47:00,11.5,Cash
2026-07-26 18:56:00,7.0,Debit Card
2026-07-26 18:59:00,10.0,Credit Card
2026-07-26 19:05:00,16.0,Debit Card
2026-07-26 19:06:00,18.0,Debit Card
2026-07-27 14:00:00,7.0,Credit Card
2026-07-27 14:13:00,7.0,Pix
2026-07-27 14:31:00,27.0,Cash
2026-07-27 14:36:00,11.0,Cash
2026-07-27 14:39:00,14.0,Cash
2026-07-27 14:45:00,7.0,Cash
2026-07-27 14:47:00,7.0,Debit Card
2026-07-27 14:51:00,9.0,Debit Card
2026-07-27 14:52:00,14.0,Cash
2026-07-27 14:58:00,21.0,Pix
2026-07-27 15:05:00,7.0,Cash
2026-07-27 15:07:00,29.0,Credit Card
2026-07-27 15:09:00,36.0,Meal Voucher
2026-07-27 15:12:00,4.0,Cash
2026-07-27 15:22:00,16.0,Cash
2026-07-27 15:23:00,16.0,Pix
2026-07-27 15:40:00,16.0,Cash
2026-07-27 15:42:00,21.0,Debit Card
2026-07-27 15:47:00,9.0,Debit Card
2026-07-27 15:51:00,33.0,Pix
2026-07-27 15:51:00,11.0,Cash
2026-07-27 16:03:00,11.0,Cash
2026-07-27 16:13:00,9.0,Cash
2026-07-27 16:13:00,14.0,Cash
2026-07-27 16:18:00,18.0,Pix
2026-07-27 16:25:00,9.0,Pix
2026-07-27 16:32:00,18.0,Debit Card
2026-07-27 16:35:00,14.0,Pix
2026-07-27 16:36:00,9.0,Pix
2026-07-27 16:39:00,11.0,Pix
2026-07-27 16:40:00,20.0,Credit Card
2026-07-27 17:05:00,22.0,Pix
2026-07-27 17:21:00,9.0,Cash
2026-07-27 17:28:00,10.0,Debit Card
2026-07-27 17:33:00,7.0,Cash
2026-07-27 17:36:00,14.0,Pix
2026-07-27 17:41:00,10.0,Meal Voucher
2026-07-27 17:55:00,14.0,Debit Card
2026-07-27 18:11:00,11.0,Pix
2026-07-27 18:18:00,11.0,Pix
2026-07-27 18:38:00,20.0,Credit Card
2026-07-27 18:42:00,16.0,Debit Card
2026-07-27 18:47:00,21.0,Debit Card
2026-07-27 19:07:00,20.0,Cash
2026-07-28 14:00:00,11.0,Cash
2026-07-28 14:01:00,7.0,Credit Card
2026-07-28 14:03:00,4.0,Cash
2026-07-28 14:25:00,42.0,Cash
2026-07-28 14:27:00,18.0,Cash
2026-07-28 14:33:00,16.0,Debit Card
2026-07-28 14:37:00,7.0,Cash
2026-07-28 14:50:00,14.0,Cash
2026-07-28 14:57:00,8.0,Cash
2026-07-28 15:03:00,18.0,Cash
2026-07-28 15:11:00,10.0,Debit Card
2026-07-28 15:17:00,11.0,Credit Card
2026-07-28 15:19:00,14.0,Pix
2026-07-28 15:24:00,9.0,Cash
2026-07-28 15:27:00,9.0,Debit Card
2026-07-28 15:42:00,9.0,Cash
2026-07-28 16:08:00,16.0,Debit Card
2026-07-28 16:09:00,20.0,Pix
2026-07-28 16:36:00,4.0,Cash
2026-07-28 16:44:00,21.0,Cash
2026-07-28 16:53:00,24.0,Credit Card
2026-07-28 16:53:00,16.0,Debit Card
2026-07-28 17:15:00,10.0,Pix
2026-07-28 17:22:00,33.0,Cash
2026-07-28 17:23:00,9.0,Cash
2026-07-28 17:36:00,18.0,Cash
2026-07-28 17:39:00,9.0,Debit Card
2026-07-28 17:55:00,7.0,Cash
2026-07-28 17:56:00,10.0,Credit Card
2026-07-28 17:57:00,7.0,Debit Card
2026-07-28 18:09:00,32.0,Pix
2026-07-28 18:12:00,21.0,Cash
2026-07-28 18:14:00,22.0,Debit Card
2026-07-28 18:16:00,18.0,Cash
2026-07-28 18:19:00,7.0,Credit Card
2026-07-28 18:19:00,11.0,Pix
2026-07-28 18:20:00,9.0,Debit Card
2026-07-28 18:29:00,23.0,Cash
2026-07-28 18:33:00,14.0,Credit Card
2026-07-28 18:46:00,4.0,Debit Card
2026-07-28 19:01:00,11.0,Cash
2026-07-28 19:02:00,7.0,Cash
2026-07-29 13:44:00,35.0,Cash
2026-07-29 13:46:00,21.0,Pix
2026-07-29 14:28:00,10.0,Debit Card
2026-07-29 14:34:00,7.0,Cash
2026-07-29 14:43:00,22.0,Credit Card
2026-07-29 15:03:00,7.0,Credit Card
2026-07-29 15:04:00,9.0,Cash
2026-07-29 15:09:00,46.0,Debit Card
2026-07-29 15:10:00,7.0,Cash
2026-07-29 15:30:00,18.0,Debit Card
2026-07-29 15:48:00,18.0,Credit Card
2026-07-29 15:53:00,39.0,Cash
2026-07-29 15:54:00,7.0,Cash
2026-07-29 15:57:00,11.0,Pix
2026-07-29 16:08:00,9.0,Credit Card
2026-07-29 16:09:00,20.0,Debit Card
2026-07-29 16:14:00,9.0,Credit Card
2026-07-29 16:18:00,7.0,Cash
2026-07-29 16:24:00,9.0,Cash
2026-07-29 16:30:00,14.0,Credit Card
2026-07-29 16:32:00,7.0,Cash
2026-07-29 16:38:00,23.0,Pix
2026-07-29 16:48:00,16.0,Cash
2026-07-29 16:53:00,20.0,Debit Card
2026-07-29 17:19:00,30.0,Cash
2026-07-29 17:42:00,7.0,Debit Card
2026-07-29 17:46:00,14.0,Credit Card
2026-07-29 17:50:00,5.0,Pix
2026-07-29 17:56:00,7.0,Credit Card
2026-07-29 18:01:00,26.0,Debit Card
2026-07-29 18:12:00,15.0,Pix
2026-07-29 18:15:00,11.0,Cash
2026-07-29 18:26:00,47.0,Debit Card
2026-07-30 14:28:00,33.0,Cash
2026-07-30 14:32:00,7.0,Pix
2026-07-30 14:35:00,7.0,Debit Card
2026-07-30 14:39:00,9.0,Credit Card
2026-07-30 14:48:00,7.0,Cash
2026-07-30 15:18:00,14.0,Cash
2026-07-30 15:18:00,4.5,Credit Card
2026-07-30 15:19:00,4.0,Cash
2026-07-30 15:21:00,11.0,Cash
2026-07-30 15:48:00,23.0,Debit Card
2026-07-30 15:50:00,20.0,Debit Card
2026-07-30 15:54:00,11.0,Pix
2026-07-30 15:59:00,16.0,Pix
2026-07-30 16:23:00,11.0,Cash
2026-07-30 16:38:00,70.0,Credit Card
2026-07-30 16:40:00,16.0,Cash
2026-07-30 16:43:00,20.0,Debit Card
2026-07-30 16:44:00,11.0,Cash
2026-07-30 16:59:00,14.0,Cash
2026-07-30 17:32:00,16.0,Credit Card
2026-07-30 17:49:00,9.0,Credit Card
2026-07-30 17:52:00,30.0,Cash
2026-07-30 17:57:00,22.0,Cash
2026-07-30 18:03:00,11.0,Credit Card
2026-07-30 18:11:00,11.0,Cash
2026-07-30 18:11:00,11.0,Cash
2026-07-30 18:11:00,11.0,Cash
2026-07-30 18:30:00,11.0,Credit Card
2026-07-30 18:58:00,10.0,Cash
2026-07-30 19:43:00,43.0,Credit Card
2026-07-31 14:19:00,7.0,Cash
2026-07-31 14:26:00,28.0,Debit Card
2026-07-31 14:33:00,10.0,Cash
2026-07-31 14:51:00,18.0,Debit Card
2026-07-31 14:53:00,21.0,Cash
2026-07-31 14:56:00,32.0,Cash
2026-07-31 14:57:00,7.0,Cash
2026-07-31 15:11:00,21.0,Cash
2026-07-31 15:15:00,7.0,Cash
2026-07-31 15:19:00,7.0,Pix
2026-07-31 15:21:00,9.0,Pix
2026-07-31 15:22:00,8.0,Debit Card
2026-07-31 15:28:00,9.0,Pix
2026-07-31 15:51:00,15.0,Cash
2026-07-31 15:53:00,11.0,Cash
2026-07-31 15:57:00,9.0,Debit Card
2026-07-31 16:01:00,26.0,Pix
2026-07-31 16:04:00,9.0,Cash
2026-07-31 16:12:00,7.0,Cash
2026-07-31 16:19:00,27.0,Debit Card
2026-07-31 16:34:00,20.0,Cash
2026-07-31 16:37:00,10.0,Cash
2026-07-31 16:46:00,35.0,Debit Card
2026-07-31 16:47:00,9.0,Debit Card
2026-07-31 16:50:00,16.0,Debit Card
2026-07-31 16:51:00,16.0,Credit Card
2026-07-31 16:53:00,16.0,Debit Card
2026-07-31 16:56:00,21.0,Cash
2026-07-31 16:59:00,7.0,Cash
2026-07-31 17:02:00,41.0,Debit Card
2026-07-31 17:02:00,11.0,Cash
2026-07-31 17:19:00,9.0,Cash
2026-07-31 17:27:00,14.0,Cash
2026-07-31 17:32:00,9.0,Cash
2026-07-31 17:45:00,7.0,Credit Card
2026-07-31 17:50:00,9.0,Credit Card
2026-07-31 18:04:00,7.0,Cash
2026-07-31 18:28:00,27.0,Cash
2026-07-31 18:31:00,7.0,Cash
2026-07-31 18:32:00,25.0,Cash
2026-07-31 18:35:00,18.0,Debit Card
2026-08-01 11:01:00,14.0,Cash
2026-08-01 11:01:00,10.0,Cash
2026-08-01 11:10:00,20.0,Cash
2026-08-01 11:39:00,7.0,Pix
2026-08-01 11:56:00,23.0,Credit Card
2026-08-01 12:12:00,34.0,Cash
2026-08-01 12:13:00,4.0,Cash
2026-08-01 12:19:00,4.5,Cash
2026-08-01 12:27:00,14.0,Cash
2026-08-01 12:28:00,4.5,Credit Card
2026-08-01 12:43:00,5.0,Cash
2026-08-01 12:49:00,24.0,Credit Card
2026-08-01 12:53:00,10.0,Cash
2026-08-01 13:16:00,5.0,Cash
2026-08-01 13:23:00,7.0,Credit Card
2026-08-01 13:26:00,14.0,Debit Card
2026-08-01 13:29:00,7.0,Debit Card
2026-08-01 13:53:00,11.0,Pix
2026-08-01 13:56:00,18.0,Cash
2026-08-01 13:56:00,10.0,Meal Voucher
2026-08-01 14:06:00,18.0,Cash
2026-08-01 14:11:00,21.0,Cash
2026-08-01 14:13:00,14.0,Credit Card
2026-08-01 14:28:00,22.0,Debit Card
2026-08-01 14:30:00,7.0,Debit Card
2026-08-01 14:38:00,9.0,Credit Card
2026-08-01 14:39:00,7.0,Pix
2026-08-01 14:43:00,18.0,Debit Card
2026-08-01 14:44:00,7.0,Cash
2026-08-01 14:45:00,21.0,Pix
2026-08-01 14:49:00,30.0,Debit Card
2026-08-01 14:50:00,22.0,Credit Card
2026-08-01 14:52:00,14.0,Cash
2026-08-01 14:54:00,10.0,Cash
2026-08-01 14:58:00,16.0,Cash
2026-08-01 15:00:00,7.0,Pix
2026-08-01 15:03:00,16.0,Cash
2026-08-01 15:04:00,20.0,Cash
2026-08-01 15:06:00,7.0,Credit Card
2026-08-01 15:16:00,31.0,Debit Card
2026-08-01 15:19:00,16.0,Cash
2026-08-01 15:25:00,11.0,Pix
2026-08-01 15:29:00,4.0,Credit Card
2026-08-01 15:33:00,11.0,Debit Card
2026-08-01 15:52:00,32.0,Debit Card
2026-08-01 15:55:00,22.0,Debit Card
2026-08-01 15:57:00,26.0,Pix
2026-08-01 16:08:00,28.0,Cash
2026-08-01 16:09:00,14.0,Pix
2026-08-01 16:12:00,7.0,Cash
2026-08-01 16:16:00,9.0,Credit Card
2026-08-01 16:23:00,45.0,Credit Card
2026-08-01 16:25:00,19.0,Meal Voucher
2026-08-01 16:38:00,14.0,Credit Card
2026-08-01 16:38:00,21.0,Pix
2026-08-01 16:41:00,20.0,Debit Card
2026-08-01 16:53:00,11.0,Cash
2026-08-01 16:58:00,11.0,Pix
2026-08-01 17:02:00,18.0,Cash
2026-08-01 17:09:00,11.0,Debit Card
2026-08-01 17:12:00,21.0,Credit Card
2026-08-01 17:12:00,9.0,Cash
2026-08-01 17:22:00,18.0,Credit Card
2026-08-02 14:53:00,21.0,Debit Card
2026-08-02 15:09:00,16.0,Pix
2026-08-02 15:22:00,11.0,Debit Card
2026-08-02 15:26:00,32.0,Meal Voucher
2026-08-02 15:28:00,16.0,Pix
2026-08-02 15:37:00,27.0,Cash
2026-08-02 15:38:00,9.0,Pix
2026-08-02 15:39:00,7.0,Cash
2026-08-02 15:44:00,9.0,Cash
2026-08-02 15:53:00,18.0,Debit Card
2026-08-02 15:54:00,14.0,Credit Card
2026-08-02 16:01:00,57.0,Multiple
2026-08-02 16:05:00,20.0,Cash
2026-08-02 16:07:00,28.0,Debit Card
2026-08-02 16:20:00,11.0,Cash
2026-08-02 16:31:00,31.0,Debit Card
2026-08-02 16:38:00,41.0,Multiple
2026-08-02 16:47:00,10.0,Debit Card
2026-08-02 16:51:00,9.0,Cash
2026-08-02 17:01:00,10.0,Credit Card
2026-08-02 17:04:00,18.0,Debit Card
2026-08-02 17:07:00,36.0,Debit Card
2026-08-02 17:09:00,22.0,Debit Card
2026-08-02 17:13:00,4.0,Debit Card
2026-08-02 17:17:00,22.0,Debit Card
2026-08-02 17:18:00,9.0,Cash
2026-08-02 17:22:00,20.0,Credit Card
2026-08-02 17:23:00,16.0,Credit Card
2026-08-02 17:25:00,9.0,Cash
2026-08-02 17:27:00,27.0,Debit Card
2026-08-02 17:28:00,7.0,Cash
2026-08-02 17:39:00,40.0,Pix
2026-08-02 17:44:00,21.0,Cash
2026-08-02 17:46:00,31.0,Meal Voucher
2026-08-02 18:00:00,28.0,Debit Card
2026-08-02 18:04:00,18.0,Cash
2026-08-02 18:09:00,7.0,Cash
2026-08-02 18:27:00,7.0,Pix
2026-08-02 18:31:00,24.5,Debit Card
2026-08-03 13:59:00,28.0,Cash
2026-08-03 14:36:00,4.5,Debit Card
2026-08-03 15:02:00,7.0,Credit Card
2026-08-03 15:23:00,7.0,Credit Card
2026-08-03 16:22:00,7.0,Cash
2026-08-03 16:31:00,9.0,Cash
2026-08-03 16:31:00,7.0,Debit Card
2026-08-03 16:42:00,4.5,Cash
2026-08-03 16:44:00,10.0,Cash
2026-08-03 16:54:00,18.0,Cash
2026-08-03 16:54:00,30.0,Cash
2026-08-03 17:01:00,9.0,Cash
2026-08-03 17:02:00,14.0,Pix
2026-08-03 17:06:00,18.0,Pix
2026-08-03 17:10:00,9.0,Pix
2026-08-03 17:29:00,4.0,Debit Card
2026-08-03 17:38:00,9.0,Debit Card
2026-08-03 17:39:00,10.0,Pix
2026-08-03 17:56:00,9.0,Cash
2026-08-03 17:58:00,27.0,Cash
2026-08-03 17:59:00,7.0,Cash
2026-08-03 18:02:00,7.0,Debit Card
2026-08-03 18:04:00,7.0,Cash
2026-08-03 18:10:00,20.0,Credit Card
2026-08-03 18:11:00,11.0,Cash
2026-08-03 18:19:00,14.0,Cash
2026-08-03 18:20:00,14.0,Pix
2026-08-03 18:22:00,10.0,Debit Card
2026-08-03 18:38:00,18.0,Cash
2026-08-03 18:44:00,33.0,Debit Card
2026-08-03 18:49:00,10.0,Pix
