"Number","Status","Date/Time","Qty.","Total amount","Items Description","Subtotal","Discount","Sales tax","Delivery","Total","Profits","Payment Method","Customer","Salesperson","Observation"
"9598-2","Sale","01/03/2026 11:46 AM",1,2,"2xÁgua com gás ","9",0,0,0,"9","6.6","Efectivo","","Lucas",""
"9599-2","Sale","01/03/2026 12:54 PM",3,3,"1xCasquinha , 1xMilkshake 300ml, 1xChurros de chocolate ","25",0,0,0,"25","6","Tarjeta Débito","","Lucas",""
"8937-1","Sale","01/03/2026 1:05 PM",1,1,"1xRefri 310ml","6.5",0,0,0,"6.5","0.5","Cash","","Lucas",""
"9437-1","Sale","01/03/2026 1:11 PM",1,1,"1xCascão ","8",0,0,0,"8","6.8","Pix","","Lucas",""
"9600-2","Sale","01/03/2026 1:29 PM",1,1,"1xRefri 310ml","6.5",0,0,0,"6.5","0.5","Tarjeta Crédito","","Lucas",""
"9601-2","Sale","01/03/2026 1:48 PM",1,1,"1xMilkshake 400ml","13",0,0,0,"13",0,"Efectivo","","Lucas",""
"9602-2","Sale","01/03/2026 1:52 PM",1,1,"1xCasquinha ","6",0,0,0,"6","5","Efectivo","","Lucas",""
"9603-2","Sale","01/03/2026 2:02 PM",1,1,"1xÁgua com gás ","4.5",0,0,0,"4.5","3.3","Otros","","Lucas",""
"9604-2","Sale","01/03/2026 2:04 PM",1,1,"1xÁgua sem gás ","4",0,0,0,"4",0,"Tarjeta Débito","","Lucas",""
"9605-2","Sale","01/03/2026 2:06 PM",1,2,"2xMilkshake 300ml","20",0,0,0,"20",0,"Pix","","Lucas",""
"9606-2","Sale","01/03/2026 2:10 PM",1,1,"1xCascão ","8",0,0,0,"8","6.8","Tarjeta Débito","","Lucas",""
"9607-2","Sale","01/03/2026 2:14 PM",1,1,"1xCopo 150ml","6",0,0,0,"6",0,"Tarjeta Débito","","Lucas",""
"9608-2","Sale","01/03/2026 2:14 PM",1,1,"1xCopo 150ml","6",0,0,0,"6",0,"Efectivo","","Lucas",""
"9609-2","Sale","01/03/2026 2:25 PM",2,2,"1xCasquinha , 1xCascão ","14",0,0,0,"14","11.8","Tarjeta Débito","","Lucas",""
"9610-2","Sale","01/03/2026 2:28 PM",2,2,"1xMilkshake 300ml, 1xCasquinha ","16",0,0,0,"16","5","Tarjeta Débito","","Lucas",""
"9611-2","Sale","01/03/2026 2:33 PM",2,4,"1xMilkshake 400ml, 3xMilkshake 300ml","43",0,0,0,"43",0,"Tarjeta Débito","","Lucas",""
"9612-2","Sale","01/03/2026 2:35 PM",1,2,"2xMilkshake 500ml","30",0,0,0,"30","-2","Tarjeta Débito","","Lucas",""
"9613-2","Sale","01/03/2026 2:39 PM",1,1,"1xMilkshake 300ml","10",0,0,0,"10",0,"Efectivo","","Lucas",""
"9614-2","Sale","01/03/2026 2:40 PM",1,1,"1xMilkshake 500ml","15",0,0,0,"15","-1","Tarjeta Débito","","Lucas",""
"9615-2","Sale","01/03/2026 2:51 PM",1,1,"1xCasquinha ","6",0,0,0,"6","5","Pix","","Lucas",""
"9616-2","Sale","01/03/2026 2:54 PM",1,1,"1xCasquinha ","6",0,0,0,"6","5","Efectivo","","Lucas",""
"9617-2","Sale","01/03/2026 2:55 PM",1,1,"1xCopo 150ml","6",0,0,0,"6",0,"Efectivo","","Lucas",""
"9618-2","Sale","01/03/2026 3:05 PM",3,4,"2xMilkshake 300ml, 1xÁgua sem gás , 1xÁgua com gás ","28.5",0,0,0,"28.5","3.3","Efectivo","","Lucas",""
"9619-2","Sale","01/03/2026 3:07 PM",2,4,"1xCascão , 3xCasquinha ","26",0,0,0,"26","21.8","Tarjeta Débito","","Lucas",""
"9620-2","Sale","01/03/2026 3:14 PM",1,1,"1xMilkshake 500ml","15",0,0,0,"15","-1","Efectivo","","Lucas",""
"9621-2","Sale","01/03/2026 3:16 PM",2,2,"1xCasquinha , 1xCascão ","14",0,0,0,"14","11.8","Tarjeta Crédito","","Lucas",""
"9622-2","Sale","01/03/2026 3:17 PM",1,1,"1xChurros de chocolate ","9",0,0,0,"9","1","Tarjeta Crédito","","Lucas",""
"9623-2","Sale","01/03/2026 3:21 PM",1,1,"1xCascão ","8",0,0,0,"8","6.8","Efectivo","","Lucas",""
"9624-2","Sale","01/03/2026 3:24 PM",1,1,"1xCascão ","8",0,0,0,"8","6.8","Tarjeta Débito","","Lucas",""
"9625-2","Sale","01/03/2026 3:28 PM",2,2,"1xCopo 150ml, 1xCasquinha ","12",0,0,0,"12","5","Pix","","Lucas",""
"9626-2","Sale","01/03/2026 3:34 PM",2,3,"2xChurros doce de leite , 1xCopo 150ml","24",0,0,0,"24","2","Tarjeta Débito","","Lucas",""
"9627-2","Sale","01/03/2026 3:35 PM",1,2,"2xChurros doce de leite ","18",0,0,0,"18","2","Efectivo","","Lucas",""
"9628-2","Sale","01/03/2026 3:39 PM",1,1,"1xRefri 310ml","6.5",0,0,0,"6.5","0.5","Otros","","Lucas",""
"9629-2","Sale","01/03/2026 3:40 PM",1,1,"1xCrepe suíço salgado ","9",0,0,0,"9","1","Otros","","Lucas",""
"9630-2","Sale","01/03/2026 3:43 PM",1,1,"1xCascão ","8",0,0,0,"8","6.8","Otros","","Lucas",""
"9631-2","Sale","01/03/2026 3:50 PM",2,2,"1xMilkshake 400ml, 1xCopo 150ml","19",0,0,0,"19",0,"Pix","","Lucas",""
"9632-2","Sale","01/03/2026 3:54 PM",2,2,"1xCascão , 1xCrepe suíço salgado ","17",0,0,0,"17","7.8","Tarjeta Débito","","Lucas",""
"9633-2","Sale","01/03/2026 3:55 PM",1,2,"2xCasquinha ","12",0,0,0,"12","10","Tarjeta Crédito","","Lucas",""
"9634-2","Sale","01/03/2026 4:03 PM",1,1,"1xCopo 150ml","6",0,0,0,"6",0,"Efectivo","","Lucas",""
"9635-2","Sale","01/03/2026 4:05 PM",1,1,"1xMilkshake 300ml","10",0,0,0,"10",0,"Otros","","Lucas",""
"9636-2","Sale","01/03/2026 4:08 PM",2,3,"2xChurros de chocolate , 1xCascão ","26",0,0,0,"26","8.8","Otros","","Lucas",""
"9637-2","Sale","01/03/2026 4:13 PM",1,1,"1xCasquinha ","6",0,0,0,"6","5","Pix","","Lucas",""
"9638-2","Sale","01/03/2026 4:38 PM",1,3,"3xChurros de chocolate ","27",0,0,0,"27","3","Tarjeta Débito","","Lucas",""
"9639-2","Sale","01/03/2026 4:40 PM",2,2,"1xChurros de chocolate , 1xChurros doce de leite ","18",0,0,0,"18","2","Otros","","Lucas",""
"9640-2","Sale","01/03/2026 4:45 PM",1,5,"5xCascão ","40",0,0,0,"40","34","Tarjeta Débito","","Lucas",""
"9641-2","Sale","01/03/2026 4:46 PM",1,1,"1xMilkshake 300ml","10",0,0,0,"10",0,"Tarjeta Débito","","Lucas",""
"9642-2","Sale","01/03/2026 4:47 PM",1,1,"1xCasquinha ","6",0,0,0,"6","5","Pix","","Lucas",""
"9643-2","Sale","01/03/2026 4:48 PM",1,1,"1xCasquinha ","6",0,0,0,"6","5","Pix","","Lucas",""
"9644-2","Sale","01/03/2026 5:11 PM",1,1,"1xCascão ","8",0,0,0,"8","6.8","Efectivo","","Lucas",""
"9645-2","Sale","01/03/2026 5:13 PM",1,1,"1xCascão ","8",0,0,0,"8","6.8","Efectivo","","Lucas",""
"9646-2","Sale","01/03/2026 5:13 PM",1,1,"1xÁgua sem gás ","4",0,0,0,"4",0,"Efectivo","","Lucas",""
"9647-2","Sale","01/03/2026 5:23 PM",1,1,"1xCopo 150ml","6",0,0,0,"6",0,"Pix","","Lucas",""
"9648-2","Sale","01/03/2026 5:29 PM",2,3,"2xCopo 200ml, 1xCascão ","24",0,0,0,"24","6.8","Tarjeta Débito","","Lucas",""
"9649-2","Sale","01/03/2026 5:43 PM",2,2,"1xCascão , 1xCasquinha ","14",0,0,0,"14","11.8","Tarjeta Débito","","Lucas",""
"9650-2","Sale","01/03/2026 5:57 PM",2,2,"1xCasquinha , 1xMilkshake 300ml","16",0,0,0,"16","5","Pix","","Lucas",""
"9651-2","Sale","01/03/2026 6:08 PM",2,4,"2xCopo 200ml, 2xCasquinha ","28",0,0,0,"28","10","Tarjeta Crédito","","Lucas",""
"9652-2","Sale","01/03/2026 6:08 PM",1,1,"1xCasquinha ","6",0,0,0,"6","5","Tarjeta Débito","","Lucas",""
"9653-2","Sale","01/03/2026 6:09 PM",1,1,"1xRefri 310ml","6.5",0,0,0,"6.5","0.5","Tarjeta Débito","","Lucas",""
"9654-2","Sale","01/03/2026 6:14 PM",1,2,"2xMilkshake 400ml","26",0,0,0,"26",0,"Pix","","Lucas",""
"9655-2","Sale","01/03/2026 6:24 PM",1,2,"2xMilkshake 300ml","20",0,0,0,"20",0,"Tarjeta Débito","","Lucas",""
"9656-2","Sale","01/03/2026 6:36 PM",1,2,"2xCascão ","16",0,0,0,"16","13.6","Efectivo","","Lucas",""
"9657-2","Sale","01/03/2026 6:37 PM",1,1,"1xCopo 150ml","6",0,0,0,"6",0,"Efectivo","","Lucas",""
"9658-2","Sale","01/03/2026 6:46 PM",1,1,"1xCasquinha ","6",0,0,0,"6","5","Efectivo","","Lucas",""
"9659-2","Sale","01/03/2026 6:46 PM",1,1,"1xCasquinha ","6",0,0,0,"6","5","Tarjeta Débito","","Lucas",""
"9660-2","Sale","01/03/2026 6:50 PM",2,2,"1xChurros de chocolate , 1xMilkshake 300ml","19",0,0,0,"19","1","Tarjeta Débito","","Lucas",""
"9661-2","Sale","01/03/2026 6:54 PM",3,4,"1xCrepe suíço salgado , 1xChurros de chocolate , 2xCasquinha ","30",0,0,0,"30","12","Otros","","Lucas",""
"9664-2","Sale","01/03/2026 7:01 PM",1,1,"1xMilkshake 400ml","13",0,0,0,"13",0,"Efectivo","","Lucas",""
"9665-2","Sale","01/03/2026 7:12 PM",1,1,"1xChurros de chocolate ","9",0,0,0,"9","1","Tarjeta Crédito","","Lucas",""
"9666-2","Sale","01/03/2026 7:37 PM",3,3,"1xCrepe suíço salgado , 1xCrepe suíço doce, 1xMilkshake 400ml","32",0,0,0,"32","3","Tarjeta Crédito","","Lucas",""
"9667-2","Sale","01/03/2026 7:45 PM",1,1,"1xCopo 150ml","6",0,0,0,"6",0,"Efectivo","","Lucas",""
"9668-2","Sale","01/03/2026 7:47 PM",2,2,"1xCascão , 1xChurros doce de leite ","17",0,0,0,"17","7.8","Tarjeta Crédito","","Lucas",""
"9669-2","Sale","01/03/2026 7:47 PM",1,1,"1xÁgua sem gás ","4",0,0,0,"4",0,"Tarjeta Débito","","Lucas",""
"9670-2","Sale","01/03/2026 7:54 PM",1,1,"1xCascão ","8",0,0,0,"8","6.8","Tarjeta Débito","","Lucas",""
"9671-2","Sale","01/03/2026 7:56 PM",2,3,"1xChurros doce de leite , 2xCasquinha ","21",0,0,0,"21","11","Tarjeta Crédito","","Lucas",""
"9672-2","Sale","01/03/2026 7:58 PM",1,1,"1xCopo 250ml","10",0,0,0,"10",0,"Pix","","Lucas",""
"9663-2","Sale","01/03/2026 7:00 PM",1,1,"1xÁgua com gás ","4.5",0,0,0,"4.5","3.3","Efectivo","","Lucas",""
"9662-2","Sale","01/03/2026 6:55 PM",1,1,"1xCasquinha ","6",0,0,0,"6","5","Tarjeta Débito","","Lucas",""
"9673-2","Sale","01/04/2026 1:57 PM",2,2,"1xCopo 150ml, 1xCascão ","14",0,0,0,"14","6.8","Tarjeta Crédito","","Lucas",""
"9674-2","Sale","01/04/2026 2:25 PM",1,1,"1xCopo 150ml","6",0,0,0,"6",0,"Efectivo","","Lucas",""
"9675-2","Sale","01/04/2026 2:40 PM",1,1,"1xMilkshake 300ml","10",0,0,0,"10",0,"Efectivo","","Lucas",""
"9676-2","Sale","01/04/2026 2:42 PM",1,2,"2xCascão ","16",0,0,0,"16","13.6","Tarjeta Débito","","Lucas",""
"9677-2","Sale","01/04/2026 2:47 PM",1,1,"1xCasquinha ","6",0,0,0,"6","5","Efectivo","","Lucas",""
"9678-2","Sale","01/04/2026 2:50 PM",2,2,"1xCrepe suíço doce, 1xMilkshake 500ml","25",0,0,0,"25","1","Tarjeta Débito","","Lucas",""
"9679-2","Sale","01/04/2026 2:50 PM",1,1,"1xCasquinha ","6",0,0,0,"6","5","Efectivo","","Lucas",""
"9680-2","Sale","01/04/2026 3:01 PM",1,1,"1xCascão ","8",0,0,0,"8","6.8","Efectivo","","Lucas",""
"9681-2","Sale","01/04/2026 3:14 PM",1,1,"1xCascão ","8",0,0,0,"8","6.8","Efectivo","","Lucas",""
"9682-2","Sale","01/04/2026 3:16 PM",1,1,"1xMilkshake 400ml","13",0,0,0,"13",0,"Tarjeta Débito","","Lucas",""
"9683-2","Sale","01/04/2026 3:25 PM",2,2,"1xChurros doce de leite , 1xMilkshake 300ml","19",0,0,0,"19","1","Efectivo","","Lucas",""
"9684-2","Sale","01/04/2026 3:26 PM",1,1,"1xCasquinha ","6",0,0,0,"6","5","Efectivo","","Lucas",""
"9685-2","Sale","01/04/2026 3:28 PM",1,1,"1xCasquinha ","6",0,0,0,"6","5","Efectivo","","Lucas",""
"9686-2","Sale","01/04/2026 3:33 PM",2,2,"1xCasquinha , 1xMilkshake 400ml","19",0,0,0,"19","5","Pix","","Lucas",""
"9687-2","Sale","01/04/2026 3:40 PM",2,3,"2xMilkshake 400ml, 1xMilkshake 300ml","36",0,0,0,"36",0,"Pix","","Lucas",""
"9688-2","Sale","01/04/2026 3:41 PM",3,3,"1xChurros de chocolate , 1xChurros doce de leite , 1xÁgua sem gás ","22",0,0,0,"22","2","Tarjeta Crédito","","Lucas",""
"9689-2","Sale","01/04/2026 3:56 PM",1,1,"1xCombo 2","15",0,0,0,"15",0,"Pix","","Lucas",""
"9690-2","Sale","01/04/2026 3:56 PM",1,2,"2xCascão ","16",0,0,0,"16","13.6","Tarjeta Crédito","","Lucas",""
"9691-2","Sale","01/04/2026 3:59 PM",1,1,"1xCasquinha ","6",0,0,0,"6","5","Tarjeta Débito","","Lucas",""
"9692-2","Sale","01/04/2026 4:04 PM",3,8,"2xCopo 200ml, 4xCascão , 2xÁgua sem gás ","56",0,0,0,"56","27.2","Tarjeta Débito","","Lucas",""
"9693-2","Sale","01/04/2026 4:05 PM",1,1,"1xCasquinha ","6",0,0,0,"6","5","Tarjeta Débito","","Lucas",""
"9694-2","Sale","01/04/2026 4:05 PM",1,1,"1xCopo 150ml","6",0,0,0,"6",0,"Tarjeta Crédito","","Lucas",""
"9695-2","Sale","01/04/2026 4:09 PM",2,2,"1xCrepe suíço salgado , 1xChurros doce de leite ","18",0,0,0,"18","2","Tarjeta Débito","","Lucas",""
"9696-2","Sale","01/04/2026 4:09 PM",1,1,"1xCasquinha ","6",0,0,0,"6","5","Tarjeta Débito","","Lucas",""
"9697-2","Sale","01/04/2026 4:11 PM",1,1,"1xCasquinha ","6",0,0,0,"6","5","Tarjeta Débito","","Lucas",""
"9698-2","Sale","01/04/2026 4:13 PM",1,1,"1xCopo 150ml","6",0,0,0,"6",0,"Tarjeta Débito","","Lucas",""
"9699-2","Sale","01/04/2026 4:13 PM",1,1,"1xMilkshake 400ml","13",0,0,0,"13",0,"Tarjeta Débito","","Lucas",""
"9700-2","Sale","01/04/2026 4:23 PM",2,2,"1xCasquinha , 1xCascão ","14",0,0,0,"14","11.8","Otros","","Lucas",""
"9701-2","Sale","01/04/2026 4:43 PM",1,2,"2xCascão ","16",0,0,0,"16","13.6","Efectivo","","Lucas",""
"9702-2","Sale","01/04/2026 4:55 PM",2,2,"1xCrepe suíço salgado , 1xMilkshake 300ml","19",0,0,0,"19","1","Otros","","Lucas",""
"9703-2","Sale","01/04/2026 5:06 PM",2,3,"1xMilkshake 300ml, 2xCasquinha ","22",0,0,0,"22","10","Tarjeta Débito","","Lucas",""
"9704-2","Sale","01/04/2026 5:10 PM",1,2,"2xMilkshake 500ml","30",0,0,0,"30","-2","Efectivo","","Lucas",""
"9705-2","Sale","01/04/2026 5:12 PM",2,3,"1xChurros doce de leite , 2xCopo 250ml","29",0,0,0,"29","1","Efectivo","","Lucas",""
"9706-2","Sale","01/04/2026 5:22 PM",1,2,"2xCasquinha ","12",0,0,0,"12","10","Pix","","Lucas",""
"9707-2","Sale","01/04/2026 5:38 PM",1,2,"2xMilkshake 300ml","20",0,0,0,"20",0,"Tarjeta Débito","","Lucas",""
"9708-2","Sale","01/04/2026 5:42 PM",1,2,"2xChurros de chocolate ","18",0,0,0,"18","2","Tarjeta Débito","","Lucas",""
"9709-2","Sale","01/04/2026 5:56 PM",1,4,"4xCasquinha ","24",0,0,0,"24","20","Otros","","Lucas",""
"9710-2","Sale","01/04/2026 6:00 PM",2,3,"1xMilkshake 300ml, 2xCasquinha ","22",0,0,0,"22","10","Tarjeta Débito","","Lucas",""
"9711-2","Sale","01/04/2026 6:05 PM",1,1,"1xMilkshake 300ml","10",0,0,0,"10",0,"Efectivo","","Lucas",""
"9712-2","Sale","01/04/2026 6:09 PM",1,1,"1xÁgua com gás ","4.5",0,0,0,"4.5","3.3","Efectivo","","Lucas",""
"9713-2","Sale","01/04/2026 6:24 PM",1,1,"1xMilkshake 500ml","15",0,0,0,"15","-1","Pix","","Lucas",""
"9714-2","Sale","01/04/2026 6:28 PM",1,1,"1xMilkshake 500ml","15",0,0,0,"15","-1","Pix","","Lucas",""
"9715-2","Sale","01/04/2026 6:34 PM",1,2,"2xCasquinha ","12",0,0,0,"12","10","Pix","","Lucas",""
"9716-2","Sale","01/04/2026 6:50 PM",2,2,"1xCrepe suíço salgado , 1xCrepe suíço doce","19",0,0,0,"19","3","Pix","","Lucas",""
"9717-2","Sale","01/04/2026 7:00 PM",3,3,"1xCrepe suíço doce, 1xCrepe suíço salgado , 1xCasquinha ","25",0,0,0,"25","8","Tarjeta Débito","","Lucas",""
"9718-2","Sale","01/04/2026 7:15 PM",2,2,"1xCrepe suíço salgado , 1xMilkshake 300ml","19",0,0,0,"19","1","Tarjeta Débito","","Lucas",""
"9719-2","Sale","01/04/2026 7:17 PM",1,1,"1xMilkshake 500ml","15",0,0,0,"15","-1","Tarjeta Crédito","","Lucas",""
"9720-2","Sale","01/04/2026 7:18 PM",1,1,"1xChurros de chocolate ","9",0,0,0,"9","1","Efectivo","","Lucas",""
"9721-2","Sale","01/04/2026 7:38 PM",2,2,"1xCrepe suíço salgado , 1xChurros de chocolate ","18",0,0,0,"18","2","Tarjeta Crédito","","Lucas",""
"9722-2","Sale","01/04/2026 7:41 PM",1,3,"3xChurros doce de leite ","27",0,0,0,"27","3","Efectivo","","Lucas",""
"9723-2","Sale","01/04/2026 7:51 PM",2,2,"1xMilkshake 300ml, 1xCasquinha ","16",0,0,0,"16","5","Tarjeta Crédito","","Lucas",""
"9724-2","Sale","01/04/2026 7:52 PM",2,6,"1xMilkshake 300ml, 5xChurros de chocolate ","55",0,0,0,"55","5","Tarjeta Débito","","Lucas",""
"9725-2","Sale","01/04/2026 7:58 PM",1,1,"1xMilkshake 300ml","10",0,0,0,"10",0,"Tarjeta Crédito","","Lucas",""
"9727-2","Sale","01/05/2026 1:12 PM",1,1,"1xÁgua sem gás ","4",0,0,0,"4",0,"Pix","","Lucas",""
"9728-2","Sale","01/05/2026 1:50 PM",2,2,"1xCasquinha , 1xÁgua sem gás ","11",0,0,0,"11","6","Pix","","Lucas",""
"9729-2","Sale","01/05/2026 1:58 PM",1,1,"1xRefri 310ml","7",0,0,0,"7","1","Tarjeta Débito","","Lucas",""
"9730-2","Sale","01/05/2026 2:07 PM",1,2,"2xMilkshake 500ml","32",0,0,0,"32",0,"Tarjeta Crédito","","Lucas",""
"9731-2","Sale","01/05/2026 2:10 PM",1,2,"2xMilkshake 300ml","22",0,0,0,"22","2","Tarjeta Débito","","Lucas",""
"9732-2","Sale","01/05/2026 2:39 PM",1,1,"1xMilkshake 500ml","16",0,0,0,"16",0,"Tarjeta Débito","","Lucas",""
"9733-2","Sale","01/05/2026 2:43 PM",2,2,"1xMilkshake 300ml, 1xMilkshake 400ml","25",0,0,0,"25","2","Pix","","Lucas",""
"9734-2","Sale","01/05/2026 2:51 PM",3,5,"2xCopo 200ml, 2xCascão , 1xChurros de chocolate ","46",0,0,0,"46","19.6","Efectivo","","Lucas",""
"9735-2","Sale","01/05/2026 3:05 PM",1,2,"2xMilkshake 400ml","28",0,0,0,"28","2","Efectivo","","Lucas",""
"9736-2","Sale","01/05/2026 3:08 PM",1,2,"2xMilkshake 300ml","22",0,0,0,"22","2","Tarjeta Débito","","Lucas",""
"9737-2","Sale","01/05/2026 3:19 PM",1,1,"1xMilkshake 500ml","16",0,0,0,"16",0,"Efectivo","","Lucas",""
"9738-2","Sale","01/05/2026 3:22 PM",1,2,"2xCascão ","18",0,0,0,"18","15.6","Tarjeta Débito","","Lucas",""
"9739-2","Sale","01/05/2026 3:32 PM",2,2,"1xChurros doce de leite , 1xChurros de chocolate ","20",0,0,0,"20","4","Tarjeta Débito","","Lucas",""
"9740-2","Sale","01/05/2026 3:33 PM",1,1,"1xCascão ","9",0,0,0,"9","7.8","Tarjeta Débito","","Lucas",""
"9741-2","Sale","01/05/2026 3:38 PM",1,3,"3xCascão ","27",0,0,0,"27","23.4","Efectivo","","Lucas",""
"9742-2","Sale","01/05/2026 3:39 PM",1,2,"2xCasquinha ","14",0,0,0,"14","12","Efectivo","","Lucas",""
"9743-2","Sale","01/05/2026 3:40 PM",1,1,"1xCasquinha ","7",0,0,0,"7","6","Efectivo","","Lucas",""
"9744-2","Sale","01/05/2026 3:48 PM",1,1,"1xMilkshake 500ml","16",0,0,0,"16",0,"Pix","","Lucas",""
"9745-2","Sale","01/05/2026 3:52 PM",1,2,"2xCascão ","18",0,0,0,"18","15.6","Efectivo","","Lucas",""
"9746-2","Sale","01/05/2026 3:55 PM",1,2,"2xCasquinha ","14",0,0,0,"14","12","Efectivo","","Lucas",""
"9747-2","Sale","01/05/2026 4:09 PM",1,2,"2xCasquinha ","14",0,0,0,"14","12","Tarjeta Crédito","","Lucas",""
"9748-2","Sale","01/05/2026 4:14 PM",1,1,"1xCascão ","9",0,0,0,"9","7.8","Efectivo","","Lucas",""
"9749-2","Sale","01/05/2026 4:16 PM",2,2,"1xCascão , 1xCasquinha ","16",0,0,0,"16","13.8","Tarjeta Débito","","Lucas",""
"9750-2","Sale","01/05/2026 4:17 PM",1,1,"1xCascão ","9",0,0,0,"9","7.8","Tarjeta Débito","","Lucas",""
"9751-2","Sale","01/05/2026 4:18 PM",1,1,"1xCascão ","9",0,0,0,"9","7.8","Efectivo","","Lucas",""
"9752-2","Sale","01/05/2026 4:19 PM",1,2,"2xCasquinha ","14",0,0,0,"14","12","Efectivo","","Lucas",""
"9753-2","Sale","01/05/2026 4:25 PM",1,1,"1xCasquinha ","7",0,0,0,"7","6","Efectivo","","Lucas",""
"9754-2","Sale","01/05/2026 4:32 PM",1,1,"1xCasquinha ","7",0,0,0,"7","6","Tarjeta Débito","","Lucas",""
"9755-2","Sale","01/05/2026 4:33 PM",1,1,"1xChurros de chocolate ","10",0,0,0,"10","2","Tarjeta Débito","","Lucas",""
"9756-2","Sale","01/05/2026 4:39 PM",3,3,"1xÁgua sem gás , 1xMilkshake 300ml, 1xCasquinha ","22",0,0,0,"22","7","Tarjeta Débito","","Lucas",""
"9757-2","Sale","01/05/2026 4:50 PM",1,1,"1xMilkshake 300ml","11",0,0,0,"11","1","Tarjeta Débito","","Lucas",""
"9758-2","Sale","01/05/2026 4:55 PM",2,2,"1xCopo 150ml, 1xChurros de chocolate ","17",0,0,0,"17","3","Tarjeta Crédito","","Lucas",""
"9759-2","Sale","01/05/2026 4:58 PM",2,2,"1xCasquinha , 1xMilkshake 400ml","21",0,0,0,"21","7","Tarjeta Débito","","Lucas",""
"9760-2","Sale","01/05/2026 5:04 PM",2,2,"1xMilkshake 300ml, 1xMilkshake 400ml","25",0,0,0,"25","2","Tarjeta Crédito","","Lucas",""
"9761-2","Sale","01/05/2026 5:10 PM",1,3,"3xCrepe suíço salgado ","30",0,0,0,"30","6","Tarjeta Crédito","","Lucas",""
"9762-2","Sale","01/05/2026 5:14 PM",1,2,"2xCrepe suíço salgado ","20",0,0,0,"20","4","Tarjeta Débito","","Lucas",""
"9763-2","Sale","01/05/2026 5:20 PM",1,1,"1xMilkshake 300ml","11",0,0,0,"11","1","Pix","","Lucas",""
"9764-2","Sale","01/05/2026 5:24 PM",2,3,"2xCasquinha , 1xÁgua com gás ","18.5",0,0,0,"18.5","15.3","Efectivo","","Lucas",""
"9765-2","Sale","01/05/2026 5:29 PM",1,1,"1xCascão ","9",0,0,0,"9","7.8","Tarjeta Crédito","","Lucas",""
"9766-2","Sale","01/05/2026 5:32 PM",2,2,"1xCasquinha , 1xMilkshake 400ml","21",0,0,0,"21","7","Efectivo","","Lucas",""
"9767-2","Sale","01/05/2026 5:33 PM",1,2,"2xCrepe suíço salgado ","20",0,0,0,"20","4","Efectivo","","Lucas",""
"9768-2","Sale","01/05/2026 5:40 PM",1,2,"2xMilkshake 300ml","22",0,0,0,"22","2","Pix","","Lucas",""
"9769-2","Sale","01/05/2026 5:43 PM",2,2,"1xCrepe suíço salgado , 1xCasquinha ","17",0,0,0,"17","8","Tarjeta Débito","","Lucas",""
"9770-2","Sale","01/05/2026 5:47 PM",1,1,"1xMilkshake 400ml","14",0,0,0,"14","1","Tarjeta Débito","","Lucas",""
"9771-2","Sale","01/05/2026 5:48 PM",2,2,"1xCasquinha , 1xMilkshake 400ml","21",0,0,0,"21","7","Efectivo","","Lucas",""
"9772-2","Sale","01/05/2026 6:00 PM",1,1,"1xCrepe suíço salgado ","10",0,0,0,"10","2","Tarjeta Débito","","Lucas",""
"9773-2","Sale","01/05/2026 6:09 PM",1,3,"3xÁgua com gás ","13.5",0,0,0,"13.5","9.9","Tarjeta Débito","","Lucas",""
"9774-2","Sale","01/05/2026 6:12 PM",1,1,"1xCopo 150ml","7",0,0,0,"7","1","Tarjeta Débito","","Lucas",""
"9775-2","Sale","01/05/2026 6:16 PM",1,1,"1xCascão ","9",1,0,0,"8","6.8","Efectivo","","Lucas",""
"9776-2","Sale","01/05/2026 6:17 PM",1,2,"2xCasquinha ","14",0,0,0,"14","12","Pix","","Lucas",""
"9777-2","Sale","01/05/2026 6:22 PM",3,3,"1xCopo 150ml, 1xCascão , 1xCasquinha ","23",0,0,0,"23","14.8","Tarjeta Débito","","Lucas",""
"9778-2","Sale","01/05/2026 6:33 PM",1,1,"1xCopo 200ml","9",0,0,0,"9","1","Efectivo","","Lucas",""
"9779-2","Sale","01/05/2026 6:35 PM",1,2,"2xCasquinha ","14",0,0,0,"14","12","Efectivo","","Lucas",""
"9780-2","Sale","01/05/2026 6:40 PM",2,2,"1xCopo 250ml, 1xMilkshake 500ml","27",0,0,0,"27","1","Tarjeta Débito","","Lucas",""
"9781-2","Sale","01/05/2026 6:54 PM",1,1,"1xCascão ","9",0,0,0,"9","7.8","Efectivo","","Lucas",""
"9782-2","Sale","01/05/2026 7:30 PM",1,1,"1xCasquinha ","7",0,0,0,"7","6","Pix","","Lucas",""
"9783-2","Sale","01/05/2026 7:38 PM",1,2,"2xCasquinha ","14",0,0,0,"14","12","Tarjeta Débito","","Lucas",""
"9784-2","Sale","01/05/2026 7:44 PM",1,2,"2xMilkshake 300ml","22",0,0,0,"22","2","Tarjeta Débito","","Lucas",""
"9785-2","Sale","01/05/2026 8:01 PM",2,2,"1xCasquinha , 1xRefri 310ml","14",0,0,0,"14","7","Tarjeta Débito","","Lucas",""
"9786-2","Sale","01/06/2026 1:31 PM",2,4,"3xCasquinha , 1xMilkshake 300ml","32",0,0,0,"32","19","Pix","","Lucas",""
"9787-2","Sale","01/06/2026 1:38 PM",1,2,"2xMilkshake 300ml","22",0,0,0,"22","2","Tarjeta Débito","","Lucas",""
"9788-2","Sale","01/06/2026 1:39 PM",1,1,"1xCasquinha ","7",0,0,0,"7","6","Efectivo","","Lucas",""
"9789-2","Sale","01/06/2026 1:41 PM",1,1,"1xCopo 150ml","7",0,0,0,"7","1","Efectivo","","Lucas",""
"9790-2","Sale","01/06/2026 1:58 PM",1,1,"1xÁgua sem gás ","4",0,0,0,"4",0,"Tarjeta Crédito","","Lucas",""
"9791-2","Sale","01/06/2026 1:58 PM",1,1,"1xCopo 200ml","9",0,0,0,"9","1","Tarjeta Débito","","Lucas",""
"9792-2","Sale","01/06/2026 2:18 PM",1,1,"1xÁgua sem gás ","4",0,0,0,"4",0,"Efectivo","","Lucas",""
"9793-2","Sale","01/06/2026 2:30 PM",1,4,"4xCopo 250ml","44",0,0,0,"44","4","Efectivo","","Lucas",""
"9794-2","Sale","01/06/2026 2:32 PM",1,2,"2xCopo 200ml","18",0,0,0,"18","2","Efectivo","","Lucas",""
"9795-2","Sale","01/06/2026 2:42 PM",3,5,"2xMilkshake 500ml, 2xMilkshake 300ml, 1xÁgua sem gás ","58",0,0,0,"58","2","Pix","","Lucas",""
"9796-2","Sale","01/06/2026 2:48 PM",1,2,"2xCascão ","18",0,0,0,"18","15.6","Efectivo","","Lucas",""
"9797-2","Sale","01/06/2026 2:50 PM",1,2,"2xCascão ","18",0,0,0,"18","15.6","Efectivo","","Lucas",""
"9798-2","Sale","01/06/2026 3:02 PM",1,2,"2xCasquinha ","14",0,0,0,"14","12","Efectivo","","Lucas",""
"9799-2","Sale","01/06/2026 3:13 PM",1,1,"1xCasquinha ","7",0,0,0,"7","6","Efectivo","","Lucas",""
"9800-2","Sale","01/06/2026 3:18 PM",2,2,"1xMilkshake 300ml, 1xChurros de chocolate ","21",0,0,0,"21","3","Efectivo","","Lucas",""
"9801-2","Sale","01/06/2026 3:20 PM",1,2,"2xCascão ","18",0,0,0,"18","15.6","Tarjeta Débito","","Lucas",""
"9802-2","Sale","01/06/2026 3:23 PM",1,1,"1xCascão ","9",0,0,0,"9","7.8","Tarjeta Débito","","Lucas",""
"9803-2","Sale","01/06/2026 3:24 PM",1,1,"1xRefri 310ml","7",0,0,0,"7","1","Pix","","Lucas",""
"9804-2","Sale","01/06/2026 3:26 PM",1,1,"1xCasquinha ","7",0,0,0,"7","6","Efectivo","","Lucas",""
"9805-2","Sale","01/06/2026 3:30 PM",1,1,"1xÁgua com gás ","4.5",0,0,0,"4.5","3.3","Efectivo","","Lucas",""
"9806-2","Sale","01/06/2026 3:32 PM",1,1,"1xCasquinha ","7",0,0,0,"7","6","Efectivo","","Lucas",""
"9807-2","Sale","01/06/2026 3:33 PM",1,2,"2xÁgua sem gás ","8",0,0,0,"8",0,"Efectivo","","Lucas",""
"9808-2","Sale","01/06/2026 3:35 PM",1,1,"1xCopo 200ml","9",4,0,0,"5","-3","Efectivo","","Lucas",""
"9809-2","Sale","01/06/2026 3:40 PM",1,3,"3xCasquinha ","21",0,0,0,"21","18","Efectivo","","Lucas",""
"9810-2","Sale","01/06/2026 3:49 PM",1,1,"1xCascão ","9",0,0,0,"9","7.8","Tarjeta Débito","","Lucas",""
"9811-2","Sale","01/06/2026 3:50 PM",1,1,"1xRefri 310ml","7",0,0,0,"7","1","Efectivo","","Lucas",""
"9812-2","Sale","01/06/2026 4:00 PM",2,3,"2xCasquinha , 1xMilkshake 400ml","28",0,0,0,"28","13","Pix","","Lucas",""
"9813-2","Sale","01/06/2026 4:03 PM",1,2,"2xMilkshake 400ml","28",0,0,0,"28","2","Tarjeta Débito","","Lucas",""
"9814-2","Sale","01/06/2026 4:05 PM",1,1,"1xMilkshake 300ml","11",0,0,0,"11","1","Efectivo","","Lucas",""
"9815-2","Sale","01/06/2026 4:06 PM",1,1,"1xCopo 200ml","9",0,0,0,"9","1","Efectivo","","Lucas",""
"9816-2","Sale","01/06/2026 4:11 PM",1,3,"3xCopo 150ml","21",0,0,0,"21","3","Tarjeta Débito","","Lucas",""
"9817-2","Sale","01/06/2026 4:16 PM",1,1,"1xMilkshake 500ml","16",0,0,0,"16",0,"Tarjeta Débito","","Lucas",""
"9818-2","Sale","01/06/2026 4:24 PM",1,3,"3xMilkshake 400ml","42",0,0,0,"42","3","Pix","","Lucas",""
"9819-2","Sale","01/06/2026 4:25 PM",1,1,"1xCascão ","9",0,0,0,"9","7.8","Efectivo","","Lucas",""
"9820-2","Sale","01/06/2026 4:30 PM",1,1,"1xÁgua sem gás ","4",0,0,0,"4",0,"Efectivo","","Lucas",""
"9821-2","Sale","01/06/2026 4:37 PM",3,7,"3xChurros doce de leite , 3xChurros de chocolate , 1xCasquinha ","67",1,0,0,"66","17","Pix","","Lucas",""
"9822-2","Sale","01/06/2026 4:38 PM",1,1,"1xRefri 310ml","7",0,0,0,"7","1","Tarjeta Débito","","Lucas",""
"9823-2","Sale","01/06/2026 4:40 PM",1,1,"1xCombo 1","15",0,0,0,"15","1","Otros","","Lucas",""
"9825-2","Sale","01/06/2026 4:56 PM",1,1,"1xCasquinha ","7",0,0,0,"7","6","Pix","","Lucas",""
"9826-2","Sale","01/06/2026 4:58 PM",1,1,"1xCascão ","9",0,0,0,"9","7.8","Tarjeta Crédito","","Lucas",""
"9827-2","Sale","01/06/2026 5:00 PM",1,1,"1xMilkshake 400ml","14",0,0,0,"14","1","Tarjeta Débito","","Lucas",""
"9828-2","Sale","01/06/2026 5:04 PM",1,1,"1xCopo 150ml","7",0,0,0,"7","1","Efectivo","","Lucas",""
"9829-2","Sale","01/06/2026 5:09 PM",1,1,"1xCasquinha ","7",0,0,0,"7","6","Tarjeta Crédito","","Lucas",""
"9830-2","Sale","01/06/2026 5:14 PM",1,2,"2xCasquinha ","14",0,0,0,"14","12","Tarjeta Crédito","","Lucas",""
"9831-2","Sale","01/06/2026 5:18 PM",1,2,"2xMilkshake 300ml","22",0,0,0,"22","2","Tarjeta Débito","","Lucas",""
"9832-2","Sale","01/06/2026 5:18 PM",1,3,"3xCasquinha ","21",0,0,0,"21","18","Efectivo","","Lucas",""
"9833-2","Sale","01/06/2026 5:36 PM",1,1,"1xCasquinha ","7",0,0,0,"7","6","Tarjeta Débito","","Lucas",""
"9834-2","Sale","01/06/2026 5:44 PM",1,2,"2xCascão ","18",0,0,0,"18","15.6","Tarjeta Débito","","Lucas",""
"9835-2","Sale","01/06/2026 5:47 PM",2,2,"1xChurros doce de leite , 1xCasquinha ","17",0,0,0,"17","8","Tarjeta Débito","","Lucas",""
"9836-2","Sale","01/06/2026 5:50 PM",2,4,"3xCasquinha , 1xÁgua sem gás ","25",0,0,0,"25","18","Tarjeta Débito","","Lucas",""
"9837-2","Sale","01/06/2026 5:51 PM",1,1,"1xRefri 310ml","7",0,0,0,"7","1","Efectivo","","Lucas",""
"9838-2","Sale","01/06/2026 5:56 PM",1,1,"1xCrepe suíço salgado ","10",0,0,0,"10","2","Efectivo","","Lucas",""
"9839-2","Sale","01/06/2026 5:57 PM",1,1,"1xCasquinha ","7",0,0,0,"7","6","Pix","","Lucas",""
"9840-2","Sale","01/06/2026 6:01 PM",1,1,"1xCasquinha ","7",0,0,0,"7","6","Pix","","Lucas",""
"9841-2","Sale","01/06/2026 6:19 PM",1,2,"2xCascão ","18",0,0,0,"18","15.6","Pix","","Lucas",""
"9842-2","Sale","01/06/2026 6:39 PM",1,1,"1xMilkshake 500ml","16",0,0,0,"16",0,"Tarjeta Crédito","","Lucas",""
"9843-2","Sale","01/06/2026 6:53 PM",1,4,"4xCasquinha ","28",0,0,0,"28","24","Tarjeta Débito","","Lucas",""
"9844-2","Sale","01/06/2026 7:14 PM",1,1,"1xChurros de chocolate ","10",0,0,0,"10","2","Efectivo","","Lucas",""
"9845-2","Sale","01/06/2026 7:17 PM",2,2,"1xCasquinha , 1xMilkshake 300ml","18",0,0,0,"18","7","Tarjeta Débito","","Lucas",""
"9846-2","Sale","01/06/2026 7:23 PM",1,1,"1xCasquinha ","7",0,0,0,"7","6","Efectivo","","Lucas",""
"9847-2","Sale","01/06/2026 7:30 PM",1,1,"1xCasquinha ","7",1,0,0,"6","5","Efectivo","","Lucas",""
"9848-2","Sale","01/06/2026 8:08 PM",1,1,"1xCasquinha ","7",0,0,0,"7","6","Efectivo","","Lucas",""
"9824-2","Sale","01/06/2026 4:50 PM",1,1,"1xCasquinha ","7",0,0,0,"7","6","Pix","","Lucas",""
"9849-2","Sale","01/07/2026 12:45 PM",1,1,"1xCascão ","9",0,0,0,"9","7.8","Pix","","Lucas",""
"9850-2","Sale","01/07/2026 1:00 PM",1,1,"1xCasquinha ","7",0,0,0,"7","6","Tarjeta Crédito","","Lucas",""
"9851-2","Sale","01/07/2026 1:20 PM",1,1,"1xRefri 310ml","7",0,0,0,"7","1","Efectivo","","Lucas",""
"9852-2","Sale","01/07/2026 1:23 PM",2,3,"2xMilkshake 400ml, 1xMilkshake 300ml","39",0,0,0,"39","3","Efectivo","","Lucas",""
"9853-2","Sale","01/07/2026 1:28 PM",1,1,"1xMilkshake 300ml","11",0,0,0,"11","1","Efectivo","","Lucas",""
"9854-2","Sale","01/07/2026 1:45 PM",1,2,"2xCascão ","18",0,0,0,"18","15.6","Efectivo","","Lucas",""
"9855-2","Sale","01/07/2026 1:45 PM",1,2,"2xCasquinha ","14",0,0,0,"14","12","Tarjeta Débito","","Lucas",""
"9856-2","Sale","01/07/2026 2:12 PM",2,4,"1xCascão , 3xCasquinha ","30",0,0,0,"30","25.8","Tarjeta Débito","","Lucas",""
"9857-2","Sale","01/07/2026 2:14 PM",1,3,"3xCascão ","27",0,0,0,"27","23.4","Efectivo","","Lucas",""
"9859-2","Sale","01/07/2026 2:31 PM",2,2,"1xCasquinha , 1xCascão ","16",0,0,0,"16","13.8","Efectivo","","Lucas",""
"9860-2","Sale","01/07/2026 2:32 PM",1,1,"1xCascão ","9",0,0,0,"9","7.8","Efectivo","","Lucas",""
"9862-2","Sale","01/07/2026 2:42 PM",1,1,"1xCascão ","9",0,0,0,"9","7.8","Efectivo","","Lucas",""
"9863-2","Sale","01/07/2026 2:43 PM",1,1,"1xCasquinha ","7",0,0,0,"7","6","Tarjeta Débito","","Lucas",""
"9864-2","Sale","01/07/2026 2:44 PM",2,2,"1xÁgua sem gás , 1xÁgua com gás ","8.5",0,0,0,"8.5","3.3","Tarjeta Débito","","Lucas",""
"9865-2","Sale","01/07/2026 2:45 PM",1,1,"1xMilkshake 300ml","11",0,0,0,"11","1","Efectivo","","Lucas",""
"9866-2","Sale","01/07/2026 2:49 PM",1,1,"1xCasquinha ","7",0,0,0,"7","6","Efectivo","","Lucas",""
"9870-2","Sale","01/07/2026 3:00 PM",1,1,"1xMilkshake 400ml","14",0,0,0,"14","1","Pix","","Lucas",""
"9871-2","Sale","01/07/2026 3:00 PM",1,1,"1xCasquinha ","7",0,0,0,"7","6","Efectivo","","Lucas",""
"9872-2","Sale","01/07/2026 3:04 PM",1,2,"2xMilkshake 300ml","22",0,0,0,"22","2","Pix","","Lucas",""
"9858-2","Sale","01/07/2026 2:29 PM",1,1,"1xCascão ","9",0,0,0,"9","7.8","Efectivo","","Lucas",""
"9868-2","Sale","01/07/2026 2:52 PM",1,1,"1xCasquinha ","7",0,0,0,"7","6","Tarjeta Débito","","Lucas",""
"9873-2","Sale","01/07/2026 3:10 PM",1,2,"2xCasquinha ","14",0,0,0,"14","12","Otros","","Lucas",""
"9875-2","Sale","01/07/2026 3:17 PM",1,1,"1xÁgua sem gás ","4",0,0,0,"4",0,"Tarjeta Débito","","Lucas",""
"9877-2","Sale","01/07/2026 3:24 PM",1,3,"3xCasquinha ","21",0,0,0,"21","18","Tarjeta Débito","","Lucas",""
"9879-2","Sale","01/07/2026 3:28 PM",2,2,"1xMilkshake 400ml, 1xCascão ","23",0,0,0,"23","8.8","Tarjeta Débito","","Lucas",""
"9883-2","Sale","01/07/2026 3:40 PM",1,1,"1xMilkshake 300ml","11",0,0,0,"11","1","Pix","","Lucas",""
"9884-2","Sale","01/07/2026 3:40 PM",2,2,"1xMilkshake 400ml, 1xMilkshake 300ml","25",0,0,0,"25","2","Tarjeta Crédito","","Lucas",""
"9889-2","Sale","01/07/2026 3:49 PM",1,2,"2xChurros doce de leite ","20",0,0,0,"20","4","Pix","","Lucas",""
"9891-2","Sale","01/07/2026 4:01 PM",1,1,"1xÁgua sem gás ","4",0,0,0,"4",0,"Efectivo","","Lucas",""
"9892-2","Sale","01/07/2026 4:09 PM",3,5,"1xCasquinha , 2xCascão , 2xÁgua sem gás ","33",0,0,0,"33","21.6","Efectivo","","Lucas",""
"9888-2","Sale","01/07/2026 3:48 PM",1,1,"1xCascão ","9",0,0,0,"9","7.8","Tarjeta Crédito","","Lucas",""
"9890-2","Sale","01/07/2026 3:59 PM",2,3,"1xCascão , 2xMilkshake 300ml","31",0,0,0,"31","9.8","Pix","","Lucas",""
"9887-2","Sale","01/07/2026 3:46 PM",1,1,"1xÁgua sem gás ","4",0,0,0,"4",0,"Efectivo","","Lucas",""
"9886-2","Sale","01/07/2026 3:46 PM",1,1,"1xCasquinha ","7",0,0,0,"7","6","Pix","","Lucas",""
"9885-2","Sale","01/07/2026 3:44 PM",1,1,"1xMilkshake 400ml","14",0,0,0,"14","1","Efectivo","","Lucas",""
"9882-2","Sale","01/07/2026 3:39 PM",1,1,"1xCombo 3","15",0,0,0,"15","1","Tarjeta Débito","","Lucas",""
"9881-2","Sale","01/07/2026 3:31 PM",1,1,"1xMilkshake 400ml","14",0,0,0,"14","1","Tarjeta Débito","","Lucas",""
"9878-2","Sale","01/07/2026 3:25 PM",2,3,"1xCopo 150ml, 2xCascão ","25",0,0,0,"25","16.6","Tarjeta Crédito","","Lucas",""
"9876-2","Sale","01/07/2026 3:19 PM",1,1,"1xÁgua sem gás ","4",0,0,0,"4",0,"Efectivo","","Lucas",""
"9880-2","Sale","01/07/2026 3:30 PM",2,2,"1xChurros de chocolate , 1xChurros doce de leite ","20",0,0,0,"20","4","Tarjeta Débito","","Lucas",""
"9874-2","Sale","01/07/2026 3:12 PM",1,2,"2xCascão ","18",0,0,0,"18","15.6","Tarjeta Débito","","Lucas",""
"9869-2","Sale","01/07/2026 2:58 PM",2,4,"3xMilkshake 300ml, 1xÁgua sem gás ","37",0,0,0,"37","3","Pix","","Lucas",""
"9861-2","Sale","01/07/2026 2:38 PM",1,1,"1xCascão ","9",0,0,0,"9","7.8","Tarjeta Débito","","Lucas",""
"9867-2","Sale","01/07/2026 2:50 PM",1,1,"1xCasquinha ","7",0,0,0,"7","6","Tarjeta Débito","","Lucas",""
"9893-2","Sale","01/07/2026 4:19 PM",1,1,"1xCascão ","9",0,0,0,"9","7.8","Efectivo","","Lucas",""
"9894-2","Sale","01/07/2026 4:22 PM",2,4,"3xCascão , 1xCopo 200ml","36",0,0,0,"36","24.4","Tarjeta Débito","","Lucas",""
"9895-2","Sale","01/07/2026 4:26 PM",1,3,"3xCascão ","27",0,0,0,"27","23.4","Tarjeta Débito","","Lucas",""
"9896-2","Sale","01/07/2026 4:40 PM",3,5,"1xCopo 150ml, 1xMilkshake 300ml, 3xCasquinha ","39",0,0,0,"39","20","Tarjeta Débito","","Lucas",""
"9898-2","Sale","01/07/2026 4:49 PM",1,1,"1xÁgua com gás ","4.5",0,0,0,"4.5","3.3","Tarjeta Crédito","","Lucas",""
"9899-2","Sale","01/07/2026 4:50 PM",1,2,"2xMilkshake 300ml","22",0,0,0,"22","2","Tarjeta Crédito","","Lucas",""
"9900-2","Sale","01/07/2026 4:57 PM",1,1,"1xCasquinha ","7",0,0,0,"7","6","Tarjeta Débito","","Lucas",""
"9901-2","Sale","01/07/2026 5:04 PM",1,3,"3xCasquinha ","21",0,0,0,"21","18","Pix","","Lucas",""
"9902-2","Sale","01/07/2026 5:05 PM",1,1,"1xCasquinha ","7",0,0,0,"7","6","Efectivo","","Lucas",""
"9903-2","Sale","01/07/2026 5:21 PM",1,1,"1xMilkshake 500ml","16",0,0,0,"16",0,"Efectivo","","Lucas",""
"9904-2","Sale","01/07/2026 5:24 PM",1,1,"1xMilkshake 300ml","11",0,0,0,"11","1","Efectivo","","Lucas",""
"9905-2","Sale","01/07/2026 5:25 PM",1,1,"1xCascão ","9",0,0,0,"9","7.8","Efectivo","","Lucas",""
"9906-2","Sale","01/07/2026 5:29 PM",1,1,"1xRefri 310ml","7",0,0,0,"7","1","Pix","","Lucas",""
"9907-2","Sale","01/07/2026 5:32 PM",1,1,"1xCascão ","9",0,0,0,"9","7.8","Efectivo","","Lucas",""
"9908-2","Sale","01/07/2026 5:37 PM",1,1,"1xChurros de chocolate ","10",0,0,0,"10","2","Efectivo","","Lucas",""
"9909-2","Sale","01/07/2026 5:38 PM",1,1,"1xCascão ","9",0,0,0,"9","7.8","Efectivo","","Lucas",""
"9910-2","Sale","01/07/2026 5:41 PM",1,1,"1xRefri 310ml","7",0,0,0,"7","1","Efectivo","","Lucas",""
"9911-2","Sale","01/07/2026 6:03 PM",3,4,"1xCasquinha , 2xCrepe suíço salgado , 1xMilkshake 300ml","38",0,0,0,"38","11","Tarjeta Débito","","Lucas",""
"9912-2","Sale","01/07/2026 6:04 PM",1,1,"1xCascão ","9",0,0,0,"9","7.8","Efectivo","","Lucas",""
"9913-2","Sale","01/07/2026 6:06 PM",1,2,"2xChurros doce de leite ","20",0,0,0,"20","4","Tarjeta Débito","","Lucas",""
"9914-2","Sale","01/07/2026 6:07 PM",1,1,"1xCascão ","9",0,0,0,"9","7.8","Pix","","Lucas",""
"9915-2","Sale","01/07/2026 6:11 PM",1,1,"1xCascão ","9",0,0,0,"9","7.8","Tarjeta Crédito","","Lucas",""
"9916-2","Sale","01/07/2026 6:17 PM",2,3,"2xChurros de chocolate , 1xCasquinha ","27",0,0,0,"27","10","Efectivo","","Lucas",""
"9917-2","Sale","01/07/2026 6:19 PM",1,1,"1xRefri 310ml","7",0,0,0,"7","1","Pix","","Lucas",""
"9918-2","Sale","01/07/2026 6:21 PM",2,2,"1xCasquinha , 1xMilkshake 300ml","18",0,0,0,"18","7","Pix","","Lucas",""
"9919-2","Sale","01/07/2026 6:36 PM",1,1,"1xChurros de chocolate ","10",0,0,0,"10","2","Pix","","Lucas",""
"9920-2","Sale","01/07/2026 7:10 PM",1,1,"1xChurros doce de leite ","10",0,0,0,"10","2","Pix","","Lucas",""
"9921-2","Sale","01/07/2026 7:18 PM",1,2,"2xÁgua sem gás ","8",0,0,0,"8",0,"Efectivo","","Lucas",""
"9922-2","Sale","01/07/2026 7:41 PM",1,2,"2xCasquinha ","14",0,0,0,"14","12","Pix","","Lucas",""
"9923-2","Sale","01/07/2026 7:43 PM",1,2,"2xCasquinha ","14",0,0,0,"14","12","Efectivo","","Lucas",""
"9924-2","Sale","01/07/2026 7:58 PM",1,1,"1xCasquinha ","7",0,0,0,"7","6","Tarjeta Débito","","Lucas",""
"9897-2","Sale","01/07/2026 4:48 PM",2,2,"1xCasquinha , 1xCopo 200ml","16",0,0,0,"16","7","Tarjeta Débito","","Lucas",""
"9925-1","Sale","01/08/2026 12:53 PM",1,2,"2xÁgua sem gás ","8",0,0,0,"8",0,"Cash","","Lucas",""
"9926-1","Sale","01/08/2026 12:54 PM",1,1,"1xÁgua sem gás ","4",0,0,0,"4",0,"Pix","","Lucas",""
"9927-2","Sale","01/08/2026 1:03 PM",1,1,"1xCasquinha ","7",0,0,0,"7","6","Efectivo","","Lucas",""
"9928-2","Sale","01/08/2026 1:12 PM",1,1,"1xCascão ","9",0,0,0,"9","7.8","Efectivo","","Lucas",""
"9929-2","Sale","01/08/2026 1:17 PM",1,1,"1xMilkshake 400ml","14",0,0,0,"14","1","Tarjeta Crédito","","Lucas",""
"9930-2","Sale","01/08/2026 1:22 PM",2,3,"2xCopo 150ml, 1xÁgua com gás ","18.5",0,0,0,"18.5","5.3","Efectivo","","Lucas",""
"9931-2","Sale","01/08/2026 1:51 PM",1,1,"1xÁgua sem gás ","4",0,0,0,"4",0,"Efectivo","","Lucas",""
"9932-2","Sale","01/08/2026 2:19 PM",2,2,"1xMilkshake 400ml, 1xÁgua sem gás ","18",0,0,0,"18","1","Tarjeta Débito","","Lucas",""
"9933-2","Sale","01/08/2026 2:20 PM",1,1,"1xRefri 310ml","7",0,0,0,"7","1","Efectivo","","Lucas",""
"9934-2","Sale","01/08/2026 2:26 PM",1,2,"2xCasquinha ","14",0,0,0,"14","12","Tarjeta Débito","","Lucas",""
"9935-2","Sale","01/08/2026 2:29 PM",2,2,"1xCopo 150ml, 1xMilkshake 300ml","18",0,0,0,"18","2","Tarjeta Débito","","Lucas",""
"9936-2","Sale","01/08/2026 2:31 PM",1,1,"1xMilkshake 300ml","11",0,0,0,"11","1","Tarjeta Crédito","","Lucas",""
"9937-2","Sale","01/08/2026 2:33 PM",1,1,"1xÁgua com gás ","4.5",0,0,0,"4.5","3.3","Tarjeta Débito","","Lucas",""
"9938-2","Sale","01/08/2026 2:33 PM",1,1,"1xCasquinha ","7",0,0,0,"7","6","Tarjeta Débito","","Lucas",""
"9939-2","Sale","01/08/2026 2:37 PM",1,1,"1xMilkshake 500ml","16",0,0,0,"16",0,"Efectivo","","Lucas",""
"9940-2","Sale","01/08/2026 2:46 PM",2,3,"2xCasquinha , 1xÁgua com gás ","18.5",0,0,0,"18.5","15.3","Tarjeta Crédito","","Lucas",""
"9941-2","Sale","01/08/2026 2:47 PM",1,1,"1xMilkshake 300ml","11",0,0,0,"11","1","Tarjeta Débito","","Lucas",""
"9942-2","Sale","01/08/2026 2:50 PM",1,1,"1xMilkshake 500ml","16",0,0,0,"16",0,"Efectivo","","Lucas",""
"9943-2","Sale","01/08/2026 2:52 PM",1,1,"1xCopo 250ml","11",0,0,0,"11","1","Efectivo","","Lucas",""
"9944-2","Sale","01/08/2026 2:55 PM",2,2,"1xMilkshake 500ml, 1xMilkshake 300ml","27",0,0,0,"27","1","Pix","","Lucas",""
"9945-2","Sale","01/08/2026 3:00 PM",3,3,"1xCasquinha , 1xCascão , 1xMilkshake 300ml","27",0,0,0,"27","14.8","Tarjeta Crédito","","Lucas",""
"9946-2","Sale","01/08/2026 3:02 PM",1,2,"2xMilkshake 300ml","22",0,0,0,"22","2","Efectivo","","Lucas",""
"9947-2","Sale","01/08/2026 3:05 PM",2,2,"1xCasquinha , 1xCascão ","16",0,0,0,"16","13.8","Tarjeta Débito","","Lucas",""
"9948-2","Sale","01/08/2026 3:09 PM",2,2,"1xCasquinha , 1xMilkshake 400ml","21",0,0,0,"21","7","Tarjeta Crédito","","Lucas",""
"9949-2","Sale","01/08/2026 3:12 PM",1,1,"1xÁgua sem gás ","4",0,0,0,"4",0,"Tarjeta Débito","","Lucas",""
"9950-2","Sale","01/08/2026 3:19 PM",1,2,"2xMilkshake 300ml","22",0,0,0,"22","2","Efectivo","","Lucas",""
"9951-2","Sale","01/08/2026 3:25 PM",1,2,"2xMilkshake 500ml","32",0,0,0,"32",0,"Tarjeta Débito","","Lucas",""
"9952-2","Sale","01/08/2026 3:27 PM",1,1,"1xMilkshake 500ml","16",0,0,0,"16",0,"Efectivo","","Lucas",""
"9953-2","Sale","01/08/2026 3:29 PM",2,2,"1xCasquinha , 1xCrepe suíço doce","18",0,0,0,"18","9","Efectivo","","Lucas",""
"9954-2","Sale","01/08/2026 3:35 PM",2,2,"1xMilkshake 500ml, 1xMilkshake 300ml","27",0,0,0,"27","1","Tarjeta Crédito","","Lucas",""
"9955-2","Sale","01/08/2026 3:35 PM",1,1,"1xÁgua sem gás ","4",0,0,0,"4",0,"Efectivo","","Lucas",""
"9956-2","Sale","01/08/2026 3:37 PM",1,2,"2xCascão ","18",0,0,0,"18","15.6","Tarjeta Débito","","Lucas",""
"9957-2","Sale","01/08/2026 3:40 PM",1,1,"1xCasquinha ","7",0,0,0,"7","6","Efectivo","","Lucas",""
"9958-2","Sale","01/08/2026 3:41 PM",2,2,"1xCasquinha , 1xMilkshake 300ml","18",0,0,0,"18","7","Pix","","Lucas",""
"9959-2","Sale","01/08/2026 3:45 PM",3,6,"2xMilkshake 400ml, 2xÁgua com gás , 2xÁgua sem gás ","45",0,0,0,"45","8.6","Efectivo","","Lucas",""
"9960-2","Sale","01/08/2026 3:48 PM",1,2,"2xCascão ","18",0,0,0,"18","15.6","Efectivo","","Lucas",""
"9961-2","Sale","01/08/2026 3:51 PM",1,1,"1xÁgua com gás ","4.5",0,0,0,"4.5","3.3","Efectivo","","Lucas",""
"9962-2","Sale","01/08/2026 3:56 PM",2,2,"1xMilkshake 500ml, 1xMilkshake 400ml","30",0,0,0,"30","1","Pix","","Lucas",""
"9963-2","Sale","01/08/2026 3:56 PM",1,1,"1xCrepe suíço salgado ","10",0,0,0,"10","2","Efectivo","","Lucas",""
"9964-2","Sale","01/08/2026 4:00 PM",1,2,"2xCascão ","18",0,0,0,"18","15.6","Tarjeta Crédito","","Lucas",""
"9965-2","Sale","01/08/2026 4:08 PM",1,2,"2xCrepe suíço salgado ","20",0,0,0,"20","4","Efectivo","","Lucas",""
"9966-2","Sale","01/08/2026 4:09 PM",1,2,"2xCascão ","18",0,0,0,"18","15.6","Efectivo","","Lucas",""
"9967-2","Sale","01/08/2026 4:09 PM",2,2,"1xCombo 1, 1xCrepe suíço salgado ","25",0,0,0,"25","3","Tarjeta Débito","","Lucas",""
"9968-2","Sale","01/08/2026 4:14 PM",1,1,"1xCascão ","9",0,0,0,"9","7.8","Pix","","Lucas",""
"9969-2","Sale","01/08/2026 4:17 PM",1,2,"2xMilkshake 300ml","22",0,0,0,"22","2","Otros","","Lucas",""
"9970-2","Sale","01/08/2026 4:20 PM",1,2,"2xCopo 150ml","14",0,0,0,"14","2","Tarjeta Débito","","Lucas",""
"9971-2","Sale","01/08/2026 4:21 PM",2,2,"1xMilkshake 400ml, 1xÁgua sem gás ","18",0,0,0,"18","1","Otros","","Lucas",""
"9972-2","Sale","01/08/2026 4:24 PM",1,1,"1xMilkshake 400ml","14",0,0,0,"14","1","Tarjeta Crédito","","Lucas",""
"9973-2","Sale","01/08/2026 4:30 PM",3,3,"1xCascão , 1xMilkshake 500ml, 1xChurros doce de leite ","35",0,0,0,"35","9.8","Tarjeta Débito","","Lucas",""
"9974-2","Sale","01/08/2026 4:31 PM",1,1,"1xCopo 150ml","7",0,0,0,"7","1","Efectivo","","Lucas",""
"9975-2","Sale","01/08/2026 4:32 PM",1,1,"1xCascão ","9",0,0,0,"9","7.8","Tarjeta Débito","","Lucas",""
"9976-2","Sale","01/08/2026 4:35 PM",1,2,"2xCascão ","18",0,0,0,"18","15.6","Tarjeta Crédito","","Lucas",""
"9977-2","Sale","01/08/2026 4:36 PM",1,1,"1xCascão ","9",0,0,0,"9","7.8","Otros","","Lucas",""
"9978-2","Sale","01/08/2026 4:41 PM",1,3,"3xÁgua sem gás ","12",0,0,0,"12",0,"Efectivo","","Lucas",""
"9979-2","Sale","01/08/2026 4:44 PM",1,1,"1xCasquinha ","7",0,0,0,"7","6","Efectivo","","Lucas",""
"9980-2","Sale","01/08/2026 4:49 PM",2,2,"1xMilkshake 400ml, 1xCasquinha ","21",0,0,0,"21","7","Pix","","Lucas",""
"9981-2","Sale","01/08/2026 4:49 PM",1,1,"1xCascão ","9",0,0,0,"9","7.8","Pix","","Lucas",""
"9982-2","Sale","01/08/2026 4:50 PM",1,2,"2xCasquinha ","14",0,0,0,"14","12","Tarjeta Crédito","","Lucas",""
"9983-2","Sale","01/08/2026 4:53 PM",1,2,"2xMilkshake 500ml","32",0,0,0,"32",0,"Pix","","Lucas",""
"9984-2","Sale","01/08/2026 4:54 PM",1,1,"1xCombo 1","15",0,0,0,"15","1","Otros","","Lucas",""
"9985-2","Sale","01/08/2026 4:58 PM",1,1,"1xCasquinha ","7",0,0,0,"7","6","Tarjeta Débito","","Lucas",""
"9986-2","Sale","01/08/2026 4:58 PM",1,1,"1xCascão ","9",0,0,0,"9","7.8","Pix","","Lucas",""
"9987-2","Sale","01/08/2026 5:01 PM",2,4,"1xÁgua sem gás , 3xCasquinha ","25",0,0,0,"25","18","Pix","","Lucas",""
"9988-2","Sale","01/08/2026 5:03 PM",1,1,"1xCascão ","9",0,0,0,"9","7.8","Efectivo","","Lucas",""
"9989-2","Sale","01/08/2026 5:07 PM",1,1,"1xMilkshake 500ml","16",0,0,0,"16",0,"Pix","","Lucas",""
"9990-2","Sale","01/08/2026 5:11 PM",1,1,"1xCascão ","9",0,0,0,"9","7.8","Efectivo","","Lucas",""
"9991-2","Sale","01/08/2026 5:14 PM",1,3,"3xCasquinha ","21",0,0,0,"21","18","Tarjeta Crédito","","Lucas",""
"9992-2","Sale","01/08/2026 5:18 PM",1,4,"4xCopo 150ml","28",0,0,0,"28","4","Efectivo","","Lucas",""
"9993-2","Sale","01/08/2026 5:26 PM",1,1,"1xCascão ","9",0,0,0,"9","7.8","Otros","","Lucas",""
"9994-2","Sale","01/08/2026 5:31 PM",3,3,"1xCascão , 1xCombo 1, 1xCrepe suíço doce","35",0,0,0,"35","11.8","Tarjeta Débito","","Lucas",""
"9995-2","Sale","01/08/2026 5:37 PM",1,2,"2xCasquinha ","14",0,0,0,"14","12","Pix","","Lucas",""
"9996-2","Sale","01/08/2026 5:38 PM",1,1,"1xÁgua sem gás ","4",0,0,0,"4",0,"Tarjeta Crédito","","Lucas",""
"9997-2","Sale","01/08/2026 5:56 PM",1,1,"1xCrepe suíço doce","11",0,0,0,"11","3","Tarjeta Débito","","Lucas",""
"9998-2","Sale","01/08/2026 5:58 PM",2,4,"2xCrepe suíço salgado , 2xMilkshake 500ml","52",0,0,0,"52","4","Efectivo","","Lucas",""
"9999-2","Sale","01/08/2026 6:12 PM",1,1,"1xCasquinha ","7",0,0,0,"7","6","Efectivo","","Lucas",""
"10000-2","Sale","01/08/2026 6:19 PM",2,2,"1xMilkshake 500ml, 1xMilkshake 300ml","27",0,0,0,"27","1","Tarjeta Débito","","Lucas",""
"10001-2","Sale","01/08/2026 6:22 PM",2,2,"1xMilkshake 300ml, 1xCasquinha ","18",0,0,0,"18","7","Tarjeta Débito","","Lucas",""
"10002-2","Sale","01/08/2026 6:31 PM",1,1,"1xMilkshake 400ml","14",0,0,0,"14","1","Efectivo","","Lucas",""
"10003-2","Sale","01/08/2026 6:32 PM",3,4,"2xCopo 150ml, 1xÁgua sem gás , 1xCrepe suíço salgado ","28",0,0,0,"28","4","Tarjeta Crédito","","Lucas",""
"10004-2","Sale","01/08/2026 6:33 PM",1,1,"1xCascão ","9",0,0,0,"9","7.8","Pix","","Lucas",""
"10005-2","Sale","01/08/2026 6:33 PM",1,1,"1xCrepe suíço doce","11",0,0,0,"11","3","Efectivo","","Lucas",""
"10006-2","Sale","01/08/2026 6:43 PM",1,2,"2xMilkshake 400ml","28",0,0,0,"28","2","Tarjeta Débito","","Lucas",""
"10007-2","Sale","01/08/2026 6:46 PM",2,2,"1xMilkshake 500ml, 1xCasquinha ","23",0,0,0,"23","6","Tarjeta Débito","","Lucas",""
"10008-2","Sale","01/08/2026 6:51 PM",1,2,"2xCasquinha ","14",0,0,0,"14","12","Efectivo","","Lucas",""
"10009-2","Sale","01/08/2026 6:53 PM",1,1,"1xMilkshake 400ml","14",0,0,0,"14","1","Tarjeta Débito","","Lucas",""
"10010-2","Sale","01/08/2026 7:08 PM",1,1,"1xMilkshake 300ml","11",1,0,0,"10",0,"Efectivo","","Lucas",""
"10011-2","Sale","01/08/2026 7:10 PM",1,1,"1xCasquinha ","7",0,0,0,"7","6","Pix","","Lucas",""
"10012-2","Sale","01/08/2026 7:10 PM",1,1,"1xCasquinha ","7",0,0,0,"7","6","Pix","","Lucas",""
"10013-2","Sale","01/08/2026 7:15 PM",1,1,"1xRefri 310ml","7",0,0,0,"7","1","Efectivo","","Lucas",""
"10014-2","Sale","01/08/2026 7:22 PM",1,1,"1xCasquinha ","7",0,0,0,"7","6","Pix","","Lucas",""
"10015-2","Sale","01/08/2026 7:32 PM",1,2,"2xCopo 200ml","18",0,0,0,"18","2","Efectivo","","Lucas",""
"10016-2","Sale","01/08/2026 7:41 PM",1,1,"1xMilkshake 400ml","14",0,0,0,"14","1","Pix","","Lucas",""
"10017-2","Sale","01/09/2026 12:42 PM",1,1,"1xRefri 310ml","7",0,0,0,"7","1","Pix","","Lucas",""
"10018-2","Sale","01/09/2026 1:18 PM",1,2,"2xCasquinha ","14",0,0,0,"14","12","Tarjeta Débito","","Lucas",""
"10019-2","Sale","01/09/2026 1:39 PM",1,1,"1xCasquinha ","7",0,0,0,"7","6","Tarjeta Débito","","Lucas",""
"10020-2","Sale","01/09/2026 1:40 PM",1,1,"1xCasquinha ","7",0,0,0,"7","6","Efectivo","","Lucas",""
"10021-2","Sale","01/09/2026 1:46 PM",1,1,"1xMilkshake 300ml","11",0,0,0,"11","1","Pix","","Lucas",""
"10022-2","Sale","01/09/2026 1:48 PM",2,2,"1xCascão , 1xCasquinha ","16",0,0,0,"16","13.8","Efectivo","","Lucas",""
"10023-2","Sale","01/09/2026 1:49 PM",2,2,"1xCasquinha , 1xMilkshake 300ml","18",0,0,0,"18","7","Tarjeta Crédito","","Lucas",""
"10024-2","Sale","01/09/2026 1:54 PM",1,3,"3xCasquinha ","21",0,0,0,"21","18","Pix","","Lucas",""
"10025-2","Sale","01/09/2026 1:58 PM",1,1,"1xCopo 200ml","9",0,0,0,"9","1","Efectivo","","Lucas",""
"10026-2","Sale","01/09/2026 2:09 PM",1,1,"1xCasquinha ","7",0,0,0,"7","6","Pix","","Lucas",""
"10027-2","Sale","01/09/2026 2:12 PM",1,2,"2xÁgua sem gás ","8",0,0,0,"8",0,"Efectivo","","Lucas",""
"10028-2","Sale","01/09/2026 2:29 PM",1,2,"2xCasquinha ","14",0,0,0,"14","12","Tarjeta Débito","","Lucas",""
"10029-2","Sale","01/09/2026 2:33 PM",1,2,"2xCasquinha ","14",0,0,0,"14","12","Tarjeta Débito","","Lucas",""
"10030-2","Sale","01/09/2026 2:37 PM",1,2,"2xÁgua sem gás ","8",0,0,0,"8",0,"Tarjeta Débito","","Lucas",""
"10031-2","Sale","01/09/2026 2:53 PM",2,3,"2xCascão , 1xCasquinha ","25",0,0,0,"25","21.6","Pix","","Lucas",""
"10032-2","Sale","01/09/2026 2:55 PM",1,1,"1xMilkshake 500ml","16",0,0,0,"16",0,"Tarjeta Crédito","","Lucas",""
"10033-2","Sale","01/09/2026 2:56 PM",1,2,"2xCopo 150ml","14",0,0,0,"14","2","Efectivo","","Lucas",""
"10034-2","Sale","01/09/2026 2:57 PM",1,1,"1xCopo 150ml","7",0,0,0,"7","1","Tarjeta Crédito","","Lucas",""
"10035-2","Sale","01/09/2026 2:57 PM",1,1,"1xCopo 200ml","9",0,0,0,"9","1","Efectivo","","Lucas",""
"10036-2","Sale","01/09/2026 2:58 PM",1,1,"1xMilkshake 400ml","14",0,0,0,"14","1","Tarjeta Débito","","Lucas",""
"10037-2","Sale","01/09/2026 3:01 PM",1,1,"1xÁgua sem gás ","4",2,0,0,"2",0,"Efectivo","","Lucas",""
"10038-2","Sale","01/09/2026 3:02 PM",2,4,"3xCasquinha , 1xÁgua com gás ","25.5",0,0,0,"25.5","21.3","Tarjeta Débito","","Lucas",""
"10039-2","Sale","01/09/2026 3:03 PM",1,1,"1xÁgua sem gás ","4",0,0,0,"4",0,"Efectivo","","Lucas",""
"10040-2","Sale","01/09/2026 3:03 PM",1,2,"2xÁgua sem gás ","8",0,0,0,"8",0,"Pix","","Lucas",""
"10041-2","Sale","01/09/2026 3:07 PM",2,3,"1xCopo 200ml, 2xCascão ","27",0,0,0,"27","16.6","Tarjeta Débito","","Lucas",""
"10042-2","Sale","01/09/2026 3:09 PM",1,1,"1xMilkshake 300ml","11",0,0,0,"11","1","Tarjeta Débito","","Lucas",""
"10043-2","Sale","01/09/2026 3:12 PM",1,1,"1xCasquinha ","7",0,0,0,"7","6","Efectivo","","Lucas",""
"10044-2","Sale","01/09/2026 3:18 PM",1,1,"1xÁgua sem gás ","4",0,0,0,"4",0,"Tarjeta Débito","","Lucas",""
"10045-2","Sale","01/09/2026 3:25 PM",2,2,"1xChurros de chocolate , 1xÁgua com gás ","14.5",0,0,0,"14.5","5.3","Tarjeta Débito","","Lucas",""
"10046-2","Sale","01/09/2026 3:29 PM",1,2,"2xCopo 200ml","18",0,0,0,"18","2","Tarjeta Débito","","Lucas",""
"10047-2","Sale","01/09/2026 3:32 PM",2,4,"1xCopo 200ml, 3xÁgua sem gás ","21",0,0,0,"21","1","Efectivo","","Lucas",""
"10048-2","Sale","01/09/2026 3:33 PM",1,1,"1xCascão ","9",0,0,0,"9","7.8","Efectivo","","Lucas",""
"10049-2","Sale","01/09/2026 3:43 PM",1,1,"1xChurros de chocolate ","10",0,0,0,"10","2","Efectivo","","Lucas",""
"10050-2","Sale","01/09/2026 3:46 PM",1,1,"1xCasquinha ","7",0,0,0,"7","6","Efectivo","","Lucas",""
"10051-2","Sale","01/09/2026 3:48 PM",2,4,"2xChurros de chocolate , 2xÁgua com gás ","29",0,0,0,"29","10.6","Tarjeta Débito","","Lucas",""
"10052-2","Sale","01/09/2026 4:00 PM",1,1,"1xCrepe suíço doce","11",0,0,0,"11","3","Efectivo","","Lucas",""
"10053-2","Sale","01/09/2026 4:02 PM",2,2,"1xMilkshake 300ml, 1xÁgua sem gás ","15",0,0,0,"15","1","Pix","","Lucas",""
"10054-2","Sale","01/09/2026 4:04 PM",1,2,"2xMilkshake 300ml","22",0,0,0,"22","2","Tarjeta Crédito","","Lucas",""
"10055-2","Sale","01/09/2026 4:04 PM",1,1,"1xCrepe suíço salgado ","10",0,0,0,"10","2","Efectivo","","Lucas",""
"10056-2","Sale","01/09/2026 4:09 PM",1,2,"2xCascão ","18",0,0,0,"18","15.6","Efectivo","","Lucas",""
"10057-2","Sale","01/09/2026 4:09 PM",1,1,"1xMilkshake 300ml","11",0,0,0,"11","1","Tarjeta Débito","","Lucas",""
"10058-2","Sale","01/09/2026 4:14 PM",1,2,"2xMilkshake 500ml","32",0,0,0,"32",0,"Tarjeta Crédito","","Lucas",""
"10059-2","Sale","01/09/2026 4:14 PM",1,1,"1xCrepe suíço salgado ","10",0,0,0,"10","2","Tarjeta Débito","","Lucas",""
"10060-2","Sale","01/09/2026 4:20 PM",1,1,"1xÁgua sem gás ","4",0,0,0,"4",0,"Pix","","Lucas",""
"10061-2","Sale","01/09/2026 4:23 PM",1,1,"1xCasquinha ","7",0,0,0,"7","6","Tarjeta Crédito","","Lucas",""
"10062-2","Sale","01/09/2026 4:30 PM",1,1,"1xCasquinha ","7",0,0,0,"7","6","Tarjeta Débito","","Lucas",""
"10063-2","Sale","01/09/2026 4:31 PM",1,1,"1xCombo 1","15",0,0,0,"15","1","Efectivo","","Lucas",""
"10064-2","Sale","01/09/2026 4:33 PM",1,1,"1xMilkshake 500ml","16",0,0,0,"16",0,"Tarjeta Débito","","Lucas",""
"10065-2","Sale","01/09/2026 4:36 PM",1,1,"1xÁgua sem gás ","4",0,0,0,"4",0,"Efectivo","","Lucas",""
"10066-2","Sale","01/09/2026 4:49 PM",3,4,"1xCasquinha , 1xÁgua com gás , 2xChurros de chocolate ","31.5",0,0,0,"31.5","13.3","Tarjeta Débito","","Lucas",""
"10067-2","Sale","01/09/2026 4:53 PM",1,2,"2xÁgua com gás ","9",0,0,0,"9","6.6","Efectivo","","Lucas",""
"10068-2","Sale","01/09/2026 4:56 PM",2,2,"1xMilkshake 300ml, 1xCascão ","20",0,0,0,"20","8.8","Tarjeta Débito","","Lucas",""
"10069-2","Sale","01/09/2026 5:00 PM",1,2,"2xCasquinha ","14",0,0,0,"14","12","Tarjeta Débito","","Lucas",""
"10070-2","Sale","01/09/2026 5:04 PM",1,1,"1xÁgua com gás ","4.5",0,0,0,"4.5","3.3","Efectivo","","Lucas",""
"10071-2","Sale","01/09/2026 5:05 PM",1,1,"1xCasquinha ","7",0,0,0,"7","6","Pix","","Lucas",""
"10072-2","Sale","01/09/2026 5:08 PM",1,1,"1xCasquinha ","7",0,0,0,"7","6","Efectivo","","Lucas",""
"10073-2","Sale","01/09/2026 5:14 PM",1,1,"1xMilkshake 300ml","11",0,0,0,"11","1","Tarjeta Crédito","","Lucas",""
"10074-2","Sale","01/09/2026 5:15 PM",1,1,"1xCopo 200ml","9",0,0,0,"9","1","Efectivo","","Lucas",""
"10075-2","Sale","01/09/2026 5:22 PM",1,1,"1xCasquinha ","7",0,0,0,"7","6","Tarjeta Débito","","Lucas",""
"10076-2","Sale","01/09/2026 5:27 PM",2,2,"1xCasquinha , 1xMilkshake 500ml","23",0,0,0,"23","6","Otros","","Lucas",""
"10077-2","Sale","01/09/2026 5:42 PM",2,3,"1xCascão , 2xCasquinha ","23",0,0,0,"23","19.8","Tarjeta Débito","","Lucas",""
"10078-2","Sale","01/09/2026 5:43 PM",1,1,"1xÁgua sem gás ","4",0,0,0,"4",0,"Otros","","Lucas",""
"10079-2","Sale","01/09/2026 5:58 PM",1,1,"1xCrepe suíço salgado ","10",0,0,0,"10","2","Efectivo","","Lucas",""
"10080-2","Sale","01/09/2026 6:09 PM",1,1,"1xMilkshake 300ml","11",0,0,0,"11","1","Tarjeta Débito","","Lucas",""
"10081-2","Sale","01/09/2026 6:15 PM",1,1,"1xCasquinha ","7",0,0,0,"7","6","Pix","","Lucas",""
"10082-2","Sale","01/09/2026 6:18 PM",1,1,"1xCrepe suíço salgado ","10",0,0,0,"10","2","Pix","","Lucas",""
"10083-2","Sale","01/09/2026 6:21 PM",1,1,"1xCascão ","9",0,0,0,"9","7.8","Pix","","Lucas",""
"10084-2","Sale","01/09/2026 6:22 PM",1,2,"2xCasquinha ","14",0,0,0,"14","12","Pix","","Lucas",""
"10085-2","Sale","01/09/2026 6:23 PM",1,1,"1xCascão ","9",0,0,0,"9","7.8","Efectivo","","Lucas",""
"10086-2","Sale","01/09/2026 6:29 PM",1,1,"1xCrepe suíço doce","11",0,0,0,"11","3","Efectivo","","Lucas",""
"10087-2","Sale","01/09/2026 6:42 PM",2,2,"1xRefri 310ml, 1xÁgua sem gás ","11",0,0,0,"11","1","Efectivo, Tarjeta Débito","","Lucas",""
"10088-2","Sale","01/09/2026 6:52 PM",1,2,"2xCascão ","18",0,0,0,"18","15.6","Efectivo","","Lucas",""
"10089-2","Sale","01/09/2026 6:53 PM",1,1,"1xChurros doce de leite ","10",0,0,0,"10","2","Pix","","Lucas",""
"10090-2","Sale","01/09/2026 6:58 PM",3,4,"1xChurros doce de leite , 1xChurros de chocolate , 2xCasquinha ","34",0,0,0,"34","16","Pix","","Lucas",""
"10091-2","Sale","01/09/2026 7:04 PM",2,2,"1xChurros de chocolate , 1xChurros doce de leite ","20",0,0,0,"20","4","Tarjeta Débito","","Lucas",""
"10092-2","Sale","01/09/2026 7:07 PM",1,2,"2xChurros de chocolate ","20",0,0,0,"20","4","Pix","","Lucas",""
"10093-2","Sale","01/09/2026 7:31 PM",2,2,"1xMilkshake 400ml, 1xCascão ","23",0,0,0,"23","8.8","Tarjeta Crédito","","Lucas",""
"10094-2","Sale","01/09/2026 7:50 PM",1,4,"4xCrepe suíço salgado ","40",0,0,0,"40","8","Efectivo","","Lucas",""
"10095-2","Sale","01/09/2026 7:52 PM",1,2,"2xMilkshake 300ml","22",0,0,0,"22","2","Pix","","Lucas",""
"10096-2","Sale","01/11/2026 3:31 PM",3,3,"1xCascão , 1xChurros doce de leite , 1xCopo 250ml","30",0,0,0,"30","10.8","Tarjeta Débito","","Lucas",""
"10098-2","Sale","01/11/2026 3:33 PM",1,1,"1xCasquinha ","7",0,0,0,"7","6","Efectivo","","Lucas",""
"10099-2","Sale","01/11/2026 3:39 PM",2,2,"1xCasquinha , 1xMilkshake 300ml","18",0,0,0,"18","7","Tarjeta Débito","","Lucas",""
"10100-2","Sale","01/11/2026 4:03 PM",1,1,"1xMilkshake 300ml","11",0,0,0,"11","1","Efectivo","","Lucas",""
"10101-2","Sale","01/11/2026 4:04 PM",1,1,"1xCascão ","9",0,0,0,"9","7.8","Tarjeta Crédito","","Lucas",""
"10102-2","Sale","01/11/2026 4:12 PM",1,1,"1xMilkshake 300ml","11",0,0,0,"11","1","Tarjeta Débito","","Lucas",""
"10103-2","Sale","01/11/2026 4:24 PM",1,4,"4xCascão ","36",0,0,0,"36","31.2","Tarjeta Débito","","Lucas",""
"10104-2","Sale","01/11/2026 4:25 PM",1,1,"1xÁgua sem gás ","4",0,0,0,"4",0,"Tarjeta Débito","","Lucas",""
"10105-2","Sale","01/11/2026 4:28 PM",1,3,"3xCasquinha ","21",0,0,0,"21","18","Tarjeta Débito","","Lucas",""
"10106-2","Sale","01/11/2026 4:40 PM",2,3,"1xMilkshake 400ml, 2xCrepe suíço salgado ","34",0,0,0,"34","5","Pix","","Lucas",""
"10107-2","Sale","01/11/2026 4:41 PM",1,1,"1xCrepe suíço salgado ","10",0,0,0,"10","2","Efectivo","","Lucas",""
"10108-2","Sale","01/11/2026 4:42 PM",1,2,"2xCopo 150ml","14",0,0,0,"14","2","Tarjeta Crédito","","Lucas",""
"10109-2","Sale","01/11/2026 4:48 PM",2,3,"1xÁgua com gás , 2xCrepe suíço doce","26.5",0,0,0,"26.5","9.3","Efectivo","","Lucas",""
"10110-2","Sale","01/11/2026 4:54 PM",2,2,"1xChurros doce de leite , 1xCascão ","19",0,0,0,"19","9.8","Tarjeta Débito","","Lucas",""
"10111-2","Sale","01/11/2026 4:55 PM",1,1,"1xCascão ","9",0,0,0,"9","7.8","Tarjeta Crédito","","Lucas",""
"10112-2","Sale","01/11/2026 4:58 PM",2,2,"1xCascão , 1xÁgua com gás ","13.5",0,0,0,"13.5","11.1","Pix","","Lucas",""
"10113-2","Sale","01/11/2026 5:01 PM",2,2,"1xCasquinha , 1xCascão ","16",0,0,0,"16","13.8","Pix","","Lucas",""
"10114-2","Sale","01/11/2026 5:03 PM",1,2,"2xCascão ","18",0,0,0,"18","15.6","Efectivo","","Lucas",""
"10115-2","Sale","01/11/2026 5:03 PM",1,1,"1xCasquinha ","7",0,0,0,"7","6","Efectivo","","Lucas",""
"10116-2","Sale","01/11/2026 5:07 PM",2,3,"2xChurros de chocolate , 1xChurros doce de leite ","30",0,0,0,"30","6","Efectivo","","Lucas",""
"10117-2","Sale","01/11/2026 5:10 PM",1,1,"1xCascão ","9",0,0,0,"9","7.8","Tarjeta Débito","","Lucas",""
"10118-2","Sale","01/11/2026 5:13 PM",2,2,"1xChurros de chocolate , 1xMilkshake 300ml","21",0,0,0,"21","3","Tarjeta Crédito","","Lucas",""
"10119-2","Sale","01/11/2026 5:16 PM",2,4,"3xMilkshake 300ml, 1xÁgua com gás ","37.5",0,0,0,"37.5","6.3","Efectivo","","Lucas",""
"10120-2","Sale","01/11/2026 5:21 PM",1,2,"2xMilkshake 500ml","32",0,0,0,"32",0,"Tarjeta Crédito","","Lucas",""
"10121-2","Sale","01/11/2026 5:28 PM",3,5,"2xChurros de chocolate , 2xCrepe suíço salgado , 1xRefri 310ml","47",2,0,0,"45","7","Efectivo","","Lucas",""
"10122-2","Sale","01/11/2026 5:28 PM",1,5,"5xMilkshake 300ml","55",0,0,0,"55","5","Efectivo","","Lucas",""
"10123-2","Sale","01/11/2026 5:46 PM",3,4,"1xMilkshake 500ml, 1xCrepe suíço salgado , 2xMilkshake 300ml","48",0,0,0,"48","4","Efectivo","","Lucas",""
"10124-2","Sale","01/11/2026 5:46 PM",2,2,"1xChurros de chocolate , 1xChurros doce de leite ","20",0,0,0,"20","4","Efectivo","","Lucas",""
"10125-2","Sale","01/11/2026 6:04 PM",2,5,"1xCascão , 4xMilkshake 300ml","53",0,0,0,"53","11.8","Tarjeta Crédito","","Lucas",""
"10126-2","Sale","01/11/2026 6:09 PM",1,1,"1xChurros doce de leite ","10",0,0,0,"10","2","Efectivo","","Lucas",""
"10127-2","Sale","01/11/2026 6:12 PM",1,1,"1xCascão ","9",0,0,0,"9","7.8","Efectivo","","Lucas",""
"10128-2","Sale","01/11/2026 6:17 PM",1,1,"1xChurros doce de leite ","10",0,0,0,"10","2","Tarjeta Crédito","","Lucas",""
"10129-2","Sale","01/11/2026 6:28 PM",1,3,"3xCascão ","27",0,0,0,"27","23.4","Tarjeta Débito","","Lucas",""
"10130-2","Sale","01/11/2026 6:33 PM",2,2,"1xCasquinha , 1xCrepe suíço salgado ","17",0,0,0,"17","8","Tarjeta Débito","","Lucas",""
"10131-2","Sale","01/11/2026 6:35 PM",1,1,"1xCasquinha ","7",0,0,0,"7","6","Efectivo","","Lucas",""
"10132-2","Sale","01/11/2026 6:36 PM",1,1,"1xChurros de chocolate ","10",0,0,0,"10","2","Tarjeta Débito","","Lucas",""
"10133-2","Sale","01/11/2026 6:48 PM",1,1,"1xChurros doce de leite ","10",0,0,0,"10","2","Pix","","Lucas",""
"10134-2","Sale","01/11/2026 7:03 PM",4,5,"1xChurros de chocolate , 2xCopo 250ml, 1xCascão , 1xCopo 200ml","50",0,0,0,"50","12.8","Pix, Tarjeta Débito","","Lucas",""
"10135-2","Sale","01/11/2026 7:06 PM",2,2,"1xChurros doce de leite , 1xCombo 1","25",0,0,0,"25","3","Tarjeta Crédito","","Lucas",""
"10136-2","Sale","01/11/2026 7:08 PM",2,2,"1xÁgua sem gás , 1xÁgua com gás ","8.5",0,0,0,"8.5","3.3","Efectivo","","Lucas",""
"10137-2","Sale","01/11/2026 7:11 PM",1,3,"3xCascão ","27",0,0,0,"27","23.4","Efectivo","","Lucas",""
"10138-2","Sale","01/11/2026 7:12 PM",1,2,"2xCombo 3","30",0,0,0,"30","2","Efectivo","","Lucas",""
"10139-2","Sale","01/11/2026 7:15 PM",3,3,"1xCasquinha , 1xCopo 150ml, 1xMilkshake 300ml","25",0,0,0,"25","8","Pix","","Lucas",""
"10140-2","Sale","01/11/2026 7:20 PM",1,4,"4xCasquinha ","28",0,0,0,"28","24","Tarjeta Débito","","Lucas",""
"10141-2","Sale","01/11/2026 7:25 PM",1,1,"1xCopo 200ml","9",0,0,0,"9","1","Pix","","Lucas",""
"10142-2","Sale","01/11/2026 7:27 PM",2,4,"3xMilkshake 500ml, 1xCopo 200ml","57",0,0,0,"57","1","Tarjeta Débito","","Lucas",""
"10143-2","Sale","01/11/2026 7:44 PM",2,3,"1xCombo 3, 2xCascão ","33",0,0,0,"33","16.6","Efectivo","","Lucas",""
"10144-2","Sale","01/11/2026 7:47 PM",2,2,"1xCasquinha , 1xMilkshake 300ml","18",0,0,0,"18","7","Tarjeta Crédito","","Lucas",""
"10145-2","Sale","01/11/2026 7:54 PM",1,1,"1xCascão ","9",0,0,0,"9","7.8","Tarjeta Débito","","Lucas",""
"10146-2","Sale","01/11/2026 7:57 PM",1,1,"1xCascão ","9",0,0,0,"9","7.8","Tarjeta Débito","","Lucas",""
"10147-2","Sale","01/12/2026 1:07 PM",1,2,"2xÁgua sem gás ","8",0,0,0,"8",0,"Efectivo","","Lucas",""
"10148-2","Sale","01/12/2026 1:40 PM",3,3,"1xCascão , 1xMilkshake 300ml, 1xMilkshake 400ml","34",0,0,0,"34","9.8","Efectivo","","Lucas",""
"10149-2","Sale","01/12/2026 1:41 PM",1,2,"2xCascão ","18",0,0,0,"18","15.6","Tarjeta Débito","","Lucas",""
"10150-2","Sale","01/12/2026 1:44 PM",1,3,"3xCopo 150ml","21",0,0,0,"21","3","Pix","","Lucas",""
"10151-2","Sale","01/12/2026 1:44 PM",1,2,"2xChurros de chocolate ","20",0,0,0,"20","4","Tarjeta Débito","","Lucas",""
"10152-2","Sale","01/12/2026 1:50 PM",2,2,"1xCopo 150ml, 1xCasquinha ","14",0,0,0,"14","7","Efectivo","","Lucas",""
"10153-2","Sale","01/12/2026 2:19 PM",2,3,"1xCopo 200ml, 2xCasquinha ","23",0,0,0,"23","13","Pix","","Lucas",""
"10154-2","Sale","01/12/2026 2:20 PM",1,1,"1xMilkshake 300ml","11",0,0,0,"11","1","Pix","","Lucas",""
"10155-2","Sale","01/12/2026 2:22 PM",1,1,"1xCopo 200ml","9",0,0,0,"9","1","Pix","","Lucas",""
"10156-2","Sale","01/12/2026 2:26 PM",2,2,"1xCasquinha , 1xCascão ","16",0,0,0,"16","13.8","Efectivo","","Lucas",""
"10157-2","Sale","01/12/2026 2:33 PM",2,2,"1xCasquinha , 1xCopo 150ml","14",0,0,0,"14","7","Efectivo","","Lucas",""
"10158-2","Sale","01/12/2026 2:33 PM",1,1,"1xCascão ","9",0,0,0,"9","7.8","Efectivo","","Lucas",""
"10159-2","Sale","01/12/2026 2:36 PM",1,1,"1xMilkshake 400ml","14",0,0,0,"14","1","Efectivo","","Lucas",""
"10160-2","Sale","01/12/2026 2:36 PM",1,1,"1xÁgua sem gás ","4",0,0,0,"4",0,"Efectivo","","Lucas",""
"10161-2","Sale","01/12/2026 2:41 PM",1,2,"2xMilkshake 300ml","22",0,0,0,"22","2","Pix","","Lucas",""
"10162-2","Sale","01/12/2026 2:42 PM",1,1,"1xMilkshake 400ml","14",0,0,0,"14","1","Efectivo","","Lucas",""
"10163-2","Sale","01/12/2026 2:51 PM",2,2,"1xCasquinha , 1xCascão ","16",0,0,0,"16","13.8","Efectivo","","Lucas",""
"10164-2","Sale","01/12/2026 2:55 PM",1,1,"1xCasquinha ","7",0,0,0,"7","6","Efectivo","","Lucas",""
"10165-2","Sale","01/12/2026 3:08 PM",1,1,"1xCascão ","9",0,0,0,"9","7.8","Tarjeta Crédito","","Lucas",""
"10166-2","Sale","01/12/2026 3:12 PM",1,1,"1xMilkshake 300ml","11",0,0,0,"11","1","Tarjeta Débito","","Lucas",""
"10167-2","Sale","01/12/2026 3:18 PM",1,1,"1xCasquinha ","7",0,0,0,"7","6","Efectivo","","Lucas",""
"10168-2","Sale","01/12/2026 3:19 PM",1,1,"1xCasquinha ","7",0,0,0,"7","6","Pix","","Lucas",""
"10169-2","Sale","01/12/2026 3:29 PM",4,4,"1xÁgua sem gás , 1xCombo 1, 1xCrepe suíço salgado , 1xMilkshake 300ml","40",0,0,0,"40","4","Pix","","Lucas",""
"10170-2","Sale","01/12/2026 3:32 PM",1,1,"1xRefri 310ml","7",0,0,0,"7","1","Tarjeta Crédito","","Lucas",""
"10171-2","Sale","01/12/2026 3:40 PM",1,2,"2xCasquinha ","14",0,0,0,"14","12","Tarjeta Crédito","","Lucas",""
"10172-2","Sale","01/12/2026 3:46 PM",1,1,"1xMilkshake 500ml","16",0,0,0,"16",0,"Tarjeta Débito","","Lucas",""
"10173-2","Sale","01/12/2026 3:48 PM",1,1,"1xCasquinha ","7",0,0,0,"7","6","Efectivo","","Lucas",""
"10174-2","Sale","01/12/2026 3:57 PM",2,2,"1xCombo 1, 1xCrepe suíço salgado ","25",0,0,0,"25","3","Tarjeta Crédito","","Lucas",""
"10175-2","Sale","01/12/2026 3:59 PM",1,3,"3xCasquinha ","21",0,0,0,"21","18","Efectivo","","Lucas",""
"10176-2","Sale","01/12/2026 3:59 PM",1,2,"2xChurros de chocolate ","20",0,0,0,"20","4","Tarjeta Débito","","Lucas",""
"10177-2","Sale","01/12/2026 4:00 PM",1,1,"1xCascão ","9",0,0,0,"9","7.8","Efectivo","","Lucas",""
"10178-2","Sale","01/12/2026 4:01 PM",1,1,"1xMilkshake 300ml","11",0,0,0,"11","1","Tarjeta Crédito","","Lucas",""
"10179-2","Sale","01/12/2026 4:05 PM",1,1,"1xMilkshake 300ml","11",0,0,0,"11","1","Efectivo","","Lucas",""
"10180-2","Sale","01/12/2026 4:09 PM",1,1,"1xCasquinha ","7",0,0,0,"7","6","Pix","","Lucas",""
"10181-2","Sale","01/12/2026 4:10 PM",1,2,"2xCascão ","18",0,0,0,"18","15.6","Tarjeta Crédito","","Lucas",""
"10182-2","Sale","01/12/2026 4:12 PM",1,1,"1xMilkshake 500ml","16",0,0,0,"16",0,"Tarjeta Débito","","Lucas",""
"10183-2","Sale","01/12/2026 4:16 PM",1,1,"1xMilkshake 400ml","14",0,0,0,"14","1","Pix","","Lucas",""
"10184-2","Sale","01/12/2026 4:18 PM",1,1,"1xMilkshake 300ml","11",0,0,0,"11","1","Pix","","Lucas",""
"10185-2","Sale","01/12/2026 4:19 PM",1,1,"1xChurros doce de leite ","10",0,0,0,"10","2","Tarjeta Débito","","Lucas",""
"10186-2","Sale","01/12/2026 4:28 PM",1,1,"1xCascão ","9",0,0,0,"9","7.8","Pix","","Lucas",""
"10187-2","Sale","01/12/2026 4:36 PM",2,3,"2xMilkshake 400ml, 1xMilkshake 300ml","39",0,0,0,"39","3","Tarjeta Débito","","Lucas",""
"10188-2","Sale","01/12/2026 4:38 PM",1,1,"1xCascão ","9",0,0,0,"9","7.8","Pix","","Lucas",""
"10189-2","Sale","01/12/2026 4:41 PM",3,3,"1xCopo 200ml, 1xCascão , 1xMilkshake 300ml","29",0,0,0,"29","9.8","Efectivo","","Lucas",""
"10190-2","Sale","01/12/2026 4:53 PM",1,1,"1xCasquinha ","7",0,0,0,"7","6","Efectivo","","Lucas",""
"10191-2","Sale","01/12/2026 4:55 PM",1,1,"1xCascão ","9",0,0,0,"9","7.8","Efectivo","","Lucas",""
"10192-2","Sale","01/12/2026 4:57 PM",1,1,"1xCascão ","9",0,0,0,"9","7.8","Efectivo","","Lucas",""
"10193-2","Sale","01/12/2026 5:00 PM",2,2,"1xChurros de chocolate , 1xMilkshake 500ml","26",0,0,0,"26","2","Tarjeta Débito","","Lucas",""
"10194-2","Sale","01/12/2026 5:02 PM",1,1,"1xCascão ","9",0,0,0,"9","7.8","Efectivo","","Lucas",""
"10195-2","Sale","01/12/2026 5:10 PM",1,1,"1xMilkshake 500ml","16",0,0,0,"16",0,"Tarjeta Débito","","Lucas",""
"10196-2","Sale","01/12/2026 5:14 PM",1,1,"1xCascão ","9",0,0,0,"9","7.8","Pix","","Lucas",""
"10197-2","Sale","01/12/2026 5:19 PM",1,2,"2xCopo 200ml","18",0,0,0,"18","2","Tarjeta Crédito","","Lucas",""
"10198-2","Sale","01/12/2026 5:29 PM",1,1,"1xCopo 150ml","7",0,0,0,"7","1","Efectivo","","Lucas",""
"10199-2","Sale","01/12/2026 5:32 PM",1,1,"1xCopo 150ml","7",0,0,0,"7","1","Pix","","Lucas",""
"10200-2","Sale","01/12/2026 5:36 PM",1,1,"1xCasquinha ","7",0,0,0,"7","6","Efectivo","","Lucas",""
"10201-2","Sale","01/12/2026 5:37 PM",1,1,"1xÁgua com gás ","4.5",0,0,0,"4.5","3.3","Tarjeta Débito","","Lucas",""
"10203-2","Sale","01/12/2026 5:45 PM",1,1,"1xCopo 150ml","7",0,0,0,"7","1","Tarjeta Débito","","Lucas",""
"10204-2","Sale","01/12/2026 5:45 PM",1,1,"1xChurros doce de leite ","10",0,0,0,"10","2","Efectivo","","Lucas",""
"10205-2","Sale","01/12/2026 5:49 PM",1,1,"1xÁgua sem gás ","4",0,0,0,"4",0,"Efectivo","","Lucas",""
"10206-2","Sale","01/12/2026 5:52 PM",1,1,"1xMilkshake 300ml","11",0,0,0,"11","1","Tarjeta Débito","","Lucas",""
"10207-2","Sale","01/12/2026 6:02 PM",2,2,"1xMilkshake 300ml, 1xCasquinha ","18",0,0,0,"18","7","Pix","","Lucas",""
"10208-2","Sale","01/12/2026 6:02 PM",1,1,"1xCascão ","9",0,0,0,"9","7.8","Efectivo","","Lucas",""
"10209-2","Sale","01/12/2026 6:06 PM",1,1,"1xMilkshake 300ml","11",0,0,0,"11","1","Pix","","Lucas",""
"10210-2","Sale","01/12/2026 6:08 PM",1,1,"1xCascão ","9",0,0,0,"9","7.8","Efectivo","","Lucas",""
"10211-2","Sale","01/12/2026 6:09 PM",1,1,"1xMilkshake 300ml","11",0,0,0,"11","1","Tarjeta Crédito","","Lucas",""
"10212-2","Sale","01/12/2026 6:12 PM",1,1,"1xChurros de chocolate ","10",0,0,0,"10","2","Pix","","Lucas",""
"10213-2","Sale","01/12/2026 6:15 PM",1,1,"1xCascão ","9",0,0,0,"9","7.8","Tarjeta Débito","","Lucas",""
"10214-2","Sale","01/12/2026 6:25 PM",1,1,"1xCasquinha ","7",0,0,0,"7","6","Pix","","Lucas",""
"10215-2","Sale","01/12/2026 6:34 PM",1,2,"2xMilkshake 300ml","22",0,0,0,"22","2","Pix","","Lucas",""
"10216-2","Sale","01/12/2026 6:36 PM",1,2,"2xCopo 150ml","14",0,0,0,"14","2","Tarjeta Débito","","Lucas",""
"10217-2","Sale","01/12/2026 6:43 PM",2,4,"1xCasquinha , 3xCascão ","34",0,0,0,"34","29.4","Efectivo","","Lucas",""
"10218-2","Sale","01/12/2026 6:52 PM",1,2,"2xCasquinha ","14",0,0,0,"14","12","Pix","","Lucas",""
"10219-2","Sale","01/12/2026 6:58 PM",1,1,"1xCasquinha ","7",0,0,0,"7","6","Efectivo","","Lucas",""
"10220-2","Sale","01/12/2026 7:01 PM",1,2,"2xMilkshake 500ml","32",0,0,0,"32",0,"Pix, Efectivo","","Lucas",""
"10221-2","Sale","01/12/2026 7:04 PM",1,2,"2xMilkshake 300ml","22",0,0,0,"22","2","Efectivo","","Lucas",""
"10222-2","Sale","01/12/2026 7:05 PM",2,2,"1xCascão , 1xCopo 150ml","16",0,0,0,"16","8.8","Efectivo","","Lucas",""
"10223-2","Sale","01/12/2026 7:06 PM",1,1,"1xChurros doce de leite ","10",0,0,0,"10","2","Pix","","Lucas",""
"10224-2","Sale","01/12/2026 7:09 PM",2,4,"2xCopo 150ml, 2xCasquinha ","28",0,0,0,"28","14","Tarjeta Crédito","","Lucas",""
"10225-2","Sale","01/12/2026 7:10 PM",1,1,"1xCascão ","9",0,0,0,"9","7.8","Efectivo","","Lucas",""
"10226-2","Sale","01/12/2026 7:12 PM",2,2,"1xCopo 150ml, 1xÁgua sem gás ","11",0,0,0,"11","1","Otros","","Lucas",""
"10227-2","Sale","01/12/2026 7:17 PM",2,2,"1xMilkshake 300ml, 1xCascão ","20",0,0,0,"20","8.8","Tarjeta Débito","","Lucas",""
"10228-2","Sale","01/12/2026 7:19 PM",1,1,"1xCrepe suíço salgado ","10",0,0,0,"10","2","Efectivo","","Lucas",""
"10229-2","Sale","01/12/2026 7:30 PM",1,1,"1xMilkshake 300ml","11",0,0,0,"11","1","Tarjeta Débito","","Lucas",""
"10230-2","Sale","01/12/2026 7:38 PM",1,1,"1xCascão ","9",0,0,0,"9","7.8","Tarjeta Débito","","Lucas",""
"10231-2","Sale","01/12/2026 7:45 PM",2,2,"1xCrepe suíço salgado , 1xCasquinha ","17",0,0,0,"17","8","Efectivo, Pix","","Lucas",""
"10232-2","Sale","01/12/2026 7:47 PM",2,2,"1xMilkshake 500ml, 1xMilkshake 400ml","30",0,0,0,"30","1","Efectivo","","Lucas",""
"10233-2","Sale","01/12/2026 7:53 PM",1,1,"1xMilkshake 500ml","16",6,0,0,"10",0,"Efectivo","","Lucas",""
"10202-2","Sale","01/12/2026 5:38 PM",1,1,"1xMilkshake 400ml","14",0,0,0,"14","1","Efectivo","","Lucas",""
"10234-2","Sale","01/13/2026 12:34 PM",1,1,"1xMilkshake 500ml","16",1,0,0,"15",0,"Efectivo","","Lucas",""
"10235-2","Sale","01/13/2026 12:41 PM",1,1,"1xRefri 310ml","7",0,0,0,"7","1","Pix","","Lucas",""
"10236-2","Sale","01/13/2026 12:53 PM",1,1,"1xCascão ","9",0,0,0,"9","7.8","Efectivo","","Lucas",""
"10237-2","Sale","01/13/2026 12:57 PM",1,1,"1xCasquinha ","7",0,0,0,"7","6","Efectivo","","Lucas",""
"10238-2","Sale","01/13/2026 1:14 PM",1,1,"1xChurros de chocolate ","10",0,0,0,"10","2","Efectivo","","Lucas",""
"10239-2","Sale","01/13/2026 1:40 PM",1,1,"1xÁgua sem gás ","4",0,0,0,"4",0,"Pix","","Lucas",""
"10240-2","Sale","01/13/2026 1:57 PM",2,2,"1xCascão , 1xCrepe suíço salgado ","19",0,0,0,"19","9.8","Tarjeta Crédito","","Lucas",""
"10241-2","Sale","01/13/2026 2:09 PM",1,1,"1xMilkshake 300ml","11",0,0,0,"11","1","Tarjeta Débito","","Lucas",""
"10242-2","Sale","01/13/2026 2:12 PM",3,3,"1xCopo 250ml, 1xCascão , 1xÁgua com gás ","24.5",0,0,0,"24.5","12.1","Tarjeta Crédito","","Lucas",""
"10243-2","Sale","01/13/2026 2:13 PM",1,2,"2xCascão ","18",0,0,0,"18","15.6","Tarjeta Crédito","","Lucas",""
"10244-2","Sale","01/13/2026 2:20 PM",1,1,"1xCascão ","9",0,0,0,"9","7.8","Tarjeta Débito","","Lucas",""
"10245-2","Sale","01/13/2026 2:23 PM",1,2,"2xCasquinha ","14",0,0,0,"14","12","Pix","","Lucas",""
"10246-2","Sale","01/13/2026 2:23 PM",1,1,"1xCasquinha ","7",0,0,0,"7","6","Tarjeta Débito","","Lucas",""
"10247-2","Sale","01/13/2026 2:25 PM",1,2,"2xCasquinha ","14",0,0,0,"14","12","Tarjeta Débito","","Lucas",""
"10248-2","Sale","01/13/2026 2:30 PM",1,2,"2xMilkshake 300ml","22",0,0,0,"22","2","Pix","","Lucas",""
"10249-2","Sale","01/13/2026 2:49 PM",1,3,"3xCasquinha ","21",0,0,0,"21","18","Efectivo","","Lucas",""
"10250-2","Sale","01/13/2026 2:59 PM",2,2,"1xCasquinha , 1xÁgua sem gás ","11",0,0,0,"11","6","Tarjeta Crédito","","Lucas",""
"10251-2","Sale","01/13/2026 2:59 PM",1,1,"1xMilkshake 400ml","14",0,0,0,"14","1","Tarjeta Crédito","","Lucas",""
"10252-2","Sale","01/13/2026 3:04 PM",1,1,"1xCopo 150ml","7",0,0,0,"7","1","Pix","","Lucas",""
"10253-2","Sale","01/13/2026 3:05 PM",1,1,"1xCopo 150ml","7",0,0,0,"7","1","Tarjeta Débito","","Lucas",""
"10254-2","Sale","01/13/2026 3:10 PM",1,2,"2xÁgua sem gás ","8",0,0,0,"8",0,"Tarjeta Débito","","Lucas",""
"10255-2","Sale","01/13/2026 3:13 PM",2,3,"1xCasquinha , 2xCascão ","25",0,0,0,"25","21.6","Efectivo","","Lucas",""
"10256-2","Sale","01/13/2026 3:26 PM",2,2,"1xÁgua sem gás , 1xRefri 310ml","11",0,0,0,"11","1","Tarjeta Crédito","","Lucas",""
"10257-2","Sale","01/13/2026 3:39 PM",1,1,"1xChurros doce de leite ","10",0,0,0,"10","2","Efectivo","","Lucas",""
"10258-2","Sale","01/13/2026 3:43 PM",1,2,"2xCascão ","18",0,0,0,"18","15.6","Efectivo","","Lucas",""
"10259-2","Sale","01/13/2026 3:44 PM",1,1,"1xChurros doce de leite ","10",0,0,0,"10","2","Efectivo","","Lucas",""
"10260-2","Sale","01/13/2026 3:45 PM",1,1,"1xCombo 1","15",0,0,0,"15","1","Efectivo","","Lucas",""
"10261-2","Sale","01/13/2026 3:50 PM",2,3,"2xCascão , 1xCopo 150ml","25",0,0,0,"25","16.6","Tarjeta Crédito","","Lucas",""
"10262-2","Sale","01/13/2026 3:52 PM",1,1,"1xCascão ","9",0,0,0,"9","7.8","Tarjeta Débito","","Lucas",""
"10263-2","Sale","01/13/2026 3:56 PM",4,4,"1xCascão , 1xCasquinha , 1xChurros doce de leite , 1xÁgua sem gás ","30",0,0,0,"30","15.8","Efectivo","","Lucas",""
"10264-2","Sale","01/13/2026 3:57 PM",1,1,"1xCascão ","9",0,0,0,"9","7.8","Tarjeta Débito","","Lucas",""
"10265-2","Sale","01/13/2026 3:58 PM",1,1,"1xCascão ","9",0,0,0,"9","7.8","Efectivo","","Lucas",""
"10266-2","Sale","01/13/2026 3:59 PM",1,2,"2xCascão ","18",0,0,0,"18","15.6","Tarjeta Crédito","","Lucas",""
"10267-2","Sale","01/13/2026 4:04 PM",3,3,"1xCasquinha , 1xCascão , 1xMilkshake 400ml","30",0,0,0,"30","14.8","Pix","","Lucas",""
"10268-2","Sale","01/13/2026 4:08 PM",1,1,"1xCascão ","9",0,0,0,"9","7.8","Efectivo","","Lucas",""
"10269-2","Sale","01/13/2026 4:13 PM",1,1,"1xMilkshake 500ml","16",0,0,0,"16",0,"Efectivo","","Lucas",""
"10270-2","Sale","01/13/2026 4:16 PM",1,1,"1xMilkshake 300ml","11",0,0,0,"11","1","Efectivo","","Lucas",""
"10271-2","Sale","01/13/2026 4:16 PM",1,1,"1xMilkshake 500ml","16",0,0,0,"16",0,"Tarjeta Crédito","","Lucas",""
"10272-2","Sale","01/13/2026 4:18 PM",2,3,"1xCasquinha , 2xCascão ","25",0,0,0,"25","21.6","Efectivo","","Lucas",""
"10273-2","Sale","01/13/2026 4:21 PM",1,1,"1xMilkshake 400ml","14",0,0,0,"14","1","Efectivo","","Lucas",""
"10274-2","Sale","01/13/2026 4:21 PM",2,3,"1xMilkshake 500ml, 2xMilkshake 400ml","44",0,0,0,"44","2","Pix","","Lucas",""
"10275-2","Sale","01/13/2026 4:21 PM",1,1,"1xRefri 310ml","7",0,0,0,"7","1","Tarjeta Crédito","","Lucas",""
"10276-2","Sale","01/13/2026 4:34 PM",1,1,"1xMilkshake 500ml","16",0,0,0,"16",0,"Tarjeta Crédito","","Lucas",""
"10277-2","Sale","01/13/2026 4:35 PM",1,1,"1xCascão ","9",0,0,0,"9","7.8","Efectivo","","Lucas",""
"10278-2","Sale","01/13/2026 4:39 PM",1,3,"3xRefri 310ml","21",0,0,0,"21","3","Efectivo","","Lucas",""
"10279-2","Sale","01/13/2026 4:41 PM",1,2,"2xCascão ","18",0,0,0,"18","15.6","Tarjeta Débito","","Lucas",""
"10280-2","Sale","01/13/2026 4:41 PM",1,1,"1xMilkshake 300ml","11",0,0,0,"11","1","Efectivo","","Lucas",""
"10281-2","Sale","01/13/2026 4:44 PM",1,2,"2xCascão ","18",0,0,0,"18","15.6","Tarjeta Débito","","Lucas",""
"10282-2","Sale","01/13/2026 4:44 PM",1,2,"2xCombo 1","30",0,0,0,"30","2","Tarjeta Débito","","Lucas",""
"10283-2","Sale","01/13/2026 4:49 PM",2,3,"2xCasquinha , 1xRefri 310ml","21",0,0,0,"21","13","Tarjeta Débito","","Lucas",""
"10284-2","Sale","01/13/2026 4:52 PM",1,1,"1xMilkshake 300ml","11",0,0,0,"11","1","Tarjeta Débito","","Lucas",""
"10285-2","Sale","01/13/2026 4:52 PM",1,1,"1xCascão ","9",0,0,0,"9","7.8","Efectivo","","Lucas",""
"10286-2","Sale","01/13/2026 4:56 PM",2,2,"1xCopo 250ml, 1xCombo 1","26",0,0,0,"26","2","Tarjeta Débito","","Lucas",""
"10288-2","Sale","01/13/2026 4:59 PM",1,1,"1xMilkshake 300ml","11",0,0,0,"11","1","Tarjeta Débito","","Lucas",""
"10289-2","Sale","01/13/2026 5:00 PM",1,1,"1xCrepe suíço salgado ","10",0,0,0,"10","2","Tarjeta Débito","","Lucas",""
"10290-2","Sale","01/13/2026 5:03 PM",2,2,"1xMilkshake 300ml, 1xCrepe suíço salgado ","21",0,0,0,"21","3","Pix","","Lucas",""
"10291-2","Sale","01/13/2026 5:09 PM",1,1,"1xCasquinha ","7",0,0,0,"7","6","Tarjeta Débito","","Lucas",""
"10292-2","Sale","01/13/2026 5:12 PM",2,3,"2xCascão , 1xCasquinha ","25",0,0,0,"25","21.6","Tarjeta Crédito","","Lucas",""
"10293-2","Sale","01/13/2026 5:17 PM",1,1,"1xCasquinha ","7",0,0,0,"7","6","Tarjeta Débito","","Lucas",""
"10294-2","Sale","01/13/2026 5:23 PM",1,2,"2xCasquinha ","14",0,0,0,"14","12","Efectivo","","Lucas",""
"10295-2","Sale","01/13/2026 5:23 PM",1,1,"1xÁgua sem gás ","4",0,0,0,"4",0,"Otros","","Lucas",""
"10296-2","Sale","01/13/2026 5:26 PM",1,1,"1xÁgua sem gás ","4",0,0,0,"4",0,"Pix","","Lucas",""
"10297-2","Sale","01/13/2026 5:31 PM",1,1,"1xÁgua sem gás ","4",0,0,0,"4",0,"Tarjeta Débito","","Lucas",""
"10298-2","Sale","01/13/2026 5:32 PM",1,1,"1xCascão ","9",0,0,0,"9","7.8","Efectivo","","Lucas",""
"10299-2","Sale","01/13/2026 5:35 PM",1,1,"1xCasquinha ","7",0,0,0,"7","6","Efectivo","","Lucas",""
"10300-2","Sale","01/13/2026 5:39 PM",1,2,"2xCasquinha ","14",0,0,0,"14","12","Pix","","Lucas",""
"10301-2","Sale","01/13/2026 5:47 PM",1,1,"1xChurros doce de leite ","10",0,0,0,"10","2","Tarjeta Crédito","","Lucas",""
"10302-2","Sale","01/13/2026 5:50 PM",3,3,"1xCombo 1, 1xCrepe suíço salgado , 1xÁgua sem gás ","29",0,0,0,"29","3","Tarjeta Crédito","","Lucas",""
"10303-2","Sale","01/13/2026 5:56 PM",2,2,"1xCopo 150ml, 1xMilkshake 300ml","18",0,0,0,"18","2","Otros","","Lucas",""
"10304-2","Sale","01/13/2026 5:58 PM",1,1,"1xCombo 1","15",0,0,0,"15","1","Otros","","Lucas",""
"10305-2","Sale","01/13/2026 6:08 PM",1,1,"1xChurros doce de leite ","10",0,0,0,"10","2","Tarjeta Crédito","","Lucas",""
"10306-2","Sale","01/13/2026 6:23 PM",2,2,"1xMilkshake 300ml, 1xCascão ","20",0,0,0,"20","8.8","Tarjeta Débito","","Lucas",""
"10307-2","Sale","01/13/2026 6:25 PM",1,1,"1xMilkshake 300ml","11",0,0,0,"11","1","Tarjeta Débito","","Lucas",""
"10308-2","Sale","01/13/2026 6:25 PM",1,2,"2xCascão ","18",0,0,0,"18","15.6","Efectivo","","Lucas",""
"10309-2","Sale","01/13/2026 6:27 PM",1,1,"1xCasquinha ","7",0,0,0,"7","6","Efectivo","","Lucas",""
"10310-2","Sale","01/13/2026 6:27 PM",1,1,"1xMilkshake 400ml","14",0,0,0,"14","1","Tarjeta Crédito","","Lucas",""
"10311-2","Sale","01/13/2026 6:34 PM",1,1,"1xMilkshake 300ml","11",0,0,0,"11","1","Pix","","Lucas",""
"10312-2","Sale","01/13/2026 6:38 PM",2,4,"2xCasquinha , 2xCascão ","32",0,0,0,"32","27.6","Tarjeta Débito","","Lucas",""
"10313-2","Sale","01/13/2026 6:43 PM",1,3,"3xChurros doce de leite ","30",0,0,0,"30","6","Tarjeta Débito","","Lucas",""
"10314-2","Sale","01/13/2026 6:44 PM",1,1,"1xCasquinha ","7",0,0,0,"7","6","Tarjeta Débito","","Lucas",""
"10315-2","Sale","01/13/2026 6:50 PM",1,2,"2xCasquinha ","14",0,0,0,"14","12","Pix","","Lucas",""
"10316-2","Sale","01/13/2026 6:59 PM",2,2,"1xCrepe suíço doce, 1xCascão ","20",0,0,0,"20","10.8","Tarjeta Débito","","Lucas",""
"10317-2","Sale","01/13/2026 7:25 PM",1,1,"1xCasquinha ","7",0,0,0,"7","6","Tarjeta Débito","","Lucas",""
"10318-2","Sale","01/13/2026 7:45 PM",1,2,"2xCasquinha ","14",0,0,0,"14","12","Otros","","Lucas",""
"10287-2","Sale","01/13/2026 4:58 PM",1,1,"1xRefri 310ml","7",0,0,0,"7","1","Tarjeta Débito","","Lucas",""
"10319-2","Sale","01/14/2026 1:22 PM",1,2,"2xRefri 310ml","14",0,0,0,"14","2","Efectivo","","Lucas",""
"10320-2","Sale","01/14/2026 1:26 PM",2,2,"1xMilkshake 300ml, 1xCasquinha ","18",0,0,0,"18","7","Efectivo","","Lucas",""
"10321-2","Sale","01/14/2026 1:27 PM",1,1,"1xCasquinha ","7",0,0,0,"7","6","Tarjeta Crédito","","Lucas",""
"10322-2","Sale","01/14/2026 1:35 PM",2,3,"1xCasquinha , 2xMilkshake 300ml","29",0,0,0,"29","8","Tarjeta Crédito","","Lucas",""
"10323-2","Sale","01/14/2026 1:52 PM",1,1,"1xMilkshake 300ml","11",0,0,0,"11","1","Pix","","Lucas",""
"10324-2","Sale","01/14/2026 1:56 PM",1,1,"1xMilkshake 400ml","14",0,0,0,"14","1","Tarjeta Crédito","","Lucas",""
"10325-2","Sale","01/14/2026 2:02 PM",1,2,"2xMilkshake 300ml","22",0,0,0,"22","2","Efectivo","","Lucas",""
"10326-2","Sale","01/14/2026 2:06 PM",1,2,"2xMilkshake 500ml","32",0,0,0,"32",0,"Tarjeta Débito","","Lucas",""
"10327-2","Sale","01/14/2026 2:07 PM",1,1,"1xCopo 200ml","9",0,0,0,"9","1","Efectivo","","Lucas",""
"10328-2","Sale","01/14/2026 2:14 PM",2,2,"1xCascão , 1xCopo 200ml","18",0,0,0,"18","8.8","Tarjeta Débito","","Lucas",""
"10329-2","Sale","01/14/2026 2:15 PM",1,1,"1xCascão ","9",0,0,0,"9","7.8","Efectivo","","Lucas",""
"10330-2","Sale","01/14/2026 2:20 PM",1,2,"2xMilkshake 300ml","22",0,0,0,"22","2","Tarjeta Crédito","","Lucas",""
"10331-2","Sale","01/14/2026 2:26 PM",1,1,"1xCasquinha ","7",0,0,0,"7","6","Efectivo","","Lucas",""
"10332-2","Sale","01/14/2026 2:34 PM",3,3,"1xMilkshake 400ml, 1xMilkshake 500ml, 1xÁgua sem gás ","34",0,0,0,"34","1","Tarjeta Débito","","Lucas",""
"10333-2","Sale","01/14/2026 2:45 PM",1,1,"1xMilkshake 300ml","11",0,0,0,"11","1","Tarjeta Débito","","Lucas",""
"10334-2","Sale","01/14/2026 2:57 PM",2,4,"1xMilkshake 500ml, 3xCasquinha ","37",0,0,0,"37","18","Tarjeta Débito","","Lucas",""
"10335-2","Sale","01/14/2026 2:57 PM",1,1,"1xÁgua sem gás ","4",0,0,0,"4",0,"Efectivo","","Lucas",""
"10336-2","Sale","01/14/2026 3:01 PM",3,3,"1xMilkshake 400ml, 1xCasquinha , 1xÁgua com gás ","25.5",0.5,0,0,"25","9.8","Efectivo","Ana Paula da Silva Albuquerque ","Lucas",""
"10337-2","Sale","01/14/2026 3:02 PM",1,1,"1xCasquinha ","7",0,0,0,"7","6","Efectivo","","Lucas",""
"10338-2","Sale","01/14/2026 3:08 PM",1,2,"2xMilkshake 300ml","22",0,0,0,"22","2","Tarjeta Débito","","Lucas",""
"10339-2","Sale","01/14/2026 3:11 PM",1,2,"2xCascão ","18",0,0,0,"18","15.6","Tarjeta Débito","","Lucas",""
"10340-2","Sale","01/14/2026 3:14 PM",1,2,"2xMilkshake 300ml","22",0,0,0,"22","2","Tarjeta Crédito","","Lucas",""
"10341-2","Sale","01/14/2026 3:14 PM",1,1,"1xÁgua sem gás ","4",0,0,0,"4",0,"Tarjeta Crédito","","Lucas",""
"10342-2","Sale","01/14/2026 3:16 PM",1,1,"1xCasquinha ","7",0,0,0,"7","6","Efectivo","","Lucas",""
"10343-2","Sale","01/14/2026 3:17 PM",2,2,"1xCasquinha , 1xÁgua com gás ","11.5",0,0,0,"11.5","9.3","Efectivo","","Lucas",""
"10344-2","Sale","01/14/2026 3:18 PM",1,1,"1xCascão ","9",0,0,0,"9","7.8","Tarjeta Débito","","Lucas",""
"10345-2","Sale","01/14/2026 3:23 PM",1,1,"1xCascão ","9",0,0,0,"9","7.8","Efectivo","","Lucas",""
"10346-2","Sale","01/14/2026 3:24 PM",1,1,"1xCasquinha ","7",0,0,0,"7","6","Efectivo","","Lucas",""
"10347-2","Sale","01/14/2026 3:27 PM",1,1,"1xMilkshake 300ml","11",0,0,0,"11","1","Efectivo","","Lucas",""
"10348-2","Sale","01/14/2026 3:28 PM",2,2,"1xMilkshake 300ml, 1xCasquinha ","18",0,0,0,"18","7","Tarjeta Crédito","","Lucas",""
"10349-2","Sale","01/14/2026 3:32 PM",2,2,"1xCopo 250ml, 1xMilkshake 300ml","22",0,0,0,"22","2","Tarjeta Crédito","","Lucas",""
"10350-2","Sale","01/14/2026 3:47 PM",3,4,"1xCopo 150ml, 2xCasquinha , 1xMilkshake 300ml","32",0,0,0,"32","14","Tarjeta Débito","","Lucas",""
"10351-2","Sale","01/14/2026 3:50 PM",2,2,"1xMilkshake 400ml, 1xÁgua com gás ","18.5",0,0,0,"18.5","4.3","Efectivo","","Lucas",""
"10352-2","Sale","01/14/2026 3:53 PM",2,3,"2xMilkshake 300ml, 1xCopo 150ml","29",0,0,0,"29","3","Pix","","Lucas",""
"10353-2","Sale","01/14/2026 4:03 PM",1,1,"1xÁgua sem gás ","4",0,0,0,"4",0,"Tarjeta Débito","","Lucas",""
"10354-2","Sale","01/14/2026 4:05 PM",1,3,"3xCascão ","27",0,0,0,"27","23.4","Tarjeta Débito","","Lucas",""
"10355-2","Sale","01/14/2026 4:07 PM",1,2,"2xCascão ","18",0,0,0,"18","15.6","Pix","","Lucas",""
"10356-2","Sale","01/14/2026 4:10 PM",1,2,"2xCascão ","18",0,0,0,"18","15.6","Tarjeta Débito","","Lucas",""
"10357-2","Sale","01/14/2026 4:30 PM",1,1,"1xCascão ","9",0,0,0,"9","7.8","Efectivo","","Lucas",""
"10358-2","Sale","01/14/2026 4:39 PM",1,2,"2xMilkshake 400ml","28",0,0,0,"28","2","Efectivo","","Lucas",""
"10359-2","Sale","01/14/2026 4:40 PM",2,2,"1xÁgua sem gás , 1xRefri 310ml","11",0,0,0,"11","1","Efectivo","","Lucas",""
"10360-2","Sale","01/14/2026 4:41 PM",1,1,"1xÁgua sem gás ","4",0,0,0,"4",0,"Tarjeta Crédito","","Lucas",""
"10361-2","Sale","01/14/2026 4:42 PM",2,2,"1xÁgua com gás , 1xCascão ","13.5",0,0,0,"13.5","11.1","Tarjeta Débito","","Lucas",""
"10362-2","Sale","01/14/2026 4:53 PM",2,2,"1xCasquinha , 1xChurros de chocolate ","17",0,0,0,"17","8","Tarjeta Débito","","Lucas",""
"10363-2","Sale","01/14/2026 4:55 PM",2,2,"1xCascão , 1xCopo 200ml","18",0,0,0,"18","8.8","Pix","","Lucas",""
"10364-2","Sale","01/14/2026 4:57 PM",1,2,"2xCopo 150ml","14",0,0,0,"14","2","Tarjeta Débito","","Lucas",""
"10365-2","Sale","01/14/2026 5:04 PM",2,2,"1xChurros de chocolate , 1xChurros doce de leite ","20",0,0,0,"20","4","Efectivo","","Lucas",""
"10366-2","Sale","01/14/2026 5:06 PM",1,1,"1xMilkshake 300ml","11",0,0,0,"11","1","Efectivo","","Lucas",""
"10367-2","Sale","01/14/2026 5:12 PM",2,2,"1xCasquinha , 1xRefri 310ml","14",0,0,0,"14","7","Efectivo","","Lucas",""
"10368-2","Sale","01/14/2026 5:19 PM",1,1,"1xMilkshake 500ml","16",0,0,0,"16",0,"Pix","","Lucas",""
"10369-2","Sale","01/14/2026 5:34 PM",1,1,"1xCascão ","9",0,0,0,"9","7.8","Efectivo","","Lucas",""
"10370-2","Sale","01/14/2026 5:46 PM",1,1,"1xCascão ","9",0,0,0,"9","7.8","Tarjeta Débito","","Lucas",""
"10371-2","Sale","01/14/2026 5:51 PM",1,2,"2xMilkshake 300ml","22",0,0,0,"22","2","Pix","","Lucas",""
"10372-2","Sale","01/14/2026 5:56 PM",1,1,"1xÁgua sem gás ","4",0,0,0,"4",0,"Tarjeta Crédito","","Lucas",""
"10374-2","Sale","01/14/2026 6:10 PM",1,1,"1xMilkshake 400ml","14",0,0,0,"14","1","Tarjeta Crédito","","Lucas",""
"10375-2","Sale","01/14/2026 6:25 PM",3,5,"2xCasquinha , 2xCrepe suíço salgado , 1xÁgua sem gás ","38",0,0,0,"38","16","Efectivo","","Lucas",""
"10376-2","Sale","01/14/2026 6:27 PM",2,3,"2xCascão , 1xCasquinha ","25",0,0,0,"25","21.6","Tarjeta Crédito","","Lucas",""
"10377-2","Sale","01/14/2026 6:39 PM",1,1,"1xCrepe suíço doce","11",0,0,0,"11","3","Pix","","Lucas",""
"10378-2","Sale","01/14/2026 6:44 PM",2,5,"1xÁgua com gás , 4xCasquinha ","32.5",0,0,0,"32.5","27.3","Efectivo","","Lucas",""
"10379-2","Sale","01/14/2026 6:47 PM",3,4,"1xChurros de chocolate , 1xCasquinha , 2xCascão ","35",0,0,0,"35","23.6","Tarjeta Crédito","","Lucas",""
"10380-2","Sale","01/14/2026 7:00 PM",1,2,"2xMilkshake 300ml","22",0,0,0,"22","2","Pix","","Lucas",""
"10381-2","Sale","01/14/2026 7:18 PM",1,1,"1xCrepe suíço salgado ","10",0,0,0,"10","2","Otros","","Lucas",""
"10382-2","Sale","01/14/2026 7:25 PM",2,4,"1xChurros doce de leite , 3xMilkshake 300ml","43",0,0,0,"43","5","Tarjeta Débito","","Lucas",""
"10383-2","Sale","01/14/2026 7:32 PM",2,3,"2xCascão , 1xCasquinha ","25",0,0,0,"25","21.6","Tarjeta Débito","","Lucas",""
"10384-2","Sale","01/15/2026 12:46 PM",1,1,"1xCascão ","9",0,0,0,"9","7.8","Efectivo","","Lucas",""
"10385-2","Sale","01/15/2026 12:52 PM",1,1,"1xCasquinha ","7",0,0,0,"7","6","Tarjeta Débito","","Lucas",""
"10386-2","Sale","01/15/2026 12:53 PM",1,2,"2xCasquinha ","14",0,0,0,"14","12","Tarjeta Débito","","Lucas",""
"10387-2","Sale","01/15/2026 1:03 PM",1,1,"1xMilkshake 300ml","11",0,0,0,"11","1","Pix","","Lucas",""
"10388-2","Sale","01/15/2026 1:35 PM",1,1,"1xCopo 150ml","7",0,0,0,"7","1","Tarjeta Débito","","Lucas",""
"10389-2","Sale","01/15/2026 1:41 PM",1,1,"1xCasquinha ","7",0,0,0,"7","6","Efectivo","","Lucas",""
"10390-2","Sale","01/15/2026 1:43 PM",1,1,"1xCombo 2","16",0,0,0,"16","1","Pix","","Lucas",""
"10391-2","Sale","01/15/2026 2:34 PM",1,1,"1xMilkshake 500ml","16",0,0,0,"16",0,"Tarjeta Débito","","Lucas",""
"10392-2","Sale","01/15/2026 2:46 PM",2,2,"1xCasquinha , 1xÁgua sem gás ","11",0,0,0,"11","6","Tarjeta Débito","","Lucas",""
"10393-2","Sale","01/15/2026 2:49 PM",3,5,"2xCascão , 1xCasquinha , 2xÁgua sem gás ","33",0,0,0,"33","21.6","Tarjeta Crédito","","Lucas",""
"10394-2","Sale","01/15/2026 2:54 PM",1,1,"1xChurros de chocolate ","10",0,0,0,"10","2","Tarjeta Crédito","","Lucas",""
"10395-2","Sale","01/15/2026 2:56 PM",1,2,"2xCasquinha ","14",0,0,0,"14","12","Efectivo","","Lucas",""
"10396-2","Sale","01/15/2026 3:04 PM",1,2,"2xCascão ","18",0,0,0,"18","15.6","Efectivo","","Lucas",""
"10397-2","Sale","01/15/2026 3:13 PM",1,1,"1xCascão ","9",0,0,0,"9","7.8","Efectivo","","Lucas",""
"10398-2","Sale","01/15/2026 3:16 PM",1,1,"1xMilkshake 400ml","14",0,0,0,"14","1","Tarjeta Crédito","","Lucas",""
"10399-2","Sale","01/15/2026 3:24 PM",1,1,"1xMilkshake 500ml","16",0,0,0,"16",0,"Efectivo","","Lucas",""
"10400-2","Sale","01/15/2026 3:25 PM",1,1,"1xMilkshake 400ml","14",0,0,0,"14","1","Tarjeta Crédito","","Lucas",""
"10401-2","Sale","01/15/2026 3:29 PM",1,1,"1xCopo 250ml","11",0,0,0,"11","1","Tarjeta Débito","","Lucas",""
"10402-2","Sale","01/15/2026 3:38 PM",2,4,"2xMilkshake 300ml, 2xCasquinha ","36",0,0,0,"36","14","Efectivo","","Lucas",""
"10403-2","Sale","01/15/2026 3:39 PM",1,1,"1xCascão ","9",0,0,0,"9","7.8","Efectivo","","Lucas",""
"10404-2","Sale","01/15/2026 3:46 PM",1,1,"1xCasquinha ","7",0,0,0,"7","6","Efectivo","","Lucas",""
"10405-2","Sale","01/15/2026 3:48 PM",1,1,"1xCasquinha ","7",0,0,0,"7","6","Efectivo","","Lucas",""
"10406-2","Sale","01/15/2026 3:57 PM",1,3,"3xMilkshake 500ml","48",0,0,0,"48",0,"Tarjeta Débito","","Lucas",""
"10407-2","Sale","01/15/2026 3:59 PM",3,3,"1xCasquinha , 1xCopo 150ml, 1xÁgua sem gás ","18",0,0,0,"18","7","Tarjeta Crédito","","Lucas",""
"10408-2","Sale","01/15/2026 4:07 PM",2,2,"1xMilkshake 300ml, 1xÁgua sem gás ","15",0,0,0,"15","1","Efectivo","","Lucas",""
"10409-2","Sale","01/15/2026 4:10 PM",1,1,"1xCasquinha ","7",0,0,0,"7","6","Pix","","Lucas",""
"10410-2","Sale","01/15/2026 4:23 PM",1,2,"2xCasquinha ","14",0,0,0,"14","12","Efectivo","","Lucas",""
"10411-2","Sale","01/15/2026 4:35 PM",1,1,"1xCopo 150ml","7",0,0,0,"7","1","Pix","","Lucas",""
"10412-2","Sale","01/15/2026 4:38 PM",1,1,"1xCascão ","9",0,0,0,"9","7.8","Pix","","Lucas",""
"10413-2","Sale","01/15/2026 4:39 PM",1,1,"1xCascão ","9",0,0,0,"9","7.8","Tarjeta Débito","","Lucas",""
"10414-2","Sale","01/15/2026 4:43 PM",1,2,"2xCascão ","18",0,0,0,"18","15.6","Efectivo","","Lucas",""
"10415-2","Sale","01/15/2026 4:59 PM",1,1,"1xMilkshake 300ml","11",0,0,0,"11","1","Efectivo","","Lucas",""
"10417-2","Sale","01/15/2026 5:06 PM",1,2,"2xCasquinha ","14",0,0,0,"14","12","Tarjeta Crédito","","Lucas",""
"10418-2","Sale","01/15/2026 5:07 PM",3,4,"2xCrepe suíço salgado , 1xÁgua sem gás , 1xÁgua com gás ","28.5",0,0,0,"28.5","7.3","Efectivo","","Lucas",""
"10419-2","Sale","01/15/2026 5:14 PM",1,2,"2xCopo 150ml","14",0,0,0,"14","2","Tarjeta Débito","","Lucas",""
"10420-2","Sale","01/15/2026 5:17 PM",2,2,"1xCrepe suíço doce, 1xMilkshake 300ml","22",0,0,0,"22","4","Tarjeta Débito","","Lucas",""
"10421-2","Sale","01/15/2026 5:18 PM",2,3,"1xCrepe suíço salgado , 2xChurros de chocolate ","30",0,0,0,"30","6","Otros","","Lucas",""
"10422-2","Sale","01/15/2026 5:25 PM",1,1,"1xÁgua sem gás ","4",0,0,0,"4",0,"Tarjeta Débito","","Lucas",""
"10423-2","Sale","01/15/2026 5:31 PM",2,2,"1xCrepe suíço doce, 1xCasquinha ","18",0,0,0,"18","9","Tarjeta Débito","","Lucas",""
"10424-2","Sale","01/15/2026 5:34 PM",1,2,"2xMilkshake 300ml","22",0,0,0,"22","2","Tarjeta Crédito","","Lucas",""
"10425-2","Sale","01/15/2026 5:36 PM",1,1,"1xChurros doce de leite ","10",0,0,0,"10","2","Pix","","Lucas",""
"10426-2","Sale","01/15/2026 5:43 PM",1,3,"3xCasquinha ","21",0,0,0,"21","18","Efectivo","","Lucas",""
"10427-2","Sale","01/15/2026 5:43 PM",1,1,"1xChurros doce de leite ","10",0,0,0,"10","2","Tarjeta Débito","","Lucas",""
"10428-2","Sale","01/15/2026 5:52 PM",1,1,"1xMilkshake 300ml","11",0,0,0,"11","1","Efectivo","","Lucas",""
"10429-2","Sale","01/15/2026 5:52 PM",1,1,"1xCascão ","9",0,0,0,"9","7.8","Efectivo","","Lucas",""
"10430-2","Sale","01/15/2026 5:54 PM",1,1,"1xÁgua com gás ","4.5",0,0,0,"4.5","3.3","Tarjeta Débito","","Lucas",""
"10431-2","Sale","01/15/2026 6:08 PM",2,2,"1xMilkshake 500ml, 1xCascão ","25",0,0,0,"25","7.8","Efectivo","","Lucas",""
"10432-2","Sale","01/15/2026 6:16 PM",2,3,"2xCascão , 1xÁgua com gás ","22.5",0,0,0,"22.5","18.9","Tarjeta Débito","","Lucas",""
"10433-2","Sale","01/15/2026 6:16 PM",1,1,"1xCrepe suíço doce","11",0,0,0,"11","3","Tarjeta Débito","","Lucas",""
"10434-2","Sale","01/15/2026 6:23 PM",1,1,"1xCombo 2","16",0,0,0,"16","1","Pix","","Lucas",""
"10435-2","Sale","01/15/2026 6:28 PM",2,3,"1xCasquinha , 2xCascão ","25",0,0,0,"25","21.6","Efectivo","","Lucas",""
"10436-2","Sale","01/15/2026 6:30 PM",1,2,"2xCasquinha ","14",0,0,0,"14","12","Tarjeta Débito","","Lucas",""
"10437-2","Sale","01/15/2026 6:55 PM",1,1,"1xCasquinha ","7",0,0,0,"7","6","Efectivo","","Lucas",""
"10438-2","Sale","01/15/2026 7:03 PM",1,1,"1xCasquinha ","7",0,0,0,"7","6","Tarjeta Crédito","","Lucas",""
"10439-2","Sale","01/15/2026 7:07 PM",1,4,"4xCasquinha ","28",0,0,0,"28","24","Efectivo","","Lucas",""
"10440-2","Sale","01/15/2026 7:10 PM",1,1,"1xCasquinha ","7",0,0,0,"7","6","Efectivo","","Lucas",""
"10441-2","Sale","01/15/2026 7:20 PM",1,2,"2xMilkshake 300ml","22",0,0,0,"22","2","Tarjeta Débito","","Lucas",""
"10442-2","Sale","01/15/2026 7:21 PM",1,1,"1xCasquinha ","7",0,0,0,"7","6","Pix","","Lucas",""
"10443-2","Sale","01/15/2026 7:23 PM",1,1,"1xCopo 150ml","7",0,0,0,"7","1","Pix","","Lucas",""
"10444-2","Sale","01/15/2026 7:41 PM",1,1,"1xCopo 150ml","7",0,0,0,"7","1","Tarjeta Débito","","Lucas",""
"10445-2","Sale","01/15/2026 7:55 PM",3,3,"1xCasquinha , 1xMilkshake 300ml, 1xCrepe suíço salgado ","28",0,0,0,"28","9","Efectivo","","Lucas",""
"10446-2","Sale","01/15/2026 7:58 PM",1,2,"2xMilkshake 300ml","22",0,0,0,"22","2","Tarjeta Débito","","Lucas",""
"10447-2","Sale","01/16/2026 1:19 PM",1,1,"1xMilkshake 300ml","11",0,0,0,"11","1","Tarjeta Crédito","","Lucas",""
"10448-2","Sale","01/16/2026 1:20 PM",1,1,"1xCasquinha ","7",1,0,0,"6","5","Pix","","Lucas",""
"10449-2","Sale","01/16/2026 1:42 PM",1,1,"1xMilkshake 400ml","14",0,0,0,"14","1","Efectivo","","Lucas",""
"10450-2","Sale","01/16/2026 1:44 PM",1,1,"1xMilkshake 300ml","11",0,0,0,"11","1","Tarjeta Débito","","Lucas",""
"10451-2","Sale","01/16/2026 2:14 PM",1,2,"2xCasquinha ","14",0,0,0,"14","12","Efectivo","","Lucas",""
"10452-2","Sale","01/16/2026 2:21 PM",2,3,"2xCasquinha , 1xCascão ","23",0,0,0,"23","19.8","Pix","","Lucas",""
"10453-2","Sale","01/16/2026 2:22 PM",1,2,"2xCasquinha ","14",0,0,0,"14","12","Pix","","Lucas",""
"10454-2","Sale","01/16/2026 2:39 PM",2,2,"1xMilkshake 300ml, 1xÁgua sem gás ","15",0,0,0,"15","1","Tarjeta Débito","","Lucas",""
"10455-2","Sale","01/16/2026 2:40 PM",1,1,"1xCasquinha ","7",0,0,0,"7","6","Efectivo","","Lucas",""
"10456-2","Sale","01/16/2026 2:47 PM",1,1,"1xCrepe suíço salgado ","10",0,0,0,"10","2","Efectivo","","Lucas",""
"10457-2","Sale","01/16/2026 2:53 PM",1,2,"2xMilkshake 300ml","22",0,0,0,"22","2","Pix","","Lucas",""
"10458-2","Sale","01/16/2026 2:58 PM",1,3,"3xCasquinha ","21",0,0,0,"21","18","Pix","","Lucas",""
"10459-2","Sale","01/16/2026 3:07 PM",1,1,"1xCrepe suíço salgado ","10",0,0,0,"10","2","Tarjeta Débito","","Lucas",""
"10460-2","Sale","01/16/2026 3:27 PM",1,1,"1xCasquinha ","7",0,0,0,"7","6","Tarjeta Débito","","Lucas",""
"10461-2","Sale","01/16/2026 3:31 PM",1,1,"1xChurros de chocolate ","10",0,0,0,"10","2","Pix","","Lucas",""
"10462-2","Sale","01/16/2026 3:34 PM",2,2,"1xMilkshake 400ml, 1xMilkshake 300ml","25",0,0,0,"25","2","Tarjeta Débito","","Lucas",""
"10463-2","Sale","01/16/2026 3:36 PM",1,1,"1xMilkshake 300ml","11",0,0,0,"11","1","Efectivo","","Lucas",""
"10464-2","Sale","01/16/2026 3:37 PM",1,2,"2xCasquinha ","14",0,0,0,"14","12","Tarjeta Crédito","","Lucas",""
"10465-2","Sale","01/16/2026 3:54 PM",2,3,"1xCopo 200ml, 2xÁgua com gás ","18",0,0,0,"18","7.6","Pix","","Lucas",""
"10466-2","Sale","01/16/2026 4:01 PM",1,1,"1xCascão ","9",0,0,0,"9","7.8","Pix","","Lucas",""
"10467-2","Sale","01/16/2026 4:06 PM",1,3,"3xMilkshake 400ml","42",0,0,0,"42","3","Tarjeta Débito","","Lucas",""
"10468-2","Sale","01/16/2026 4:09 PM",2,3,"2xMilkshake 300ml, 1xCascão ","31",0,0,0,"31","9.8","Efectivo","","Lucas",""
"10469-2","Sale","01/16/2026 4:12 PM",3,3,"1xÁgua sem gás , 1xMilkshake 500ml, 1xCascão ","29",0,0,0,"29","7.8","Pix","","Lucas",""
"10470-2","Sale","01/16/2026 4:24 PM",1,1,"1xCascão ","9",0,0,0,"9","7.8","Pix","","Lucas",""
"10471-2","Sale","01/16/2026 4:26 PM",1,1,"1xMilkshake 300ml","11",0,0,0,"11","1","Tarjeta Crédito","","Lucas",""
"10472-2","Sale","01/16/2026 4:27 PM",1,1,"1xMilkshake 300ml","11",0,0,0,"11","1","Tarjeta Débito","","Lucas",""
"10473-2","Sale","01/16/2026 4:30 PM",2,2,"1xMilkshake 500ml, 1xCasquinha ","23",0,0,0,"23","6","Efectivo","","Lucas",""
"10474-2","Sale","01/16/2026 4:33 PM",2,2,"1xMilkshake 300ml, 1xÁgua sem gás ","15",0,0,0,"15","1","Efectivo","","Lucas",""
"10475-2","Sale","01/16/2026 4:33 PM",1,1,"1xÁgua com gás ","4.5",0,0,0,"4.5","3.3","Tarjeta Débito","","Lucas",""
"10476-2","Sale","01/16/2026 4:51 PM",1,1,"1xCascão ","9",0,0,0,"9","7.8","Efectivo","","Lucas",""
"10477-2","Sale","01/16/2026 4:54 PM",1,1,"1xCopo 250ml","11",0,0,0,"11","1","Tarjeta Débito","","Lucas",""
"10478-2","Sale","01/16/2026 4:56 PM",1,1,"1xÁgua com gás ","4.5",0,0,0,"4.5","3.3","Tarjeta Débito","","Lucas",""
"10479-2","Sale","01/16/2026 5:03 PM",1,2,"2xMilkshake 400ml","28",0,0,0,"28","2","Tarjeta Débito","","Lucas",""
"10480-2","Sale","01/16/2026 5:06 PM",1,1,"1xCombo 1","15",0,0,0,"15","1","Otros","","Lucas",""
"10481-2","Sale","01/16/2026 5:10 PM",1,1,"1xMilkshake 400ml","14",0,0,0,"14","1","Efectivo","","Lucas",""
"10482-2","Sale","01/16/2026 5:18 PM",1,1,"1xMilkshake 300ml","11",0,0,0,"11","1","Tarjeta Débito","","Lucas",""
"10483-2","Sale","01/16/2026 5:19 PM",2,4,"1xCopo 200ml, 3xCopo 150ml","30",0,0,0,"30","4","Tarjeta Débito","","Lucas",""
"10484-2","Sale","01/16/2026 5:21 PM",1,2,"2xCascão ","18",0,0,0,"18","15.6","Tarjeta Débito","","Lucas",""
"10485-2","Sale","01/16/2026 5:23 PM",1,1,"1xCascão ","9",0,0,0,"9","7.8","Efectivo","","Lucas",""
"10486-2","Sale","01/16/2026 5:29 PM",1,1,"1xCasquinha ","7",0,0,0,"7","6","Tarjeta Débito","","Lucas",""
"10487-2","Sale","01/16/2026 5:38 PM",2,2,"1xMilkshake 400ml, 1xCascão ","23",0,0,0,"23","8.8","Tarjeta Débito","","Lucas",""
"10488-2","Sale","01/16/2026 5:40 PM",1,1,"1xCascão ","9",0,0,0,"9","7.8","Tarjeta Crédito","","Lucas",""
"10489-2","Sale","01/16/2026 5:44 PM",1,1,"1xMilkshake 300ml","11",0,0,0,"11","1","Pix","","Lucas",""
"10490-2","Sale","01/16/2026 5:49 PM",1,1,"1xMilkshake 300ml","11",0,0,0,"11","1","Pix","","Lucas",""
"10491-2","Sale","01/16/2026 5:50 PM",1,1,"1xCrepe suíço salgado ","10",0,0,0,"10","2","Efectivo","","Lucas",""
"10492-2","Sale","01/16/2026 5:53 PM",1,1,"1xÁgua sem gás ","4",0,0,0,"4",0,"Tarjeta Débito","","Lucas",""
"10493-2","Sale","01/16/2026 6:00 PM",1,2,"2xMilkshake 500ml","32",0,0,0,"32",0,"Tarjeta Débito","","Lucas",""
"10494-2","Sale","01/16/2026 6:02 PM",2,2,"1xCopo 150ml, 1xÁgua sem gás ","11",0,0,0,"11","1","Efectivo","","Lucas",""
"10495-2","Sale","01/16/2026 6:03 PM",1,2,"2xChurros de chocolate ","20",0,0,0,"20","4","Pix","","Lucas",""
"10496-2","Sale","01/16/2026 6:08 PM",1,2,"2xCascão ","18",0,0,0,"18","15.6","Efectivo","","Lucas",""
"10497-2","Sale","01/16/2026 6:12 PM",1,1,"1xMilkshake 300ml","11",0,0,0,"11","1","Pix","","Lucas",""
"10498-2","Sale","01/16/2026 6:17 PM",4,5,"2xMilkshake 300ml, 1xMilkshake 500ml, 1xCascão , 1xCasquinha ","54",0,0,0,"54","15.8","Pix","","Lucas",""
"10499-2","Sale","01/16/2026 6:29 PM",1,1,"1xCasquinha ","7",0,0,0,"7","6","Pix","","Lucas",""
"10500-2","Sale","01/16/2026 6:31 PM",1,2,"2xCopo 150ml","14",0,0,0,"14","2","Efectivo","","Lucas",""
"10501-2","Sale","01/16/2026 6:33 PM",1,1,"1xMilkshake 500ml","16",0,0,0,"16",0,"Efectivo","","Lucas",""
"10502-2","Sale","01/16/2026 6:34 PM",2,2,"1xChurros doce de leite , 1xCopo 150ml","17",0,0,0,"17","3","Tarjeta Débito","","Lucas",""
"10503-2","Sale","01/16/2026 6:36 PM",4,6,"1xCrepe suíço salgado , 3xCrepe suíço doce, 1xÁgua sem gás , 1xCasquinha ","54",0,0,0,"54","17","Pix","","Lucas",""
"10504-2","Sale","01/16/2026 6:44 PM",1,1,"1xCascão ","9",0,0,0,"9","7.8","Tarjeta Débito","","Lucas",""
"10505-2","Sale","01/16/2026 6:48 PM",3,3,"1xCrepe suíço salgado , 1xMilkshake 300ml, 1xCrepe suíço doce","32",0,0,0,"32","6","Pix","","Lucas",""
"10506-2","Sale","01/16/2026 6:51 PM",1,2,"2xCopo 150ml","14",0,0,0,"14","2","Tarjeta Débito","","Lucas",""
"10507-2","Sale","01/16/2026 7:02 PM",2,2,"1xCrepe suíço salgado , 1xCasquinha ","17",0,0,0,"17","8","Efectivo","","Lucas",""
"10508-2","Sale","01/16/2026 7:14 PM",1,1,"1xMilkshake 400ml","14",0,0,0,"14","1","Efectivo","","Lucas",""
"10509-2","Sale","01/16/2026 7:14 PM",1,1,"1xRefri 310ml","7",0,0,0,"7","1","Tarjeta Débito","","Lucas",""
"10510-2","Sale","01/16/2026 7:18 PM",1,2,"2xCasquinha ","14",0,0,0,"14","12","Pix","","Lucas",""
"10511-2","Sale","01/16/2026 7:23 PM",1,2,"2xCasquinha ","14",0,0,0,"14","12","Tarjeta Débito","","Lucas",""
"10512-2","Sale","01/16/2026 7:44 PM",2,2,"1xCasquinha , 1xMilkshake 300ml","18",0,0,0,"18","7","Tarjeta Crédito","","Lucas",""
"10513-2","Sale","01/16/2026 7:48 PM",1,1,"1xMilkshake 300ml","11",0,0,0,"11","1","Tarjeta Débito","","Lucas",""
"10514-2","Sale","01/17/2026 11:02 AM",1,2,"2xMilkshake 300ml","22",0,0,0,"22","2","Efectivo","","Lucas",""
"10515-2","Sale","01/17/2026 11:03 AM",1,1,"1xMilkshake 300ml","11",0,0,0,"11","1","Tarjeta Débito","","Lucas",""
"10516-2","Sale","01/17/2026 11:18 AM",1,1,"1xCasquinha ","7",0,0,0,"7","6","Efectivo","","Lucas",""
"10517-2","Sale","01/17/2026 11:24 AM",1,1,"1xÁgua com gás ","4.5",0,0,0,"4.5","3.3","Tarjeta Débito","","Lucas",""
"10518-2","Sale","01/17/2026 11:39 AM",1,2,"2xCasquinha ","14",0,0,0,"14","12","Efectivo","","Lucas",""
"10519-2","Sale","01/17/2026 11:50 AM",1,1,"1xCrepe suíço doce","11",0,0,0,"11","3","Efectivo","","Lucas",""
"10520-2","Sale","01/17/2026 11:55 AM",1,2,"2xCasquinha ","14",0,0,0,"14","12","Tarjeta Débito","","Lucas",""
"10521-2","Sale","01/17/2026 11:59 AM",1,2,"2xÁgua com gás ","9",0,0,0,"9","6.6","Efectivo, Tarjeta Crédito","","Lucas",""
"10522-2","Sale","01/17/2026 12:04 PM",1,1,"1xCrepe suíço salgado ","10",0,0,0,"10","2","Tarjeta Débito","","Lucas",""
"10523-2","Sale","01/17/2026 12:04 PM",1,1,"1xRefri 310ml","7",0,0,0,"7","1","Tarjeta Crédito","","Lucas",""
"10524-2","Sale","01/17/2026 12:15 PM",1,1,"1xRefri 310ml","7",0,0,0,"7","1","Tarjeta Débito","","Lucas",""
"10525-2","Sale","01/17/2026 12:38 PM",1,2,"2xMilkshake 300ml","22",0,0,0,"22","2","Tarjeta Débito","","Lucas",""
"10526-2","Sale","01/17/2026 12:41 PM",1,2,"2xMilkshake 300ml","22",0,0,0,"22","2","Tarjeta Débito","","Lucas",""
"10527-2","Sale","01/17/2026 12:51 PM",2,2,"1xChurros de chocolate , 1xMilkshake 400ml","24",0,0,0,"24","3","Tarjeta Crédito","","Lucas",""
"10528-2","Sale","01/17/2026 1:02 PM",1,1,"1xChurros de chocolate ","10",0,0,0,"10","2","Tarjeta Crédito","","Lucas",""
"10529-2","Sale","01/17/2026 1:11 PM",2,2,"1xCopo 200ml, 1xCopo 150ml","16",0,0,0,"16","2","Efectivo","","Lucas",""
"10530-2","Sale","01/17/2026 1:21 PM",2,3,"1xCopo 150ml, 2xCasquinha ","21",0,0,0,"21","13","Tarjeta Débito","","Lucas",""
"10531-2","Sale","01/17/2026 1:31 PM",1,1,"1xCasquinha ","7",0,0,0,"7","6","Efectivo","","Lucas",""
"10532-2","Sale","01/17/2026 1:45 PM",2,2,"1xCopo 150ml, 1xMilkshake 300ml","18",0,0,0,"18","2","Otros","","Lucas",""
"10533-2","Sale","01/17/2026 1:48 PM",2,2,"1xCascão , 1xMilkshake 300ml","20",0,0,0,"20","8.8","Tarjeta Débito","","Lucas",""
"10534-2","Sale","01/17/2026 2:02 PM",1,1,"1xMilkshake 400ml","14",0,0,0,"14","1","Pix","","Lucas",""
"10535-2","Sale","01/17/2026 2:05 PM",2,2,"1xÁgua sem gás , 1xÁgua com gás ","8.5",0,0,0,"8.5","3.3","Efectivo","","Lucas",""
"10536-2","Sale","01/17/2026 2:05 PM",2,2,"1xÁgua sem gás , 1xÁgua com gás ","8.5",0,0,0,"8.5","3.3","Efectivo","","Lucas",""
"10537-2","Sale","01/17/2026 2:13 PM",2,3,"2xCasquinha , 1xÁgua com gás ","18.5",0,0,0,"18.5","15.3","Tarjeta Crédito","","Lucas",""
"10538-2","Sale","01/17/2026 2:16 PM",2,2,"1xCasquinha , 1xMilkshake 300ml","18",0,0,0,"18","7","Tarjeta Crédito","","Lucas",""
"10539-2","Sale","01/17/2026 2:18 PM",1,1,"1xMilkshake 500ml","16",0,0,0,"16",0,"Pix","","Lucas",""
"10540-2","Sale","01/17/2026 2:19 PM",1,1,"1xMilkshake 300ml","11",0,0,0,"11","1","Efectivo","","Lucas",""
"10541-2","Sale","01/17/2026 2:25 PM",2,2,"1xCascão , 1xMilkshake 500ml","25",0,0,0,"25","7.8","Pix","","Lucas",""
"10542-2","Sale","01/17/2026 2:30 PM",3,3,"1xMilkshake 400ml, 1xMilkshake 300ml, 1xCasquinha ","32",0,0,0,"32","8","Efectivo","","Lucas",""
"10543-2","Sale","01/17/2026 2:33 PM",1,3,"3xÁgua com gás ","13.5",0,0,0,"13.5","9.9","Pix","","Lucas",""
"10544-2","Sale","01/17/2026 2:33 PM",1,1,"1xÁgua sem gás ","4",0,0,0,"4",0,"Efectivo","","Lucas",""
"10545-2","Sale","01/17/2026 2:43 PM",1,1,"1xMilkshake 500ml","16",6,0,0,"10",0,"Efectivo","","Lucas",""
"10546-2","Sale","01/17/2026 2:55 PM",1,3,"3xCasquinha ","21",0,0,0,"21","18","Pix","","Lucas",""
"10547-2","Sale","01/17/2026 2:59 PM",1,2,"2xÁgua sem gás ","8",0,0,0,"8",0,"Tarjeta Débito","","Lucas",""
"10548-2","Sale","01/17/2026 3:01 PM",1,2,"2xÁgua sem gás ","8",0,0,0,"8",0,"Efectivo","","Lucas",""
"10549-2","Sale","01/17/2026 3:04 PM",2,2,"1xÁgua sem gás , 1xRefri 310ml","11",0,0,0,"11","1","Tarjeta Débito","","Lucas",""
"10550-2","Sale","01/17/2026 3:10 PM",1,1,"1xMilkshake 300ml","11",0,0,0,"11","1","Pix","","Lucas",""
"10551-2","Sale","01/17/2026 3:13 PM",2,3,"1xÁgua sem gás , 2xCasquinha ","18",0,0,0,"18","12","Pix","","Lucas",""
"10552-2","Sale","01/17/2026 3:15 PM",1,1,"1xCasquinha ","7",0,0,0,"7","6","Pix","","Lucas",""
"10553-2","Sale","01/17/2026 3:17 PM",2,3,"2xCopo 150ml, 1xRefri 310ml","21",0,0,0,"21","3","Tarjeta Débito","","Lucas",""
"10554-2","Sale","01/17/2026 3:20 PM",1,1,"1xCascão ","9",0,0,0,"9","7.8","Efectivo","","Lucas",""
"10555-2","Sale","01/17/2026 3:27 PM",4,5,"1xMilkshake 300ml, 2xCascão , 1xCasquinha , 1xCopo 150ml","43",0,0,0,"43","23.6","Pix","","Lucas",""
"10556-2","Sale","01/17/2026 3:27 PM",1,1,"1xCombo 3","15",0,0,0,"15","1","Pix","","Lucas",""
"10557-2","Sale","01/17/2026 3:30 PM",1,1,"1xMilkshake 500ml","16",0,0,0,"16",0,"Tarjeta Débito","","Lucas",""
"10558-2","Sale","01/17/2026 3:34 PM",1,1,"1xCombo 3","15",0,0,0,"15","1","Pix","","Lucas",""
"10559-2","Sale","01/17/2026 3:37 PM",1,1,"1xMilkshake 300ml","11",0,0,0,"11","1","Efectivo","","Lucas",""
"10560-2","Sale","01/17/2026 3:38 PM",1,2,"2xCopo 150ml","14",0,0,0,"14","2","Pix","","Lucas",""
"10562-2","Sale","01/17/2026 3:44 PM",1,1,"1xCopo 200ml","9",0,0,0,"9","1","Tarjeta Débito","","Lucas",""
"10563-2","Sale","01/17/2026 3:47 PM",2,2,"1xMilkshake 500ml, 1xMilkshake 300ml","27",0,0,0,"27","1","Pix","","Lucas",""
"10564-2","Sale","01/17/2026 3:48 PM",1,1,"1xÁgua sem gás ","4",0,0,0,"4",0,"Tarjeta Débito","","Lucas",""
"10565-2","Sale","01/17/2026 3:49 PM",1,2,"2xCasquinha ","14",0,0,0,"14","12","Pix","","Lucas",""
"10566-2","Sale","01/17/2026 3:53 PM",1,1,"1xCascão ","9",0,0,0,"9","7.8","Tarjeta Crédito","","Lucas",""
"10567-2","Sale","01/17/2026 3:54 PM",1,1,"1xCasquinha ","7",0,0,0,"7","6","Pix","","Lucas",""
"10568-2","Sale","01/17/2026 3:56 PM",1,2,"2xCasquinha ","14",0,0,0,"14","12","Efectivo","","Lucas",""
"10569-2","Sale","01/17/2026 3:58 PM",2,2,"1xMilkshake 400ml, 1xCasquinha ","21",0,0,0,"21","7","Tarjeta Débito","","Lucas",""
"10570-2","Sale","01/17/2026 4:04 PM",2,2,"1xMilkshake 400ml, 1xÁgua com gás ","18.5",0,0,0,"18.5","4.3","Pix","","Lucas",""
"10571-2","Sale","01/17/2026 4:07 PM",1,2,"2xMilkshake 400ml","28",0,0,0,"28","2","Tarjeta Débito","","Lucas",""
"10572-2","Sale","01/17/2026 4:08 PM",1,1,"1xCascão ","9",0,0,0,"9","7.8","Tarjeta Débito","","Lucas",""
"10573-2","Sale","01/17/2026 4:08 PM",1,2,"2xÁgua sem gás ","8",0,0,0,"8",0,"Tarjeta Débito","","Lucas",""
"10574-2","Sale","01/17/2026 4:09 PM",1,1,"1xÁgua sem gás ","4",0,0,0,"4",0,"Tarjeta Débito","","Lucas",""
"10561-2","Sale","01/17/2026 3:41 PM",1,2,"2xCasquinha ","14",0,0,0,"14","12","Efectivo","","Lucas",""
"10575-2","Sale","01/17/2026 4:36 PM",1,1,"1xRefri 310ml","7",0,0,0,"7","1","Tarjeta Crédito","","Lucas",""
"10576-2","Sale","01/17/2026 4:58 PM",1,1,"1xCascão ","9",0,0,0,"9","7.8","Tarjeta Crédito","","Lucas",""
"10577-2","Sale","01/17/2026 5:30 PM",1,1,"1xCrepe suíço salgado ","10",0,0,0,"10","2","Pix","","Lucas",""
"10578-2","Sale","01/17/2026 5:31 PM",1,1,"1xRefri 310ml","7",2,0,0,"5","-1","Pix","","Lucas",""
"10579-2","Sale","01/17/2026 5:44 PM",2,3,"1xCrepe suíço salgado , 2xMilkshake 300ml","32",0,0,0,"32","4","Otros","","Lucas",""
"10580-2","Sale","01/17/2026 5:47 PM",1,1,"1xCasquinha ","7",0,0,0,"7","6","Tarjeta Débito","","Lucas",""
"10581-2","Sale","01/17/2026 6:14 PM",2,3,"2xChurros doce de leite , 1xÁgua sem gás ","24",0,0,0,"24","4","Pix","","Lucas",""
"10582-2","Sale","01/17/2026 6:22 PM",1,2,"2xCasquinha ","14",0,0,0,"14","12","Efectivo","","Lucas",""
"10583-2","Sale","01/17/2026 6:42 PM",2,2,"1xCopo 150ml, 1xCasquinha ","14",0,0,0,"14","7","Pix","","Lucas",""
"10584-2","Sale","01/17/2026 6:45 PM",1,2,"2xCascão ","18",0,0,0,"18","15.6","Pix","","Lucas",""
"10585-2","Sale","01/17/2026 6:46 PM",1,1,"1xChurros doce de leite ","10",0,0,0,"10","2","Tarjeta Débito","","Lucas",""
"10586-2","Sale","01/17/2026 6:55 PM",2,2,"1xChurros de chocolate , 1xChurros doce de leite ","20",0,0,0,"20","4","Efectivo","","Lucas",""
"10587-2","Sale","01/17/2026 7:12 PM",2,2,"1xMilkshake 400ml, 1xChurros doce de leite ","24",0,0,0,"24","3","Tarjeta Crédito","","Lucas",""
"10588-2","Sale","01/17/2026 7:20 PM",1,1,"1xMilkshake 400ml","14",1,0,0,"13",0,"Tarjeta Débito","","Lucas",""
"10589-2","Sale","01/17/2026 7:21 PM",2,2,"1xCasquinha , 1xCascão ","16",0,0,0,"16","13.8","Tarjeta Débito","","Lucas",""
"10590-2","Sale","01/17/2026 7:35 PM",1,2,"2xCasquinha ","14",0,0,0,"14","12","Tarjeta Débito","","Lucas",""
"10591-2","Sale","01/17/2026 7:39 PM",1,1,"1xCasquinha ","7",0,0,0,"7","6","Efectivo","","Lucas",""
"10592-2","Sale","01/17/2026 7:52 PM",1,1,"1xMilkshake 300ml","11",0,0,0,"11","1","Pix","","Lucas",""
"10593-2","Sale","01/18/2026 2:44 PM",1,1,"1xÁgua sem gás ","4",0,0,0,"4",0,"Efectivo","","Lucas",""
"10594-2","Sale","01/18/2026 3:04 PM",2,4,"1xÁgua sem gás , 3xCopo 150ml","25",0,0,0,"25","3","Tarjeta Crédito","","Lucas",""
"10595-2","Sale","01/18/2026 3:08 PM",1,1,"1xCasquinha ","7",0,0,0,"7","6","Otros","","Lucas",""
"10596-2","Sale","01/18/2026 3:22 PM",1,1,"1xCasquinha ","7",0,0,0,"7","6","Efectivo","","Lucas",""
"10597-2","Sale","01/18/2026 3:27 PM",2,3,"2xMilkshake 400ml, 1xCasquinha ","35",0,0,0,"35","8","Tarjeta Débito","","Lucas",""
"10598-2","Sale","01/18/2026 3:28 PM",1,3,"3xCasquinha ","21",0,0,0,"21","18","Efectivo","","Lucas",""
"10599-2","Sale","01/18/2026 3:32 PM",1,2,"2xCasquinha ","14",0,0,0,"14","12","Pix","","Lucas",""
"10600-2","Sale","01/18/2026 3:43 PM",2,2,"1xMilkshake 400ml, 1xMilkshake 300ml","25",0,0,0,"25","2","Efectivo","","Lucas",""
"10601-2","Sale","01/18/2026 3:59 PM",2,2,"1xMilkshake 300ml, 1xRefri 310ml","18",0,0,0,"18","2","Efectivo","","Lucas",""
"10602-2","Sale","01/18/2026 4:02 PM",2,2,"1xCascão , 1xMilkshake 400ml","23",0,0,0,"23","8.8","Efectivo","","Lucas",""
"10603-2","Sale","01/18/2026 4:05 PM",2,2,"1xCrepe suíço salgado , 1xÁgua com gás ","14.5",0,0,0,"14.5","5.3","Efectivo","","Lucas",""
"10604-2","Sale","01/18/2026 4:06 PM",3,3,"1xCasquinha , 1xCascão , 1xÁgua com gás ","20.5",0.5,0,0,"20","16.6","Efectivo","","Lucas",""
"10605-2","Sale","01/18/2026 4:10 PM",2,2,"1xCasquinha , 1xCascão ","16",0,0,0,"16","13.8","Efectivo","","Lucas",""
"10606-2","Sale","01/18/2026 4:11 PM",1,1,"1xCascão ","9",0,0,0,"9","7.8","Pix","","Lucas",""
"10607-2","Sale","01/18/2026 4:15 PM",2,3,"1xMilkshake 300ml, 2xCasquinha ","25",0,0,0,"25","13","Efectivo","","Lucas",""
"10608-2","Sale","01/18/2026 4:18 PM",2,2,"1xMilkshake 300ml, 1xMilkshake 500ml","27",0,0,0,"27","1","Pix","","Lucas",""
"10609-2","Sale","01/18/2026 4:19 PM",1,1,"1xCascão ","9",0,0,0,"9","7.8","Efectivo","","Lucas",""
"10610-2","Sale","01/18/2026 4:21 PM",1,3,"3xCascão ","27",0,0,0,"27","23.4","Tarjeta Débito","","Lucas",""
"10611-2","Sale","01/18/2026 4:22 PM",1,1,"1xCascão ","9",0,0,0,"9","7.8","Efectivo","","Lucas",""
"10612-2","Sale","01/18/2026 4:30 PM",1,5,"5xMilkshake 400ml","70",0,0,0,"70","5","Tarjeta Débito","","Lucas",""
"10613-2","Sale","01/18/2026 4:32 PM",2,3,"2xCascão , 1xCopo 150ml","25",0,0,0,"25","16.6","Efectivo","","Lucas",""
"10614-2","Sale","01/18/2026 4:37 PM",2,3,"1xMilkshake 500ml, 2xCascão ","34",0,0,0,"34","15.6","Tarjeta Débito","","Lucas",""
"10615-2","Sale","01/18/2026 4:40 PM",2,2,"1xCascão , 1xMilkshake 300ml","20",0,0,0,"20","8.8","Tarjeta Débito","","Lucas",""
"10616-2","Sale","01/18/2026 4:43 PM",1,2,"2xÁgua com gás ","9",0,0,0,"9","6.6","Tarjeta Crédito","","Lucas",""
"10617-2","Sale","01/18/2026 4:44 PM",1,1,"1xÁgua com gás ","4.5",0,0,0,"4.5","3.3","Tarjeta Débito","","Lucas",""
"10618-2","Sale","01/18/2026 4:47 PM",1,1,"1xMilkshake 300ml","11",0,0,0,"11","1","Otros","","Lucas",""
"10619-2","Sale","01/18/2026 4:49 PM",1,2,"2xCascão ","18",0,0,0,"18","15.6","Pix","","Lucas",""
"10620-2","Sale","01/18/2026 5:06 PM",2,5,"4xCascão , 1xÁgua sem gás ","40",0,0,0,"40","31.2","Tarjeta Débito","","Lucas",""
"10621-2","Sale","01/18/2026 5:07 PM",2,3,"1xCopo 150ml, 2xCascão ","25",0,0,0,"25","16.6","Tarjeta Débito","","Lucas",""
"10622-2","Sale","01/18/2026 5:19 PM",1,2,"2xMilkshake 400ml","28",0,0,0,"28","2","Pix","","Lucas",""
"10623-2","Sale","01/18/2026 5:25 PM",2,3,"2xCasquinha , 1xMilkshake 300ml","25",0,0,0,"25","13","Efectivo","","Lucas",""
"10624-2","Sale","01/18/2026 5:28 PM",2,2,"1xMilkshake 300ml, 1xCasquinha ","18",0,0,0,"18","7","Tarjeta Crédito","","Lucas",""
"10625-2","Sale","01/18/2026 5:32 PM",1,1,"1xCascão ","9",0,0,0,"9","7.8","Pix","","Lucas",""
"10626-2","Sale","01/18/2026 5:40 PM",1,1,"1xÁgua sem gás ","4",0,0,0,"4",0,"Pix","","Lucas",""
"10627-2","Sale","01/18/2026 5:41 PM",1,1,"1xÁgua sem gás ","4",0,0,0,"4",0,"Pix","","Lucas",""
"10628-2","Sale","01/18/2026 5:45 PM",1,2,"2xMilkshake 400ml","28",0,0,0,"28","2","Efectivo","","Lucas",""
"10629-2","Sale","01/18/2026 5:46 PM",1,1,"1xÁgua sem gás ","4",0,0,0,"4",0,"Tarjeta Débito","","Lucas",""
"10630-2","Sale","01/18/2026 5:57 PM",4,13,"1xÁgua com gás , 6xCrepe suíço salgado , 4xÁgua sem gás , 2xCrepe suíço doce","102.5",0.5,0,0,"102","20.88","Pix","","Lucas",""
"10631-2","Sale","01/18/2026 6:05 PM",2,3,"1xCasquinha , 2xMilkshake 300ml","29",0,0,0,"29","8","Pix","","Lucas",""
"10632-2","Sale","01/18/2026 6:11 PM",1,2,"2xCasquinha ","14",0,0,0,"14","12","Efectivo","","Lucas",""
"10633-2","Sale","01/18/2026 6:43 PM",1,1,"1xÁgua sem gás ","4",0,0,0,"4",0,"Efectivo","","Lucas",""
"10634-2","Sale","01/18/2026 7:01 PM",1,1,"1xÁgua com gás ","4.5",0,0,0,"4.5","3.3","Tarjeta Débito","","Lucas",""
"10635-2","Sale","01/18/2026 7:15 PM",2,2,"1xCasquinha , 1xMilkshake 300ml","18",0,0,0,"18","7","Tarjeta Crédito","","Lucas",""
"10636-2","Sale","01/18/2026 7:28 PM",1,3,"3xMilkshake 500ml","48",0,0,0,"48",0,"Pix","","Lucas",""
"10637-2","Sale","01/18/2026 7:31 PM",1,2,"2xMilkshake 300ml","22",0,0,0,"22","2","Tarjeta Crédito","","Lucas",""
"10638-2","Sale","01/18/2026 7:34 PM",1,2,"2xMilkshake 300ml","22",0,0,0,"22","2","Tarjeta Crédito","","Lucas",""
"10639-2","Sale","01/18/2026 7:34 PM",2,2,"1xCombo 3, 1xChurros doce de leite ","25",0,0,0,"25","3","Tarjeta Crédito","","Lucas",""
"10640-2","Sale","01/18/2026 7:35 PM",1,1,"1xCombo 2","16",0,0,0,"16","1","Pix","","Lucas",""
"10641-2","Sale","01/18/2026 7:42 PM",1,2,"2xMilkshake 300ml","22",0,0,0,"22","2","Efectivo","","Lucas",""
"10642-2","Sale","01/18/2026 7:47 PM",1,1,"1xCrepe suíço doce","11",0,0,0,"11","3","Efectivo","","Lucas",""
"10643-2","Sale","01/18/2026 7:53 PM",1,2,"2xCasquinha ","14",0,0,0,"14","12","Tarjeta Crédito","","Lucas",""
"10644-2","Sale","01/19/2026 1:14 PM",1,1,"1xCascão ","9",0,0,0,"9","7.8","Tarjeta Crédito","","Lucas",""
"10645-2","Sale","01/19/2026 1:34 PM",1,1,"1xMilkshake 500ml","16",0,0,0,"16",0,"Tarjeta Crédito","","Lucas",""
"10646-2","Sale","01/19/2026 1:41 PM",1,2,"2xMilkshake 300ml","22",0,0,0,"22","2","Pix","","Lucas",""
"10647-2","Sale","01/19/2026 1:43 PM",1,1,"1xMilkshake 500ml","16",0,0,0,"16",0,"Efectivo","","Lucas",""
"10648-2","Sale","01/19/2026 1:47 PM",1,2,"2xCascão ","18",0,0,0,"18","15.6","Efectivo","","Lucas",""
"10649-2","Sale","01/19/2026 1:48 PM",1,1,"1xÁgua sem gás ","4",0,0,0,"4",0,"Pix","","Lucas",""
"10650-2","Sale","01/19/2026 2:20 PM",1,2,"2xCasquinha ","14",0,0,0,"14","12","Tarjeta Débito","","Lucas",""
"10651-2","Sale","01/19/2026 2:29 PM",1,1,"1xMilkshake 300ml","11",0,0,0,"11","1","Pix","","Lucas",""
"10652-2","Sale","01/19/2026 2:31 PM",1,2,"2xCopo 150ml","14",0,0,0,"14","2","Efectivo","","Lucas",""
"10653-2","Sale","01/19/2026 2:32 PM",1,1,"1xCascão ","9",0,0,0,"9","7.8","Efectivo","","Lucas",""
"10654-2","Sale","01/19/2026 2:40 PM",3,3,"1xMilkshake 500ml, 1xMilkshake 400ml, 1xMilkshake 300ml","41",0,0,0,"41","2","Tarjeta Crédito","","Lucas",""
"10655-2","Sale","01/19/2026 2:55 PM",1,1,"1xMilkshake 500ml","16",0,0,0,"16",0,"Tarjeta Débito","","Lucas",""
"10656-2","Sale","01/19/2026 2:59 PM",2,2,"1xChurros de chocolate , 1xChurros doce de leite ","20",0,0,0,"20","4","Efectivo","","Lucas",""
"10657-2","Sale","01/19/2026 3:03 PM",2,5,"4xCascão , 1xCasquinha ","43",0,0,0,"43","37.2","Tarjeta Crédito","","Lucas",""
"10658-2","Sale","01/19/2026 3:07 PM",2,3,"1xCasquinha , 2xMilkshake 300ml","29",0,0,0,"29","8","Efectivo","","Lucas",""
"10659-2","Sale","01/19/2026 3:11 PM",3,4,"2xCopo 150ml, 1xChurros de chocolate , 1xCrepe suíço salgado ","34",0,0,0,"34","6","Efectivo","","Lucas",""
"10660-2","Sale","01/19/2026 3:12 PM",1,1,"1xCasquinha ","7",0,0,0,"7","6","Tarjeta Débito","","Lucas",""
"10661-2","Sale","01/19/2026 3:15 PM",1,1,"1xCasquinha ","7",0,0,0,"7","6","Efectivo","","Lucas",""
"10662-2","Sale","01/19/2026 3:15 PM",1,1,"1xChurros doce de leite ","10",0,0,0,"10","2","Pix","","Lucas",""
"10663-2","Sale","01/19/2026 3:18 PM",1,2,"2xCopo 150ml","14",0,0,0,"14","2","Pix","","Lucas",""
"10664-2","Sale","01/19/2026 3:28 PM",1,1,"1xCopo 250ml","11",0,0,0,"11","1","Pix","","Lucas",""
"10665-2","Sale","01/19/2026 3:38 PM",1,1,"1xCasquinha ","7",0,0,0,"7","6","Efectivo","","Lucas",""
"10666-2","Sale","01/19/2026 3:38 PM",1,1,"1xCasquinha ","7",0,0,0,"7","6","Efectivo","","Lucas",""
"10667-2","Sale","01/19/2026 3:42 PM",2,2,"1xÁgua sem gás , 1xÁgua com gás ","8.5",0,0,0,"8.5","3.3","Tarjeta Débito","","Lucas",""
"10668-2","Sale","01/19/2026 3:54 PM",2,2,"1xCascão , 1xMilkshake 300ml","20",0,0,0,"20","8.8","Efectivo","","Lucas",""
"10669-2","Sale","01/19/2026 3:55 PM",1,1,"1xMilkshake 500ml","16",0,0,0,"16",0,"Efectivo","","Lucas",""
"10670-2","Sale","01/19/2026 3:59 PM",2,3,"2xCascão , 1xÁgua com gás ","22.5",0,0,0,"22.5","18.9","Tarjeta Débito","","Lucas",""
"10671-2","Sale","01/19/2026 4:17 PM",2,2,"1xMilkshake 300ml, 1xMilkshake 500ml","27",0,0,0,"27","1","Tarjeta Débito","","Lucas",""
"10672-2","Sale","01/19/2026 4:17 PM",1,1,"1xChurros doce de leite ","10",0,0,0,"10","2","Efectivo","","Lucas",""
"10673-2","Sale","01/19/2026 4:23 PM",1,1,"1xMilkshake 300ml","11",0,0,0,"11","1","Efectivo","","Lucas",""
"10674-2","Sale","01/19/2026 4:25 PM",2,2,"1xCopo 150ml, 1xCopo 250ml","18",0,0,0,"18","2","Efectivo","","Lucas",""
"10675-2","Sale","01/19/2026 4:28 PM",1,2,"2xÁgua sem gás ","8",0,0,0,"8",0,"Pix","","Lucas",""
"10676-2","Sale","01/19/2026 4:35 PM",1,3,"3xMilkshake 300ml","33",0,0,0,"33","3","Pix","","Lucas",""
"10677-2","Sale","01/19/2026 4:40 PM",1,1,"1xRefri 310ml","7",0,0,0,"7","1","Pix","","Lucas",""
"10678-2","Sale","01/19/2026 4:46 PM",1,1,"1xMilkshake 500ml","16",0,0,0,"16",0,"Tarjeta Débito","","Lucas",""
"10679-2","Sale","01/19/2026 4:56 PM",1,2,"2xCascão ","18",0,0,0,"18","15.6","Pix","","Lucas",""
"10680-2","Sale","01/19/2026 5:08 PM",1,1,"1xCascão ","9",0,0,0,"9","7.8","Efectivo","","Lucas",""
"10681-2","Sale","01/19/2026 5:09 PM",1,1,"1xCascão ","9",0,0,0,"9","7.8","Pix","","Lucas",""
"10682-2","Sale","01/19/2026 5:27 PM",1,1,"1xMilkshake 500ml","16",0,0,0,"16",0,"Tarjeta Débito","","Lucas",""
"10683-2","Sale","01/19/2026 5:29 PM",1,1,"1xCasquinha ","7",0,0,0,"7","6","Efectivo","","Lucas",""
"10684-2","Sale","01/19/2026 5:32 PM",1,3,"3xCopo 150ml","21",0,0,0,"21","3","Tarjeta Débito","","Lucas",""
"10685-2","Sale","01/19/2026 5:33 PM",1,1,"1xChurros de chocolate ","10",0,0,0,"10","2","Tarjeta Débito","","Lucas",""
"10686-2","Sale","01/19/2026 5:34 PM",1,1,"1xRefri 310ml","7",0,0,0,"7","1","Pix","","Lucas",""
"10687-2","Sale","01/19/2026 5:41 PM",1,2,"2xCascão ","18",0,0,0,"18","15.6","Efectivo","","Lucas",""
"10688-2","Sale","01/19/2026 5:45 PM",1,1,"1xCascão ","9",0,0,0,"9","7.8","Tarjeta Crédito","","Lucas",""
"10689-2","Sale","01/19/2026 5:47 PM",1,1,"1xCascão ","9",0,0,0,"9","7.8","Tarjeta Débito","","Lucas",""
"10690-2","Sale","01/19/2026 5:48 PM",2,2,"1xÁgua sem gás , 1xÁgua com gás ","8.5",0,0,0,"8.5","3.3","Efectivo","","Lucas",""
"10691-2","Sale","01/19/2026 5:58 PM",1,1,"1xMilkshake 400ml","14",0,0,0,"14","1","Tarjeta Débito","","Lucas",""
"10692-2","Sale","01/19/2026 6:02 PM",1,1,"1xÁgua sem gás ","4",0,0,0,"4",0,"Efectivo","","Lucas",""
"10693-2","Sale","01/19/2026 6:08 PM",1,1,"1xCascão ","9",0,0,0,"9","7.8","Efectivo","","Lucas",""
"10694-2","Sale","01/19/2026 6:17 PM",1,1,"1xRefri 310ml","7",0,0,0,"7","1","Tarjeta Débito","","Lucas",""
"10695-2","Sale","01/19/2026 6:27 PM",1,1,"1xRefri 310ml","7",0,0,0,"7","1","Tarjeta Crédito","","Lucas",""
"10696-2","Sale","01/19/2026 6:51 PM",1,1,"1xCasquinha ","7",0,0,0,"7","6","Efectivo","","Lucas",""
"10697-2","Sale","01/19/2026 6:53 PM",1,1,"1xMilkshake 300ml","11",0,0,0,"11","1","Efectivo","","Lucas",""
"10698-2","Sale","01/19/2026 7:12 PM",2,2,"1xCombo 3, 1xChurros de chocolate ","25",0,0,0,"25","3","Tarjeta Crédito","","Lucas",""
"10699-2","Sale","01/19/2026 7:16 PM",1,1,"1xCascão ","9",0,0,0,"9","7.8","Efectivo","","Lucas",""
"10700-2","Sale","01/19/2026 7:29 PM",1,2,"2xCasquinha ","14",0,0,0,"14","12","Efectivo","","Lucas",""
"10701-2","Sale","01/19/2026 7:34 PM",2,2,"1xCasquinha , 1xMilkshake 300ml","18",0,0,0,"18","7","Tarjeta Débito","","Lucas",""
"10702-2","Sale","01/19/2026 7:36 PM",1,2,"2xMilkshake 300ml","22",0,0,0,"22","2","Tarjeta Crédito","","Lucas",""
"10703-2","Sale","01/19/2026 7:47 PM",1,3,"3xCasquinha ","21",0,0,0,"21","18","Pix","","Lucas",""
"10704-2","Sale","01/19/2026 7:55 PM",1,2,"2xChurros de chocolate ","20",0,0,0,"20","4","Tarjeta Débito","","Lucas",""
"10705-2","Sale","01/19/2026 8:03 PM",1,1,"1xRefri 310ml","7",0,0,0,"7","1","Tarjeta Débito","","Lucas",""
"10706-2","Sale","01/19/2026 8:05 PM",2,2,"1xCascão , 1xRefri 310ml","16",0,0,0,"16","8.8","Efectivo","","Lucas",""
"10707-2","Sale","01/20/2026 1:42 PM",3,3,"1xMilkshake 500ml, 1xMilkshake 400ml, 1xÁgua sem gás ","34",0,0,0,"34","1","Tarjeta Débito","","Lucas",""
"10708-2","Sale","01/20/2026 1:48 PM",1,1,"1xMilkshake 500ml","16",0,0,0,"16",0,"Efectivo","","Lucas",""
"10709-2","Sale","01/20/2026 1:51 PM",2,4,"1xCopo 150ml, 3xCopo 250ml","40",0,0,0,"40","4","Efectivo","","Lucas",""
"10710-2","Sale","01/20/2026 1:52 PM",2,2,"1xÁgua com gás , 1xRefri 310ml","11.5",0,0,0,"11.5","4.3","Tarjeta Débito","","Lucas",""
"10711-2","Sale","01/20/2026 1:52 PM",1,1,"1xCopo 150ml","7",0,0,0,"7","1","Pix","","Lucas",""
"10712-2","Sale","01/20/2026 1:56 PM",2,2,"1xCombo 1, 1xCasquinha ","22",0,0,0,"22","7","Tarjeta Débito","","Lucas",""
"10713-2","Sale","01/20/2026 1:58 PM",1,2,"2xCasquinha ","14",0,0,0,"14","12","Efectivo","","Lucas",""
"10714-2","Sale","01/20/2026 2:06 PM",1,2,"2xMilkshake 400ml","28",0,0,0,"28","2","Tarjeta Crédito","","Lucas",""
"10715-2","Sale","01/20/2026 2:06 PM",1,1,"1xChurros doce de leite ","10",0,0,0,"10","2","Tarjeta Débito","","Lucas",""
"10716-2","Sale","01/20/2026 2:16 PM",1,2,"2xCopo 150ml","14",0,0,0,"14","2","Tarjeta Débito","","Lucas",""
"10717-2","Sale","01/20/2026 2:18 PM",1,1,"1xMilkshake 400ml","14",0,0,0,"14","1","Efectivo","","Lucas",""
"10718-2","Sale","01/20/2026 2:22 PM",1,1,"1xCascão ","9",0,0,0,"9","7.8","Tarjeta Crédito","","Lucas",""
"10719-2","Sale","01/20/2026 2:32 PM",1,1,"1xCasquinha ","7",0,0,0,"7","6","Tarjeta Débito","","Lucas",""
"10720-2","Sale","01/20/2026 2:40 PM",2,2,"1xCascão , 1xCasquinha ","16",0,0,0,"16","13.8","Efectivo","","Lucas",""
"10721-2","Sale","01/20/2026 2:45 PM",2,3,"2xMilkshake 300ml, 1xCascão ","31",0,0,0,"31","9.8","Pix","","Lucas",""
"10722-2","Sale","01/20/2026 2:47 PM",1,1,"1xMilkshake 300ml","11",0,0,0,"11","1","Pix","","Lucas",""
"10723-2","Sale","01/20/2026 2:51 PM",1,1,"1xCascão ","9",0,0,0,"9","7.8","Efectivo","","Lucas",""
"10724-2","Sale","01/20/2026 2:54 PM",1,1,"1xÁgua sem gás ","4",0,0,0,"4",0,"Pix","","Lucas",""
"10725-2","Sale","01/20/2026 3:31 PM",1,2,"2xMilkshake 300ml","22",0,0,0,"22","2","Efectivo","","Lucas",""
"10726-2","Sale","01/20/2026 3:36 PM",2,2,"1xCasquinha , 1xCopo 200ml","16",0,0,0,"16","7","Efectivo","","Lucas",""
"10727-2","Sale","01/20/2026 3:38 PM",2,2,"1xMilkshake 400ml, 1xCasquinha ","21",0,0,0,"21","7","Efectivo","","Lucas",""
"10728-2","Sale","01/20/2026 3:39 PM",1,1,"1xCrepe suíço doce","11",0,0,0,"11","3","Efectivo","","Lucas",""
"10729-2","Sale","01/20/2026 3:44 PM",2,3,"2xMilkshake 400ml, 1xÁgua com gás ","32.5",0,0,0,"32.5","5.3","Efectivo","","Lucas",""
"10730-2","Sale","01/20/2026 3:47 PM",1,2,"2xMilkshake 300ml","22",0,0,0,"22","2","Efectivo","","Lucas",""
"10731-2","Sale","01/20/2026 3:48 PM",1,1,"1xCascão ","9",0,0,0,"9","7.8","Tarjeta Débito","","Lucas",""
"10732-2","Sale","01/20/2026 3:52 PM",1,1,"1xCasquinha ","7",0,0,0,"7","6","Tarjeta Débito","","Lucas",""
"10733-2","Sale","01/20/2026 3:56 PM",1,1,"1xCrepe suíço salgado ","10",0,0,0,"10","2","Tarjeta Débito","","Lucas",""
"10734-2","Sale","01/20/2026 4:02 PM",2,3,"1xMilkshake 300ml, 2xMilkshake 500ml","43",0,0,0,"43","1","Tarjeta Débito","","Lucas",""
"10735-2","Sale","01/20/2026 4:07 PM",1,1,"1xCrepe suíço salgado ","10",0,0,0,"10","2","Efectivo","","Lucas",""
"10736-2","Sale","01/20/2026 4:07 PM",2,3,"2xChurros de chocolate , 1xCascão ","29",0,0,0,"29","11.8","Otros","","Lucas",""
"10737-2","Sale","01/20/2026 4:25 PM",2,4,"1xChurros doce de leite , 3xCasquinha ","31",0,0,0,"31","20","Tarjeta Crédito, Tarjeta Crédito","","Lucas",""
"10738-2","Sale","01/20/2026 4:26 PM",1,2,"2xCascão ","18",0,0,0,"18","15.6","Efectivo","","Lucas",""
"10739-2","Sale","01/20/2026 4:29 PM",1,2,"2xCasquinha ","14",0,0,0,"14","12","Efectivo","","Lucas",""
"10740-2","Sale","01/20/2026 4:34 PM",1,1,"1xChurros de chocolate ","10",0,0,0,"10","2","Efectivo","","Lucas",""
"10741-2","Sale","01/20/2026 4:38 PM",2,2,"1xCombo 1, 1xCasquinha ","22",0,0,0,"22","7","Tarjeta Débito","","Lucas",""
"10742-2","Sale","01/20/2026 4:40 PM",1,1,"1xChurros doce de leite ","10",0,0,0,"10","2","Efectivo","","Lucas",""
"10743-2","Sale","01/20/2026 4:46 PM",1,1,"1xCopo 200ml","9",0,0,0,"9","1","Tarjeta Débito","","Lucas",""
"10744-2","Sale","01/20/2026 4:53 PM",1,2,"2xMilkshake 300ml","22",0,0,0,"22","2","Tarjeta Débito","","Lucas",""
"10745-2","Sale","01/20/2026 4:54 PM",1,1,"1xCascão ","9",0,0,0,"9","7.8","Efectivo","","Lucas",""
"10746-2","Sale","01/20/2026 5:02 PM",1,1,"1xMilkshake 400ml","14",0,0,0,"14","1","Tarjeta Débito","","Lucas",""
"10747-2","Sale","01/20/2026 5:13 PM",1,1,"1xMilkshake 300ml","11",0,0,0,"11","1","Tarjeta Débito","","Lucas",""
"10748-2","Sale","01/20/2026 5:14 PM",1,1,"1xCasquinha ","7",0,0,0,"7","6","Efectivo","","Lucas",""
"10749-2","Sale","01/20/2026 5:43 PM",1,2,"2xCasquinha ","14",0,0,0,"14","12","Efectivo","","Lucas",""
"10750-2","Sale","01/20/2026 5:47 PM",1,1,"1xCascão ","9",0,0,0,"9","7.8","Pix","","Lucas",""
"10751-2","Sale","01/20/2026 5:55 PM",1,2,"2xRefri 310ml","14",0,0,0,"14","2","Tarjeta Crédito","","Lucas",""
"10752-2","Sale","01/20/2026 6:03 PM",1,1,"1xCascão ","9",0,0,0,"9","7.8","Pix","","Lucas",""
"10753-2","Sale","01/20/2026 6:22 PM",1,1,"1xCrepe suíço salgado ","10",0,0,0,"10","2","Pix","","Lucas",""
"10754-2","Sale","01/20/2026 6:28 PM",1,1,"1xMilkshake 400ml","14",0,0,0,"14","1","Pix","","Lucas",""
"10755-2","Sale","01/20/2026 6:30 PM",1,1,"1xCopo 150ml","7",0,0,0,"7","1","Pix","","Lucas",""
"10756-2","Sale","01/20/2026 6:40 PM",2,2,"1xÁgua sem gás , 1xÁgua com gás ","8.5",0,0,0,"8.5","3.3","Efectivo","","Lucas",""
"10757-2","Sale","01/20/2026 6:58 PM",4,6,"1xChurros de chocolate , 2xChurros doce de leite , 2xCasquinha , 1xÁgua com gás ","48.5",0,0,0,"48.5","21.3","Tarjeta Débito","","Lucas",""
"10758-2","Sale","01/20/2026 7:01 PM",1,2,"2xCascão ","18",0,0,0,"18","15.6","Efectivo","","Lucas",""
"10759-2","Sale","01/20/2026 7:07 PM",1,4,"4xCascão ","36",0,0,0,"36","31.2","Pix","","Lucas",""
"10760-2","Sale","01/20/2026 7:12 PM",1,1,"1xChurros doce de leite ","10",0,0,0,"10","2","Pix","","Lucas",""
"10761-2","Sale","01/20/2026 7:57 PM",1,1,"1xCasquinha ","7",0,0,0,"7","6","Efectivo","","Lucas",""
"10762-2","Sale","01/21/2026 1:03 PM",1,1,"1xCasquinha ","7",0,0,0,"7","6","Efectivo","","Lucas",""
"10763-2","Sale","01/21/2026 1:12 PM",2,2,"1xMilkshake 300ml, 1xCasquinha ","18",0,0,0,"18","7","Pix, Tarjeta Débito","","Lucas",""
"10764-2","Sale","01/21/2026 1:17 PM",1,1,"1xCasquinha ","7",0,0,0,"7","6","Efectivo","","Lucas",""
"10765-2","Sale","01/21/2026 1:38 PM",1,1,"1xMilkshake 300ml","11",0,0,0,"11","1","Tarjeta Débito","","Lucas",""
"10766-2","Sale","01/21/2026 2:01 PM",1,4,"4xCasquinha ","28",0,0,0,"28","24","Pix","","Lucas",""
"10767-2","Sale","01/21/2026 2:02 PM",1,1,"1xÁgua sem gás ","4",0,0,0,"4",0,"Efectivo","","Lucas",""
"10768-2","Sale","01/21/2026 2:06 PM",1,1,"1xRefri 310ml","7",0,0,0,"7","1","Otros","","Lucas",""
"10769-2","Sale","01/21/2026 2:15 PM",1,2,"2xCascão ","18",0,0,0,"18","15.6","Efectivo","","Lucas",""
"10770-2","Sale","01/21/2026 2:17 PM",1,1,"1xCascão ","9",0,0,0,"9","7.8","Efectivo","","Lucas",""
"10771-2","Sale","01/21/2026 2:30 PM",1,1,"1xÁgua sem gás ","4",0,0,0,"4",0,"Efectivo","","Lucas",""
"10772-2","Sale","01/21/2026 2:49 PM",1,1,"1xÁgua sem gás ","4",0,0,0,"4",0,"Efectivo","","Lucas",""
"10773-2","Sale","01/21/2026 2:50 PM",1,1,"1xRefri 310ml","7",0,0,0,"7","1","Pix","","Lucas",""
"10774-2","Sale","01/21/2026 2:57 PM",1,1,"1xÁgua com gás ","4.5",0,0,0,"4.5","3.3","Tarjeta Débito","","Lucas",""
"10775-2","Sale","01/21/2026 3:19 PM",2,2,"1xCasquinha , 1xCascão ","16",0,0,0,"16","13.8","Tarjeta Débito","","Lucas",""
"10776-2","Sale","01/21/2026 3:30 PM",1,1,"1xCasquinha ","7",0,0,0,"7","6","Tarjeta Crédito","","Lucas",""
"10777-2","Sale","01/21/2026 3:32 PM",1,1,"1xRefri 310ml","7",0,0,0,"7","1","Efectivo","","Lucas",""
"10778-2","Sale","01/21/2026 3:32 PM",1,1,"1xChurros de chocolate ","10",0,0,0,"10","2","Efectivo","","Lucas",""
"10779-2","Sale","01/21/2026 3:34 PM",1,2,"2xCasquinha ","14",0,0,0,"14","12","Pix","","Lucas",""
"10780-2","Sale","01/21/2026 3:39 PM",1,1,"1xMilkshake 500ml","16",0,0,0,"16",0,"Tarjeta Débito","","Lucas",""
"10781-2","Sale","01/21/2026 3:41 PM",1,1,"1xÁgua sem gás ","4",0,0,0,"4",0,"Efectivo","","Lucas",""
"10782-2","Sale","01/21/2026 3:44 PM",1,1,"1xCascão ","9",0,0,0,"9","7.8","Efectivo","","Lucas",""
"10783-2","Sale","01/21/2026 3:50 PM",1,1,"1xChurros de chocolate ","10",0,0,0,"10","2","Tarjeta Crédito","","Lucas",""
"10784-2","Sale","01/21/2026 3:54 PM",1,1,"1xCombo 1","15",0,0,0,"15","1","Tarjeta Débito","","Lucas",""
"10785-2","Sale","01/21/2026 3:56 PM",1,2,"2xCrepe suíço salgado ","20",0,0,0,"20","4","Tarjeta Débito","","Lucas",""
"10786-2","Sale","01/21/2026 3:58 PM",1,1,"1xChurros doce de leite ","10",0,0,0,"10","2","Tarjeta Débito","","Lucas",""
"10787-2","Sale","01/21/2026 3:59 PM",1,1,"1xMilkshake 500ml","16",0,0,0,"16",0,"Tarjeta Débito","","Lucas",""
"10788-2","Sale","01/21/2026 4:02 PM",1,1,"1xCascão ","9",0,0,0,"9","7.8","Pix","","Lucas",""
"10789-2","Sale","01/21/2026 4:02 PM",1,1,"1xÁgua sem gás ","4",0,0,0,"4",0,"Tarjeta Crédito","","Lucas",""
"10790-2","Sale","01/21/2026 4:10 PM",1,3,"3xCasquinha ","21",0,0,0,"21","18","Pix","","Lucas",""
"10791-2","Sale","01/21/2026 4:11 PM",1,1,"1xCascão ","9",0,0,0,"9","7.8","Tarjeta Crédito","","Lucas",""
"10792-2","Sale","01/21/2026 4:13 PM",2,2,"1xCasquinha , 1xMilkshake 500ml","23",0,0,0,"23","6","Efectivo","","Lucas",""
"10793-2","Sale","01/21/2026 4:14 PM",1,1,"1xCasquinha ","7",0,0,0,"7","6","Efectivo","","Lucas",""
"10794-2","Sale","01/21/2026 4:22 PM",1,2,"2xMilkshake 400ml","28",0,0,0,"28","2","Tarjeta Débito","","Lucas",""
"10795-2","Sale","01/21/2026 4:32 PM",1,1,"1xMilkshake 500ml","16",0,0,0,"16",0,"Tarjeta Débito","","Lucas",""
"10796-2","Sale","01/21/2026 4:33 PM",1,2,"2xChurros de chocolate ","20",0,0,0,"20","4","Tarjeta Crédito","","Lucas",""
"10797-2","Sale","01/21/2026 4:40 PM",1,1,"1xChurros de chocolate ","10",0,0,0,"10","2","Efectivo","","Lucas",""
"10798-2","Sale","01/21/2026 4:43 PM",1,1,"1xÁgua sem gás ","4",0,0,0,"4",0,"Tarjeta Crédito","","Lucas",""
"10799-2","Sale","01/21/2026 4:45 PM",2,2,"1xCopo 150ml, 1xCasquinha ","14",0,0,0,"14","7","Pix","","Lucas",""
"10800-2","Sale","01/21/2026 4:50 PM",1,1,"1xMilkshake 500ml","16",0,0,0,"16",0,"Pix","","Lucas",""
"10801-2","Sale","01/21/2026 4:52 PM",1,2,"2xCasquinha ","14",0,0,0,"14","12","Efectivo","","Lucas",""
"10802-2","Sale","01/21/2026 4:53 PM",1,1,"1xCascão ","9",0,0,0,"9","7.8","Efectivo","","Lucas",""
"10803-2","Sale","01/21/2026 4:59 PM",1,2,"2xCascão ","18",0,0,0,"18","15.6","Efectivo","","Lucas",""
"10804-2","Sale","01/21/2026 4:59 PM",1,1,"1xÁgua sem gás ","4",0,0,0,"4",0,"Efectivo","","Lucas",""
"10805-2","Sale","01/21/2026 4:59 PM",1,1,"1xCascão ","9",0,0,0,"9","7.8","Tarjeta Crédito","","Lucas",""
"10806-2","Sale","01/21/2026 5:05 PM",2,4,"3xCascão , 1xÁgua com gás ","31.5",0,0,0,"31.5","26.7","Tarjeta Débito","","Lucas",""
"10807-2","Sale","01/21/2026 5:07 PM",1,3,"3xCascão ","27",0,0,0,"27","23.4","Pix","","Lucas",""
"10808-2","Sale","01/21/2026 5:38 PM",2,3,"1xMilkshake 300ml, 2xCasquinha ","25",0,0,0,"25","13","Efectivo","","Lucas",""
"10809-2","Sale","01/21/2026 5:39 PM",1,1,"1xCascão ","9",0,0,0,"9","7.8","Efectivo","","Lucas",""
"10810-2","Sale","01/21/2026 5:46 PM",1,2,"2xCasquinha ","14",0,0,0,"14","12","Tarjeta Débito","","Lucas",""
"10811-2","Sale","01/21/2026 5:55 PM",2,5,"3xChurros doce de leite , 2xCopo 150ml","44",0,0,0,"44","8","Tarjeta Débito","","Lucas",""
"10812-2","Sale","01/21/2026 6:03 PM",1,1,"1xRefri 310ml","7",0,0,0,"7","1","Efectivo","","Lucas",""
"10813-2","Sale","01/21/2026 6:07 PM",2,2,"1xCascão , 1xMilkshake 500ml","25",0,0,0,"25","7.8","Efectivo","","Lucas",""
"10814-2","Sale","01/21/2026 6:24 PM",1,3,"3xCasquinha ","21",0,0,0,"21","18","Efectivo","","Lucas",""
"10815-2","Sale","01/21/2026 6:27 PM",1,1,"1xMilkshake 300ml","11",0,0,0,"11","1","Tarjeta Débito","","Lucas",""
"10816-2","Sale","01/21/2026 6:28 PM",1,1,"1xChurros de chocolate ","10",0,0,0,"10","2","Pix","","Lucas",""
"10817-2","Sale","01/21/2026 6:29 PM",1,1,"1xCasquinha ","7",0,0,0,"7","6","Tarjeta Débito","","Lucas",""
"10818-2","Sale","01/21/2026 6:35 PM",1,1,"1xMilkshake 300ml","11",0,0,0,"11","1","Tarjeta Crédito","","Lucas",""
"10819-2","Sale","01/21/2026 6:38 PM",1,2,"2xMilkshake 500ml","32",0,0,0,"32",0,"Pix","","Lucas",""
"10820-2","Sale","01/21/2026 6:42 PM",2,4,"1xMilkshake 400ml, 3xCasquinha ","35",0,0,0,"35","19","Tarjeta Débito","","Lucas",""
"6-c","Sale","01/21/2026 6:43 PM",2,4,"2xCrepe suíço salgado , 2xChurros doce de leite ","40",0,0,0,"40","8","Pix","Karen ","catalog",""
"10821-2","Sale","01/21/2026 6:44 PM",1,1,"1xMilkshake 400ml","14",0,0,0,"14","1","Tarjeta Débito","","Lucas",""
"10822-2","Sale","01/21/2026 6:59 PM",2,2,"1xCrepe suíço doce, 1xMilkshake 500ml","27",0,0,0,"27","3","Otros","","Lucas",""
"10823-2","Sale","01/21/2026 7:05 PM",1,1,"1xRefri 310ml","7",0,0,0,"7","1","Tarjeta Débito","","Lucas",""
"10824-2","Sale","01/21/2026 7:38 PM",1,1,"1xCasquinha ","7",0,0,0,"7","6","Efectivo","","Lucas",""
"10825-2","Sale","01/21/2026 7:47 PM",2,2,"1xCascão , 1xCopo 150ml","16",0,0,0,"16","8.8","Efectivo","","Lucas",""
"10826-2","Sale","01/22/2026 1:30 PM",1,2,"2xCasquinha ","14",0,0,0,"14","12","Efectivo","","Lucas",""
"10827-2","Sale","01/22/2026 1:31 PM",1,1,"1xCasquinha ","7",0,0,0,"7","6","Tarjeta Crédito","","Lucas",""
"10828-2","Sale","01/22/2026 1:36 PM",1,1,"1xCasquinha ","7",0,0,0,"7","6","Efectivo","","Lucas",""
"10829-2","Sale","01/22/2026 1:47 PM",1,1,"1xMilkshake 300ml","11",0,0,0,"11","1","Efectivo","","Lucas",""
"10830-2","Sale","01/22/2026 1:47 PM",1,1,"1xCascão ","9",0,0,0,"9","7.8","Pix","","Lucas",""
"10831-2","Sale","01/22/2026 2:17 PM",1,2,"2xCasquinha ","14",0,0,0,"14","12","Efectivo","","Lucas",""
"10832-2","Sale","01/22/2026 2:26 PM",2,2,"1xCasquinha , 1xCascão ","16",0,0,0,"16","13.8","Efectivo","","Lucas",""
"10833-2","Sale","01/22/2026 2:31 PM",2,2,"1xMilkshake 300ml, 1xCascão ","20",0,0,0,"20","8.8","Pix","","Lucas",""
"10834-2","Sale","01/22/2026 2:44 PM",1,2,"2xCasquinha ","14",0,0,0,"14","12","Efectivo","","Lucas",""
"10835-2","Sale","01/22/2026 2:45 PM",1,1,"1xMilkshake 300ml","11",0,0,0,"11","1","Efectivo","","Lucas",""
"10836-2","Sale","01/22/2026 2:47 PM",1,1,"1xMilkshake 300ml","11",0,0,0,"11","1","Tarjeta Crédito","","Lucas",""
"10837-2","Sale","01/22/2026 2:56 PM",1,1,"1xCascão ","9",0,0,0,"9","7.8","Tarjeta Débito","","Lucas",""
"10838-2","Sale","01/22/2026 2:59 PM",2,2,"1xCrepe suíço salgado , 1xMilkshake 300ml","21",0,0,0,"21","3","Pix","","Lucas",""
"10839-2","Sale","01/22/2026 3:12 PM",1,1,"1xCrepe suíço salgado ","10",0,0,0,"10","2","Pix","","Lucas",""
"10840-2","Sale","01/22/2026 3:23 PM",1,2,"2xCascão ","18",0,0,0,"18","15.6","Efectivo","","Lucas",""
"10841-2","Sale","01/22/2026 3:24 PM",1,1,"1xÁgua com gás ","4.5",0,0,0,"4.5","3.3","Tarjeta Débito","","Lucas",""
"10842-2","Sale","01/22/2026 3:31 PM",1,2,"2xCasquinha ","14",0,0,0,"14","12","Tarjeta Débito","","Lucas",""
"10843-2","Sale","01/22/2026 3:42 PM",2,4,"3xCopo 150ml, 1xCascão ","30",0,0,0,"30","10.8","Tarjeta Débito","","Lucas",""
"10844-2","Sale","01/22/2026 3:51 PM",1,2,"2xCascão ","18",0,0,0,"18","15.6","Efectivo","","Lucas",""
"10845-2","Sale","01/22/2026 3:56 PM",1,1,"1xCasquinha ","7",0,0,0,"7","6","Pix","","Lucas",""
"10846-2","Sale","01/22/2026 3:57 PM",1,1,"1xCascão ","9",0,0,0,"9","7.8","Efectivo","","Lucas",""
"10847-2","Sale","01/22/2026 3:57 PM",1,1,"1xÁgua sem gás ","4",0,0,0,"4",0,"Tarjeta Débito","","Lucas",""
"10848-2","Sale","01/22/2026 4:00 PM",1,2,"2xCasquinha ","14",0,0,0,"14","12","Efectivo","","Lucas",""
"10849-2","Sale","01/22/2026 4:00 PM",1,2,"2xCascão ","18",0,0,0,"18","15.6","Tarjeta Crédito","","Lucas",""
"10850-2","Sale","01/22/2026 4:11 PM",1,3,"3xCasquinha ","21",0,0,0,"21","18","Tarjeta Débito","","Lucas",""
"10851-2","Sale","01/22/2026 4:12 PM",1,2,"2xCasquinha ","14",0,0,0,"14","12","Efectivo","","Lucas",""
"10852-2","Sale","01/22/2026 4:13 PM",1,2,"2xÁgua sem gás ","8",0,0,0,"8",0,"Efectivo","","Lucas",""
"10853-2","Sale","01/22/2026 4:14 PM",5,5,"1xÁgua sem gás , 1xMilkshake 300ml, 1xCopo 150ml, 1xCasquinha , 1xÁgua com gás ","33.5",0,0,0,"33.5","11.3","Tarjeta Débito","","Lucas",""
"10854-2","Sale","01/22/2026 4:19 PM",1,3,"3xÁgua sem gás ","12",0,0,0,"12",0,"Pix","","Lucas",""
"10855-2","Sale","01/22/2026 4:25 PM",1,2,"2xCascão ","18",0,0,0,"18","15.6","Tarjeta Débito","","Lucas",""
"10856-2","Sale","01/22/2026 4:37 PM",1,1,"1xMilkshake 300ml","11",0,0,0,"11","1","Efectivo","","Lucas",""
"10857-2","Sale","01/22/2026 4:39 PM",1,2,"2xCasquinha ","14",0,0,0,"14","12","Tarjeta Crédito","","Lucas",""
"10858-2","Sale","01/22/2026 4:47 PM",1,1,"1xCasquinha ","7",0,0,0,"7","6","Efectivo","","Lucas",""
"10859-2","Sale","01/22/2026 4:47 PM",1,1,"1xCopo 150ml","7",0,0,0,"7","1","Pix","","Lucas",""
"10860-2","Sale","01/22/2026 4:50 PM",1,1,"1xÁgua com gás ","4.5",0,0,0,"4.5","3.3","Efectivo","","Lucas",""
"10861-2","Sale","01/22/2026 4:57 PM",1,1,"1xRefri 310ml","7",0,0,0,"7","1","Efectivo","","Lucas",""
"10862-2","Sale","01/22/2026 4:59 PM",1,2,"2xCopo 150ml","14",0,0,0,"14","2","Tarjeta Débito","","Lucas",""
"10863-2","Sale","01/22/2026 5:03 PM",1,1,"1xMilkshake 300ml","11",0,0,0,"11","1","Efectivo","","Lucas",""
"10864-2","Sale","01/22/2026 5:04 PM",1,1,"1xCopo 150ml","7",0,0,0,"7","1","Efectivo","","Lucas",""
"10865-2","Sale","01/22/2026 5:22 PM",1,2,"2xCasquinha ","14",0,0,0,"14","12","Tarjeta Débito","","Lucas",""
"10866-2","Sale","01/22/2026 5:23 PM",1,1,"1xÁgua sem gás ","4",0,0,0,"4",0,"Pix","","Lucas",""
"10867-2","Sale","01/22/2026 5:34 PM",5,7,"1xCrepe suíço doce, 2xCasquinha , 1xChurros doce de leite , 1xÁgua sem gás , 2xCrepe suíço salgado ","59",0,0,0,"59","21","Tarjeta Débito","","Lucas",""
"10868-2","Sale","01/22/2026 5:35 PM",1,2,"2xCascão ","18",0,0,0,"18","15.6","Tarjeta Débito","","Lucas",""
"10869-2","Sale","01/22/2026 5:45 PM",1,1,"1xMilkshake 300ml","11",0,0,0,"11","1","Pix","","Lucas",""
"10870-2","Sale","01/22/2026 5:58 PM",1,1,"1xCombo 1","15",0,0,0,"15","1","Efectivo","","Lucas",""
"10871-2","Sale","01/22/2026 6:11 PM",2,3,"2xCascão , 1xÁgua com gás ","22.5",0,0,0,"22.5","18.9","Tarjeta Débito","","Lucas",""
"10872-2","Sale","01/22/2026 6:21 PM",1,1,"1xMilkshake 300ml","11",0,0,0,"11","1","Tarjeta Débito","","Lucas",""
"10873-2","Sale","01/22/2026 6:22 PM",1,1,"1xCascão ","9",0,0,0,"9","7.8","Tarjeta Crédito","","Lucas",""
"10874-2","Sale","01/22/2026 6:29 PM",2,2,"1xCascão , 1xCrepe suíço doce","20",0,0,0,"20","10.8","Pix","","Lucas",""
"10875-2","Sale","01/22/2026 7:00 PM",1,1,"1xCascão ","9",0,0,0,"9","7.8","Tarjeta Débito","","Lucas",""
"10876-2","Sale","01/22/2026 7:09 PM",1,2,"2xCasquinha ","14",0,0,0,"14","12","Efectivo","","Lucas",""
"10877-2","Sale","01/22/2026 7:13 PM",1,2,"2xÁgua sem gás ","8",0,0,0,"8",0,"Efectivo","","Lucas",""
"10878-2","Sale","01/22/2026 7:40 PM",1,1,"1xCasquinha ","7",0,0,0,"7","6","Tarjeta Crédito","","Lucas",""
"10879-2","Sale","01/22/2026 7:46 PM",1,1,"1xMilkshake 500ml","16",6,0,0,"10",0,"Efectivo","","Lucas",""
"10880-2","Sale","01/23/2026 1:38 PM",1,1,"1xRefri 310ml","7",0,0,0,"7","1","Otros","","Lucas",""
"10881-2","Sale","01/23/2026 1:46 PM",1,2,"2xCopo 200ml","18",0,0,0,"18","2","Efectivo","","Lucas",""
"10882-2","Sale","01/23/2026 1:47 PM",1,1,"1xCascão ","9",0,0,0,"9","7.8","Efectivo","","Lucas",""
"10883-2","Sale","01/23/2026 1:48 PM",1,1,"1xCascão ","9",0,0,0,"9","7.8","Efectivo","","Lucas",""
"10884-2","Sale","01/23/2026 2:04 PM",1,2,"2xCascão ","18",0,0,0,"18","15.6","Pix","","Lucas",""
"10885-2","Sale","01/23/2026 2:11 PM",3,3,"1xCrepe suíço salgado , 1xÁgua sem gás , 1xMilkshake 500ml","30",0,0,0,"30","2","Efectivo","","Lucas",""
"10886-2","Sale","01/23/2026 2:30 PM",1,1,"1xCrepe suíço salgado ","10",0,0,0,"10","2","Efectivo","","Lucas",""
"10887-2","Sale","01/23/2026 2:31 PM",1,1,"1xÁgua sem gás ","4",0,0,0,"4",0,"Tarjeta Débito","","Lucas",""
"10888-2","Sale","01/23/2026 2:38 PM",1,2,"2xCascão ","18",0,0,0,"18","15.6","Efectivo","","Lucas",""
"10889-2","Sale","01/23/2026 2:40 PM",1,1,"1xMilkshake 300ml","11",0,0,0,"11","1","Tarjeta Débito","","Lucas",""
"10890-2","Sale","01/23/2026 2:42 PM",1,1,"1xCopo 200ml","9",0,0,0,"9","1","Tarjeta Débito","","Lucas",""
"10891-2","Sale","01/23/2026 2:44 PM",1,1,"1xCrepe suíço salgado ","10",0,0,0,"10","2","Pix","","Lucas",""
"10892-2","Sale","01/23/2026 2:50 PM",1,2,"2xCasquinha ","14",0,0,0,"14","12","Efectivo","","Lucas",""
"10893-2","Sale","01/23/2026 2:56 PM",1,1,"1xCasquinha ","7",0,0,0,"7","6","Pix","","Lucas",""
"10894-2","Sale","01/23/2026 3:02 PM",2,5,"4xCopo 150ml, 1xÁgua sem gás ","32",0,0,0,"32","4","Tarjeta Crédito","","Lucas",""
"10895-2","Sale","01/23/2026 3:03 PM",1,1,"1xMilkshake 300ml","11",0,0,0,"11","1","Pix","","Lucas",""
"10896-2","Sale","01/23/2026 3:10 PM",1,1,"1xCasquinha ","7",0,0,0,"7","6","Efectivo","","Lucas",""
"10897-2","Sale","01/23/2026 3:21 PM",1,2,"2xCascão ","18",0,0,0,"18","15.6","Efectivo","","Lucas",""
"10898-2","Sale","01/23/2026 3:32 PM",3,6,"1xCopo 200ml, 3xCopo 150ml, 2xÁgua sem gás ","38",0,0,0,"38","4","Efectivo","","Lucas",""
"10899-2","Sale","01/23/2026 3:36 PM",2,3,"2xMilkshake 300ml, 1xCopo 150ml","29",0,0,0,"29","3","Tarjeta Crédito","","Lucas",""
"10900-2","Sale","01/23/2026 3:39 PM",1,2,"2xMilkshake 400ml","28",0,0,0,"28","2","Efectivo","","Lucas",""
"10901-2","Sale","01/23/2026 3:54 PM",2,3,"2xCascão , 1xMilkshake 300ml","29",0,0,0,"29","16.6","Tarjeta Crédito","","Lucas",""
"10902-2","Sale","01/23/2026 3:59 PM",1,2,"2xCasquinha ","14",0,0,0,"14","12","Pix","","Lucas",""
"10903-2","Sale","01/23/2026 4:01 PM",1,2,"2xCasquinha ","14",0,0,0,"14","12","Tarjeta Crédito","","Lucas",""
"10904-2","Sale","01/23/2026 4:20 PM",2,2,"1xCasquinha , 1xRefri 310ml","14",0,0,0,"14","7","Efectivo","","Lucas",""
"10905-2","Sale","01/23/2026 4:22 PM",1,1,"1xMilkshake 300ml","11",0,0,0,"11","1","Tarjeta Débito","","Lucas",""
"10906-2","Sale","01/23/2026 4:31 PM",1,1,"1xÁgua com gás ","4.5",0,0,0,"4.5","3.3","Pix","","Lucas",""
"10907-2","Sale","01/23/2026 4:39 PM",1,2,"2xCasquinha ","14",0,0,0,"14","12","Tarjeta Débito","","Lucas",""
"10908-2","Sale","01/23/2026 4:42 PM",2,3,"1xMilkshake 300ml, 2xCasquinha ","25",0,0,0,"25","13","Efectivo","","Lucas",""
"10909-2","Sale","01/23/2026 4:44 PM",1,1,"1xCasquinha ","7",0,0,0,"7","6","Pix","","Lucas",""
"10910-2","Sale","01/23/2026 4:47 PM",1,1,"1xÁgua sem gás ","4",0,0,0,"4",0,"Efectivo","","Lucas",""
"10911-2","Sale","01/23/2026 4:47 PM",1,1,"1xCasquinha ","7",0,0,0,"7","6","Tarjeta Débito","","Lucas",""
"10912-2","Sale","01/23/2026 5:01 PM",1,1,"1xCrepe suíço salgado ","10",0,0,0,"10","2","Pix","","Lucas",""
"10913-2","Sale","01/24/2026 10:23 AM",1,1,"1xÁgua sem gás ","4",0,0,0,"4",0,"Efectivo","","Lucas",""
"10914-2","Sale","01/24/2026 10:32 AM",2,2,"1xCrepe suíço salgado , 1xCrepe suíço doce","21",0,0,0,"21","5","Tarjeta Débito","","Lucas",""
"10915-2","Sale","01/24/2026 10:55 AM",1,1,"1xCopo 150ml","7",0,0,0,"7","1","Tarjeta Débito","","Lucas",""
"10916-2","Sale","01/24/2026 10:56 AM",1,2,"2xCopo 150ml","14",0,0,0,"14","2","Tarjeta Débito","","Lucas",""
"10917-2","Sale","01/24/2026 10:58 AM",1,2,"2xCopo 250ml","22",0,0,0,"22","2","Tarjeta Crédito","","Lucas",""
"10918-2","Sale","01/24/2026 11:13 AM",1,1,"1xRefri 310ml","7",0,0,0,"7","1","Tarjeta Débito","","Lucas",""
"10919-2","Sale","01/24/2026 11:23 AM",1,2,"2xMilkshake 400ml","28",0,0,0,"28","2","Tarjeta Débito","","Lucas",""
"10920-2","Sale","01/24/2026 11:30 AM",1,2,"2xCasquinha ","14",0,0,0,"14","12","Efectivo","","Lucas",""
"10921-2","Sale","01/24/2026 11:43 AM",1,3,"3xCasquinha ","21",0,0,0,"21","18","Tarjeta Débito","","Lucas",""
"10922-2","Sale","01/24/2026 11:45 AM",1,3,"3xCrepe suíço salgado ","30",0,0,0,"30","6","Tarjeta Débito","","Lucas",""
"10923-2","Sale","01/24/2026 12:01 PM",1,1,"1xCasquinha ","7",0,0,0,"7","6","Efectivo","","Lucas",""
"10924-2","Sale","01/24/2026 12:01 PM",1,1,"1xÁgua com gás ","4.5",0,0,0,"4.5","3.3","Efectivo","","Lucas",""
"10925-2","Sale","01/24/2026 12:18 PM",1,1,"1xCasquinha ","7",0,0,0,"7","6","Pix","","Lucas",""
"10926-2","Sale","01/24/2026 12:35 PM",1,3,"3xCasquinha ","21",0,0,0,"21","18","Tarjeta Débito","","Lucas",""
"10927-2","Sale","01/24/2026 12:38 PM",1,1,"1xRefri 310ml","7",0,0,0,"7","1","Pix","","Lucas",""
"10928-2","Sale","01/24/2026 12:41 PM",1,1,"1xCrepe suíço salgado ","10",0,0,0,"10","2","Pix","","Lucas",""
"10929-2","Sale","01/24/2026 12:42 PM",1,1,"1xCascão ","9",0,0,0,"9","7.8","Tarjeta Débito","","Lucas",""
"10930-2","Sale","01/24/2026 12:48 PM",1,1,"1xÁgua com gás ","4.5",0,0,0,"4.5","3.3","Tarjeta Crédito","","Lucas",""
"10931-2","Sale","01/24/2026 1:10 PM",1,1,"1xCascão ","9",0,0,0,"9","7.8","Efectivo","","Lucas",""
"10932-2","Sale","01/24/2026 1:20 PM",1,1,"1xRefri 310ml","7",0,0,0,"7","1","Tarjeta Débito","","Lucas",""
"10933-2","Sale","01/24/2026 1:23 PM",1,1,"1xÁgua sem gás ","4",0,0,0,"4",0,"Efectivo","","Lucas",""
"10934-2","Sale","01/24/2026 1:28 PM",2,3,"1xÁgua com gás , 2xÁgua sem gás ","12.5",0,0,0,"12.5","3.3","Tarjeta Débito","","Lucas",""
"10935-2","Sale","01/24/2026 1:30 PM",1,1,"1xMilkshake 500ml","16",0,0,0,"16",0,"Tarjeta Débito","","Lucas",""
"10936-2","Sale","01/24/2026 1:31 PM",1,1,"1xRefri 310ml","7",0,0,0,"7","1","Tarjeta Débito","","Lucas",""
"10937-2","Sale","01/24/2026 1:31 PM",1,1,"1xÁgua sem gás ","4",0,0,0,"4",0,"Efectivo","","Lucas",""
"10938-2","Sale","01/24/2026 1:38 PM",1,2,"2xCasquinha ","14",0,0,0,"14","12","Efectivo","","Lucas",""
"10939-2","Sale","01/24/2026 1:41 PM",2,3,"2xMilkshake 300ml, 1xÁgua com gás ","26.5",0,0,0,"26.5","5.3","Pix","","Lucas",""
"10940-2","Sale","01/24/2026 1:45 PM",1,1,"1xCasquinha ","7",0,0,0,"7","6","Efectivo","","Lucas",""
"10941-2","Sale","01/24/2026 1:46 PM",1,1,"1xMilkshake 300ml","11",0,0,0,"11","1","Pix","","Lucas",""
"10942-2","Sale","01/24/2026 1:56 PM",1,2,"2xMilkshake 300ml","22",0,0,0,"22","2","Pix","","Lucas",""
"10943-2","Sale","01/24/2026 1:57 PM",1,1,"1xCasquinha ","7",0,0,0,"7","6","Pix","","Lucas",""
"10944-2","Sale","01/24/2026 2:02 PM",1,3,"3xCascão ","27",0,0,0,"27","23.4","Tarjeta Débito","","Lucas",""
"10945-2","Sale","01/24/2026 2:15 PM",3,3,"1xCasquinha , 1xÁgua sem gás , 1xMilkshake 400ml","25",0,0,0,"25","7","Pix","","Lucas",""
"10946-2","Sale","01/24/2026 2:31 PM",1,5,"5xCasquinha ","35",0,0,0,"35","30","Efectivo","","Lucas",""
"10947-2","Sale","01/24/2026 2:34 PM",1,1,"1xÁgua com gás ","4.5",0,0,0,"4.5","3.3","Pix","","Lucas",""
"10948-2","Sale","01/24/2026 2:42 PM",1,2,"2xCasquinha ","14",0,0,0,"14","12","Efectivo","","Lucas",""
"10949-2","Sale","01/24/2026 2:58 PM",2,2,"1xChurros de chocolate , 1xChurros doce de leite ","20",0,0,0,"20","4","Tarjeta Débito","","Lucas",""
"10950-2","Sale","01/24/2026 2:58 PM",1,1,"1xÁgua sem gás ","4",0,0,0,"4",0,"Pix","","Lucas",""
"10951-2","Sale","01/24/2026 3:04 PM",3,3,"1xMilkshake 300ml, 1xCascão , 1xMilkshake 500ml","36",0,0,0,"36","8.8","Efectivo","","Lucas",""
"10952-2","Sale","01/24/2026 3:06 PM",1,1,"1xCascão ","9",0,0,0,"9","7.8","Pix","","Lucas",""
"10953-2","Sale","01/24/2026 3:07 PM",2,2,"1xCopo 150ml, 1xMilkshake 300ml","18",0,0,0,"18","2","Tarjeta Débito","","Lucas",""
"10954-2","Sale","01/24/2026 3:11 PM",1,2,"2xMilkshake 400ml","28",0,0,0,"28","2","Pix","","Lucas",""
"10955-2","Sale","01/24/2026 3:12 PM",2,3,"1xChurros doce de leite , 2xÁgua sem gás ","18",0,0,0,"18","2","Pix","","Lucas",""
"10956-2","Sale","01/24/2026 3:28 PM",1,2,"2xCascão ","18",0,0,0,"18","15.6","Efectivo","","Lucas",""
"10957-2","Sale","01/24/2026 3:30 PM",1,1,"1xMilkshake 300ml","11",0,0,0,"11","1","Tarjeta Débito","","Lucas",""
"10958-2","Sale","01/24/2026 3:42 PM",1,2,"2xCascão ","18",0,0,0,"18","15.6","Efectivo","","Lucas",""
"10959-2","Sale","01/24/2026 3:44 PM",1,1,"1xMilkshake 400ml","14",0,0,0,"14","1","Pix","","Lucas",""
"10960-2","Sale","01/24/2026 3:50 PM",2,2,"1xMilkshake 300ml, 1xCasquinha ","18",0,0,0,"18","7","Tarjeta Crédito","","Lucas",""
"10961-2","Sale","01/24/2026 3:50 PM",1,1,"1xMilkshake 300ml","11",0,0,0,"11","1","Efectivo","","Lucas",""
"10962-2","Sale","01/24/2026 3:54 PM",2,3,"2xCasquinha , 1xCascão ","23",0,0,0,"23","19.8","Tarjeta Crédito","","Lucas",""
"10963-2","Sale","01/24/2026 4:06 PM",3,3,"1xÁgua com gás , 1xMilkshake 400ml, 1xMilkshake 500ml","34.5",0,0,0,"34.5","4.3","Efectivo","","Lucas",""
"10964-2","Sale","01/24/2026 4:06 PM",1,1,"1xRefri 310ml","7",0,0,0,"7","1","Tarjeta Débito","","Lucas",""
"10965-2","Sale","01/24/2026 4:11 PM",2,2,"1xCascão , 1xCasquinha ","16",0,0,0,"16","13.8","Efectivo","","Lucas",""
"10966-2","Sale","01/24/2026 4:13 PM",2,2,"1xChurros doce de leite , 1xÁgua com gás ","14.5",0,0,0,"14.5","5.3","Tarjeta Débito","","Lucas",""
"10967-2","Sale","01/24/2026 4:21 PM",2,2,"1xCasquinha , 1xChurros doce de leite ","17",0,0,0,"17","8","Tarjeta Crédito","","Lucas",""
"10968-2","Sale","01/24/2026 4:24 PM",2,3,"2xMilkshake 300ml, 1xCasquinha ","29",0,0,0,"29","8","Tarjeta Crédito","","Lucas",""
"10969-2","Sale","01/24/2026 4:27 PM",1,2,"2xMilkshake 400ml","28",0,0,0,"28","2","Tarjeta Débito","","Lucas",""
"10970-2","Sale","01/24/2026 4:31 PM",1,2,"2xMilkshake 400ml","28",0,0,0,"28","2","Efectivo","","Lucas",""
"10971-2","Sale","01/24/2026 4:31 PM",2,2,"1xCasquinha , 1xCascão ","16",0,0,0,"16","13.8","Tarjeta Débito","","Lucas",""
"10972-2","Sale","01/24/2026 4:35 PM",2,2,"1xMilkshake 400ml, 1xMilkshake 500ml","30",0,0,0,"30","1","Pix","","Lucas",""
"10973-2","Sale","01/24/2026 4:35 PM",1,1,"1xCrepe suíço doce","11",0,0,0,"11","3","Pix","","Lucas",""
"10974-2","Sale","01/24/2026 4:40 PM",1,1,"1xMilkshake 400ml","14",0,0,0,"14","1","Efectivo","","Lucas",""
"10975-2","Sale","01/24/2026 4:43 PM",1,1,"1xMilkshake 500ml","16",0,0,0,"16",0,"Tarjeta Débito","","Lucas",""
"10976-2","Sale","01/24/2026 4:50 PM",1,2,"2xMilkshake 500ml","32",0,0,0,"32",0,"Pix","","Lucas",""
"10977-2","Sale","01/24/2026 4:51 PM",1,1,"1xCascão ","9",0,0,0,"9","7.8","Efectivo","","Lucas",""
"10978-2","Sale","01/24/2026 4:54 PM",1,2,"2xCascão ","18",0,0,0,"18","15.6","Pix","","Lucas",""
"10979-2","Sale","01/24/2026 4:56 PM",1,1,"1xCasquinha ","7",3,0,0,"4","3","Pix","","Lucas",""
"10980-2","Sale","01/24/2026 4:56 PM",1,1,"1xÁgua sem gás ","4",0,0,0,"4",0,"Tarjeta Débito","","Lucas",""
"10981-2","Sale","01/24/2026 5:01 PM",1,1,"1xMilkshake 300ml","11",0,0,0,"11","1","Efectivo","","Lucas",""
"10982-2","Sale","01/24/2026 5:03 PM",1,1,"1xCasquinha ","7",0,0,0,"7","6","Tarjeta Débito","","Lucas",""
"10984-2","Sale","01/24/2026 5:05 PM",1,1,"1xCasquinha ","7",0,0,0,"7","6","Efectivo","","Lucas",""
"10985-2","Sale","01/24/2026 5:14 PM",1,1,"1xMilkshake 500ml","16",6,0,0,"10",0,"Efectivo","","Lucas",""
"10986-2","Sale","01/24/2026 5:18 PM",1,1,"1xÁgua com gás ","4.5",0,0,0,"4.5","3.3","Efectivo","","Lucas",""
"10987-2","Sale","01/24/2026 5:31 PM",1,1,"1xMilkshake 300ml","11",0,0,0,"11","1","Efectivo","","Lucas",""
"10988-2","Sale","01/24/2026 5:33 PM",1,2,"2xMilkshake 300ml","22",0,0,0,"22","2","Efectivo","","Lucas",""
"10989-2","Sale","01/24/2026 5:38 PM",1,3,"3xMilkshake 300ml","33",0,0,0,"33","3","Efectivo, Tarjeta Débito","","Lucas",""
"10990-2","Sale","01/24/2026 5:44 PM",1,3,"3xMilkshake 300ml","33",0,0,0,"33","3","Tarjeta Crédito","","Lucas",""
"10991-2","Sale","01/24/2026 5:44 PM",1,1,"1xMilkshake 500ml","16",0,0,0,"16",0,"Tarjeta Débito","","Lucas",""
"10992-2","Sale","01/24/2026 5:48 PM",2,4,"2xCascão , 2xCopo 150ml","32",0,0,0,"32","17.6","Efectivo","","Lucas",""
"10993-2","Sale","01/24/2026 5:49 PM",1,2,"2xCascão ","18",0,0,0,"18","15.6","Efectivo","","Lucas",""
"10994-2","Sale","01/24/2026 5:52 PM",1,2,"2xCrepe suíço salgado ","20",0,0,0,"20","4","Efectivo","","Lucas",""
"10995-2","Sale","01/24/2026 6:11 PM",2,3,"2xCopo 200ml, 1xCascão ","27",0,0,0,"27","9.8","Tarjeta Crédito","","Lucas",""
"10996-2","Sale","01/24/2026 6:12 PM",1,1,"1xChurros doce de leite ","10",0,0,0,"10","2","Tarjeta Débito","","Lucas",""
"10997-2","Sale","01/24/2026 6:15 PM",2,2,"1xCombo 1, 1xRefri 310ml","22",0,0,0,"22","2","Tarjeta Débito","","Lucas",""
"10998-2","Sale","01/24/2026 6:25 PM",1,2,"2xCascão ","18",0,0,0,"18","15.6","Efectivo","","Lucas",""
"10999-2","Sale","01/24/2026 6:50 PM",2,4,"1xCopo 150ml, 3xCasquinha ","28",0,0,0,"28","19","Tarjeta Crédito","","Lucas",""
"11000-2","Sale","01/24/2026 6:58 PM",1,4,"4xMilkshake 300ml","44",0,0,0,"44","4","Tarjeta Crédito","","Lucas",""
"11001-2","Sale","01/24/2026 7:00 PM",1,1,"1xMilkshake 500ml","16",0,0,0,"16",0,"Efectivo","","Lucas",""
"11002-2","Sale","01/24/2026 7:01 PM",1,2,"2xCasquinha ","14",0,0,0,"14","12","Efectivo","","Lucas",""
"11003-2","Sale","01/24/2026 7:02 PM",2,3,"1xCasquinha , 2xCopo 150ml","21",0,0,0,"21","8","Efectivo","","Lucas",""
"11004-2","Sale","01/24/2026 7:05 PM",1,1,"1xMilkshake 400ml","14",0,0,0,"14","1","Efectivo","","Lucas",""
"11005-2","Sale","01/24/2026 7:25 PM",1,1,"1xCasquinha ","7",0,0,0,"7","6","Pix","","Lucas",""
"11006-2","Sale","01/24/2026 7:30 PM",1,1,"1xMilkshake 300ml","11",0,0,0,"11","1","Efectivo","","Lucas",""
"11008-2","Sale","01/24/2026 7:45 PM",1,2,"2xCopo 250ml","22",0,0,0,"22","2","Tarjeta Crédito","","Lucas",""
"10983-2","Sale","01/24/2026 5:05 PM",1,1,"1xRefri 310ml","7",0,0,0,"7","1","Efectivo","","Lucas",""
"11009-2","Sale","01/25/2026 2:15 PM",1,1,"1xÁgua sem gás ","4",0,0,0,"4",0,"Pix","","Lucas",""
"11010-2","Sale","01/25/2026 2:23 PM",3,3,"1xChurros de chocolate , 1xMilkshake 400ml, 1xCascão ","33",0,0,0,"33","10.8","Tarjeta Crédito","","Lucas",""
"11011-2","Sale","01/25/2026 2:24 PM",1,1,"1xCasquinha ","7",0,0,0,"7","6","Tarjeta Débito","","Lucas",""
"11012-2","Sale","01/25/2026 2:43 PM",1,1,"1xCombo 1","15",0,0,0,"15","1","Tarjeta Débito","","Lucas",""
"11013-2","Sale","01/25/2026 2:49 PM",1,1,"1xMilkshake 500ml","16",0,0,0,"16",0,"Efectivo","","Lucas",""
"11014-2","Sale","01/25/2026 2:58 PM",1,2,"2xCasquinha ","14",0,0,0,"14","12","Efectivo","","Lucas",""
"11015-2","Sale","01/25/2026 3:04 PM",2,5,"2xMilkshake 400ml, 3xÁgua sem gás ","40",0,0,0,"40","2","Tarjeta Crédito","","Lucas",""
"11016-2","Sale","01/25/2026 3:12 PM",1,2,"2xCopo 200ml","18",0,0,0,"18","2","Efectivo","","Lucas",""
"11017-2","Sale","01/25/2026 3:17 PM",1,1,"1xCopo 200ml","9",0,0,0,"9","1","Efectivo","","Lucas",""
"11018-2","Sale","01/25/2026 3:25 PM",1,1,"1xCascão ","9",0,0,0,"9","7.8","Tarjeta Crédito","","Lucas",""
"11019-2","Sale","01/25/2026 3:29 PM",1,1,"1xCasquinha ","7",0,0,0,"7","6","Efectivo","","Lucas",""
"11020-2","Sale","01/25/2026 3:48 PM",2,3,"1xMilkshake 500ml, 2xCascão ","34",0,0,0,"34","15.6","Tarjeta Crédito","","Lucas",""
"11021-2","Sale","01/25/2026 3:50 PM",1,1,"1xMilkshake 400ml","14",0,0,0,"14","1","Pix","","Lucas",""
"11022-2","Sale","01/25/2026 3:56 PM",1,1,"1xMilkshake 500ml","16",0,0,0,"16",0,"Tarjeta Crédito","","Lucas",""
"11023-2","Sale","01/25/2026 4:04 PM",1,2,"2xCopo 250ml","22",0,0,0,"22","2","Tarjeta Crédito","","Lucas",""
"11024-2","Sale","01/25/2026 4:11 PM",1,4,"4xCasquinha ","28",0,0,0,"28","24","Pix","","Lucas",""
"11025-2","Sale","01/25/2026 4:16 PM",1,1,"1xMilkshake 500ml","16",0,0,0,"16",0,"Tarjeta Crédito","","Lucas",""
"11026-2","Sale","01/25/2026 4:31 PM",1,1,"1xMilkshake 300ml","11",0,0,0,"11","1","Efectivo","","Lucas",""
"11027-2","Sale","01/25/2026 4:32 PM",2,2,"1xÁgua sem gás , 1xÁgua com gás ","8.5",0.5,0,0,"8","3.04","Efectivo","","Lucas",""
"11028-2","Sale","01/25/2026 4:36 PM",1,1,"1xCascão ","9",0,0,0,"9","7.8","Pix","","Lucas",""
"11029-2","Sale","01/25/2026 4:45 PM",1,2,"2xMilkshake 300ml","22",0,0,0,"22","2","Efectivo","","Lucas",""
"11030-2","Sale","01/25/2026 4:45 PM",2,4,"1xChurros doce de leite , 3xChurros de chocolate ","40",0,0,0,"40","8","Tarjeta Débito","","Lucas",""
"11031-2","Sale","01/25/2026 4:55 PM",1,1,"1xCasquinha ","7",0,0,0,"7","6","Tarjeta Débito","","Lucas",""
"11032-2","Sale","01/25/2026 4:58 PM",1,2,"2xMilkshake 400ml","28",0,0,0,"28","2","Tarjeta Débito","","Lucas",""
"11033-2","Sale","01/25/2026 5:03 PM",2,2,"1xMilkshake 400ml, 1xCasquinha ","21",0,0,0,"21","7","Pix","","Lucas",""
"11034-2","Sale","01/25/2026 5:13 PM",1,2,"2xCopo 150ml","14",0,0,0,"14","2","Tarjeta Débito","","Lucas",""
"11035-2","Sale","01/25/2026 5:15 PM",1,2,"2xCasquinha ","14",0,0,0,"14","12","Efectivo","","Lucas",""
"11036-2","Sale","01/25/2026 5:17 PM",2,2,"1xCasquinha , 1xMilkshake 300ml","18",0,0,0,"18","7","Tarjeta Débito","","Lucas",""
"11037-2","Sale","01/25/2026 5:25 PM",1,1,"1xCrepe suíço doce","11",0,0,0,"11","3","Pix","","Lucas",""
"11038-2","Sale","01/25/2026 5:34 PM",2,5,"3xCascão , 2xMilkshake 400ml","55",0,0,0,"55","25.4","Efectivo","","Lucas",""
"11039-2","Sale","01/25/2026 5:34 PM",2,2,"1xChurros doce de leite , 1xCombo 1","25",0,0,0,"25","3","Pix","","Lucas",""
"11040-2","Sale","01/25/2026 5:38 PM",2,3,"2xMilkshake 300ml, 1xÁgua com gás ","26.5",0,0,0,"26.5","5.3","Efectivo","","Lucas",""
"11041-2","Sale","01/25/2026 5:40 PM",3,4,"1xCascão , 2xCopo 150ml, 1xCasquinha ","30",0,0,0,"30","15.8","Tarjeta Débito","","Lucas",""
"11042-2","Sale","01/25/2026 5:44 PM",2,3,"2xCascão , 1xCopo 150ml","25",0,0,0,"25","16.6","Efectivo","","Lucas",""
"11043-2","Sale","01/25/2026 5:45 PM",1,1,"1xMilkshake 500ml","16",0,0,0,"16",0,"Pix","","Lucas",""
"11044-2","Sale","01/25/2026 5:48 PM",2,3,"2xCopo 150ml, 1xMilkshake 300ml","25",0,0,0,"25","3","Tarjeta Crédito","","Lucas",""
"11045-2","Sale","01/25/2026 5:49 PM",1,2,"2xCasquinha ","14",0,0,0,"14","12","Tarjeta Débito","","Lucas",""
"11046-2","Sale","01/25/2026 5:51 PM",1,1,"1xCasquinha ","7",0,0,0,"7","6","Efectivo","","Lucas",""
"11047-2","Sale","01/25/2026 5:53 PM",1,1,"1xMilkshake 300ml","11",0,0,0,"11","1","Tarjeta Crédito","","Lucas",""
"11048-2","Sale","01/25/2026 5:54 PM",1,2,"2xÁgua com gás ","9",0,0,0,"9","6.6","Tarjeta Débito","","Lucas",""
"11049-2","Sale","01/25/2026 6:12 PM",2,4,"2xMilkshake 300ml, 2xCasquinha ","36",0,0,0,"36","14","Tarjeta Débito, Efectivo","","Lucas",""
"11050-2","Sale","01/25/2026 6:18 PM",1,1,"1xCascão ","9",0,0,0,"9","7.8","Tarjeta Débito","","Lucas",""
"11051-2","Sale","01/25/2026 6:21 PM",1,1,"1xMilkshake 500ml","16",0,0,0,"16",0,"Pix","","Lucas",""
"11052-2","Sale","01/25/2026 6:21 PM",1,1,"1xMilkshake 500ml","16",0,0,0,"16",0,"Tarjeta Débito","","Lucas",""
"11053-2","Sale","01/25/2026 7:03 PM",2,2,"1xCopo 200ml, 1xÁgua com gás ","13.5",0,0,0,"13.5","4.3","Tarjeta Débito","","Lucas",""
"11054-2","Sale","01/25/2026 7:06 PM",1,1,"1xCrepe suíço doce","11",0,0,0,"11","3","Tarjeta Débito","","Lucas",""
"11055-2","Sale","01/25/2026 7:06 PM",1,1,"1xChurros doce de leite ","10",0,0,0,"10","2","Tarjeta Débito","","Lucas",""
"11057-2","Sale","01/25/2026 7:14 PM",1,1,"1xCasquinha ","7",0,0,0,"7","6","Efectivo","","Lucas",""
"11058-2","Sale","01/25/2026 7:18 PM",2,5,"1xChurros doce de leite , 4xCasquinha ","38",0,0,0,"38","26","Tarjeta Débito","","Lucas",""
"11059-2","Sale","01/25/2026 7:20 PM",2,2,"1xCopo 200ml, 1xCascão ","18",0,0,0,"18","8.8","Tarjeta Débito","","Lucas",""
"11060-2","Sale","01/25/2026 7:21 PM",1,1,"1xCopo 150ml","7",0,0,0,"7","1","Efectivo","","Lucas",""
"11061-2","Sale","01/25/2026 7:26 PM",2,2,"1xChurros de chocolate , 1xCombo 3","25",0,0,0,"25","3","Pix","","Lucas",""
"11062-2","Sale","01/25/2026 7:46 PM",1,1,"1xMilkshake 500ml","16",0,0,0,"16",0,"Pix","","Lucas",""
"11063-2","Sale","01/25/2026 7:47 PM",1,2,"2xCasquinha ","14",0,0,0,"14","12","Pix","","Lucas",""
"11056-2","Sale","01/25/2026 7:11 PM",1,1,"1xCascão ","9",0,0,0,"9","7.8","Tarjeta Débito","","Lucas",""
"11064-2","Sale","01/26/2026 1:21 PM",1,2,"2xMilkshake 300ml","22",0,0,0,"22","2","Tarjeta Débito","","Lucas",""
"11065-2","Sale","01/26/2026 1:25 PM",1,1,"1xCasquinha ","7",0,0,0,"7","6","Efectivo","","Lucas",""
"11066-2","Sale","01/26/2026 1:28 PM",1,1,"1xCascão ","9",0,0,0,"9","7.8","Pix","","Lucas",""
"11067-2","Sale","01/26/2026 1:30 PM",1,1,"1xCopo 150ml","7",0,0,0,"7","1","Tarjeta Débito","","Lucas",""
"11068-2","Sale","01/26/2026 1:34 PM",1,1,"1xCasquinha ","7",0,0,0,"7","6","Efectivo","","Lucas",""
"11069-2","Sale","01/26/2026 1:47 PM",1,1,"1xCasquinha ","7",0,0,0,"7","6","Efectivo","","Lucas",""
"11070-2","Sale","01/26/2026 2:02 PM",1,1,"1xMilkshake 300ml","11",0,0,0,"11","1","Efectivo","","Lucas",""
"11071-2","Sale","01/26/2026 2:06 PM",2,3,"1xCasquinha , 2xMilkshake 300ml","29",0,0,0,"29","8","Efectivo","","Lucas",""
"11072-2","Sale","01/26/2026 2:08 PM",1,1,"1xMilkshake 500ml","16",0,0,0,"16",0,"Efectivo","","Lucas",""
"11073-2","Sale","01/26/2026 2:09 PM",1,1,"1xCasquinha ","7",0,0,0,"7","6","Efectivo","","Lucas",""
"11074-2","Sale","01/26/2026 2:09 PM",1,1,"1xCasquinha ","7",0,0,0,"7","6","Efectivo","","Lucas",""
"11075-2","Sale","01/26/2026 2:10 PM",1,1,"1xCasquinha ","7",0,0,0,"7","6","Efectivo","","Lucas",""
"11076-2","Sale","01/26/2026 2:13 PM",2,5,"1xCasquinha , 4xCopo 150ml","35",0,0,0,"35","10","Tarjeta Débito","","Lucas",""
"11077-2","Sale","01/26/2026 2:15 PM",1,1,"1xMilkshake 300ml","11",0,0,0,"11","1","Tarjeta Débito","","Lucas",""
"11078-2","Sale","01/26/2026 2:33 PM",1,2,"2xCascão ","18",0,0,0,"18","15.6","Efectivo","","Lucas",""
"11079-2","Sale","01/26/2026 2:39 PM",1,2,"2xCopo 200ml","18",0,0,0,"18","2","Efectivo","","Lucas",""
"11080-2","Sale","01/26/2026 2:39 PM",1,2,"2xCascão ","18",0,0,0,"18","15.6","Pix","","Lucas",""
"11081-2","Sale","01/26/2026 2:46 PM",1,1,"1xCasquinha ","7",0,0,0,"7","6","Pix","","Lucas",""
"11082-2","Sale","01/26/2026 3:04 PM",2,3,"2xMilkshake 300ml, 1xÁgua com gás ","26.5",0,0,0,"26.5","5.3","Tarjeta Crédito","","Lucas",""
"11083-2","Sale","01/26/2026 3:06 PM",1,1,"1xChurros de chocolate ","10",0,0,0,"10","2","Pix","","Lucas",""
"11084-2","Sale","01/26/2026 3:07 PM",1,1,"1xMilkshake 300ml","11",0,0,0,"11","1","Tarjeta Débito","","Lucas",""
"11085-2","Sale","01/26/2026 3:15 PM",1,1,"1xCascão ","9",0,0,0,"9","7.8","Tarjeta Débito","","Lucas",""
"11086-2","Sale","01/26/2026 3:18 PM",1,1,"1xCasquinha ","7",0,0,0,"7","6","Efectivo","","Lucas",""
"11087-2","Sale","01/26/2026 3:25 PM",1,3,"3xCascão ","27",0,0,0,"27","23.4","Efectivo","","Lucas",""
"11088-2","Sale","01/26/2026 3:35 PM",1,2,"2xCrepe suíço salgado ","20",0,0,0,"20","4","Pix","","Lucas",""
"11089-2","Sale","01/26/2026 3:37 PM",2,3,"2xCascão , 1xÁgua sem gás ","22",0,0,0,"22","15.6","Pix","","Lucas",""
"11090-2","Sale","01/26/2026 3:39 PM",1,1,"1xRefri 310ml","7",0,0,0,"7","1","Efectivo","","Lucas",""
"11091-2","Sale","01/26/2026 3:42 PM",2,4,"2xCopo 150ml, 2xÁgua com gás ","23",0,0,0,"23","8.6","Efectivo","","Lucas",""
"11092-2","Sale","01/26/2026 3:44 PM",1,2,"2xÁgua sem gás ","8",0,0,0,"8",0,"Efectivo","","Lucas",""
"11093-2","Sale","01/26/2026 3:45 PM",1,3,"3xCasquinha ","21",0,0,0,"21","18","Tarjeta Débito","","Lucas",""
"11094-2","Sale","01/26/2026 3:47 PM",1,1,"1xCascão ","9",0,0,0,"9","7.8","Tarjeta Débito","","Lucas",""
"11095-2","Sale","01/26/2026 3:50 PM",3,4,"2xCascão , 1xÁgua sem gás , 1xÁgua com gás ","26.5",0,0,0,"26.5","18.9","Pix","","Lucas",""
"11096-2","Sale","01/26/2026 3:52 PM",1,2,"2xCascão ","18",0,0,0,"18","15.6","Pix","","Lucas",""
"11097-2","Sale","01/26/2026 3:56 PM",1,2,"2xCascão ","18",0,0,0,"18","15.6","Efectivo","","Lucas",""
"11098-2","Sale","01/26/2026 4:01 PM",1,1,"1xCopo 200ml","9",0,0,0,"9","1","Tarjeta Crédito","","Lucas",""
"11099-2","Sale","01/26/2026 4:16 PM",1,1,"1xCascão ","9",0,0,0,"9","7.8","Efectivo","","Lucas",""
"11100-2","Sale","01/26/2026 4:17 PM",1,2,"2xCasquinha ","14",0,0,0,"14","12","Tarjeta Crédito","","Lucas",""
"11101-2","Sale","01/26/2026 4:21 PM",1,1,"1xRefri 310ml","7",0,0,0,"7","1","Pix","","Lucas",""
"11102-2","Sale","01/26/2026 4:36 PM",2,3,"2xCascão , 1xCasquinha ","25",0,0,0,"25","21.6","Efectivo","","Lucas",""
"11103-2","Sale","01/26/2026 4:36 PM",1,1,"1xCascão ","9",0,0,0,"9","7.8","Tarjeta Débito","","Lucas",""
"11104-2","Sale","01/26/2026 4:37 PM",1,1,"1xCasquinha ","7",0,0,0,"7","6","Efectivo","","Lucas",""
"11105-2","Sale","01/26/2026 4:46 PM",1,2,"2xMilkshake 300ml","22",0,0,0,"22","2","Pix","","Lucas",""
"11106-2","Sale","01/26/2026 4:47 PM",1,1,"1xCasquinha ","7",0,0,0,"7","6","Tarjeta Débito","","Lucas",""
"11107-2","Sale","01/26/2026 4:48 PM",1,1,"1xÁgua sem gás ","4",0,0,0,"4",0,"Pix","","Lucas",""
"11108-2","Sale","01/26/2026 4:51 PM",3,3,"1xCopo 150ml, 1xCasquinha , 1xÁgua sem gás ","18",0,0,0,"18","7","Tarjeta Débito","","Lucas",""
"11109-2","Sale","01/26/2026 5:12 PM",3,3,"1xCasquinha , 1xMilkshake 300ml, 1xÁgua sem gás ","22",0,0,0,"22","7","Efectivo, Tarjeta Crédito","","Lucas",""
"11110-2","Sale","01/26/2026 5:13 PM",1,1,"1xCascão ","9",0,0,0,"9","7.8","Pix","","Lucas",""
"11111-2","Sale","01/26/2026 5:14 PM",1,1,"1xCascão ","9",0,0,0,"9","7.8","Pix","","Lucas",""
"11112-2","Sale","01/26/2026 5:14 PM",1,1,"1xÁgua sem gás ","4",0,0,0,"4",0,"Efectivo","","Lucas",""
"11113-2","Sale","01/26/2026 5:15 PM",2,2,"1xCasquinha , 1xÁgua sem gás ","11",0,0,0,"11","6","Pix","","Lucas",""
"11114-2","Sale","01/26/2026 5:16 PM",1,1,"1xCasquinha ","7",0,0,0,"7","6","Efectivo","","Lucas",""
"11115-2","Sale","01/26/2026 5:23 PM",1,1,"1xÁgua sem gás ","4",0,0,0,"4",0,"Efectivo","","Lucas",""
"11116-2","Sale","01/26/2026 5:26 PM",1,1,"1xCascão ","9",0,0,0,"9","7.8","Pix","","Lucas",""
"11117-2","Sale","01/26/2026 5:33 PM",3,3,"1xCopo 150ml, 1xCrepe suíço salgado , 1xMilkshake 300ml","28",0,0,0,"28","4","Tarjeta Débito","","Lucas",""
"11118-2","Sale","01/26/2026 5:37 PM",1,1,"1xCopo 200ml","9",0,0,0,"9","1","Efectivo","","Lucas",""
"11119-2","Sale","01/26/2026 5:47 PM",2,3,"1xCopo 150ml, 2xCascão ","25",0,0,0,"25","16.6","Tarjeta Débito","","Lucas",""
"11120-2","Sale","01/26/2026 5:55 PM",2,2,"1xCopo 200ml, 1xCasquinha ","16",0,0,0,"16","7","Tarjeta Crédito","","Lucas",""
"11121-2","Sale","01/26/2026 5:55 PM",1,1,"1xChurros doce de leite ","10",1.5,0,0,"8.5","0.5","Efectivo","","Lucas",""
"11122-2","Sale","01/26/2026 5:58 PM",1,1,"1xChurros de chocolate ","10",0,0,0,"10","2","Tarjeta Crédito","","Lucas",""
"11123-2","Sale","01/26/2026 6:06 PM",2,2,"1xCopo 150ml, 1xÁgua com gás ","11.5",0,0,0,"11.5","4.3","Pix","","Lucas",""
"11124-2","Sale","01/26/2026 6:06 PM",1,1,"1xÁgua sem gás ","4",0,0,0,"4",0,"Pix","","Lucas",""
"11125-2","Sale","01/26/2026 6:11 PM",1,1,"1xCasquinha ","7",0,0,0,"7","6","Tarjeta Débito","","Lucas",""
"11126-2","Sale","01/26/2026 6:17 PM",1,1,"1xCopo 200ml","9",0,0,0,"9","1","Efectivo","","Lucas",""
"11127-2","Sale","01/26/2026 6:18 PM",1,1,"1xCascão ","9",0,0,0,"9","7.8","Pix","","Lucas",""
"11129-2","Sale","01/26/2026 6:21 PM",1,1,"1xÁgua sem gás ","4",0,0,0,"4",0,"Pix","","Lucas",""
"11130-2","Sale","01/26/2026 6:22 PM",1,1,"1xÁgua sem gás ","4",0,0,0,"4",0,"Efectivo","","Lucas",""
"11131-2","Sale","01/26/2026 6:22 PM",1,2,"2xMilkshake 400ml","28",4,0,0,"24","-2","Pix","","Lucas",""
"11132-2","Sale","01/26/2026 6:28 PM",1,1,"1xCasquinha ","7",0,0,0,"7","6","Pix","","Lucas",""
"11133-2","Sale","01/26/2026 6:39 PM",1,3,"3xCascão ","27",0,0,0,"27","23.4","Pix","","Lucas",""
"11134-2","Sale","01/26/2026 6:41 PM",1,2,"2xCascão ","18",0,0,0,"18","15.6","Efectivo","","Lucas",""
"11135-2","Sale","01/26/2026 6:44 PM",1,1,"1xCopo 200ml","9",0,0,0,"9","1","Efectivo","","Lucas",""
"11136-2","Sale","01/26/2026 6:50 PM",1,1,"1xMilkshake 300ml","11",0,0,0,"11","1","Tarjeta Débito","","Lucas",""
"11137-2","Sale","01/26/2026 7:05 PM",1,3,"3xCrepe suíço salgado ","30",0,0,0,"30","6","Tarjeta Débito","","Lucas",""
"11138-2","Sale","01/26/2026 7:14 PM",1,1,"1xRefri 310ml","7",2,0,0,"5","-1","Tarjeta Débito","","Lucas",""
"11139-2","Sale","01/26/2026 7:24 PM",1,1,"1xCombo 1","15",0,0,0,"15","1","Pix","","Lucas",""
"11140-2","Sale","01/26/2026 7:35 PM",1,1,"1xCasquinha ","7",0,0,0,"7","6","Pix","","Lucas",""
"11141-2","Sale","01/26/2026 7:37 PM",1,1,"1xCascão ","9",0,0,0,"9","7.8","Tarjeta Débito","","Lucas",""
"11142-2","Sale","01/26/2026 7:40 PM",1,2,"2xMilkshake 400ml","28",2,0,0,"26",0,"Tarjeta Débito","","Lucas",""
"11143-2","Sale","01/26/2026 7:58 PM",2,2,"1xCascão , 1xCasquinha ","16",0,0,0,"16","13.8","Efectivo","","Lucas",""
"11144-2","Sale","01/26/2026 8:02 PM",2,3,"1xMilkshake 500ml, 2xCascão ","34",0,0,0,"34","15.6","Tarjeta Crédito","","Lucas",""
"11145-2","Sale","01/27/2026 1:40 PM",1,2,"2xÁgua sem gás ","8",0,0,0,"8",0,"Tarjeta Débito","","Lucas",""
"11146-2","Sale","01/27/2026 2:07 PM",1,5,"5xCopo 150ml","35",0,0,0,"35","5","Pix","","Lucas",""
"11147-2","Sale","01/27/2026 2:07 PM",1,1,"1xÁgua sem gás ","4",0,0,0,"4",0,"Tarjeta Crédito","","Lucas",""
"11148-2","Sale","01/27/2026 2:08 PM",2,2,"1xÁgua com gás , 1xÁgua sem gás ","8.5",0,0,0,"8.5","3.3","Tarjeta Débito","","Lucas",""
"11149-2","Sale","01/27/2026 2:13 PM",2,4,"3xChurros doce de leite , 1xCrepe suíço salgado ","40",0,0,0,"40","8","Tarjeta Crédito","","Lucas",""
"11150-2","Sale","01/27/2026 2:38 PM",1,2,"2xMilkshake 400ml","28",0,0,0,"28","2","Tarjeta Crédito","","Lucas",""
"11151-2","Sale","01/27/2026 2:42 PM",1,1,"1xMilkshake 400ml","14",0,0,0,"14","1","Pix","","Lucas",""
"11152-2","Sale","01/27/2026 3:05 PM",1,2,"2xCasquinha ","14",0,0,0,"14","12","Efectivo","","Lucas",""
"11153-2","Sale","01/27/2026 3:07 PM",1,1,"1xCasquinha ","7",0,0,0,"7","6","Efectivo","","Lucas",""
"11154-2","Sale","01/27/2026 3:25 PM",1,2,"2xCasquinha ","14",0,0,0,"14","12","Pix","","Lucas",""
"11155-2","Sale","01/27/2026 3:27 PM",1,1,"1xCasquinha ","7",0,0,0,"7","6","Efectivo","","Lucas",""
"11156-2","Sale","01/27/2026 3:31 PM",1,1,"1xMilkshake 400ml","14",0,0,0,"14","1","Tarjeta Débito","","Lucas",""
"11157-2","Sale","01/27/2026 3:40 PM",2,2,"1xCascão , 1xCasquinha ","16",0,0,0,"16","13.8","Efectivo","","Lucas",""
"11158-2","Sale","01/27/2026 3:44 PM",1,2,"2xCascão ","18",0,0,0,"18","15.6","Efectivo","","Lucas",""
"11159-2","Sale","01/27/2026 3:45 PM",1,1,"1xCasquinha ","7",0,0,0,"7","6","Tarjeta Crédito","","Lucas",""
"11160-2","Sale","01/27/2026 3:46 PM",1,1,"1xCasquinha ","7",0,0,0,"7","6","Efectivo","","Lucas",""
"11161-2","Sale","01/27/2026 3:53 PM",1,3,"3xCasquinha ","21",0,0,0,"21","18","Tarjeta Débito","","Lucas",""
"11162-2","Sale","01/27/2026 3:53 PM",1,1,"1xCascão ","9",0,0,0,"9","7.8","Tarjeta Crédito","","Lucas",""
"11163-2","Sale","01/27/2026 3:57 PM",1,1,"1xCascão ","9",0,0,0,"9","7.8","Efectivo","","Lucas",""
"11164-2","Sale","01/27/2026 4:07 PM",1,1,"1xMilkshake 400ml","14",0,0,0,"14","1","Efectivo","","Lucas",""
"11165-2","Sale","01/27/2026 4:24 PM",2,3,"2xMilkshake 500ml, 1xRefri 310ml","39",0,0,0,"39","1","Efectivo","","Lucas",""
"11166-2","Sale","01/27/2026 4:30 PM",2,2,"1xÁgua sem gás , 1xCascão ","13",0,0,0,"13","7.8","Tarjeta Crédito","","Lucas",""
"11167-2","Sale","01/27/2026 4:32 PM",1,1,"1xCasquinha ","7",0,0,0,"7","6","Efectivo","","Lucas",""
"11168-2","Sale","01/27/2026 4:33 PM",1,1,"1xCasquinha ","7",0,0,0,"7","6","Efectivo","","Lucas",""
"11169-2","Sale","01/27/2026 4:33 PM",1,1,"1xCrepe suíço salgado ","10",0,0,0,"10","2","Efectivo","","Lucas",""
"11170-2","Sale","01/27/2026 4:40 PM",1,2,"2xMilkshake 500ml","32",0,0,0,"32",0,"Tarjeta Crédito","","Lucas",""
"11171-2","Sale","01/27/2026 4:42 PM",1,2,"2xCasquinha ","14",0,0,0,"14","12","Tarjeta Débito","","Lucas",""
"11172-2","Sale","01/27/2026 5:06 PM",1,1,"1xCasquinha ","7",0,0,0,"7","6","Pix","","Lucas",""
"11173-2","Sale","01/27/2026 5:13 PM",1,4,"4xCasquinha ","28",0,0,0,"28","24","Pix","","Lucas",""
"11174-2","Sale","01/27/2026 5:16 PM",1,1,"1xCasquinha ","7",0,0,0,"7","6","Tarjeta Débito","","Lucas",""
"11175-2","Sale","01/27/2026 5:27 PM",3,3,"1xChurros doce de leite , 1xMilkshake 400ml, 1xChurros de chocolate ","34",0,0,0,"34","5","Efectivo","","Lucas",""
"11176-2","Sale","01/27/2026 5:29 PM",1,1,"1xMilkshake 400ml","14",0,0,0,"14","1","Pix","","Lucas",""
"11177-2","Sale","01/27/2026 5:29 PM",1,1,"1xCasquinha ","7",0,0,0,"7","6","Pix","","Lucas",""
"11178-2","Sale","01/27/2026 5:33 PM",1,2,"2xCascão ","18",0,0,0,"18","15.6","Tarjeta Crédito","","Lucas",""
"11179-2","Sale","01/27/2026 5:50 PM",1,3,"3xCasquinha ","21",0,0,0,"21","18","Efectivo","","Lucas",""
"11180-2","Sale","01/27/2026 5:55 PM",1,1,"1xCascão ","9",0,0,0,"9","7.8","Tarjeta Débito","","Lucas",""
"11181-2","Sale","01/27/2026 5:56 PM",2,2,"1xChurros de chocolate , 1xChurros doce de leite ","20",0,0,0,"20","4","Tarjeta Crédito","","Lucas",""
"11182-2","Sale","01/27/2026 6:06 PM",3,3,"1xMilkshake 400ml, 1xMilkshake 300ml, 1xÁgua com gás ","29.5",0,0,0,"29.5","5.3","Efectivo","","Lucas",""
"11183-2","Sale","01/27/2026 6:07 PM",1,1,"1xMilkshake 300ml","11",0,0,0,"11","1","Efectivo","","Lucas",""
"11184-2","Sale","01/27/2026 6:16 PM",1,3,"3xCasquinha ","21",0,0,0,"21","18","Tarjeta Débito","","Lucas",""
"11185-2","Sale","01/27/2026 6:39 PM",1,2,"2xMilkshake 300ml","22",0,0,0,"22","2","Efectivo","","Lucas",""
"11186-2","Sale","01/27/2026 7:05 PM",2,3,"1xMilkshake 300ml, 2xCascão ","29",0,0,0,"29","16.6","Tarjeta Débito","","Lucas",""
"11187-2","Sale","01/27/2026 7:19 PM",1,2,"2xMilkshake 400ml","28",0,0,0,"28","2","Tarjeta Crédito","","Lucas",""
"11188-2","Sale","01/27/2026 7:24 PM",1,1,"1xMilkshake 400ml","14",0,0,0,"14","1","Pix","","Lucas",""
"11189-2","Sale","01/27/2026 7:57 PM",1,2,"2xCascão ","18",0,0,0,"18","15.6","Tarjeta Crédito","","Lucas",""
"11190-2","Sale","01/28/2026 12:57 PM",1,1,"1xCasquinha ","7",0,0,0,"7","6","Efectivo","","Lucas",""
"11191-2","Sale","01/28/2026 12:57 PM",1,1,"1xMilkshake 300ml","11",0,0,0,"11","1","Pix","","Lucas",""
"11192-2","Sale","01/28/2026 2:22 PM",1,1,"1xMilkshake 300ml","11",0,0,0,"11","1","Efectivo","","Lucas",""
"11193-2","Sale","01/28/2026 3:37 PM",3,4,"1xCasquinha , 2xMilkshake 300ml, 1xÁgua sem gás ","33",0,0,0,"33","8","Efectivo","","Lucas",""
"11194-2","Sale","01/28/2026 3:41 PM",1,1,"1xChurros doce de leite ","10",0,0,0,"10","2","Efectivo","","Lucas",""
"11195-2","Sale","01/28/2026 3:45 PM",1,1,"1xCasquinha ","7",0,0,0,"7","6","Efectivo","","Lucas",""
"11196-2","Sale","01/28/2026 4:01 PM",1,1,"1xCasquinha ","7",0,0,0,"7","6","Efectivo","","Lucas",""
"11197-2","Sale","01/28/2026 4:12 PM",1,1,"1xCopo 150ml","7",0,0,0,"7","1","Tarjeta Débito","","Lucas",""
"11198-2","Sale","01/28/2026 4:14 PM",1,2,"2xChurros doce de leite ","20",0,0,0,"20","4","Tarjeta Débito","","Lucas",""
"11199-2","Sale","01/28/2026 4:36 PM",1,1,"1xMilkshake 400ml","14",0,0,0,"14","1","Efectivo","","Lucas",""
"11200-2","Sale","01/28/2026 4:36 PM",1,1,"1xCombo 1","15",0,0,0,"15","1","Pix","","Lucas",""
"11201-2","Sale","01/28/2026 4:41 PM",1,1,"1xCascão ","9",0,0,0,"9","7.8","Efectivo","","Lucas",""
"11202-2","Sale","01/28/2026 4:58 PM",2,2,"1xRefri 310ml, 1xMilkshake 300ml","18",0,0,0,"18","2","Tarjeta Crédito","","Lucas",""
"11203-2","Sale","01/28/2026 5:03 PM",1,1,"1xCascão ","9",0,0,0,"9","7.8","Efectivo","","Lucas",""
"11204-2","Sale","01/28/2026 5:04 PM",1,1,"1xCascão ","9",0,0,0,"9","7.8","Tarjeta Débito","","Lucas",""
"11205-2","Sale","01/28/2026 5:06 PM",1,1,"1xCasquinha ","7",0,0,0,"7","6","Efectivo","","Lucas",""
"11207-2","Sale","01/28/2026 5:36 PM",1,1,"1xÁgua com gás ","4.5",0,0,0,"4.5","3.3","Tarjeta Débito","","Lucas",""
"11208-2","Sale","01/28/2026 5:45 PM",1,1,"1xMilkshake 300ml","11",0,0,0,"11","1","Tarjeta Débito","","Lucas",""
"11209-2","Sale","01/28/2026 5:58 PM",1,1,"1xCascão ","9",0,0,0,"9","7.8","Pix","","Lucas",""
"11210-2","Sale","01/28/2026 6:01 PM",1,1,"1xMilkshake 400ml","14",0,0,0,"14","1","Pix","","Lucas",""
"11211-2","Sale","01/28/2026 6:02 PM",1,1,"1xChurros de chocolate ","10",0,0,0,"10","2","Pix","","Lucas",""
"11212-2","Sale","01/28/2026 6:13 PM",2,2,"1xChurros de chocolate , 1xChurros doce de leite ","20",0,0,0,"20","4","Efectivo","","Lucas",""
"11213-2","Sale","01/28/2026 6:14 PM",1,1,"1xMilkshake 300ml","11",0,0,0,"11","1","Tarjeta Débito","","Lucas",""
"11214-2","Sale","01/28/2026 6:16 PM",1,1,"1xCasquinha ","7",0,0,0,"7","6","Pix","","Lucas",""
"11215-2","Sale","01/28/2026 6:17 PM",2,2,"1xCrepe suíço salgado , 1xChurros doce de leite ","20",0,0,0,"20","4","Tarjeta Crédito","","Lucas",""
"11216-2","Sale","01/28/2026 6:28 PM",1,1,"1xMilkshake 300ml","11",0,0,0,"11","1","Tarjeta Crédito","","Lucas",""
"11217-2","Sale","01/28/2026 6:32 PM",1,2,"2xMilkshake 300ml","22",0,0,0,"22","2","Efectivo","","Lucas",""
"11218-2","Sale","01/28/2026 6:33 PM",1,1,"1xCasquinha ","7",0,0,0,"7","6","Efectivo","","Lucas",""
"11219-2","Sale","01/28/2026 6:59 PM",2,4,"2xCrepe suíço salgado , 2xCrepe suíço doce","42",0,0,0,"42","10","Tarjeta Crédito","","Lucas",""
"11220-2","Sale","01/28/2026 6:59 PM",1,1,"1xChurros de chocolate ","10",0,0,0,"10","2","Tarjeta Crédito","","Lucas",""
"11221-2","Sale","01/28/2026 7:15 PM",1,2,"2xRefri 310ml","14",0,0,0,"14","2","Tarjeta Débito","","Lucas",""
"11222-2","Sale","01/28/2026 7:21 PM",1,2,"2xCopo 250ml","22",0,0,0,"22","2","Tarjeta Débito","","Lucas",""
"11223-2","Sale","01/28/2026 7:44 PM",1,2,"2xChurros de chocolate ","20",0,0,0,"20","4","Pix","","Lucas",""
"11226-2","Sale","01/28/2026 7:59 PM",1,2,"2xMilkshake 400ml","28",0,0,0,"28","2","Pix","","Lucas",""
"11206-2","Sale","01/28/2026 5:21 PM",1,1,"1xCopo 150ml","7",0,0,0,"7","1","Efectivo","","Lucas",""
"11224-2","Sale","01/28/2026 7:45 PM",1,1,"1xCascão ","9",0,0,0,"9","7.8","Tarjeta Débito","","Lucas",""
"11225-2","Sale","01/28/2026 7:54 PM",2,2,"1xMilkshake 300ml, 1xMilkshake 400ml","25",0,0,0,"25","2","Tarjeta Crédito","","Lucas",""
"11227-2","Sale","01/29/2026 1:18 PM",1,1,"1xCombo 2","16",0,0,0,"16","1","Pix","","Lucas",""
"11228-2","Sale","01/29/2026 1:58 PM",2,3,"1xMilkshake 300ml, 2xMilkshake 400ml","39",0,0,0,"39","3","Tarjeta Débito","","Lucas",""
"11229-2","Sale","01/29/2026 2:03 PM",1,2,"2xCasquinha ","14",0,0,0,"14","12","Tarjeta Crédito","","Lucas",""
"11230-2","Sale","01/29/2026 2:07 PM",2,3,"2xCasquinha , 1xÁgua sem gás ","18",0,0,0,"18","12","Tarjeta Débito","","Lucas",""
"11231-2","Sale","01/29/2026 2:23 PM",1,2,"2xRefri 310ml","14",0,0,0,"14","2","Efectivo","","Lucas",""
"11232-2","Sale","01/29/2026 2:37 PM",1,1,"1xMilkshake 300ml","11",0,0,0,"11","1","Pix","","Lucas",""
"11233-2","Sale","01/29/2026 2:46 PM",1,1,"1xCasquinha ","7",0,0,0,"7","6","Tarjeta Crédito","","Lucas",""
"11234-2","Sale","01/29/2026 2:49 PM",1,1,"1xCasquinha ","7",0,0,0,"7","6","Efectivo","","Lucas",""
"11235-2","Sale","01/29/2026 2:52 PM",1,2,"2xMilkshake 300ml","22",0,0,0,"22","2","Tarjeta Débito","","Lucas",""
"11236-2","Sale","01/29/2026 2:53 PM",2,3,"2xÁgua sem gás , 1xChurros doce de leite ","18",0,0,0,"18","2","Tarjeta Crédito","","Lucas",""
"11237-2","Sale","01/29/2026 2:57 PM",1,1,"1xMilkshake 400ml","14",0,0,0,"14","1","Tarjeta Débito","","Lucas",""
"11238-2","Sale","01/29/2026 2:57 PM",1,2,"2xMilkshake 300ml","22",0,0,0,"22","2","Tarjeta Débito","","Lucas",""
"11239-2","Sale","01/29/2026 3:12 PM",1,1,"1xÁgua com gás ","4.5",0,0,0,"4.5","3.3","Efectivo","","Lucas",""
"11240-2","Sale","01/29/2026 3:15 PM",1,2,"2xCascão ","18",0,0,0,"18","15.6","Tarjeta Débito","","Lucas",""
"11241-2","Sale","01/29/2026 3:16 PM",1,1,"1xCopo 200ml","9",0,0,0,"9","1","Efectivo","","Lucas",""
"11242-2","Sale","01/29/2026 3:17 PM",1,2,"2xCascão ","18",0,0,0,"18","15.6","Efectivo","","Lucas",""
"11243-2","Sale","01/29/2026 3:20 PM",2,2,"1xCasquinha , 1xMilkshake 500ml","23",0,0,0,"23","6","Tarjeta Débito","","Lucas",""
"11244-2","Sale","01/29/2026 3:36 PM",1,1,"1xRefri 310ml","7",0,0,0,"7","1","Efectivo","","Lucas",""
"11245-2","Sale","01/29/2026 3:44 PM",1,1,"1xÁgua com gás ","4.5",0,0,0,"4.5","3.3","Efectivo","","Lucas",""
"11246-2","Sale","01/29/2026 4:04 PM",1,3,"3xMilkshake 300ml","33",0,0,0,"33","3","Pix","","Lucas",""
"11247-2","Sale","01/29/2026 4:09 PM",1,1,"1xChurros doce de leite ","10",0,0,0,"10","2","Pix","","Lucas",""
"11248-2","Sale","01/29/2026 4:20 PM",1,1,"1xCascão ","9",0,0,0,"9","7.8","Tarjeta Crédito","","Lucas",""
"11249-2","Sale","01/29/2026 4:22 PM",1,3,"3xCasquinha ","21",0,0,0,"21","18","Efectivo","","Lucas",""
"11250-2","Sale","01/29/2026 4:22 PM",1,1,"1xÁgua sem gás ","4",0,0,0,"4",0,"Efectivo","","Lucas",""
"11251-2","Sale","01/29/2026 4:24 PM",1,1,"1xRefri 310ml","7",0,0,0,"7","1","Tarjeta Débito","","Lucas",""
"11252-2","Sale","01/29/2026 4:35 PM",2,2,"1xMilkshake 300ml, 1xCrepe suíço doce","22",0,0,0,"22","4","Tarjeta Débito","","Lucas",""
"11253-2","Sale","01/29/2026 4:43 PM",1,1,"1xCascão ","9",0,0,0,"9","7.8","Tarjeta Crédito","","Lucas",""
"11254-2","Sale","01/29/2026 4:44 PM",1,1,"1xCasquinha ","7",0,0,0,"7","6","Efectivo","","Lucas",""
"11255-2","Sale","01/29/2026 4:47 PM",1,2,"2xMilkshake 300ml","22",0,0,0,"22","2","Efectivo","","Lucas",""
"11256-2","Sale","01/29/2026 4:52 PM",1,1,"1xCasquinha ","7",2,0,0,"5","4","Efectivo","","Lucas",""
"11257-2","Sale","01/29/2026 5:11 PM",1,1,"1xCrepe suíço salgado ","10",0,0,0,"10","2","Tarjeta Débito","","Lucas",""
"11258-2","Sale","01/29/2026 5:23 PM",1,1,"1xRefri 310ml","7",2,0,0,"5","-1","Efectivo","","Lucas",""
"11259-2","Sale","01/29/2026 5:25 PM",1,1,"1xCopo 150ml","7",0,0,0,"7","1","Pix","","Lucas",""
"11260-2","Sale","01/29/2026 5:38 PM",1,1,"1xCascão ","9",0,0,0,"9","7.8","Tarjeta Débito","","Lucas",""
"11261-2","Sale","01/29/2026 5:45 PM",1,1,"1xCascão ","9",0,0,0,"9","7.8","Efectivo","","Lucas",""
"11262-2","Sale","01/29/2026 5:46 PM",1,1,"1xCascão ","9",0,0,0,"9","7.8","Efectivo","","Lucas",""
"11263-2","Sale","01/29/2026 6:13 PM",1,1,"1xCopo 150ml","7",0,0,0,"7","1","Tarjeta Débito","","Lucas",""
"11264-2","Sale","01/29/2026 6:17 PM",1,1,"1xRefri 310ml","7",0,0,0,"7","1","Tarjeta Débito","","Lucas",""
"11266-2","Sale","01/29/2026 6:34 PM",2,2,"1xMilkshake 500ml, 1xChurros doce de leite ","26",0,0,0,"26","2","Efectivo","","Lucas",""
"11267-2","Sale","01/29/2026 6:46 PM",2,2,"1xMilkshake 400ml, 1xÁgua sem gás ","18",0,0,0,"18","1","Pix","","Lucas",""
"11268-2","Sale","01/29/2026 6:48 PM",1,1,"1xChurros doce de leite ","10",0,0,0,"10","2","Efectivo","","Lucas",""
"11269-2","Sale","01/29/2026 7:03 PM",1,1,"1xCrepe suíço salgado ","10",0,0,0,"10","2","Tarjeta Débito","","Lucas",""
"11265-2","Sale","01/29/2026 6:28 PM",1,1,"1xChurros de chocolate ","10",0,0,0,"10","2","Efectivo","","Lucas",""
"11270-2","Sale","01/30/2026 1:02 PM",2,3,"2xCascão , 1xMilkshake 300ml","29",0,0,0,"29","16.6","Tarjeta Débito","","Lucas",""
"11271-2","Sale","01/30/2026 1:04 PM",1,2,"2xCascão ","18",0,0,0,"18","15.6","Tarjeta Crédito","","Lucas",""
"11272-2","Sale","01/30/2026 1:08 PM",1,1,"1xMilkshake 500ml","16",0,0,0,"16",0,"Pix","","Lucas",""
"11273-2","Sale","01/30/2026 1:15 PM",2,4,"3xMilkshake 300ml, 1xCascão ","42",0,0,0,"42","10.8","Pix","","Lucas",""
"11274-2","Sale","01/30/2026 1:43 PM",1,2,"2xCasquinha ","14",0,0,0,"14","12","Efectivo","","Lucas",""
"11275-2","Sale","01/30/2026 1:48 PM",1,1,"1xCasquinha ","7",0,0,0,"7","6","Efectivo","","Lucas",""
"11276-2","Sale","01/30/2026 2:08 PM",1,1,"1xCopo 200ml","9",0,0,0,"9","1","Pix","","Lucas",""
"11277-2","Sale","01/30/2026 2:11 PM",2,2,"1xMilkshake 400ml, 1xChurros doce de leite ","24",0,0,0,"24","3","Tarjeta Débito","","Lucas",""
"11278-2","Sale","01/30/2026 2:19 PM",1,1,"1xÁgua sem gás ","4",0,0,0,"4",0,"Efectivo","","Lucas",""
"11279-2","Sale","01/30/2026 2:24 PM",2,2,"1xCasquinha , 1xMilkshake 500ml","23",0,0,0,"23","6","Tarjeta Débito","","Lucas",""
"11280-2","Sale","01/30/2026 2:30 PM",1,1,"1xMilkshake 400ml","14",0,0,0,"14","1","Efectivo","","Lucas",""
"11281-2","Sale","01/30/2026 2:55 PM",1,2,"2xCopo 250ml","22",0,0,0,"22","2","Efectivo","","Lucas",""
"11282-2","Sale","01/30/2026 2:56 PM",1,1,"1xÁgua sem gás ","4",0,0,0,"4",0,"Efectivo","","Lucas",""
"11283-2","Sale","01/30/2026 3:07 PM",1,2,"2xCasquinha ","14",0,0,0,"14","12","Pix","","Lucas",""
"11284-2","Sale","01/30/2026 3:14 PM",1,1,"1xRefri 310ml","7",0,0,0,"7","1","Tarjeta Débito","","Lucas",""
"11285-2","Sale","01/30/2026 3:24 PM",1,2,"2xCrepe suíço salgado ","20",0,0,0,"20","4","Efectivo","","Lucas",""
"11287-2","Sale","01/30/2026 3:38 PM",2,3,"2xMilkshake 300ml, 1xCascão ","31",0,0,0,"31","9.8","Efectivo","","Lucas",""
"11288-2","Sale","01/30/2026 3:40 PM",1,2,"2xCasquinha ","14",0,0,0,"14","12","Tarjeta Crédito","","Lucas",""
"11286-2","Sale","01/30/2026 3:31 PM",1,2,"2xCrepe suíço salgado ","20",0,0,0,"20","4","Efectivo","","Lucas",""
"11289-2","Sale","01/30/2026 3:45 PM",2,3,"2xCascão , 1xÁgua sem gás ","22",0,0,0,"22","15.6","Otros","","Lucas",""
"11290-2","Sale","01/30/2026 3:50 PM",1,2,"2xRefri 310ml","14",0,0,0,"14","2","Efectivo","","Lucas",""
"11291-2","Sale","01/30/2026 4:03 PM",2,2,"1xMilkshake 500ml, 1xCascão ","25",0,0,0,"25","7.8","Pix","","Lucas",""
"11292-2","Sale","01/30/2026 4:08 PM",1,2,"2xCasquinha ","14",0,0,0,"14","12","Efectivo","","Lucas",""
"11293-2","Sale","01/30/2026 4:12 PM",1,1,"1xCasquinha ","7",0,0,0,"7","6","Tarjeta Crédito","","Lucas",""
"11294-2","Sale","01/30/2026 4:19 PM",2,3,"1xMilkshake 300ml, 2xCascão ","29",0,0,0,"29","16.6","Tarjeta Crédito","","Lucas",""
"11295-2","Sale","01/30/2026 4:21 PM",1,1,"1xMilkshake 500ml","16",0,0,0,"16",0,"Tarjeta Débito","","Lucas",""
"11296-2","Sale","01/30/2026 4:23 PM",2,2,"1xMilkshake 500ml, 1xCopo 200ml","25",0,0,0,"25","1","Tarjeta Crédito","","Lucas",""
"11297-2","Sale","01/30/2026 4:24 PM",1,1,"1xCascão ","9",0,0,0,"9","7.8","Efectivo","","Lucas",""
"11298-2","Sale","01/30/2026 4:26 PM",1,1,"1xCascão ","9",0,0,0,"9","7.8","Efectivo","","Lucas",""
"11299-2","Sale","01/30/2026 4:36 PM",1,1,"1xMilkshake 300ml","11",0,0,0,"11","1","Efectivo","","Lucas",""
"11300-2","Sale","01/30/2026 4:37 PM",1,2,"2xCascão ","18",0,0,0,"18","15.6","Tarjeta Débito","","Lucas",""
"11301-2","Sale","01/30/2026 4:43 PM",1,1,"1xCascão ","9",0,0,0,"9","7.8","Efectivo","","Lucas",""
"11302-2","Sale","01/30/2026 4:52 PM",3,3,"1xMilkshake 300ml, 1xCasquinha , 1xCopo 150ml","25",0,0,0,"25","8","Tarjeta Débito","","Lucas",""
"11303-2","Sale","01/30/2026 4:57 PM",1,2,"2xCascão ","18",0,0,0,"18","15.6","Tarjeta Débito","","Lucas",""
"11304-2","Sale","01/30/2026 4:58 PM",1,1,"1xCrepe suíço salgado ","10",0,0,0,"10","2","Tarjeta Débito","","Lucas",""
"11305-2","Sale","01/30/2026 5:02 PM",3,4,"1xCopo 150ml, 2xCasquinha , 1xCascão ","30",0,0,0,"30","20.8","Tarjeta Crédito","","Lucas",""
"11306-2","Sale","01/30/2026 5:02 PM",1,1,"1xCasquinha ","7",0,0,0,"7","6","Tarjeta Débito","","Lucas",""
"11307-2","Sale","01/30/2026 5:03 PM",3,3,"1xChurros doce de leite , 1xCascão , 1xCopo 200ml","28",0,0,0,"28","10.8","Tarjeta Débito","","Lucas",""
"11308-2","Sale","01/30/2026 5:08 PM",2,3,"1xMilkshake 400ml, 2xCascão ","32",0,0,0,"32","16.6","Efectivo","","Lucas",""
"11309-2","Sale","01/30/2026 5:17 PM",1,1,"1xMilkshake 500ml","16",0,0,0,"16",0,"Tarjeta Débito","","Lucas",""
"11310-2","Sale","01/30/2026 5:17 PM",3,3,"1xCrepe suíço salgado , 1xChurros doce de leite , 1xCasquinha ","27",0,0,0,"27","10","Pix","","Lucas",""
"11312-2","Sale","01/30/2026 5:22 PM",1,3,"3xCasquinha ","21",0,0,0,"21","18","Tarjeta Débito","","Lucas",""
"11313-2","Sale","01/30/2026 5:32 PM",1,2,"2xMilkshake 300ml","22",0,0,0,"22","2","Tarjeta Débito","","Lucas",""
"11314-2","Sale","01/30/2026 5:41 PM",1,2,"2xCascão ","18",0,0,0,"18","15.6","Efectivo","","Lucas",""
"11315-2","Sale","01/30/2026 5:52 PM",1,2,"2xCascão ","18",0,0,0,"18","15.6","Pix","","Lucas",""
"11316-2","Sale","01/30/2026 5:52 PM",1,1,"1xÁgua com gás ","4.5",0,0,0,"4.5","3.3","Pix","","Lucas",""
"11317-2","Sale","01/30/2026 5:55 PM",1,2,"2xCopo 200ml","18",0,0,0,"18","2","Tarjeta Débito","","Lucas",""
"11318-2","Sale","01/30/2026 6:00 PM",1,1,"1xCombo 1","15",0,0,0,"15","1","Tarjeta Crédito","","Lucas",""
"11319-2","Sale","01/30/2026 6:01 PM",1,1,"1xMilkshake 400ml","14",0,0,0,"14","1","Tarjeta Débito","","Lucas",""
"11320-2","Sale","01/30/2026 6:03 PM",2,2,"1xMilkshake 300ml, 1xÁgua com gás ","15.5",0,0,0,"15.5","4.3","Tarjeta Crédito","","Lucas",""
"11321-2","Sale","01/30/2026 6:06 PM",1,2,"2xMilkshake 400ml","28",0,0,0,"28","2","Pix","","Lucas",""
"11322-2","Sale","01/30/2026 6:18 PM",1,2,"2xCasquinha ","14",0,0,0,"14","12","Efectivo","","Lucas",""
"11323-2","Sale","01/30/2026 6:22 PM",1,1,"1xMilkshake 400ml","14",0,0,0,"14","1","Pix","","Lucas",""
"11324-2","Sale","01/30/2026 6:29 PM",2,2,"1xChurros doce de leite , 1xMilkshake 400ml","24",0,0,0,"24","3","Tarjeta Débito","","Lucas",""
"11325-2","Sale","01/30/2026 6:30 PM",1,1,"1xCasquinha ","7",0,0,0,"7","6","Tarjeta Débito","","Lucas",""
"11326-2","Sale","01/30/2026 6:31 PM",1,1,"1xMilkshake 400ml","14",0,0,0,"14","1","Tarjeta Débito","","Lucas",""
"11327-2","Sale","01/30/2026 6:36 PM",1,2,"2xCasquinha ","14",0,0,0,"14","12","Tarjeta Débito","","Lucas",""
"11328-2","Sale","01/30/2026 6:48 PM",1,1,"1xCasquinha ","7",0,0,0,"7","6","Efectivo","","Lucas",""
"11329-2","Sale","01/30/2026 6:50 PM",1,1,"1xRefri 310ml","7",0,0,0,"7","1","Tarjeta Débito","","Lucas",""
"11330-2","Sale","01/30/2026 7:02 PM",1,2,"2xMilkshake 500ml","32",0,0,0,"32",0,"Pix","","Lucas",""
"11331-2","Sale","01/30/2026 7:19 PM",3,5,"2xCascão , 2xCopo 150ml, 1xÁgua sem gás ","36",0,0,0,"36","17.6","Tarjeta Débito","","Lucas",""
"11332-2","Sale","01/30/2026 7:22 PM",1,1,"1xCopo 250ml","11",0,0,0,"11","1","Pix","","Lucas",""
"11333-2","Sale","01/30/2026 7:32 PM",1,1,"1xCopo 150ml","7",0,0,0,"7","1","Tarjeta Débito","","Lucas",""
"11334-2","Sale","01/30/2026 7:38 PM",1,1,"1xCascão ","9",0,0,0,"9","7.8","Efectivo","","Lucas",""
"11335-2","Sale","01/30/2026 7:42 PM",1,2,"2xCascão ","18",0,0,0,"18","15.6","Tarjeta Crédito","","Lucas",""
"11336-2","Sale","01/30/2026 7:52 PM",1,4,"4xMilkshake 300ml","44",0,0,0,"44","4","Tarjeta Débito","","Lucas",""
"11337-2","Sale","01/31/2026 10:51 AM",1,2,"2xCopo 150ml","14",0,0,0,"14","2","Tarjeta Crédito","","Lucas",""
"11338-2","Sale","01/31/2026 10:54 AM",1,1,"1xMilkshake 500ml","16",0,0,0,"16",0,"Tarjeta Débito","","Lucas",""
"11339-2","Sale","01/31/2026 11:27 AM",2,2,"1xMilkshake 500ml, 1xCasquinha ","23",0,0,0,"23","6","Pix","","Lucas",""
"11340-2","Sale","01/31/2026 11:29 AM",1,1,"1xCascão ","9",0,0,0,"9","7.8","Efectivo","","Lucas",""
"11341-2","Sale","01/31/2026 11:36 AM",1,1,"1xRefri 310ml","7",0,0,0,"7","1","Tarjeta Débito","","Lucas",""
"11342-2","Sale","01/31/2026 11:39 AM",2,2,"1xMilkshake 300ml, 1xCasquinha ","18",0,0,0,"18","7","Efectivo","","Lucas",""
"11344-2","Sale","01/31/2026 11:43 AM",1,2,"2xCasquinha ","14",0,0,0,"14","12","Pix","","Lucas",""
"11345-2","Sale","01/31/2026 11:44 AM",1,2,"2xÁgua com gás ","9",0,0,0,"9","6.6","Pix","","Lucas",""
"11346-2","Sale","01/31/2026 11:45 AM",2,2,"1xCopo 150ml, 1xÁgua sem gás ","11",0,0,0,"11","1","Pix","","Lucas",""
"11347-2","Sale","01/31/2026 11:47 AM",1,2,"2xCasquinha ","14",0,0,0,"14","12","Efectivo","","Lucas",""
"11348-2","Sale","01/31/2026 12:08 PM",2,2,"1xÁgua sem gás , 1xÁgua com gás ","8.5",0,0,0,"8.5","3.3","Efectivo","","Lucas",""
"11349-2","Sale","01/31/2026 12:11 PM",2,2,"1xCasquinha , 1xCascão ","16",0,0,0,"16","13.8","Tarjeta Débito","","Lucas",""
"11350-2","Sale","01/31/2026 12:22 PM",1,1,"1xCasquinha ","7",0,0,0,"7","6","Tarjeta Crédito","","Lucas",""
"11351-2","Sale","01/31/2026 12:27 PM",1,1,"1xCascão ","9",0,0,0,"9","7.8","Tarjeta Débito","","Lucas",""
"11352-2","Sale","01/31/2026 12:31 PM",1,1,"1xÁgua sem gás ","4",0,0,0,"4",0,"Efectivo","","Lucas",""
"11353-2","Sale","01/31/2026 12:39 PM",2,4,"1xChurros de chocolate , 3xChurros doce de leite ","40",0,0,0,"40","8","Tarjeta Débito","","Lucas",""
"11354-2","Sale","01/31/2026 12:44 PM",1,1,"1xMilkshake 400ml","14",0,0,0,"14","1","Tarjeta Crédito","","Lucas",""
"11355-2","Sale","01/31/2026 12:48 PM",1,1,"1xChurros de chocolate ","10",0,0,0,"10","2","Efectivo","","Lucas",""
"11356-2","Sale","01/31/2026 1:00 PM",1,3,"3xMilkshake 300ml","33",0,0,0,"33","3","Efectivo","","Lucas",""
"11357-2","Sale","01/31/2026 1:04 PM",1,1,"1xCascão ","9",0,0,0,"9","7.8","Efectivo","","Lucas",""
"11358-2","Sale","01/31/2026 1:13 PM",1,2,"2xChurros doce de leite ","20",0,0,0,"20","4","Pix","","Lucas",""
"11359-2","Sale","01/31/2026 1:15 PM",1,1,"1xRefri 310ml","7",0,0,0,"7","1","Tarjeta Débito","","Lucas",""
"11360-2","Sale","01/31/2026 1:17 PM",1,1,"1xÁgua sem gás ","4",0,0,0,"4",0,"Pix","","Lucas",""
"11361-2","Sale","01/31/2026 1:22 PM",1,1,"1xCasquinha ","7",0,0,0,"7","6","Efectivo","","Lucas",""
"11362-2","Sale","01/31/2026 1:30 PM",1,2,"2xMilkshake 400ml","28",0,0,0,"28","2","Tarjeta Crédito","","Lucas",""
"11364-2","Sale","01/31/2026 2:15 PM",1,2,"2xRefri 310ml","14",0,0,0,"14","2","Tarjeta Débito","","Lucas",""
"11365-2","Sale","01/31/2026 2:24 PM",1,1,"1xMilkshake 400ml","14",0,0,0,"14","1","Tarjeta Crédito","","Lucas",""
"11366-2","Sale","01/31/2026 2:25 PM",1,1,"1xCopo 150ml","7",0,0,0,"7","1","Pix","","Lucas",""
"11367-2","Sale","01/31/2026 2:27 PM",2,2,"1xCopo 200ml, 1xMilkshake 500ml","25",0,0,0,"25","1","Pix","","Lucas",""
"11368-2","Sale","01/31/2026 2:28 PM",2,2,"1xCopo 200ml, 1xÁgua com gás ","13.5",0,0,0,"13.5","4.3","Tarjeta Débito","","Lucas",""
"11369-2","Sale","01/31/2026 2:30 PM",1,1,"1xMilkshake 500ml","16",0,0,0,"16",0,"Efectivo","","Lucas",""
"11370-2","Sale","01/31/2026 2:37 PM",1,1,"1xCopo 150ml","7",0,0,0,"7","1","Tarjeta Crédito","","Lucas",""
"11371-2","Sale","01/31/2026 2:40 PM",1,1,"1xMilkshake 400ml","14",0,0,0,"14","1","Tarjeta Débito","","Lucas",""
"11372-2","Sale","01/31/2026 2:44 PM",2,4,"3xMilkshake 400ml, 1xCopo 150ml","49",0,0,0,"49","4","Efectivo","","Lucas",""
"11373-2","Sale","01/31/2026 2:45 PM",1,1,"1xCascão ","9",0,0,0,"9","7.8","Efectivo","","Lucas",""
"11374-2","Sale","01/31/2026 2:50 PM",1,2,"2xCasquinha ","14",0,0,0,"14","12","Tarjeta Débito","","Lucas",""
"11375-2","Sale","01/31/2026 2:51 PM",2,2,"1xCasquinha , 1xCascão ","16",0,0,0,"16","13.8","Tarjeta Crédito","","Lucas",""
"11376-2","Sale","01/31/2026 2:55 PM",1,2,"2xCasquinha ","14",0,0,0,"14","12","Efectivo","","Lucas",""
"11377-2","Sale","01/31/2026 2:56 PM",1,2,"2xCascão ","18",0,0,0,"18","15.6","Otros","","Lucas",""
"11378-2","Sale","01/31/2026 2:57 PM",2,2,"1xCopo 150ml, 1xÁgua sem gás ","11",0,0,0,"11","1","Efectivo","","Lucas",""
"11379-2","Sale","01/31/2026 3:01 PM",1,1,"1xMilkshake 500ml","16",6,0,0,"10",0,"Efectivo","","Lucas",""
"11380-2","Sale","01/31/2026 3:06 PM",2,2,"1xMilkshake 300ml, 1xMilkshake 400ml","25",0,0,0,"25","2","Tarjeta Débito","","Lucas",""
"11381-2","Sale","01/31/2026 3:17 PM",1,1,"1xCasquinha ","7",0,0,0,"7","6","Tarjeta Débito","","Lucas",""
"11382-2","Sale","01/31/2026 3:23 PM",1,2,"2xCascão ","18",0,0,0,"18","15.6","Efectivo","","Lucas",""
"11383-2","Sale","01/31/2026 3:26 PM",2,2,"1xCasquinha , 1xCopo 150ml","14",0,0,0,"14","7","Efectivo","","Lucas",""
"11384-2","Sale","01/31/2026 3:27 PM",1,1,"1xÁgua sem gás ","4",0,0,0,"4",0,"Efectivo","","Lucas",""
"11385-2","Sale","01/31/2026 3:33 PM",2,3,"2xMilkshake 300ml, 1xCopo 150ml","29",0,0,0,"29","3","Pix","","Lucas",""
"11386-2","Sale","01/31/2026 3:35 PM",2,2,"1xMilkshake 500ml, 1xÁgua sem gás ","20",0,0,0,"20",0,"Efectivo","","Lucas",""
"11387-2","Sale","01/31/2026 3:43 PM",1,2,"2xCasquinha ","14",0,0,0,"14","12","Efectivo","","Lucas",""
"11388-2","Sale","01/31/2026 3:47 PM",1,3,"3xMilkshake 300ml","33",0,0,0,"33","3","Tarjeta Débito","","Lucas",""
"11389-2","Sale","01/31/2026 3:48 PM",1,2,"2xMilkshake 500ml","32",0,0,0,"32",0,"Tarjeta Crédito","","Lucas",""
"11390-2","Sale","01/31/2026 3:52 PM",1,1,"1xMilkshake 300ml","11",0,0,0,"11","1","Efectivo","","Lucas",""
"11391-2","Sale","01/31/2026 3:52 PM",1,2,"2xÁgua sem gás ","8",0,0,0,"8",0,"Tarjeta Débito","","Lucas",""
"11392-2","Sale","01/31/2026 4:01 PM",2,2,"1xCasquinha , 1xMilkshake 400ml","21",0,0,0,"21","7","Efectivo","","Lucas",""
"11393-2","Sale","01/31/2026 4:06 PM",1,2,"2xMilkshake 300ml","22",0,0,0,"22","2","Pix","","Lucas",""
"11394-2","Sale","01/31/2026 4:11 PM",1,1,"1xÁgua sem gás ","4",0,0,0,"4",0,"Tarjeta Crédito","","Lucas",""
"11395-2","Sale","01/31/2026 4:16 PM",2,3,"2xMilkshake 500ml, 1xCascão ","41",0,0,0,"41","7.8","Pix","","Lucas",""
"11396-2","Sale","01/31/2026 4:16 PM",1,1,"1xÁgua com gás ","4.5",0,0,0,"4.5","3.3","Pix","","Lucas",""
"11397-2","Sale","01/31/2026 4:21 PM",2,2,"1xÁgua sem gás , 1xÁgua com gás ","8.5",0,0,0,"8.5","3.3","Pix","","Lucas",""
"11398-2","Sale","01/31/2026 4:28 PM",2,4,"2xCrepe suíço doce, 2xCrepe suíço salgado ","42",0,0,0,"42","10","Efectivo","","Lucas",""
"11399-2","Sale","01/31/2026 4:30 PM",1,1,"1xMilkshake 500ml","16",0,0,0,"16",0,"Pix","","Lucas",""
"11400-2","Sale","01/31/2026 4:33 PM",1,2,"2xMilkshake 300ml","22",0,0,0,"22","2","Efectivo","","Lucas",""
"11401-2","Sale","01/31/2026 4:37 PM",1,1,"1xMilkshake 300ml","11",0,0,0,"11","1","Tarjeta Débito","","Lucas",""
"11402-2","Sale","01/31/2026 4:39 PM",1,2,"2xMilkshake 300ml","22",0,0,0,"22","2","Tarjeta Débito","","Lucas",""
"11403-2","Sale","01/31/2026 4:40 PM",1,1,"1xMilkshake 500ml","16",0,0,0,"16",0,"Tarjeta Débito","","Lucas",""
"11404-2","Sale","01/31/2026 4:45 PM",2,3,"2xChurros doce de leite , 1xChurros de chocolate ","30",0,0,0,"30","6","Efectivo","","Lucas",""
"11405-2","Sale","01/31/2026 4:46 PM",1,1,"1xCasquinha ","7",0,0,0,"7","6","Efectivo","","Lucas",""
"11406-2","Sale","01/31/2026 4:49 PM",1,1,"1xRefri 310ml","7",0,0,0,"7","1","Efectivo","","Lucas",""
"11407-2","Sale","01/31/2026 4:58 PM",2,3,"2xChurros de chocolate , 1xMilkshake 500ml","36",0,0,0,"36","4","Tarjeta Débito","","Lucas",""
"11408-2","Sale","01/31/2026 5:03 PM",1,2,"2xCascão ","18",0,0,0,"18","15.6","Tarjeta Crédito","","Lucas",""
"11409-2","Sale","01/31/2026 5:04 PM",1,1,"1xCasquinha ","7",0,0,0,"7","6","Efectivo","","Lucas",""
"11410-2","Sale","01/31/2026 5:06 PM",2,2,"1xCrepe suíço salgado , 1xCascão ","19",0,0,0,"19","9.8","Tarjeta Débito","","Lucas",""
"11411-2","Sale","01/31/2026 5:10 PM",1,3,"3xCasquinha ","21",0,0,0,"21","18","Tarjeta Débito","","Lucas",""
"11412-2","Sale","01/31/2026 5:15 PM",1,3,"3xMilkshake 300ml","33",0,0,0,"33","3","Tarjeta Crédito","","Lucas",""
"11413-2","Sale","01/31/2026 5:20 PM",1,2,"2xMilkshake 300ml","22",0,0,0,"22","2","Tarjeta Débito","","Lucas",""
"11414-2","Sale","01/31/2026 5:26 PM",1,1,"1xCasquinha ","7",0,0,0,"7","6","Tarjeta Débito","","Lucas",""
"11415-2","Sale","01/31/2026 5:26 PM",1,1,"1xCasquinha ","7",0,0,0,"7","6","Tarjeta Débito","","Lucas",""
"11416-2","Sale","01/31/2026 5:27 PM",1,1,"1xMilkshake 500ml","16",0,0,0,"16",0,"Tarjeta Débito","","Lucas",""
"11417-2","Sale","01/31/2026 5:31 PM",1,1,"1xMilkshake 300ml","11",0,0,0,"11","1","Tarjeta Crédito","","Lucas",""
"11418-2","Sale","01/31/2026 5:32 PM",1,2,"2xCasquinha ","14",0,0,0,"14","12","Pix","","Lucas",""
"11419-2","Sale","01/31/2026 5:34 PM",2,5,"4xCasquinha , 1xRefri 310ml","35",0,0,0,"35","25","Pix","","Lucas",""
"11420-2","Sale","01/31/2026 5:39 PM",1,2,"2xCasquinha ","14",0,0,0,"14","12","Pix","","Lucas",""
"11421-2","Sale","01/31/2026 5:46 PM",1,1,"1xCascão ","9",0,0,0,"9","7.8","Efectivo","","Lucas",""
"11422-2","Sale","01/31/2026 5:51 PM",1,2,"2xMilkshake 400ml","28",0,0,0,"28","2","Efectivo","","Lucas",""
"11423-2","Sale","01/31/2026 5:55 PM",2,4,"1xÁgua sem gás , 3xCasquinha ","25",0,0,0,"25","18","Pix","","Lucas",""
"11424-2","Sale","01/31/2026 6:06 PM",2,4,"1xCopo 150ml, 3xCascão ","34",0,0,0,"34","24.4","Tarjeta Crédito","","Lucas",""
"11425-2","Sale","01/31/2026 6:10 PM",1,1,"1xMilkshake 500ml","16",6,0,0,"10",0,"Efectivo","","Lucas",""
"11426-2","Sale","01/31/2026 6:19 PM",1,1,"1xMilkshake 300ml","11",0,0,0,"11","1","Tarjeta Débito","","Lucas",""
"11427-2","Sale","01/31/2026 6:26 PM",1,2,"2xCascão ","18",0,0,0,"18","15.6","Tarjeta Débito","","Lucas",""
"11428-2","Sale","01/31/2026 6:53 PM",1,1,"1xMilkshake 400ml","14",0,0,0,"14","1","Pix","","Lucas",""
"11429-2","Sale","01/31/2026 6:55 PM",1,1,"1xCopo 200ml","9",4,0,0,"5","-3","Tarjeta Débito","","Lucas",""
"11430-2","Sale","01/31/2026 7:04 PM",1,1,"1xChurros de chocolate ","10",0,0,0,"10","2","Tarjeta Débito","","Lucas",""
"11431-2","Sale","01/31/2026 7:41 PM",1,2,"2xMilkshake 400ml","28",0,0,0,"28","2","Tarjeta Débito","","Lucas",""
"11343-2","Sale","01/31/2026 11:41 AM",1,1,"1xCascão ","9",0,0,0,"9","7.8","Efectivo","","Lucas",""
"11363-2","Sale","01/31/2026 1:56 PM",2,2,"1xÁgua sem gás , 1xÁgua com gás ","8.5",0,0,0,"8.5","3.3","Efectivo, Pix","","Lucas",""
"11432-2","Sale","02/02/2026 1:52 PM",1,2,"2xCasquinha ","14",0,0,0,"14","12","Tarjeta Débito","","Lucas",""
"11433-2","Sale","02/02/2026 1:59 PM",1,4,"4xMilkshake 300ml","44",0,0,0,"44","4","Efectivo","","Lucas",""
"11434-2","Sale","02/02/2026 2:02 PM",1,2,"2xMilkshake 400ml","28",0,0,0,"28","2","Tarjeta Débito","","Lucas",""
"11436-2","Sale","02/02/2026 2:06 PM",1,1,"1xMilkshake 300ml","11",0,0,0,"11","1","Pix","","Lucas",""
"11437-2","Sale","02/02/2026 2:08 PM",3,4,"1xMilkshake 300ml, 1xÁgua sem gás , 2xÁgua com gás ","24",0,0,0,"24","7.6","Tarjeta Débito","","Lucas",""
"11438-2","Sale","02/02/2026 2:10 PM",1,1,"1xCombo 1","15",0,0,0,"15","1","Tarjeta Débito","","Lucas",""
"11439-2","Sale","02/02/2026 2:20 PM",1,4,"4xCasquinha ","28",0,0,0,"28","24","Pix","","Lucas",""
"11440-2","Sale","02/02/2026 2:37 PM",1,1,"1xCasquinha ","7",0,0,0,"7","6","Efectivo","","Lucas",""
"11441-2","Sale","02/02/2026 2:41 PM",3,4,"1xMilkshake 300ml, 2xCascão , 1xÁgua com gás ","33.5",0,0,0,"33.5","19.9","Tarjeta Crédito","","Lucas",""
"11442-2","Sale","02/02/2026 2:49 PM",1,1,"1xÁgua sem gás ","4",0,0,0,"4",0,"Tarjeta Débito","","Lucas",""
"11443-2","Sale","02/02/2026 2:52 PM",1,1,"1xCascão ","9",0,0,0,"9","7.8","Pix","","Lucas",""
"11435-2","Sale","02/02/2026 2:04 PM",1,1,"1xMilkshake 300ml","11",0,0,0,"11","1","Efectivo","","Lucas",""
"11444-2","Sale","02/02/2026 3:08 PM",2,2,"1xMilkshake 300ml, 1xCasquinha ","18",0,0,0,"18","7","Pix","","Lucas",""
"11445-2","Sale","02/02/2026 3:11 PM",1,1,"1xMilkshake 400ml","14",0,0,0,"14","1","Efectivo","","Lucas",""
"11446-2","Sale","02/02/2026 3:11 PM",2,2,"1xMilkshake 500ml, 1xCasquinha ","23",0,0,0,"23","6","Tarjeta Débito","","Lucas",""
"11447-2","Sale","02/02/2026 3:14 PM",2,2,"1xCrepe suíço salgado , 1xCopo 150ml","17",0,0,0,"17","3","Pix","","Lucas",""
"11448-2","Sale","02/02/2026 3:16 PM",1,2,"2xCascão ","18",0,0,0,"18","15.6","Efectivo","","Lucas",""
"11449-2","Sale","02/02/2026 3:18 PM",1,1,"1xCascão ","9",0,0,0,"9","7.8","Efectivo","","Lucas",""
"11450-2","Sale","02/02/2026 3:19 PM",3,3,"1xCopo 150ml, 1xMilkshake 400ml, 1xCrepe suíço doce","32",0,0,0,"32","5","Efectivo","","Lucas",""
"11451-2","Sale","02/02/2026 3:25 PM",1,1,"1xMilkshake 300ml","11",0,0,0,"11","1","Efectivo","","Lucas",""
"11452-2","Sale","02/02/2026 3:25 PM",1,2,"2xCrepe suíço salgado ","20",0,0,0,"20","4","Efectivo","","Lucas",""
"11453-2","Sale","02/02/2026 3:27 PM",1,1,"1xMilkshake 300ml","11",0,0,0,"11","1","Tarjeta Débito","","Lucas",""
"11454-2","Sale","02/02/2026 3:31 PM",1,1,"1xCopo 200ml","9",0,0,0,"9","1","Efectivo","","Lucas",""
"11455-2","Sale","02/02/2026 3:39 PM",1,1,"1xCascão ","9",0,0,0,"9","7.8","Efectivo","","Lucas",""
"11456-2","Sale","02/02/2026 3:41 PM",1,1,"1xÁgua sem gás ","4",0,0,0,"4",0,"Pix","","Lucas",""
"11457-2","Sale","02/02/2026 3:43 PM",1,2,"2xCasquinha ","14",0,0,0,"14","12","Tarjeta Débito","","Lucas",""
"11458-2","Sale","02/02/2026 3:47 PM",1,1,"1xÁgua com gás ","4.5",0,0,0,"4.5","3.3","Pix","","Lucas",""
"11459-2","Sale","02/02/2026 3:50 PM",1,2,"2xCascão ","18",0,0,0,"18","15.6","Efectivo","","Lucas",""
"11460-2","Sale","02/02/2026 3:53 PM",1,2,"2xCopo 150ml","14",0,0,0,"14","2","Efectivo","","Lucas",""
"11461-2","Sale","02/02/2026 3:53 PM",1,1,"1xCasquinha ","7",0,0,0,"7","6","Tarjeta Débito","","Lucas",""
"11462-2","Sale","02/02/2026 3:59 PM",1,1,"1xMilkshake 300ml","11",0,0,0,"11","1","Tarjeta Débito","","Lucas",""
"11463-2","Sale","02/02/2026 4:01 PM",1,1,"1xMilkshake 500ml","16",0,0,0,"16",0,"Tarjeta Débito","","Lucas",""
"11464-2","Sale","02/02/2026 4:03 PM",1,1,"1xMilkshake 300ml","11",0,0,0,"11","1","Otros","","Lucas",""
"11465-2","Sale","02/02/2026 4:17 PM",2,2,"1xCrepe suíço doce, 1xCombo 3","26",0,0,0,"26","4","Pix","","Lucas",""
"11466-2","Sale","02/02/2026 4:24 PM",2,3,"1xMilkshake 300ml, 2xCopo 200ml","29",0,0,0,"29","3","Efectivo","","Lucas",""
"11467-2","Sale","02/02/2026 4:34 PM",1,2,"2xChurros doce de leite ","20",0,0,0,"20","4","Tarjeta Débito","","Lucas",""
"11468-2","Sale","02/02/2026 4:44 PM",1,1,"1xMilkshake 300ml","11",0,0,0,"11","1","Efectivo","","Lucas",""
"11469-2","Sale","02/02/2026 4:50 PM",3,4,"2xCrepe suíço salgado , 1xChurros de chocolate , 1xCrepe suíço doce","41",0,0,0,"41","9","Tarjeta Crédito","","Lucas",""
"11470-2","Sale","02/02/2026 4:51 PM",2,2,"1xCrepe suíço salgado , 1xChurros de chocolate ","20",0,0,0,"20","4","Efectivo","","Lucas",""
"11471-2","Sale","02/02/2026 4:57 PM",2,2,"1xMilkshake 500ml, 1xCascão ","25",0,0,0,"25","7.8","Efectivo","","Lucas",""
"11472-2","Sale","02/02/2026 5:02 PM",4,4,"1xCascão , 1xMilkshake 300ml, 1xCasquinha , 1xRefri 310ml","34",0,0,0,"34","15.8","Efectivo","","Lucas",""
"11473-2","Sale","02/02/2026 5:07 PM",1,1,"1xRefri 310ml","7",0,0,0,"7","1","Efectivo","","Lucas",""
"11474-2","Sale","02/02/2026 5:08 PM",1,2,"2xCascão ","18",0,0,0,"18","15.6","Efectivo","","Lucas",""
"11475-2","Sale","02/02/2026 5:11 PM",1,2,"2xCascão ","18",0,0,0,"18","15.6","Tarjeta Crédito","","Lucas",""
"11476-2","Sale","02/02/2026 5:21 PM",1,2,"2xCasquinha ","14",0,0,0,"14","12","Efectivo","","Lucas",""
"11477-2","Sale","02/02/2026 5:31 PM",1,2,"2xMilkshake 400ml","28",0,0,0,"28","2","Tarjeta Débito","","Lucas",""
"11478-2","Sale","02/02/2026 5:32 PM",2,2,"1xChurros doce de leite , 1xChurros de chocolate ","20",0,0,0,"20","4","Pix","","Lucas",""
"11480-2","Sale","02/02/2026 5:44 PM",1,1,"1xCascão ","9",0,0,0,"9","7.8","Efectivo","","Lucas",""
"11482-2","Sale","02/02/2026 5:57 PM",1,2,"2xMilkshake 300ml","22",0,0,0,"22","2","Tarjeta Débito","","Lucas",""
"11483-2","Sale","02/02/2026 5:58 PM",1,1,"1xCombo 1","15",0,0,0,"15","1","Tarjeta Débito","","Lucas",""
"11484-2","Sale","02/02/2026 6:04 PM",1,1,"1xChurros de chocolate ","10",0,0,0,"10","2","Pix","","Lucas",""
"11485-2","Sale","02/02/2026 6:10 PM",1,2,"2xMilkshake 300ml","22",0,0,0,"22","2","Pix","","Lucas",""
"11486-2","Sale","02/02/2026 6:16 PM",2,3,"1xMilkshake 400ml, 2xCasquinha ","28",0,0,0,"28","13","Tarjeta Crédito","","Lucas",""
"11487-2","Sale","02/02/2026 6:20 PM",2,2,"1xCasquinha , 1xMilkshake 300ml","18",0,0,0,"18","7","Tarjeta Débito","","Lucas",""
"11488-2","Sale","02/02/2026 6:21 PM",1,1,"1xMilkshake 300ml","11",0,0,0,"11","1","Pix","","Lucas",""
"11489-2","Sale","02/02/2026 6:24 PM",1,1,"1xMilkshake 500ml","16",0,0,0,"16",0,"Tarjeta Débito","","Lucas",""
"11490-2","Sale","02/02/2026 6:44 PM",1,1,"1xRefri 310ml","7",0,0,0,"7","1","Pix","","Lucas",""
"11491-2","Sale","02/02/2026 6:47 PM",1,2,"2xCasquinha ","14",0,0,0,"14","12","Pix","","Lucas",""
"11492-2","Sale","02/02/2026 6:48 PM",1,1,"1xCopo 200ml","9",0,0,0,"9","1","Efectivo","","Lucas",""
"11493-2","Sale","02/02/2026 6:50 PM",1,1,"1xCasquinha ","7",0,0,0,"7","6","Pix","","Lucas",""
"11494-2","Sale","02/02/2026 7:07 PM",2,2,"1xCopo 150ml, 1xCasquinha ","14",0,0,0,"14","7","Pix","","Lucas",""
"11495-2","Sale","02/02/2026 7:08 PM",1,1,"1xChurros de chocolate ","10",0,0,0,"10","2","Tarjeta Débito","","Lucas",""
"11496-2","Sale","02/02/2026 7:28 PM",1,1,"1xÁgua sem gás ","4",0,0,0,"4",0,"Tarjeta Débito","","Lucas",""
"11481-2","Sale","02/02/2026 5:55 PM",2,6,"5xMilkshake 500ml, 1xMilkshake 300ml","91",0,0,0,"91","1","Efectivo","","Lucas",""
"11479-2","Sale","02/02/2026 5:34 PM",1,1,"1xCasquinha ","7",0,0,0,"7","6","Tarjeta Débito","","Lucas",""
"11497-2","Sale","02/04/2026 1:29 PM",1,2,"2xMilkshake 300ml","22",0,0,0,"22","2","Tarjeta Débito","","Lucas",""
"11498-2","Sale","02/04/2026 1:32 PM",1,1,"1xCopo 150ml","7",0,0,0,"7","1","Tarjeta Débito","","Lucas",""
"11499-2","Sale","02/04/2026 1:40 PM",1,1,"1xMilkshake 300ml","11",0,0,0,"11","1","Pix","","Lucas",""
"11500-2","Sale","02/04/2026 1:42 PM",2,2,"1xCopo 250ml, 1xCopo 200ml","20",0,0,0,"20","2","Efectivo","","Lucas",""
"11501-2","Sale","02/04/2026 1:47 PM",1,3,"3xCasquinha ","21",0,0,0,"21","18","Efectivo","","Lucas",""
"11502-2","Sale","02/04/2026 1:53 PM",2,3,"1xÁgua sem gás , 2xCascão ","22",0,0,0,"22","15.6","Tarjeta Débito","","Lucas",""
"11503-2","Sale","02/04/2026 2:02 PM",2,2,"1xChurros doce de leite , 1xÁgua sem gás ","14",0,0,0,"14","2","Tarjeta Débito","","Lucas",""
"11504-2","Sale","02/04/2026 2:09 PM",1,3,"3xCopo 150ml","21",0,0,0,"21","3","Efectivo","","Lucas",""
"11505-2","Sale","02/04/2026 2:14 PM",1,1,"1xMilkshake 300ml","11",0,0,0,"11","1","Efectivo","","Lucas",""
"11506-2","Sale","02/04/2026 2:17 PM",1,2,"2xMilkshake 300ml","22",0,0,0,"22","2","Pix","","Lucas",""
"11507-2","Sale","02/04/2026 2:21 PM",1,1,"1xMilkshake 300ml","11",0,0,0,"11","1","Efectivo","","Lucas",""
"11508-2","Sale","02/04/2026 2:22 PM",1,1,"1xCascão ","9",0,0,0,"9","7.8","Efectivo","","Lucas",""
"11509-2","Sale","02/04/2026 2:43 PM",1,1,"1xÁgua sem gás ","4",0,0,0,"4",0,"Tarjeta Débito","","Lucas",""
"11510-2","Sale","02/04/2026 2:47 PM",1,1,"1xCopo 200ml","9",0,0,0,"9","1","Tarjeta Débito","","Lucas",""
"11511-2","Sale","02/04/2026 2:51 PM",3,6,"2xCasquinha , 2xCopo 200ml, 2xCrepe suíço salgado ","52",0,0,0,"52","18","Tarjeta Débito","","Lucas",""
"11512-2","Sale","02/04/2026 3:00 PM",3,4,"1xCopo 150ml, 2xCasquinha , 1xMilkshake 300ml","32",0,0,0,"32","14","Tarjeta Débito","","Lucas",""
"11513-2","Sale","02/04/2026 3:06 PM",1,3,"3xMilkshake 300ml","33",0,0,0,"33","3","Efectivo","","Lucas",""
"11514-2","Sale","02/04/2026 3:12 PM",1,1,"1xMilkshake 300ml","11",0,0,0,"11","1","Efectivo","","Lucas",""
"11515-2","Sale","02/04/2026 3:16 PM",1,1,"1xMilkshake 500ml","16",0,0,0,"16",0,"Efectivo","","Lucas",""
"11516-2","Sale","02/04/2026 3:27 PM",1,2,"2xMilkshake 300ml","22",0,0,0,"22","2","Tarjeta Débito","","Lucas",""
"11517-2","Sale","02/04/2026 3:31 PM",1,1,"1xCasquinha ","7",0,0,0,"7","6","Efectivo","","Lucas",""
"11518-2","Sale","02/04/2026 3:31 PM",1,2,"2xRefri 310ml","14",0,0,0,"14","2","Tarjeta Débito","","Lucas",""
"11519-2","Sale","02/04/2026 3:38 PM",1,1,"1xCasquinha ","7",0,0,0,"7","6","Tarjeta Crédito","","Lucas",""
"11520-2","Sale","02/04/2026 3:38 PM",1,1,"1xCasquinha ","7",0,0,0,"7","6","Tarjeta Débito","","Lucas",""
"11521-2","Sale","02/04/2026 3:50 PM",1,4,"4xCasquinha ","28",0,0,0,"28","24","Tarjeta Crédito","","Lucas",""
"11522-2","Sale","02/04/2026 3:53 PM",1,3,"3xMilkshake 300ml","33",0,0,0,"33","3","Pix","","Lucas",""
"11523-2","Sale","02/04/2026 4:00 PM",1,1,"1xCasquinha ","7",0,0,0,"7","6","Efectivo","","Lucas",""
"11524-2","Sale","02/04/2026 4:03 PM",1,2,"2xMilkshake 300ml","22",0,0,0,"22","2","Tarjeta Crédito","","Lucas",""
"11525-2","Sale","02/04/2026 4:15 PM",3,3,"1xCopo 200ml, 1xMilkshake 300ml, 1xÁgua com gás ","24.5",0,0,0,"24.5","5.3","Efectivo","","Lucas",""
"11526-2","Sale","02/04/2026 4:16 PM",2,2,"1xCopo 150ml, 1xCasquinha ","14",0,0,0,"14","7","Tarjeta Débito","","Lucas",""
"11527-2","Sale","02/04/2026 4:17 PM",1,3,"3xCasquinha ","21",0,0,0,"21","18","Efectivo","","Lucas",""
"11528-2","Sale","02/04/2026 4:20 PM",1,1,"1xMilkshake 300ml","11",0,0,0,"11","1","Tarjeta Débito","","Lucas",""
"11529-2","Sale","02/04/2026 4:26 PM",2,2,"1xÁgua sem gás , 1xMilkshake 400ml","18",0,0,0,"18","1","Otros","","Lucas",""
"11530-2","Sale","02/04/2026 4:28 PM",1,1,"1xChurros doce de leite ","10",0,0,0,"10","2","Efectivo","","Lucas",""
"11531-2","Sale","02/04/2026 4:29 PM",1,2,"2xCascão ","18",0,0,0,"18","15.6","Efectivo","","Lucas",""
"11532-2","Sale","02/04/2026 4:30 PM",2,3,"2xÁgua sem gás , 1xÁgua com gás ","12.5",0,0,0,"12.5","3.3","Tarjeta Débito","","Lucas",""
"11533-2","Sale","02/04/2026 4:32 PM",1,1,"1xChurros doce de leite ","10",0,0,0,"10","2","Tarjeta Débito","","Lucas",""
"11534-2","Sale","02/04/2026 4:41 PM",1,1,"1xCascão ","9",0,0,0,"9","7.8","Otros","","Lucas",""
"11535-2","Sale","02/04/2026 4:50 PM",1,1,"1xCopo 150ml","7",0,0,0,"7","1","Efectivo","","Lucas",""
"11536-2","Sale","02/04/2026 4:53 PM",3,3,"1xCascão , 1xCopo 150ml, 1xCasquinha ","23",0,0,0,"23","14.8","Tarjeta Débito","","Lucas",""
"11537-2","Sale","02/04/2026 4:54 PM",2,3,"1xÁgua sem gás , 2xCascão ","22",0,0,0,"22","15.6","Tarjeta Débito","","Lucas",""
"11538-2","Sale","02/04/2026 5:05 PM",2,3,"2xCascão , 1xÁgua com gás ","22.5",0,0,0,"22.5","18.9","Tarjeta Débito","","Lucas",""
"11539-2","Sale","02/04/2026 5:06 PM",1,1,"1xChurros doce de leite ","10",0,0,0,"10","2","Tarjeta Débito","","Lucas",""
"11540-2","Sale","02/04/2026 5:19 PM",1,1,"1xMilkshake 500ml","16",0,0,0,"16",0,"Tarjeta Crédito","","Lucas",""
"11541-2","Sale","02/04/2026 5:33 PM",2,3,"1xCasquinha , 2xCopo 200ml","25",0,0,0,"25","8","Pix","","Lucas",""
"11542-2","Sale","02/04/2026 5:36 PM",1,1,"1xCasquinha ","7",0,0,0,"7","6","Efectivo","","Lucas",""
"11543-2","Sale","02/04/2026 5:43 PM",1,1,"1xCasquinha ","7",0,0,0,"7","6","Tarjeta Débito","","Lucas",""
"11544-2","Sale","02/04/2026 5:45 PM",1,1,"1xCascão ","9",0,0,0,"9","7.8","Tarjeta Crédito","","Lucas",""
"11545-2","Sale","02/04/2026 5:47 PM",1,1,"1xMilkshake 400ml","14",0,0,0,"14","1","Pix","","Lucas",""
"11546-2","Sale","02/04/2026 5:50 PM",4,4,"1xChurros de chocolate , 1xChurros doce de leite , 1xMilkshake 500ml, 1xCopo 250ml","47",0,0,0,"47","5","Pix","","Lucas",""
"11547-2","Sale","02/04/2026 5:53 PM",1,2,"2xCopo 200ml","18",0,0,0,"18","2","Efectivo","","Lucas",""
"11548-2","Sale","02/04/2026 5:54 PM",1,1,"1xCascão ","9",0,0,0,"9","7.8","Efectivo","","Lucas",""
"11549-2","Sale","02/04/2026 5:58 PM",1,1,"1xCopo 250ml","11",0,0,0,"11","1","Pix","","Lucas",""
"11550-2","Sale","02/04/2026 5:58 PM",1,1,"1xCombo 1","15",0,0,0,"15","1","Tarjeta Débito","","Lucas",""
"11551-2","Sale","02/04/2026 6:03 PM",1,2,"2xCascão ","18",0,0,0,"18","15.6","Otros","","Lucas",""
"11552-2","Sale","02/04/2026 6:03 PM",1,1,"1xCascão ","9",0,0,0,"9","7.8","Efectivo","","Lucas",""
"11553-2","Sale","02/04/2026 6:05 PM",2,2,"1xMilkshake 500ml, 1xÁgua sem gás ","20",0,0,0,"20",0,"Efectivo","","Lucas",""
"11554-2","Sale","02/04/2026 6:08 PM",1,1,"1xCrepe suíço doce","11",0,0,0,"11","3","Efectivo","","Lucas",""
"11555-2","Sale","02/04/2026 6:10 PM",1,1,"1xCascão ","9",0,0,0,"9","7.8","Efectivo","","Lucas",""
"11556-2","Sale","02/04/2026 6:15 PM",4,8,"1xCasquinha , 3xCrepe suíço salgado , 1xCrepe suíço doce, 3xÁgua com gás ","61.5",0,0,0,"61.5","24.9","Tarjeta Crédito","","Lucas",""
"11557-2","Sale","02/04/2026 6:27 PM",1,1,"1xChurros doce de leite ","10",0,0,0,"10","2","Efectivo","","Lucas",""
"11558-2","Sale","02/04/2026 6:28 PM",1,1,"1xCombo 3","15",0,0,0,"15","1","Tarjeta Débito","","Lucas",""
"11559-2","Sale","02/04/2026 6:33 PM",1,2,"2xCascão ","18",0,0,0,"18","15.6","Tarjeta Crédito","","Lucas",""
"11560-2","Sale","02/04/2026 6:34 PM",1,1,"1xCasquinha ","7",0,0,0,"7","6","Tarjeta Débito","","Lucas",""
"11561-2","Sale","02/04/2026 6:36 PM",1,2,"2xChurros doce de leite ","20",0,0,0,"20","4","Pix","","Lucas",""
"11562-2","Sale","02/04/2026 6:49 PM",1,1,"1xCopo 150ml","7",0,0,0,"7","1","Tarjeta Débito","","Lucas",""
"11563-2","Sale","02/04/2026 6:57 PM",1,1,"1xCasquinha ","7",0,0,0,"7","6","Efectivo","","Lucas",""
"11564-2","Sale","02/04/2026 7:09 PM",1,2,"2xCasquinha ","14",0,0,0,"14","12","Efectivo","","Lucas",""
"11565-2","Sale","02/04/2026 7:19 PM",2,2,"1xMilkshake 400ml, 1xCombo 2","30",0,0,0,"30","2","Pix","","Lucas",""
"11566-2","Sale","02/04/2026 7:29 PM",1,1,"1xChurros de chocolate ","10",0,0,0,"10","2","Tarjeta Crédito","","Lucas",""
"11567-2","Sale","02/05/2026 2:01 PM",2,2,"1xÁgua sem gás , 1xCascão ","13",0,0,0,"13","7.8","Efectivo","","Lucas",""
"11568-2","Sale","02/05/2026 2:27 PM",1,1,"1xCasquinha ","7",0,0,0,"7","6","Efectivo","","Lucas",""
"11569-2","Sale","02/05/2026 2:29 PM",1,1,"1xCascão ","9",0,0,0,"9","7.8","Efectivo","","Lucas",""
"11570-2","Sale","02/05/2026 2:30 PM",2,2,"1xÁgua sem gás , 1xÁgua com gás ","8.5",0,0,0,"8.5","3.3","Tarjeta Débito","","Lucas",""
"11571-2","Sale","02/05/2026 2:32 PM",1,1,"1xCasquinha ","7",0,0,0,"7","6","Efectivo","","Lucas",""
"11572-2","Sale","02/05/2026 2:41 PM",1,2,"2xÁgua sem gás ","8",0,0,0,"8",0,"Tarjeta Crédito","","Lucas",""
"11573-2","Sale","02/05/2026 2:56 PM",2,2,"1xMilkshake 400ml, 1xCrepe suíço doce","25",0,0,0,"25","4","Pix","","Lucas",""
"11574-2","Sale","02/05/2026 2:58 PM",1,2,"2xCasquinha ","14",0,0,0,"14","12","Tarjeta Débito","","Lucas",""
"11575-2","Sale","02/05/2026 2:59 PM",1,1,"1xCasquinha ","7",0,0,0,"7","6","Tarjeta Débito","","Lucas",""
"11576-2","Sale","02/05/2026 3:03 PM",1,1,"1xCasquinha ","7",0,0,0,"7","6","Tarjeta Débito","","Lucas",""
"11577-2","Sale","02/05/2026 3:12 PM",1,1,"1xCascão ","9",0,0,0,"9","7.8","Efectivo","","Lucas",""
"11578-2","Sale","02/05/2026 3:14 PM",1,1,"1xCasquinha ","7",0,0,0,"7","6","Tarjeta Débito","","Lucas",""
"11579-2","Sale","02/05/2026 3:25 PM",1,2,"2xMilkshake 500ml","32",0,0,0,"32",0,"Tarjeta Débito","","Lucas",""
"11580-2","Sale","02/05/2026 3:26 PM",1,2,"2xChurros doce de leite ","20",0,0,0,"20","4","Efectivo","","Lucas",""
"11581-2","Sale","02/05/2026 3:27 PM",1,1,"1xÁgua com gás ","4.5",0,0,0,"4.5","3.3","Efectivo","","Lucas",""
"11582-2","Sale","02/05/2026 3:29 PM",1,2,"2xCascão ","18",0,0,0,"18","15.6","Pix","","Lucas",""
"11583-2","Sale","02/05/2026 3:30 PM",1,2,"2xCasquinha ","14",0,0,0,"14","12","Tarjeta Crédito","","Lucas",""
"11584-2","Sale","02/05/2026 3:35 PM",1,1,"1xÁgua com gás ","4.5",0,0,0,"4.5","3.3","Efectivo","","Lucas",""
"11585-2","Sale","02/05/2026 3:36 PM",1,1,"1xCopo 250ml","11",0,0,0,"11","1","Tarjeta Débito","","Lucas",""
"11586-2","Sale","02/05/2026 3:43 PM",1,1,"1xMilkshake 500ml","16",0,0,0,"16",0,"Pix","","Lucas",""
"11588-2","Sale","02/05/2026 4:12 PM",2,2,"1xCombo 1, 1xRefri 310ml","22",0,0,0,"22","2","Efectivo","","Lucas",""
"11589-2","Sale","02/05/2026 4:16 PM",1,1,"1xMilkshake 500ml","16",0,0,0,"16",0,"Efectivo","","Lucas",""
"11590-2","Sale","02/05/2026 4:23 PM",1,3,"3xCascão ","27",0,0,0,"27","23.4","Pix","","Lucas",""
"11591-2","Sale","02/05/2026 4:27 PM",1,3,"3xCascão ","27",0,0,0,"27","23.4","Pix","","Lucas",""
"11592-2","Sale","02/05/2026 4:29 PM",2,2,"1xCombo 1, 1xCasquinha ","22",0,0,0,"22","7","Efectivo","","Lucas",""
"11593-2","Sale","02/05/2026 4:32 PM",1,1,"1xCasquinha ","7",0,0,0,"7","6","Efectivo","","Lucas",""
"11594-2","Sale","02/05/2026 4:33 PM",1,2,"2xCombo 1","30",0,0,0,"30","2","Efectivo","","Lucas",""
"11595-2","Sale","02/05/2026 4:37 PM",1,1,"1xMilkshake 400ml","14",0,0,0,"14","1","Efectivo","","Lucas",""
"11596-2","Sale","02/05/2026 4:40 PM",1,1,"1xCascão ","9",0,0,0,"9","7.8","Tarjeta Débito","","Lucas",""
"11597-2","Sale","02/05/2026 4:40 PM",1,1,"1xCasquinha ","7",0,0,0,"7","6","Efectivo","","Lucas",""
"11598-2","Sale","02/05/2026 4:47 PM",2,2,"1xChurros de chocolate , 1xCascão ","19",0,0,0,"19","9.8","Tarjeta Débito","","Lucas",""
"11599-2","Sale","02/05/2026 4:48 PM",1,2,"2xCascão ","18",0,0,0,"18","15.6","Efectivo","","Lucas",""
"11600-2","Sale","02/05/2026 5:22 PM",1,1,"1xMilkshake 400ml","14",0,0,0,"14","1","Tarjeta Débito","","Lucas",""
"11601-2","Sale","02/05/2026 5:31 PM",1,3,"3xMilkshake 400ml","42",0,0,0,"42","3","Tarjeta Débito","","Lucas",""
"11602-2","Sale","02/05/2026 5:33 PM",1,2,"2xCasquinha ","14",0,0,0,"14","12","Efectivo","","Lucas",""
"11603-2","Sale","02/05/2026 5:34 PM",1,1,"1xCascão ","9",0,0,0,"9","7.8","Tarjeta Crédito","","Lucas",""
"11604-2","Sale","02/05/2026 5:39 PM",1,1,"1xÁgua sem gás ","4",0,0,0,"4",0,"Tarjeta Débito","","Lucas",""
"11606-2","Sale","02/05/2026 5:40 PM",1,1,"1xCasquinha ","7",0,0,0,"7","6","Efectivo","","Lucas",""
"11607-2","Sale","02/05/2026 5:44 PM",3,3,"1xMilkshake 300ml, 1xCascão , 1xCasquinha ","27",0,0,0,"27","14.8","Efectivo","","Lucas",""
"11608-2","Sale","02/05/2026 5:46 PM",2,2,"1xMilkshake 300ml, 1xÁgua com gás ","15.5",0,0,0,"15.5","4.3","Pix","","Lucas",""
"11609-2","Sale","02/05/2026 5:50 PM",1,1,"1xMilkshake 500ml","16",0,0,0,"16",0,"Tarjeta Débito","","Lucas",""
"11610-2","Sale","02/05/2026 5:52 PM",1,1,"1xÁgua com gás ","4.5",0,0,0,"4.5","3.3","Efectivo","","Lucas",""
"11611-2","Sale","02/05/2026 6:00 PM",1,2,"2xCasquinha ","14",0,0,0,"14","12","Efectivo","","Lucas",""
"11612-2","Sale","02/05/2026 6:09 PM",1,1,"1xRefri 310ml","7",0,0,0,"7","1","Efectivo","","Lucas",""
"11613-2","Sale","02/05/2026 6:09 PM",1,1,"1xCombo 1","15",0,0,0,"15","1","Otros","","Lucas",""
"11615-2","Sale","02/05/2026 6:17 PM",1,1,"1xRefri 310ml","7",0,0,0,"7","1","Tarjeta Débito","","Lucas",""
"11616-2","Sale","02/05/2026 6:19 PM",2,2,"1xChurros de chocolate , 1xCombo 1","25",0,0,0,"25","3","Tarjeta Débito","","Lucas",""
"11617-2","Sale","02/05/2026 6:22 PM",1,1,"1xCopo 200ml","9",0,0,0,"9","1","Otros","","Lucas",""
"11618-2","Sale","02/05/2026 6:24 PM",1,1,"1xCasquinha ","7",0,0,0,"7","6","Tarjeta Crédito","","Lucas",""
"11619-2","Sale","02/05/2026 6:29 PM",2,2,"1xCopo 150ml, 1xCasquinha ","14",0,0,0,"14","7","Efectivo","","Lucas",""
"11620-2","Sale","02/05/2026 6:30 PM",1,1,"1xCascão ","9",0,0,0,"9","7.8","Tarjeta Débito","","Lucas",""
"11621-2","Sale","02/05/2026 6:41 PM",2,3,"2xChurros de chocolate , 1xCascão ","29",0,0,0,"29","11.8","Tarjeta Crédito","","Lucas",""
"11622-2","Sale","02/05/2026 6:54 PM",2,4,"1xCopo 200ml, 3xCasquinha ","30",0,0,0,"30","19","Efectivo","","Lucas",""
"11623-2","Sale","02/05/2026 7:00 PM",1,1,"1xMilkshake 400ml","14",0,0,0,"14","1","Tarjeta Crédito","","Lucas",""
"11624-2","Sale","02/05/2026 7:01 PM",1,1,"1xRefri 310ml","7",0,0,0,"7","1","Efectivo","","Lucas",""
"11625-2","Sale","02/05/2026 7:21 PM",2,2,"1xMilkshake 400ml, 1xCasquinha ","21",0,0,0,"21","7","Tarjeta Débito","","Lucas",""
"11626-2","Sale","02/05/2026 7:29 PM",1,1,"1xMilkshake 400ml","14",0,0,0,"14","1","Pix","","Lucas",""
"11587-2","Sale","02/05/2026 3:45 PM",1,1,"1xMilkshake 300ml","11",0,0,0,"11","1","Pix","","Lucas",""
"11627-2","Sale","02/06/2026 1:47 PM",1,1,"1xCombo 1","15",0,0,0,"15","1","Efectivo","","Lucas",""
"11628-2","Sale","02/06/2026 2:17 PM",2,2,"1xCopo 150ml, 1xCasquinha ","14",0,0,0,"14","7","Efectivo","","Lucas",""
"11629-2","Sale","02/06/2026 2:19 PM",2,3,"1xÁgua sem gás , 2xÁgua com gás ","13",0,0,0,"13","6.6","Efectivo","","Lucas",""
"11630-2","Sale","02/06/2026 2:25 PM",1,2,"2xCopo 200ml","18",0,0,0,"18","2","Tarjeta Débito","","Lucas",""
"11631-2","Sale","02/06/2026 2:29 PM",1,1,"1xÁgua sem gás ","4",0,0,0,"4",0,"Pix","","Lucas",""
"11632-2","Sale","02/06/2026 2:33 PM",1,1,"1xRefri 310ml","7",0,0,0,"7","1","Tarjeta Débito","","Lucas",""
"11633-2","Sale","02/06/2026 2:40 PM",1,1,"1xMilkshake 500ml","16",0,0,0,"16",0,"Efectivo","","Lucas",""
"11634-2","Sale","02/06/2026 2:43 PM",1,1,"1xMilkshake 400ml","14",0,0,0,"14","1","Efectivo","","Lucas",""
"11635-2","Sale","02/06/2026 2:44 PM",2,2,"1xCombo 1, 1xCrepe suíço salgado ","25",0,0,0,"25","3","Pix","","Lucas",""
"11636-2","Sale","02/06/2026 2:51 PM",1,1,"1xÁgua sem gás ","4",0,0,0,"4",0,"Efectivo","","Lucas",""
"11637-2","Sale","02/06/2026 2:51 PM",1,1,"1xCascão ","9",0,0,0,"9","7.8","Efectivo","","Lucas",""
"11638-2","Sale","02/06/2026 2:59 PM",2,2,"1xCopo 200ml, 1xÁgua sem gás ","13",6,0,0,"7","-3.15","Efectivo","","Lucas",""
"11639-2","Sale","02/06/2026 3:19 PM",3,3,"1xMilkshake 300ml, 1xÁgua com gás , 1xÁgua sem gás ","19.5",0,0,0,"19.5","4.3","Tarjeta Débito","","Lucas",""
"11640-2","Sale","02/06/2026 3:24 PM",2,4,"3xMilkshake 300ml, 1xÁgua sem gás ","37",0,0,0,"37","3","Pix","","Lucas",""
"11641-2","Sale","02/06/2026 3:27 PM",1,3,"3xCascão ","27",0,0,0,"27","23.4","Pix","","Lucas",""
"11642-2","Sale","02/06/2026 3:30 PM",1,3,"3xCascão ","27",0,0,0,"27","23.4","Pix","","Lucas",""
"11643-2","Sale","02/06/2026 3:32 PM",1,2,"2xCasquinha ","14",0,0,0,"14","12","Efectivo","","Lucas",""
"11644-2","Sale","02/06/2026 3:33 PM",2,2,"1xCasquinha , 1xCascão ","16",0,0,0,"16","13.8","Efectivo","","Lucas",""
"11645-2","Sale","02/06/2026 3:35 PM",1,2,"2xCascão ","18",0,0,0,"18","15.6","Efectivo","","Lucas",""
"11646-2","Sale","02/06/2026 3:41 PM",1,1,"1xCascão ","9",0,0,0,"9","7.8","Tarjeta Crédito","","Lucas",""
"11647-2","Sale","02/06/2026 3:45 PM",2,2,"1xMilkshake 300ml, 1xCascão ","20",0,0,0,"20","8.8","Tarjeta Crédito","","Lucas",""
"11648-2","Sale","02/06/2026 3:54 PM",1,1,"1xCasquinha ","7",0,0,0,"7","6","Tarjeta Débito","","Lucas",""
"11649-2","Sale","02/06/2026 4:16 PM",1,3,"3xCasquinha ","21",0,0,0,"21","18","Pix","","Lucas",""
"11650-2","Sale","02/06/2026 4:16 PM",1,1,"1xCopo 200ml","9",0,0,0,"9","1","Efectivo","","Lucas",""
"11651-2","Sale","02/06/2026 4:28 PM",1,2,"2xCasquinha ","14",0,0,0,"14","12","Efectivo","","Lucas",""
"11652-2","Sale","02/06/2026 4:30 PM",1,1,"1xCascão ","9",0,0,0,"9","7.8","Efectivo","","Lucas",""
"11653-2","Sale","02/06/2026 4:31 PM",1,1,"1xÁgua sem gás ","4",0,0,0,"4",0,"Efectivo","","Lucas",""
"11655-2","Sale","02/06/2026 4:46 PM",1,2,"2xCasquinha ","14",0,0,0,"14","12","Efectivo","","Lucas",""
"11656-2","Sale","02/06/2026 4:47 PM",1,1,"1xMilkshake 400ml","14",0,0,0,"14","1","Pix","","Lucas",""
"11657-2","Sale","02/06/2026 4:50 PM",1,2,"2xMilkshake 300ml","22",0,0,0,"22","2","Pix","","Lucas",""
"11658-2","Sale","02/06/2026 4:51 PM",1,1,"1xCopo 150ml","7",0,0,0,"7","1","Efectivo","","Lucas",""
"11659-2","Sale","02/06/2026 5:01 PM",1,5,"5xCasquinha ","35",0,0,0,"35","30","Pix","","Lucas",""
"11660-2","Sale","02/06/2026 5:02 PM",1,1,"1xRefri 310ml","7",0,0,0,"7","1","Tarjeta Crédito","","Lucas",""
"11661-2","Sale","02/06/2026 5:10 PM",1,1,"1xCombo 2","16",0,0,0,"16","1","Pix","","Lucas",""
"11662-2","Sale","02/06/2026 5:14 PM",2,2,"1xChurros de chocolate , 1xCopo 200ml","19",0,0,0,"19","3","Tarjeta Débito","","Lucas",""
"11663-2","Sale","02/06/2026 5:22 PM",2,3,"1xCascão , 2xMilkshake 500ml","41",0,0,0,"41","7.8","Tarjeta Crédito","","Lucas",""
"11664-2","Sale","02/06/2026 5:25 PM",1,3,"3xChurros de chocolate ","30",0,0,0,"30","6","Pix","","Lucas",""
"11665-2","Sale","02/06/2026 5:38 PM",1,1,"1xÁgua com gás ","4.5",0,0,0,"4.5","3.3","Tarjeta Débito","","Lucas",""
"11666-2","Sale","02/06/2026 5:41 PM",1,1,"1xCrepe suíço salgado ","10",0,0,0,"10","2","Tarjeta Crédito","","Lucas",""
"11667-2","Sale","02/06/2026 5:46 PM",1,2,"2xCopo 200ml","18",0,0,0,"18","2","Tarjeta Débito","","Lucas",""
"11668-2","Sale","02/06/2026 5:54 PM",1,1,"1xRefri 310ml","7",0,0,0,"7","1","Efectivo","","Lucas",""
"11669-2","Sale","02/06/2026 6:09 PM",1,2,"2xMilkshake 300ml","22",0,0,0,"22","2","Tarjeta Débito","","Lucas",""
"11670-2","Sale","02/06/2026 6:10 PM",1,1,"1xMilkshake 400ml","14",0,0,0,"14","1","Tarjeta Débito","","Lucas",""
"11671-2","Sale","02/06/2026 6:22 PM",1,1,"1xCascão ","9",0,0,0,"9","7.8","Efectivo","","Lucas",""
"11672-2","Sale","02/06/2026 6:26 PM",1,1,"1xCopo 150ml","7",0,0,0,"7","1","Tarjeta Débito","","Lucas",""
"11673-2","Sale","02/06/2026 6:29 PM",1,1,"1xMilkshake 400ml","14",0,0,0,"14","1","Pix","","Lucas",""
"11674-2","Sale","02/06/2026 6:40 PM",1,1,"1xMilkshake 400ml","14",0,0,0,"14","1","Tarjeta Débito","","Lucas",""
"11675-2","Sale","02/06/2026 6:54 PM",1,4,"4xMilkshake 500ml","64",0,0,0,"64",0,"Efectivo","","Lucas",""
"11676-2","Sale","02/06/2026 6:59 PM",2,4,"3xMilkshake 300ml, 1xÁgua sem gás ","37",0,0,0,"37","3","Tarjeta Débito","","Lucas",""
"11677-2","Sale","02/06/2026 7:01 PM",1,1,"1xMilkshake 300ml","11",0,0,0,"11","1","Tarjeta Débito","","Lucas",""
"11678-2","Sale","02/06/2026 7:14 PM",2,2,"1xCasquinha , 1xMilkshake 300ml","18",0,0,0,"18","7","Tarjeta Crédito","","Lucas",""
"11654-2","Sale","02/06/2026 4:37 PM",2,2,"1xMilkshake 300ml, 1xCascão ","20",0,0,0,"20","8.8","Pix","","Lucas",""
"11679-2","Sale","02/06/2026 7:16 PM",1,1,"1xCascão ","9",0,0,0,"9","7.8","Pix","","Lucas",""
"11680-2","Sale","02/06/2026 7:20 PM",2,2,"1xMilkshake 300ml, 1xCascão ","20",0,0,0,"20","8.8","Pix","","Lucas",""
"11681-2","Sale","02/07/2026 10:31 AM",2,2,"1xCasquinha , 1xCopo 150ml","14",0,0,0,"14","7","Efectivo","","Lucas",""
"11682-2","Sale","02/07/2026 10:35 AM",2,2,"1xCascão , 1xMilkshake 400ml","23",0,0,0,"23","8.8","Efectivo","","Lucas",""
"11686-2","Sale","02/07/2026 10:57 AM",1,1,"1xMilkshake 300ml","11",0,0,0,"11","1","Pix","","Lucas",""
"11685-2","Sale","02/07/2026 10:39 AM",1,1,"1xÁgua sem gás ","4",0,0,0,"4",0,"Efectivo","","Lucas",""
"11687-2","Sale","02/07/2026 11:05 AM",1,2,"2xCascão ","18",0,0,0,"18","15.6","Efectivo","","Lucas",""
"11688-2","Sale","02/07/2026 11:16 AM",1,1,"1xCasquinha ","7",0,0,0,"7","6","Tarjeta Crédito","","Lucas",""
"11689-2","Sale","02/07/2026 11:21 AM",2,2,"1xMilkshake 400ml, 1xMilkshake 300ml","25",0,0,0,"25","2","Efectivo","","Lucas",""
"11690-2","Sale","02/07/2026 11:25 AM",1,2,"2xMilkshake 300ml","22",0,0,0,"22","2","Tarjeta Débito","","Lucas",""
"11691-2","Sale","02/07/2026 11:30 AM",1,2,"2xCascão ","18",0,0,0,"18","15.6","Pix","","Lucas",""
"11692-2","Sale","02/07/2026 11:31 AM",2,3,"2xÁgua sem gás , 1xÁgua com gás ","12.5",0,0,0,"12.5","3.3","Tarjeta Débito","","Lucas",""
"11693-2","Sale","02/07/2026 11:37 AM",1,1,"1xÁgua sem gás ","4",0,0,0,"4",0,"Efectivo","","Lucas",""
"11694-2","Sale","02/07/2026 11:47 AM",1,1,"1xÁgua com gás ","4.5",0,0,0,"4.5","3.3","Tarjeta Débito","","Lucas",""
"11695-2","Sale","02/07/2026 11:54 AM",1,1,"1xÁgua com gás ","4.5",0,0,0,"4.5","3.3","Pix","","Lucas",""
"11696-2","Sale","02/07/2026 12:07 PM",2,2,"1xMilkshake 500ml, 1xÁgua com gás ","20.5",0,0,0,"20.5","3.3","Pix","","Lucas",""
"11697-2","Sale","02/07/2026 12:29 PM",2,2,"1xMilkshake 300ml, 1xÁgua com gás ","15.5",0,0,0,"15.5","4.3","Efectivo","","Lucas",""
"11698-2","Sale","02/07/2026 12:36 PM",1,1,"1xÁgua sem gás ","4",0,0,0,"4",0,"Efectivo","","Lucas",""
"11699-2","Sale","02/07/2026 12:41 PM",1,1,"1xCasquinha ","7",0,0,0,"7","6","Efectivo","","Lucas",""
"11700-2","Sale","02/07/2026 12:56 PM",1,1,"1xMilkshake 300ml","11",0,0,0,"11","1","Efectivo","","Lucas",""
"11701-2","Sale","02/07/2026 1:03 PM",1,1,"1xCascão ","9",0,0,0,"9","7.8","Efectivo","","Lucas",""
"11702-2","Sale","02/07/2026 1:04 PM",1,1,"1xCopo 150ml","7",0,0,0,"7","1","Efectivo","","Lucas",""
"11703-2","Sale","02/07/2026 1:05 PM",1,1,"1xCopo 200ml","9",0,0,0,"9","1","Efectivo","","Lucas",""
"11704-2","Sale","02/07/2026 1:07 PM",2,2,"1xCascão , 1xCopo 200ml","18",0,0,0,"18","8.8","Tarjeta Débito","","Lucas",""
"11705-2","Sale","02/07/2026 1:12 PM",1,1,"1xCasquinha ","7",0,0,0,"7","6","Efectivo","","Lucas",""
"11706-2","Sale","02/07/2026 1:13 PM",2,2,"1xCascão , 1xCasquinha ","16",0,0,0,"16","13.8","Efectivo","","Lucas",""
"11707-2","Sale","02/07/2026 1:15 PM",1,1,"1xCascão ","9",0,0,0,"9","7.8","Tarjeta Débito","","Lucas",""
"11708-2","Sale","02/07/2026 1:16 PM",1,1,"1xÁgua sem gás ","4",0,0,0,"4",0,"Tarjeta Débito","","Lucas",""
"11709-2","Sale","02/07/2026 1:20 PM",1,3,"3xCasquinha ","21",0,0,0,"21","18","Efectivo","","Lucas",""
"11710-2","Sale","02/07/2026 1:21 PM",1,1,"1xRefri 310ml","7",0,0,0,"7","1","Tarjeta Débito","","Lucas",""
"11711-2","Sale","02/07/2026 1:31 PM",2,2,"1xCombo 1, 1xCasquinha ","22",0,0,0,"22","7","Tarjeta Débito","","Lucas",""
"11712-2","Sale","02/07/2026 1:35 PM",2,2,"1xChurros doce de leite , 1xMilkshake 300ml","21",0,0,0,"21","3","Tarjeta Débito","","Lucas",""
"11713-2","Sale","02/07/2026 1:38 PM",1,1,"1xCascão ","9",0,0,0,"9","7.8","Tarjeta Débito","","Lucas",""
"11714-2","Sale","02/07/2026 1:44 PM",2,3,"1xCascão , 2xMilkshake 300ml","31",0,0,0,"31","9.8","Tarjeta Débito","","Lucas",""
"11715-2","Sale","02/07/2026 1:46 PM",1,1,"1xMilkshake 300ml","11",0,0,0,"11","1","Tarjeta Débito","","Lucas",""
"11716-2","Sale","02/07/2026 1:55 PM",2,2,"1xMilkshake 300ml, 1xCopo 200ml","20",0,0,0,"20","2","Tarjeta Débito, Pix","","Lucas",""
"11717-2","Sale","02/07/2026 1:55 PM",1,1,"1xÁgua sem gás ","4",0,0,0,"4",0,"Efectivo","","Lucas",""
"11718-2","Sale","02/07/2026 1:58 PM",1,1,"1xMilkshake 500ml","16",0,0,0,"16",0,"Tarjeta Débito","","Lucas",""
"11719-2","Sale","02/07/2026 2:01 PM",1,1,"1xMilkshake 500ml","16",0,0,0,"16",0,"Tarjeta Débito","","Lucas",""
"11720-2","Sale","02/07/2026 2:03 PM",2,2,"1xÁgua sem gás , 1xRefri 310ml","11",0,0,0,"11","1","Tarjeta Débito","","Lucas",""
"11721-2","Sale","02/07/2026 2:04 PM",1,2,"2xCasquinha ","14",0,0,0,"14","12","Tarjeta Débito","","Lucas",""
"11722-2","Sale","02/07/2026 2:14 PM",2,2,"1xMilkshake 500ml, 1xMilkshake 300ml","27",0,0,0,"27","1","Tarjeta Débito","","Lucas",""
"11723-2","Sale","02/07/2026 2:15 PM",3,3,"1xCasquinha , 1xCopo 150ml, 1xÁgua sem gás ","18",0,0,0,"18","7","Tarjeta Crédito","","Lucas",""
"11724-2","Sale","02/07/2026 2:19 PM",1,3,"3xCopo 150ml","21",0,0,0,"21","3","Tarjeta Débito","","Lucas",""
"11725-2","Sale","02/07/2026 2:42 PM",2,2,"1xCrepe suíço salgado , 1xMilkshake 400ml","24",0,0,0,"24","3","Efectivo","","Lucas",""
"11726-2","Sale","02/07/2026 2:51 PM",1,1,"1xCascão ","9",0,0,0,"9","7.8","Tarjeta Crédito","","Lucas",""
"11727-2","Sale","02/07/2026 3:12 PM",1,2,"2xCasquinha ","14",0,0,0,"14","12","Efectivo","","Lucas",""
"11728-2","Sale","02/07/2026 3:14 PM",1,1,"1xCascão ","9",0,0,0,"9","7.8","Efectivo","","Lucas",""
"11729-2","Sale","02/07/2026 3:27 PM",2,2,"1xMilkshake 300ml, 1xCasquinha ","18",0,0,0,"18","7","Tarjeta Crédito","","Lucas",""
"11730-2","Sale","02/07/2026 3:28 PM",1,1,"1xCombo 3","15",0,0,0,"15","1","Pix","","Lucas",""
"11731-2","Sale","02/07/2026 3:29 PM",2,2,"1xChurros de chocolate , 1xCasquinha ","17",0,0,0,"17","8","Tarjeta Débito","","Lucas",""
"11732-2","Sale","02/07/2026 3:31 PM",1,1,"1xCasquinha ","7",0,0,0,"7","6","Tarjeta Crédito","","Lucas",""
"11733-2","Sale","02/07/2026 3:31 PM",1,1,"1xCopo 150ml","7",0,0,0,"7","1","Otros","","Lucas",""
"11734-2","Sale","02/07/2026 3:32 PM",1,1,"1xRefri 310ml","7",0,0,0,"7","1","Efectivo","","Lucas",""
"11735-2","Sale","02/07/2026 3:38 PM",2,3,"2xMilkshake 300ml, 1xÁgua sem gás ","26",0,0,0,"26","2","Efectivo","","Lucas",""
"11736-2","Sale","02/07/2026 3:39 PM",1,1,"1xCasquinha ","7",0,0,0,"7","6","Tarjeta Débito","","Lucas",""
"11737-2","Sale","02/07/2026 3:49 PM",1,1,"1xCasquinha ","7",0,0,0,"7","6","Tarjeta Crédito","","Lucas",""
"11738-2","Sale","02/07/2026 3:56 PM",1,1,"1xRefri 310ml","7",0,0,0,"7","1","Pix","","Lucas",""
"11739-2","Sale","02/07/2026 3:57 PM",1,1,"1xRefri 310ml","7",0,0,0,"7","1","Tarjeta Débito","","Lucas",""
"11740-2","Sale","02/07/2026 4:09 PM",1,4,"4xMilkshake 400ml","56",0,0,0,"56","4","Efectivo","","Lucas",""
"11741-2","Sale","02/07/2026 4:27 PM",3,3,"1xMilkshake 300ml, 1xCascão , 1xÁgua com gás ","24.5",0,0,0,"24.5","12.1","Pix","","Lucas",""
"11742-2","Sale","02/07/2026 4:29 PM",1,1,"1xCrepe suíço doce","11",0,0,0,"11","3","Tarjeta Débito","","Lucas",""
"11743-2","Sale","02/07/2026 4:31 PM",2,3,"2xCopo 150ml, 1xCasquinha ","21",0,0,0,"21","8","Tarjeta Débito","","Lucas",""
"11744-2","Sale","02/07/2026 4:35 PM",1,2,"2xMilkshake 300ml","22",0,0,0,"22","2","Pix","","Lucas",""
"11745-2","Sale","02/07/2026 4:36 PM",2,3,"1xCopo 200ml, 2xMilkshake 400ml","37",0,0,0,"37","3","Tarjeta Crédito","","Lucas",""
"11746-2","Sale","02/07/2026 4:40 PM",1,2,"2xCopo 150ml","14",0,0,0,"14","2","Efectivo","","Lucas",""
"11747-2","Sale","02/07/2026 4:41 PM",1,2,"2xCasquinha ","14",0,0,0,"14","12","Tarjeta Débito","","Lucas",""
"11748-2","Sale","02/07/2026 4:43 PM",1,2,"2xCascão ","18",0,0,0,"18","15.6","Tarjeta Débito","","Lucas",""
"11749-2","Sale","02/07/2026 4:46 PM",1,2,"2xMilkshake 300ml","22",0,0,0,"22","2","Tarjeta Débito","","Lucas",""
"11750-2","Sale","02/07/2026 4:49 PM",1,1,"1xChurros doce de leite ","10",0,0,0,"10","2","Tarjeta Débito","","Lucas",""
"11751-2","Sale","02/07/2026 4:57 PM",2,2,"1xChurros doce de leite , 1xChurros de chocolate ","20",0,0,0,"20","4","Tarjeta Débito","","Lucas",""
"11752-2","Sale","02/07/2026 5:02 PM",1,1,"1xCascão ","9",0,0,0,"9","7.8","Pix","","Lucas",""
"11753-2","Sale","02/07/2026 5:08 PM",1,1,"1xChurros de chocolate ","10",0,0,0,"10","2","Tarjeta Débito","","Lucas",""
"11754-2","Sale","02/07/2026 5:11 PM",1,1,"1xRefri 310ml","7",0,0,0,"7","1","Tarjeta Débito","","Lucas",""
"11755-2","Sale","02/07/2026 5:23 PM",1,1,"1xÁgua sem gás ","4",0,0,0,"4",0,"Efectivo","","Lucas",""
"11756-2","Sale","02/07/2026 5:27 PM",1,1,"1xMilkshake 500ml","16",0,0,0,"16",0,"Tarjeta Débito","","Lucas",""
"11757-2","Sale","02/07/2026 5:28 PM",1,1,"1xCascão ","9",0,0,0,"9","7.8","Pix","","Lucas",""
"11758-2","Sale","02/07/2026 5:38 PM",1,2,"2xCasquinha ","14",0,0,0,"14","12","Tarjeta Débito","","Lucas",""
"11759-2","Sale","02/07/2026 5:49 PM",2,4,"1xMilkshake 400ml, 3xCasquinha ","35",0,0,0,"35","19","Tarjeta Débito","","Lucas",""
"11760-2","Sale","02/07/2026 5:50 PM",1,1,"1xMilkshake 500ml","16",0,0,0,"16",0,"Efectivo","","Lucas",""
"11761-2","Sale","02/07/2026 5:51 PM",1,1,"1xCombo 1","15",0,0,0,"15","1","Otros","","Lucas",""
"11762-2","Sale","02/07/2026 5:54 PM",1,2,"2xChurros de chocolate ","20",0,0,0,"20","4","Tarjeta Crédito","","Lucas",""
"11763-2","Sale","02/07/2026 6:01 PM",2,2,"1xCasquinha , 1xChurros de chocolate ","17",0,0,0,"17","8","Tarjeta Débito","","Lucas",""
"11765-2","Sale","02/07/2026 6:16 PM",1,1,"1xRefri 310ml","7",0,0,0,"7","1","Tarjeta Débito","","Lucas",""
"11766-2","Sale","02/07/2026 6:23 PM",2,3,"1xCascão , 2xCasquinha ","23",0,0,0,"23","19.8","Efectivo","","Lucas",""
"11767-2","Sale","02/07/2026 6:26 PM",1,1,"1xCascão ","9",0,0,0,"9","7.8","Tarjeta Crédito","","Lucas",""
"11768-2","Sale","02/07/2026 6:29 PM",2,2,"1xCombo 1, 1xCrepe suíço salgado ","25",0,0,0,"25","3","Tarjeta Débito","","Lucas",""
"11769-2","Sale","02/07/2026 6:31 PM",1,1,"1xMilkshake 300ml","11",0,0,0,"11","1","Efectivo","","Lucas",""
"11764-2","Sale","02/07/2026 6:03 PM",1,3,"3xChurros de chocolate ","30",0,0,0,"30","6","Pix","","Lucas",""
"11770-2","Sale","02/07/2026 6:40 PM",1,1,"1xCascão ","9",0,0,0,"9","7.8","Efectivo","","Lucas",""
"11772-2","Sale","02/07/2026 7:04 PM",1,2,"2xCascão ","18",0,0,0,"18","15.6","Efectivo","","Lucas",""
"11773-2","Sale","02/07/2026 7:05 PM",1,1,"1xCascão ","9",0,0,0,"9","7.8","Efectivo","","Lucas",""
"11683-2","Sale","02/07/2026 10:38 AM",2,2,"1xMilkshake 400ml, 1xÁgua com gás ","18.5",0,0,0,"18.5","4.3","Efectivo","","Lucas",""
"11684-2","Sale","02/07/2026 10:38 AM",1,1,"1xÁgua com gás ","4.5",0,0,0,"4.5","3.3","Tarjeta Débito","","Lucas",""
"11774-2","Sale","02/08/2026 2:01 PM",1,1,"1xCopo 150ml","7",0,0,0,"7","1","Tarjeta Débito","","Lucas",""
"11775-2","Sale","02/08/2026 2:09 PM",3,3,"1xÁgua sem gás , 1xCascão , 1xMilkshake 300ml","24",0,0,0,"24","8.8","Efectivo","","Lucas",""
"11776-2","Sale","02/08/2026 2:11 PM",2,3,"2xCasquinha , 1xÁgua sem gás ","18",0,0,0,"18","12","Pix","","Lucas",""
"11777-2","Sale","02/08/2026 2:47 PM",1,2,"2xCascão ","18",0,0,0,"18","15.6","Efectivo","","Lucas",""
"11778-2","Sale","02/08/2026 2:50 PM",1,2,"2xCasquinha ","14",0,0,0,"14","12","Pix","","Lucas",""
"11779-2","Sale","02/08/2026 2:51 PM",2,2,"1xÁgua sem gás , 1xÁgua com gás ","8.5",0,0,0,"8.5","3.3","Tarjeta Débito","","Lucas",""
"11780-2","Sale","02/08/2026 2:55 PM",1,1,"1xMilkshake 400ml","14",0,0,0,"14","1","Pix","","Lucas",""
"11781-2","Sale","02/08/2026 3:00 PM",1,2,"2xCopo 150ml","14",0,0,0,"14","2","Efectivo","","Lucas",""
"11782-2","Sale","02/08/2026 3:03 PM",2,2,"1xCombo 3, 1xÁgua sem gás ","19",0,0,0,"19","1","Tarjeta Crédito","","Lucas",""
"11783-2","Sale","02/08/2026 3:10 PM",1,2,"2xMilkshake 300ml","22",0,0,0,"22","2","Efectivo","","Lucas",""
"11784-2","Sale","02/08/2026 3:16 PM",2,2,"1xÁgua sem gás , 1xMilkshake 300ml","15",0,0,0,"15","1","Tarjeta Débito","","Lucas",""
"11785-2","Sale","02/08/2026 3:19 PM",1,2,"2xÁgua sem gás ","8",0,0,0,"8",0,"Tarjeta Débito","","Lucas",""
"11786-2","Sale","02/08/2026 3:21 PM",2,2,"1xCasquinha , 1xCascão ","16",0,0,0,"16","13.8","Efectivo","","Lucas",""
"11787-2","Sale","02/08/2026 3:24 PM",2,3,"1xMilkshake 500ml, 2xCasquinha ","30",0,0,0,"30","12","Pix","","Lucas",""
"11788-2","Sale","02/08/2026 3:34 PM",2,4,"2xMilkshake 300ml, 2xMilkshake 500ml","54",0,0,0,"54","2","Tarjeta Crédito","","Lucas",""
"11789-2","Sale","02/08/2026 3:38 PM",1,1,"1xRefri 310ml","7",0,0,0,"7","1","Tarjeta Débito","","Lucas",""
"11790-2","Sale","02/08/2026 3:44 PM",1,1,"1xCopo 150ml","7",0,0,0,"7","1","Pix","","Lucas",""
"11791-2","Sale","02/08/2026 3:51 PM",1,1,"1xMilkshake 300ml","11",0,0,0,"11","1","Tarjeta Crédito","","Lucas",""
"11792-2","Sale","02/08/2026 4:03 PM",1,4,"4xCasquinha ","28",0,0,0,"28","24","Efectivo","","Lucas",""
"11793-2","Sale","02/08/2026 4:04 PM",1,2,"2xCasquinha ","14",0,0,0,"14","12","Efectivo","","Lucas",""
"11794-2","Sale","02/08/2026 4:06 PM",2,2,"1xCascão , 1xCopo 150ml","16",0,0,0,"16","8.8","Tarjeta Débito","","Lucas",""
"11795-2","Sale","02/08/2026 4:07 PM",1,1,"1xCasquinha ","7",0,0,0,"7","6","Tarjeta Débito","","Lucas",""
"11796-2","Sale","02/08/2026 4:14 PM",3,4,"1xMilkshake 300ml, 2xMilkshake 400ml, 1xÁgua sem gás ","43",0,0,0,"43","3","Tarjeta Crédito","","Lucas",""
"11798-2","Sale","02/08/2026 4:24 PM",1,2,"2xCasquinha ","14",0,0,0,"14","12","Tarjeta Débito","","Lucas",""
"11799-2","Sale","02/08/2026 4:27 PM",1,1,"1xMilkshake 300ml","11",0,0,0,"11","1","Efectivo","","Lucas",""
"11800-2","Sale","02/08/2026 4:28 PM",1,2,"2xCascão ","18",0,0,0,"18","15.6","Pix","","Lucas",""
"11802-2","Sale","02/08/2026 4:37 PM",1,1,"1xÁgua com gás ","4.5",0,0,0,"4.5","3.3","Tarjeta Débito","","Lucas",""
"11803-2","Sale","02/08/2026 4:41 PM",1,1,"1xCasquinha ","7",0,0,0,"7","6","Efectivo","","Lucas",""
"11804-2","Sale","02/08/2026 4:49 PM",2,2,"1xCopo 200ml, 1xMilkshake 300ml","20",0,0,0,"20","2","Pix","","Lucas",""
"11805-2","Sale","02/08/2026 4:54 PM",3,3,"1xCasquinha , 1xCopo 200ml, 1xCascão ","25",0,0,0,"25","14.8","Tarjeta Crédito","","Lucas",""
"11806-2","Sale","02/08/2026 5:03 PM",1,1,"1xCopo 150ml","7",0,0,0,"7","1","Pix","","Lucas",""
"11807-2","Sale","02/08/2026 5:07 PM",2,3,"2xCascão , 1xRefri 310ml","25",0,0,0,"25","16.6","Pix","","Lucas",""
"11808-2","Sale","02/08/2026 5:11 PM",1,2,"2xCopo 200ml","18",0,0,0,"18","2","Efectivo","","Lucas",""
"11809-2","Sale","02/08/2026 5:12 PM",1,1,"1xCopo 200ml","9",0,0,0,"9","1","Tarjeta Débito","","Lucas",""
"11810-2","Sale","02/08/2026 5:14 PM",1,3,"3xCascão ","27",0,0,0,"27","23.4","Tarjeta Crédito","","Lucas",""
"11811-2","Sale","02/08/2026 5:21 PM",2,2,"1xMilkshake 500ml, 1xMilkshake 400ml","30",0,0,0,"30","1","Tarjeta Crédito","","Lucas",""
"11812-2","Sale","02/08/2026 5:24 PM",1,2,"2xMilkshake 500ml","32",0,0,0,"32",0,"Pix","","Lucas",""
"11813-2","Sale","02/08/2026 5:28 PM",1,1,"1xMilkshake 300ml","11",0,0,0,"11","1","Tarjeta Crédito","","Lucas",""
"11814-2","Sale","02/08/2026 5:35 PM",2,3,"1xMilkshake 400ml, 2xCascão ","32",0,0,0,"32","16.6","Tarjeta Débito","","Lucas",""
"11815-2","Sale","02/08/2026 5:38 PM",1,1,"1xCasquinha ","7",0,0,0,"7","6","Pix","","Lucas",""
"11816-2","Sale","02/08/2026 5:41 PM",1,1,"1xMilkshake 300ml","11",0,0,0,"11","1","Tarjeta Débito","","Lucas",""
"11817-2","Sale","02/08/2026 5:43 PM",2,2,"1xMilkshake 500ml, 1xCasquinha ","23",0,0,0,"23","6","Tarjeta Débito","","Lucas",""
"11818-2","Sale","02/08/2026 5:46 PM",2,3,"1xCasquinha , 2xCascão ","25",0,0,0,"25","21.6","Efectivo","","Lucas",""
"11819-2","Sale","02/08/2026 5:48 PM",1,2,"2xCasquinha ","14",0,0,0,"14","12","Tarjeta Débito","","Lucas",""
"11820-2","Sale","02/08/2026 5:49 PM",4,7,"1xCasquinha , 4xCascão , 1xMilkshake 400ml, 1xÁgua sem gás ","61",0,0,0,"61","38.2","Tarjeta Débito","","Lucas",""
"11821-2","Sale","02/08/2026 6:03 PM",1,4,"4xCascão ","36",0,0,0,"36","31.2","Efectivo","","Lucas",""
"11822-2","Sale","02/08/2026 6:13 PM",2,3,"2xMilkshake 500ml, 1xCopo 150ml","39",0,0,0,"39","1","Tarjeta Débito","","Lucas",""
"11823-2","Sale","02/08/2026 6:17 PM",1,1,"1xMilkshake 300ml","11",0,0,0,"11","1","Tarjeta Débito","","Lucas",""
"11824-2","Sale","02/08/2026 6:19 PM",1,1,"1xMilkshake 400ml","14",0,0,0,"14","1","Tarjeta Crédito","","Lucas",""
"11825-2","Sale","02/08/2026 6:24 PM",1,3,"3xMilkshake 300ml","33",0,0,0,"33","3","Efectivo","","Lucas",""
"11826-2","Sale","02/08/2026 6:28 PM",2,2,"1xCrepe suíço salgado , 1xCrepe suíço doce","21",0,0,0,"21","5","Efectivo","","Lucas",""
"11827-2","Sale","02/08/2026 6:31 PM",1,2,"2xMilkshake 300ml","22",0,0,0,"22","2","Pix","","Lucas",""
"11828-2","Sale","02/08/2026 6:33 PM",3,3,"1xCopo 150ml, 1xCasquinha , 1xMilkshake 300ml","25",0,0,0,"25","8","Tarjeta Crédito","","Lucas",""
"11829-2","Sale","02/08/2026 6:37 PM",1,2,"2xCascão ","18",0,0,0,"18","15.6","Tarjeta Débito","","Lucas",""
"11830-2","Sale","02/08/2026 6:37 PM",1,2,"2xCasquinha ","14",0,0,0,"14","12","Tarjeta Débito","","Lucas",""
"11831-2","Sale","02/08/2026 6:40 PM",1,1,"1xMilkshake 500ml","16",0,0,0,"16",0,"Tarjeta Débito","","Lucas",""
"11832-2","Sale","02/08/2026 6:41 PM",1,1,"1xCasquinha ","7",0,0,0,"7","6","Tarjeta Débito","","Lucas",""
"11833-2","Sale","02/08/2026 6:46 PM",1,2,"2xCasquinha ","14",0,0,0,"14","12","Efectivo","","Lucas",""
"11834-2","Sale","02/08/2026 6:49 PM",1,2,"2xCopo 200ml","18",0,0,0,"18","2","Tarjeta Débito","","Lucas",""
"11835-2","Sale","02/08/2026 6:53 PM",1,2,"2xMilkshake 300ml","22",0,0,0,"22","2","Efectivo","","Lucas",""
"11836-2","Sale","02/08/2026 6:55 PM",1,1,"1xCrepe suíço salgado ","10",0,0,0,"10","2","Tarjeta Débito","","Lucas",""
"11837-2","Sale","02/08/2026 6:55 PM",1,1,"1xCopo 250ml","11",0,0,0,"11","1","Tarjeta Crédito","","Lucas",""
"11838-2","Sale","02/08/2026 6:58 PM",1,3,"3xCascão ","27",0,0,0,"27","23.4","Efectivo","","Lucas",""
"11839-2","Sale","02/08/2026 7:00 PM",2,2,"1xMilkshake 300ml, 1xCopo 150ml","18",0,0,0,"18","2","Pix","","Lucas",""
"11840-2","Sale","02/08/2026 7:05 PM",1,1,"1xCascão ","9",0,0,0,"9","7.8","Efectivo","","Lucas",""
"11841-2","Sale","02/08/2026 7:16 PM",2,4,"1xCasquinha , 3xMilkshake 300ml","40",0,0,0,"40","9","Tarjeta Crédito","","Lucas",""
"11842-2","Sale","02/08/2026 7:22 PM",2,3,"2xCasquinha , 1xMilkshake 400ml","28",0,0,0,"28","13","Efectivo","","Lucas",""
"11843-2","Sale","02/08/2026 7:25 PM",1,5,"5xCasquinha ","35",0,0,0,"35","30","Tarjeta Débito","","Lucas",""
"11844-2","Sale","02/08/2026 7:29 PM",2,3,"2xCopo 150ml, 1xMilkshake 300ml","25",0,0,0,"25","3","Tarjeta Débito","","Lucas",""
"11797-2","Sale","02/08/2026 4:17 PM",1,3,"3xMilkshake 300ml","33",0,0,0,"33","3","Efectivo","","Lucas",""
"11845-2","Sale","02/09/2026 1:41 PM",1,1,"1xMilkshake 300ml","11",0,0,0,"11","1","Pix","","Lucas",""
"11846-2","Sale","02/09/2026 1:41 PM",1,1,"1xRefri 310ml","7",0,0,0,"7","1","Tarjeta Débito","","Lucas",""
"11847-2","Sale","02/09/2026 1:45 PM",1,2,"2xÁgua sem gás ","8",0,0,0,"8",0,"Tarjeta Crédito","","Lucas",""
"11848-2","Sale","02/09/2026 1:49 PM",1,1,"1xCopo 250ml","11",0,0,0,"11","1","Tarjeta Crédito","","Lucas",""
"11849-2","Sale","02/09/2026 1:53 PM",2,2,"1xCascão , 1xCopo 200ml","18",0,0,0,"18","8.8","Pix","","Lucas",""
"11850-2","Sale","02/09/2026 1:53 PM",1,1,"1xCombo 3","15",0,0,0,"15","1","Tarjeta Débito","","Lucas",""
"11851-2","Sale","02/09/2026 1:55 PM",1,1,"1xCascão ","9",0,0,0,"9","7.8","Tarjeta Débito","","Lucas",""
"11852-2","Sale","02/09/2026 1:59 PM",1,2,"2xMilkshake 500ml","32",0,0,0,"32",0,"Tarjeta Débito","","Lucas",""
"11853-2","Sale","02/09/2026 2:16 PM",1,2,"2xMilkshake 300ml","22",0,0,0,"22","2","Pix","","Lucas",""
"11854-2","Sale","02/09/2026 2:25 PM",1,3,"3xCasquinha ","21",0,0,0,"21","18","Tarjeta Débito","","Lucas",""
"11855-2","Sale","02/09/2026 2:27 PM",1,2,"2xCasquinha ","14",0,0,0,"14","12","Efectivo","","Lucas",""
"11856-2","Sale","02/09/2026 2:28 PM",1,2,"2xCasquinha ","14",0,0,0,"14","12","Pix","","Lucas",""
"11857-2","Sale","02/09/2026 2:35 PM",1,2,"2xChurros doce de leite ","20",0,0,0,"20","4","Tarjeta Débito","","Lucas",""
"11858-2","Sale","02/09/2026 2:49 PM",1,1,"1xCrepe suíço doce","11",0,0,0,"11","3","Tarjeta Débito","","Lucas",""
"11859-2","Sale","02/09/2026 2:58 PM",2,3,"2xMilkshake 300ml, 1xCrepe suíço salgado ","32",0,0,0,"32","4","Pix","","Lucas",""
"11860-2","Sale","02/09/2026 3:02 PM",1,1,"1xÁgua sem gás ","4",0,0,0,"4",0,"Efectivo","","Lucas",""
"11861-2","Sale","02/09/2026 3:03 PM",1,2,"2xCascão ","18",0,0,0,"18","15.6","Efectivo","","Lucas",""
"11862-2","Sale","02/09/2026 3:05 PM",1,1,"1xÁgua sem gás ","4",0,0,0,"4",0,"Efectivo","","Lucas",""
"11863-2","Sale","02/09/2026 3:08 PM",1,2,"2xChurros doce de leite ","20",0,0,0,"20","4","Tarjeta Débito","","Lucas",""
"11864-2","Sale","02/09/2026 3:11 PM",1,1,"1xÁgua com gás ","4.5",0,0,0,"4.5","3.3","Pix","","Lucas",""
"11865-2","Sale","02/09/2026 3:16 PM",1,1,"1xChurros doce de leite ","10",0,0,0,"10","2","Efectivo","","Lucas",""
"11866-2","Sale","02/09/2026 3:29 PM",1,2,"2xCasquinha ","14",0,0,0,"14","12","Pix","","Lucas",""
"11867-2","Sale","02/09/2026 3:33 PM",1,2,"2xCasquinha ","14",0,0,0,"14","12","Efectivo","","Lucas",""
"11868-2","Sale","02/09/2026 3:34 PM",1,2,"2xCasquinha ","14",0,0,0,"14","12","Efectivo","","Lucas",""
"11869-2","Sale","02/09/2026 3:35 PM",1,1,"1xÁgua sem gás ","4",0,0,0,"4",0,"Efectivo","","Lucas",""
"11870-2","Sale","02/09/2026 3:36 PM",1,1,"1xCascão ","9",0,0,0,"9","7.8","Tarjeta Débito","","Lucas",""
"11871-2","Sale","02/09/2026 3:45 PM",1,1,"1xCombo 1","15",0,0,0,"15","1","Efectivo","","Lucas",""
"11872-2","Sale","02/09/2026 3:47 PM",2,2,"1xCascão , 1xCopo 150ml","16",0,0,0,"16","8.8","Tarjeta Débito","","Lucas",""
"11873-2","Sale","02/09/2026 4:00 PM",1,1,"1xCasquinha ","7",0,0,0,"7","6","Tarjeta Crédito","","Lucas",""
"11874-2","Sale","02/09/2026 4:10 PM",1,1,"1xÁgua sem gás ","4",0,0,0,"4",0,"Efectivo","","Lucas",""
"11875-2","Sale","02/09/2026 4:17 PM",1,3,"3xMilkshake 400ml","42",0,0,0,"42","3","Pix","","Lucas",""
"11876-2","Sale","02/09/2026 4:18 PM",2,2,"1xCasquinha , 1xCopo 150ml","14",0,0,0,"14","7","Pix","","Lucas",""
"11877-2","Sale","02/09/2026 4:22 PM",1,2,"2xCrepe suíço salgado ","20",0,0,0,"20","4","Tarjeta Débito","","Lucas",""
"11878-2","Sale","02/09/2026 4:23 PM",1,2,"2xCasquinha ","14",0,0,0,"14","12","Tarjeta Débito","","Lucas",""
"11879-2","Sale","02/09/2026 4:25 PM",1,1,"1xMilkshake 500ml","16",0,0,0,"16",0,"Efectivo","","Lucas",""
"11880-2","Sale","02/09/2026 4:28 PM",1,1,"1xCascão ","9",0,0,0,"9","7.8","Pix","","Lucas",""
"11881-2","Sale","02/09/2026 4:36 PM",2,3,"1xMilkshake 400ml, 2xMilkshake 300ml","36",0,0,0,"36","3","Tarjeta Débito","","Lucas",""
"11882-2","Sale","02/09/2026 4:38 PM",1,1,"1xMilkshake 300ml","11",0,0,0,"11","1","Efectivo","","Lucas",""
"11883-2","Sale","02/09/2026 4:41 PM",1,1,"1xMilkshake 300ml","11",0,0,0,"11","1","Otros","","Lucas",""
"11884-2","Sale","02/09/2026 4:43 PM",1,2,"2xCascão ","18",0,0,0,"18","15.6","Pix","","Lucas",""
"11885-2","Sale","02/09/2026 4:50 PM",1,2,"2xCascão ","18",0,0,0,"18","15.6","Tarjeta Débito","","Lucas",""
"11886-2","Sale","02/09/2026 4:56 PM",1,1,"1xCopo 150ml","7",0,0,0,"7","1","Tarjeta Débito","","Lucas",""
"11887-2","Sale","02/09/2026 4:57 PM",1,2,"2xCascão ","18",0,0,0,"18","15.6","Tarjeta Crédito","","Lucas",""
"11888-2","Sale","02/09/2026 5:11 PM",1,2,"2xCrepe suíço salgado ","20",0,0,0,"20","4","Efectivo","","Lucas",""
"11889-2","Sale","02/09/2026 5:15 PM",1,1,"1xCasquinha ","7",0,0,0,"7","6","Tarjeta Crédito","","Lucas",""
"11890-2","Sale","02/09/2026 5:18 PM",1,1,"1xCascão ","9",0,0,0,"9","7.8","Pix","","Lucas",""
"11891-2","Sale","02/09/2026 5:20 PM",1,1,"1xCasquinha ","7",0,0,0,"7","6","Tarjeta Débito","","Lucas",""
"11892-2","Sale","02/09/2026 5:21 PM",1,1,"1xRefri 310ml","7",0,0,0,"7","1","Efectivo","","Lucas",""
"11893-2","Sale","02/09/2026 5:24 PM",1,2,"2xMilkshake 300ml","22",0,0,0,"22","2","Efectivo","","Lucas",""
"11894-2","Sale","02/09/2026 5:29 PM",1,1,"1xChurros doce de leite ","10",0,0,0,"10","2","Pix","","Lucas",""
"11895-2","Sale","02/09/2026 5:29 PM",1,1,"1xRefri 310ml","7",2,0,0,"5","-1","Pix","","Lucas",""
"11896-2","Sale","02/09/2026 5:31 PM",2,2,"1xChurros de chocolate , 1xChurros doce de leite ","20",0,0,0,"20","4","Pix","","Lucas",""
"11897-2","Sale","02/09/2026 5:33 PM",1,1,"1xÁgua sem gás ","4",0,0,0,"4",0,"Tarjeta Crédito","","Lucas",""
"11898-2","Sale","02/09/2026 5:34 PM",1,1,"1xCasquinha ","7",0,0,0,"7","6","Tarjeta Débito","","Lucas",""
"11899-2","Sale","02/09/2026 6:05 PM",1,1,"1xCrepe suíço salgado ","10",0,0,0,"10","2","Pix","","Lucas",""
"11900-2","Sale","02/09/2026 6:06 PM",1,1,"1xÁgua sem gás ","4",0,0,0,"4",0,"Pix","","Lucas",""
"11901-2","Sale","02/09/2026 6:14 PM",1,2,"2xCasquinha ","14",0,0,0,"14","12","Pix","","Lucas",""
"11902-2","Sale","02/09/2026 6:41 PM",2,2,"1xCasquinha , 1xCombo 1","22",0,0,0,"22","7","Pix","","Lucas",""
"11903-2","Sale","02/09/2026 6:41 PM",1,1,"1xCombo 1","15",0,0,0,"15","1","Pix","","Lucas",""
"11904-2","Sale","02/09/2026 6:41 PM",1,2,"2xChurros doce de leite ","20",0,0,0,"20","4","Tarjeta Débito","","Lucas",""
"11905-2","Sale","02/09/2026 7:00 PM",1,1,"1xCasquinha ","7",0,0,0,"7","6","Efectivo","","Lucas",""
"11906-2","Sale","02/09/2026 7:15 PM",1,1,"1xMilkshake 300ml","11",0,0,0,"11","1","Tarjeta Débito","","Lucas",""
"11907-2","Sale","02/09/2026 7:28 PM",1,2,"2xMilkshake 500ml","32",0,0,0,"32",0,"Pix","","Lucas",""
"11908-2","Sale","02/09/2026 7:32 PM",1,1,"1xMilkshake 300ml","11",0,0,0,"11","1","Pix","","Lucas",""
"11909-2","Sale","02/09/2026 7:35 PM",1,1,"1xMilkshake 300ml","11",0,0,0,"11","1","Tarjeta Crédito","","Lucas",""
"11910-2","Sale","02/10/2026 2:14 PM",3,4,"1xCasquinha , 2xCopo 150ml, 1xMilkshake 300ml","32",0,0,0,"32","9","Tarjeta Débito","","Lucas",""
"11911-2","Sale","02/10/2026 2:32 PM",1,1,"1xCasquinha ","7",0,0,0,"7","6","Pix","","Lucas",""
"11912-2","Sale","02/10/2026 2:33 PM",1,1,"1xÁgua sem gás ","4",0,0,0,"4",0,"Pix","","Lucas",""
"11913-2","Sale","02/10/2026 2:34 PM",1,1,"1xCasquinha ","7",0,0,0,"7","6","Tarjeta Débito","","Lucas",""
"11914-2","Sale","02/10/2026 2:55 PM",1,2,"2xCopo 150ml","14",0,0,0,"14","2","Pix","","Lucas",""
"11915-2","Sale","02/10/2026 2:59 PM",1,1,"1xÁgua com gás ","4.5",0,0,0,"4.5","3.3","Efectivo","","Lucas",""
"11916-2","Sale","02/10/2026 3:00 PM",1,1,"1xCasquinha ","7",0,0,0,"7","6","Efectivo","","Lucas",""
"11917-2","Sale","02/10/2026 3:19 PM",2,2,"1xMilkshake 300ml, 1xCopo 150ml","18",0,0,0,"18","2","Tarjeta Crédito","","Lucas",""
"11918-2","Sale","02/10/2026 3:38 PM",1,1,"1xCopo 150ml","7",0,0,0,"7","1","Tarjeta Débito","","Lucas",""
"11919-2","Sale","02/10/2026 3:51 PM",1,1,"1xCopo 150ml","7",0,0,0,"7","1","Tarjeta Débito","","Lucas",""
"11920-2","Sale","02/10/2026 4:04 PM",1,1,"1xCascão ","9",0,0,0,"9","7.8","Tarjeta Débito","","Lucas",""
"11921-2","Sale","02/10/2026 4:10 PM",2,3,"1xCopo 150ml, 2xCasquinha ","21",0,0,0,"21","13","Pix","","Lucas",""
"11922-2","Sale","02/10/2026 4:22 PM",1,1,"1xCasquinha ","7",0,0,0,"7","6","Efectivo","","Lucas",""
"11923-2","Sale","02/10/2026 4:24 PM",1,1,"1xCasquinha ","7",0,0,0,"7","6","Efectivo","","Lucas",""
"11924-2","Sale","02/10/2026 4:49 PM",1,2,"2xCasquinha ","14",0,0,0,"14","12","Tarjeta Crédito","","Lucas",""
"11925-2","Sale","02/10/2026 5:04 PM",1,1,"1xCascão ","9",0,0,0,"9","7.8","Tarjeta Débito","","Lucas",""
"11926-2","Sale","02/10/2026 5:12 PM",1,1,"1xChurros doce de leite ","10",0,0,0,"10","2","Tarjeta Crédito","","Lucas",""
"11927-2","Sale","02/10/2026 5:16 PM",1,2,"2xCascão ","18",0,0,0,"18","15.6","Efectivo","","Lucas",""
"11928-2","Sale","02/10/2026 5:34 PM",2,2,"1xCopo 150ml, 1xCasquinha ","14",0,0,0,"14","7","Tarjeta Débito, Pix","","Lucas",""
"11929-2","Sale","02/10/2026 5:43 PM",1,1,"1xRefri 310ml","7",0,0,0,"7","1","Tarjeta Crédito","","Lucas",""
"11930-2","Sale","02/10/2026 5:59 PM",1,1,"1xCascão ","9",0,0,0,"9","7.8","Pix","","Lucas",""
"11931-2","Sale","02/10/2026 6:06 PM",1,1,"1xMilkshake 300ml","11",0,0,0,"11","1","Pix","","Lucas",""
"11932-2","Sale","02/10/2026 6:08 PM",1,1,"1xCascão ","9",0,0,0,"9","7.8","Efectivo","","Lucas",""
"11933-2","Sale","02/10/2026 6:20 PM",1,2,"2xCascão ","18",0,0,0,"18","15.6","Efectivo","","Lucas",""
"11934-2","Sale","02/10/2026 6:20 PM",1,1,"1xCasquinha ","7",0,0,0,"7","6","Tarjeta Crédito","","Lucas",""
"11935-2","Sale","02/10/2026 6:21 PM",1,1,"1xCasquinha ","7",0,0,0,"7","6","Tarjeta Crédito","","Lucas",""
"11936-2","Sale","02/10/2026 6:25 PM",1,1,"1xCopo 200ml","9",0,0,0,"9","1","Tarjeta Débito","","Lucas",""
"11937-2","Sale","02/10/2026 6:46 PM",1,2,"2xCasquinha ","14",0,0,0,"14","12","Efectivo","","Lucas",""
"11938-2","Sale","02/10/2026 6:52 PM",2,2,"1xCopo 250ml, 1xMilkshake 500ml","27",0,0,0,"27","1","Pix","","Lucas",""
"11939-2","Sale","02/10/2026 7:01 PM",1,1,"1xChurros de chocolate ","10",0,0,0,"10","2","Efectivo","","Lucas",""
"11940-2","Sale","02/10/2026 7:12 PM",2,2,"1xMilkshake 400ml, 1xCasquinha ","21",0,0,0,"21","7","Efectivo","","Lucas",""
"11941-2","Sale","02/10/2026 7:18 PM",1,1,"1xÁgua sem gás ","4",0,0,0,"4",0,"Efectivo","","Lucas",""
"11942-2","Sale","02/10/2026 7:18 PM",4,4,"1xChurros de chocolate , 1xChurros doce de leite , 1xCrepe suíço salgado , 1xCascão ","39",0,0,0,"39","13.8","Efectivo","","Lucas",""
"11943-2","Sale","02/10/2026 7:23 PM",1,1,"1xCasquinha ","7",0,0,0,"7","6","Efectivo","","Lucas",""
"11944-2","Sale","02/10/2026 7:28 PM",1,1,"1xCascão ","9",0,0,0,"9","7.8","Efectivo","","Lucas",""
"11945-2","Sale","02/10/2026 7:41 PM",3,5,"2xMilkshake 300ml, 2xCasquinha , 1xChurros doce de leite ","46",0,0,0,"46","16","Tarjeta Débito","","Lucas",""
"11946-2","Sale","02/10/2026 7:43 PM",1,1,"1xChurros doce de leite ","10",0,0,0,"10","2","Tarjeta Crédito","","Lucas",""
"11947-2","Sale","02/11/2026 2:28 PM",1,2,"2xCasquinha ","14",0,0,0,"14","12","Pix","","Lucas",""
"11948-2","Sale","02/11/2026 2:29 PM",1,1,"1xCascão ","9",0,0,0,"9","7.8","Efectivo","","Lucas",""
"11949-2","Sale","02/11/2026 3:02 PM",2,3,"1xMilkshake 500ml, 2xMilkshake 400ml","44",0,0,0,"44","2","Tarjeta Crédito","","Lucas",""
"11950-2","Sale","02/11/2026 3:02 PM",1,1,"1xChurros doce de leite ","10",0,0,0,"10","2","Efectivo","","Lucas",""
"11951-2","Sale","02/11/2026 3:06 PM",1,1,"1xCascão ","9",0,0,0,"9","7.8","Efectivo","","Lucas",""
"11952-2","Sale","02/11/2026 3:08 PM",1,1,"1xMilkshake 500ml","16",0,0,0,"16",0,"Tarjeta Débito","","Lucas",""
"11953-2","Sale","02/11/2026 3:11 PM",1,1,"1xMilkshake 400ml","14",0,0,0,"14","1","Tarjeta Crédito","","Lucas",""
"11954-2","Sale","02/11/2026 3:15 PM",3,4,"2xMilkshake 300ml, 1xMilkshake 500ml, 1xÁgua sem gás ","42",0,0,0,"42","2","Tarjeta Crédito","","Lucas",""
"11955-2","Sale","02/11/2026 3:16 PM",1,3,"3xÁgua sem gás ","12",0,0,0,"12",0,"Efectivo","","Lucas",""
"11956-2","Sale","02/11/2026 3:20 PM",3,4,"1xMilkshake 500ml, 2xMilkshake 400ml, 1xÁgua com gás ","48.5",0,0,0,"48.5","5.3","Efectivo","","Lucas",""
"11957-2","Sale","02/11/2026 3:23 PM",1,5,"5xCopo 150ml","35",0,0,0,"35","5","Tarjeta Crédito","","Lucas",""
"11958-2","Sale","02/11/2026 3:27 PM",1,1,"1xRefri 310ml","7",0,0,0,"7","1","Efectivo","","Lucas",""
"11959-2","Sale","02/11/2026 3:29 PM",1,2,"2xCascão ","18",0,0,0,"18","15.6","Pix","","Lucas",""
"11960-2","Sale","02/11/2026 3:35 PM",1,3,"3xCascão ","27",0,0,0,"27","23.4","Pix","","Lucas",""
"11961-2","Sale","02/11/2026 3:42 PM",2,2,"1xCopo 150ml, 1xCascão ","16",0,0,0,"16","8.8","Pix","","Lucas",""
"11962-2","Sale","02/11/2026 3:43 PM",1,1,"1xCasquinha ","7",0,0,0,"7","6","Pix","","Lucas",""
"11963-2","Sale","02/11/2026 3:49 PM",1,2,"2xCasquinha ","14",0,0,0,"14","12","Efectivo","","Lucas",""
"11964-2","Sale","02/11/2026 3:51 PM",1,1,"1xCasquinha ","7",0,0,0,"7","6","Tarjeta Débito","","Lucas",""
"11965-2","Sale","02/11/2026 3:51 PM",1,1,"1xCascão ","9",0,0,0,"9","7.8","Tarjeta Débito","","Lucas",""
"11966-2","Sale","02/11/2026 3:56 PM",1,2,"2xCasquinha ","14",0,0,0,"14","12","Pix","","Lucas",""
"11967-2","Sale","02/11/2026 4:05 PM",1,1,"1xMilkshake 400ml","14",0,0,0,"14","1","Efectivo","","Lucas",""
"11968-2","Sale","02/11/2026 4:09 PM",3,3,"1xCascão , 1xÁgua com gás , 1xCasquinha ","20.5",0,0,0,"20.5","17.1","Tarjeta Crédito","","Lucas",""
"11969-2","Sale","02/11/2026 4:15 PM",1,1,"1xMilkshake 500ml","16",0,0,0,"16",0,"Tarjeta Débito","","Lucas",""
"11970-2","Sale","02/11/2026 4:18 PM",2,2,"1xCasquinha , 1xMilkshake 300ml","18",0,0,0,"18","7","Tarjeta Débito","","Lucas",""
"11971-2","Sale","02/11/2026 4:26 PM",1,1,"1xRefri 310ml","7",0,0,0,"7","1","Efectivo","","Lucas",""
"11972-2","Sale","02/11/2026 4:30 PM",1,1,"1xRefri 310ml","7",0,0,0,"7","1","Efectivo","","Lucas",""
"11973-2","Sale","02/11/2026 4:33 PM",1,2,"2xCascão ","18",0,0,0,"18","15.6","Efectivo","","Lucas",""
"11974-2","Sale","02/11/2026 4:45 PM",1,2,"2xÁgua sem gás ","8",0,0,0,"8",0,"Efectivo","","Lucas",""
"11975-2","Sale","02/11/2026 4:52 PM",1,1,"1xRefri 310ml","7",0,0,0,"7","1","Tarjeta Débito","","Lucas",""
"11976-2","Sale","02/11/2026 5:06 PM",2,2,"1xCasquinha , 1xCombo 1","22",0,0,0,"22","7","Tarjeta Débito","","Lucas",""
"11977-2","Sale","02/11/2026 5:08 PM",1,2,"2xÁgua sem gás ","8",0,0,0,"8",0,"Tarjeta Débito","","Lucas",""
"11978-2","Sale","02/11/2026 5:12 PM",1,1,"1xCascão ","9",0,0,0,"9","7.8","Efectivo","","Lucas",""
"11979-2","Sale","02/11/2026 5:23 PM",1,1,"1xCasquinha ","7",0,0,0,"7","6","Efectivo","","Lucas",""
"11980-2","Sale","02/11/2026 5:36 PM",1,1,"1xChurros de chocolate ","10",0,0,0,"10","2","Pix","","Lucas",""
"11981-2","Sale","02/11/2026 5:41 PM",1,1,"1xMilkshake 400ml","14",0,0,0,"14","1","Tarjeta Débito","","Lucas",""
"11982-2","Sale","02/11/2026 5:43 PM",1,1,"1xCascão ","9",0,0,0,"9","7.8","Efectivo","","Lucas",""
"11983-2","Sale","02/11/2026 5:50 PM",1,1,"1xCasquinha ","7",0,0,0,"7","6","Pix","","Lucas",""
"11984-2","Sale","02/11/2026 5:56 PM",1,1,"1xCascão ","9",0,0,0,"9","7.8","Efectivo","","Lucas",""
"11985-2","Sale","02/11/2026 5:59 PM",1,1,"1xCascão ","9",0,0,0,"9","7.8","Pix","","Lucas",""
"11986-2","Sale","02/11/2026 6:01 PM",1,1,"1xCrepe suíço doce","11",0,0,0,"11","3","Efectivo","","Lucas",""
"11987-2","Sale","02/11/2026 6:02 PM",1,1,"1xCascão ","9",0,0,0,"9","7.8","Tarjeta Débito","","Lucas",""
"11988-2","Sale","02/11/2026 6:05 PM",2,2,"1xMilkshake 300ml, 1xCopo 200ml","20",0,0,0,"20","2","Otros","","Lucas",""
"11989-2","Sale","02/11/2026 6:06 PM",1,3,"3xCasquinha ","21",0,0,0,"21","18","Tarjeta Débito","","Lucas",""
"11990-2","Sale","02/11/2026 6:12 PM",1,2,"2xCascão ","18",0,0,0,"18","15.6","Tarjeta Débito","","Lucas",""
"11991-2","Sale","02/11/2026 6:16 PM",2,3,"1xMilkshake 300ml, 2xMilkshake 400ml","39",0,0,0,"39","3","Pix","","Lucas",""
"11992-2","Sale","02/11/2026 6:18 PM",1,2,"2xCasquinha ","14",0,0,0,"14","12","Efectivo","","Lucas",""
"11993-2","Sale","02/11/2026 6:25 PM",1,1,"1xCopo 200ml","9",0,0,0,"9","1","Efectivo","","Lucas",""
"11994-2","Sale","02/11/2026 6:27 PM",1,1,"1xMilkshake 500ml","16",0,0,0,"16",0,"Tarjeta Débito","","Lucas",""
"11995-2","Sale","02/11/2026 6:31 PM",2,2,"1xMilkshake 300ml, 1xCrepe suíço doce","22",0,0,0,"22","4","Pix","","Lucas",""
"11996-2","Sale","02/11/2026 6:32 PM",3,4,"2xCasquinha , 1xCascão , 1xMilkshake 300ml","34",0,0,0,"34","20.8","Tarjeta Crédito","","Lucas",""
"11997-2","Sale","02/11/2026 6:36 PM",2,2,"1xCasquinha , 1xCascão ","16",0,0,0,"16","13.8","Tarjeta Crédito","","Lucas",""
"11998-2","Sale","02/11/2026 6:44 PM",1,1,"1xMilkshake 300ml","11",0,0,0,"11","1","Tarjeta Débito","","Lucas",""
"11999-2","Sale","02/11/2026 7:18 PM",1,2,"2xCascão ","18",0,0,0,"18","15.6","Efectivo","","Lucas",""
"12000-2","Sale","02/11/2026 7:21 PM",1,1,"1xCasquinha ","7",0,0,0,"7","6","Pix","","Lucas",""
"12001-2","Sale","02/11/2026 7:36 PM",1,1,"1xCascão ","9",0,0,0,"9","7.8","Pix","","Lucas",""
"12002-2","Sale","02/12/2026 1:35 PM",1,1,"1xCascão ","9",0,0,0,"9","7.8","Tarjeta Débito","","Lucas",""
"12003-2","Sale","02/12/2026 1:36 PM",1,1,"1xCascão ","9",0,0,0,"9","7.8","Tarjeta Débito","","Lucas",""
"12004-2","Sale","02/12/2026 1:53 PM",1,1,"1xMilkshake 300ml","11",1,0,0,"10",0,"Efectivo","","Lucas",""
"12005-2","Sale","02/12/2026 1:54 PM",1,3,"3xCopo 150ml","21",0,0,0,"21","3","Tarjeta Débito","","Lucas",""
"12006-2","Sale","02/12/2026 2:09 PM",1,1,"1xCopo 200ml","9",0,0,0,"9","1","Efectivo","","Lucas",""
"12007-2","Sale","02/12/2026 2:32 PM",1,1,"1xCopo 200ml","9",0,0,0,"9","1","Tarjeta Débito","","Lucas",""
"12008-2","Sale","02/12/2026 2:33 PM",1,1,"1xRefri 310ml","7",0,0,0,"7","1","Tarjeta Crédito","","Lucas",""
"12009-2","Sale","02/12/2026 2:41 PM",1,1,"1xMilkshake 400ml","14",0,0,0,"14","1","Pix","","Lucas",""
"12010-2","Sale","02/12/2026 2:51 PM",1,1,"1xÁgua sem gás ","4",0,0,0,"4",0,"Efectivo","","Lucas",""
"12011-2","Sale","02/12/2026 3:07 PM",1,1,"1xMilkshake 400ml","14",0,0,0,"14","1","Pix","","Lucas",""
"12012-2","Sale","02/12/2026 3:07 PM",1,1,"1xCasquinha ","7",0,0,0,"7","6","Efectivo","","Lucas",""
"12013-2","Sale","02/12/2026 3:11 PM",1,1,"1xCasquinha ","7",0,0,0,"7","6","Efectivo","","Lucas",""
"12014-2","Sale","02/12/2026 3:13 PM",2,3,"1xCasquinha , 2xCascão ","25",0,0,0,"25","21.6","Efectivo","","Lucas",""
"12015-2","Sale","02/12/2026 3:20 PM",1,1,"1xÁgua sem gás ","4",0,0,0,"4",0,"Efectivo","","Lucas",""
"12016-2","Sale","02/12/2026 3:45 PM",2,3,"2xCascão , 1xÁgua com gás ","22.5",0,0,0,"22.5","18.9","Tarjeta Débito","","Lucas",""
"12017-2","Sale","02/12/2026 4:02 PM",1,1,"1xCascão ","9",0,0,0,"9","7.8","Pix","","Lucas",""
"12018-2","Sale","02/12/2026 4:02 PM",1,3,"3xMilkshake 400ml","42",0,0,0,"42","3","Efectivo","","Lucas",""
"12019-2","Sale","02/12/2026 4:08 PM",1,1,"1xMilkshake 400ml","14",0,0,0,"14","1","Pix","","Lucas",""
"12020-2","Sale","02/12/2026 4:24 PM",1,1,"1xCasquinha ","7",0,0,0,"7","6","Efectivo","","Lucas",""
"12021-2","Sale","02/12/2026 4:29 PM",1,1,"1xMilkshake 500ml","16",0,0,0,"16",0,"Tarjeta Débito","","Lucas",""
"12022-2","Sale","02/12/2026 4:32 PM",3,3,"1xMilkshake 400ml, 1xCasquinha , 1xCascão ","30",0,0,0,"30","14.8","Tarjeta Débito","","Lucas",""
"12023-2","Sale","02/12/2026 4:38 PM",2,2,"1xCasquinha , 1xÁgua sem gás ","11",0,0,0,"11","6","Efectivo","","Lucas",""
"12024-2","Sale","02/12/2026 4:41 PM",1,2,"2xCasquinha ","14",0,0,0,"14","12","Efectivo","","Lucas",""
"12025-2","Sale","02/12/2026 4:44 PM",2,2,"1xCopo 150ml, 1xMilkshake 300ml","18",0,0,0,"18","2","Pix","","Lucas",""
"12026-2","Sale","02/12/2026 4:53 PM",1,1,"1xCascão ","9",0,0,0,"9","7.8","Pix","","Lucas",""
"12027-2","Sale","02/12/2026 4:54 PM",1,1,"1xCascão ","9",0,0,0,"9","7.8","Tarjeta Débito","","Lucas",""
"12028-2","Sale","02/12/2026 5:00 PM",1,2,"2xCopo 150ml","14",0,0,0,"14","2","Pix","","Lucas",""
"12029-2","Sale","02/12/2026 5:04 PM",2,3,"2xCascão , 1xÁgua com gás ","22.5",0,0,0,"22.5","18.9","Pix","","Lucas",""
"12030-2","Sale","02/12/2026 5:06 PM",1,3,"3xCascão ","27",0,0,0,"27","23.4","Pix","","Lucas",""
"12031-2","Sale","02/12/2026 5:09 PM",2,2,"1xMilkshake 400ml, 1xMilkshake 300ml","25",0,0,0,"25","2","Efectivo","","Lucas",""
"12032-2","Sale","02/12/2026 5:17 PM",1,1,"1xCasquinha ","7",0,0,0,"7","6","Tarjeta Crédito","","Lucas",""
"12033-2","Sale","02/12/2026 5:21 PM",1,1,"1xMilkshake 300ml","11",0,0,0,"11","1","Tarjeta Débito","","Lucas",""
"12034-2","Sale","02/12/2026 5:47 PM",1,1,"1xCasquinha ","7",0,0,0,"7","6","Efectivo","","Lucas",""
"12035-2","Sale","02/12/2026 5:53 PM",1,2,"2xCascão ","18",0,0,0,"18","15.6","Tarjeta Crédito","","Lucas",""
"12036-2","Sale","02/12/2026 6:14 PM",1,1,"1xCasquinha ","7",0,0,0,"7","6","Efectivo","","Lucas",""
"12037-2","Sale","02/12/2026 6:32 PM",1,1,"1xÁgua sem gás ","4",0,0,0,"4",0,"Tarjeta Débito","","Lucas",""
"12038-2","Sale","02/12/2026 6:33 PM",1,1,"1xRefri 310ml","7",0,0,0,"7","1","Tarjeta Débito","","Lucas",""
"12039-2","Sale","02/12/2026 6:36 PM",2,2,"1xMilkshake 300ml, 1xCrepe suíço doce","22",0,0,0,"22","4","Pix","","Lucas",""
"12040-2","Sale","02/12/2026 6:37 PM",1,1,"1xCasquinha ","7",0,0,0,"7","6","Tarjeta Débito","","Lucas",""
"12041-2","Sale","02/12/2026 6:39 PM",1,1,"1xMilkshake 500ml","16",0,0,0,"16",0,"Tarjeta Crédito","","Lucas",""
"12042-2","Sale","02/12/2026 6:48 PM",5,6,"2xMilkshake 300ml, 1xMilkshake 500ml, 1xCombo 1, 1xCrepe suíço salgado , 1xÁgua sem gás ","67",0,0,0,"67","5","Tarjeta Débito","","Lucas",""
"12043-2","Sale","02/12/2026 6:48 PM",2,2,"1xChurros de chocolate , 1xCrepe suíço salgado ","20",0,0,0,"20","4","Tarjeta Débito","","Lucas",""
"12044-2","Sale","02/12/2026 6:53 PM",1,3,"3xCascão ","27",0,0,0,"27","23.4","Efectivo","","Lucas",""
"12045-2","Sale","02/12/2026 7:05 PM",2,3,"2xMilkshake 300ml, 1xMilkshake 500ml","38",0,0,0,"38","2","Tarjeta Crédito","","Lucas",""
"12046-2","Sale","02/12/2026 7:11 PM",1,1,"1xCascão ","9",0,0,0,"9","7.8","Tarjeta Débito","","Lucas",""
"12047-2","Sale","02/12/2026 7:12 PM",1,1,"1xCasquinha ","7",0,0,0,"7","6","Efectivo","","Lucas",""
"12048-2","Sale","02/12/2026 7:25 PM",1,1,"1xCopo 150ml","7",0,0,0,"7","1","Tarjeta Débito","","Lucas",""
"12049-2","Sale","02/13/2026 1:59 PM",2,2,"1xÁgua com gás , 1xMilkshake 300ml","15.5",0,0,0,"15.5","4.3","Tarjeta Crédito","","Lucas",""
"12050-2","Sale","02/13/2026 2:04 PM",1,1,"1xMilkshake 400ml","14",0,0,0,"14","1","Efectivo","","Lucas",""
"12051-2","Sale","02/13/2026 2:06 PM",2,2,"1xCasquinha , 1xÁgua com gás ","11.5",0,0,0,"11.5","9.3","Efectivo","","Lucas",""
"12052-2","Sale","02/13/2026 2:30 PM",1,1,"1xMilkshake 500ml","16",0,0,0,"16",0,"Pix","","Lucas",""
"12053-2","Sale","02/13/2026 2:59 PM",1,1,"1xChurros doce de leite ","10",0,0,0,"10","2","Efectivo","","Lucas",""
"12055-2","Sale","02/13/2026 3:17 PM",2,2,"1xChurros doce de leite , 1xCasquinha ","17",0,0,0,"17","8","Tarjeta Crédito","","Lucas",""
"12056-2","Sale","02/13/2026 3:18 PM",1,1,"1xCascão ","9",0,0,0,"9","7.8","Efectivo","","Lucas",""
"12057-2","Sale","02/13/2026 3:26 PM",1,1,"1xCasquinha ","7",0,0,0,"7","6","Efectivo","","Lucas",""
"12058-2","Sale","02/13/2026 3:34 PM",1,2,"2xMilkshake 300ml","22",0,0,0,"22","2","Efectivo","","Lucas",""
"12054-2","Sale","02/13/2026 3:12 PM",2,2,"1xCrepe suíço salgado , 1xCrepe suíço doce","21",1,0,0,"20","4","Efectivo","","Lucas",""
"12059-2","Sale","02/13/2026 3:37 PM",1,1,"1xMilkshake 300ml","11",0,0,0,"11","1","Pix","","Lucas",""
"12060-2","Sale","02/13/2026 3:45 PM",1,1,"1xCasquinha ","7",0,0,0,"7","6","Efectivo","","Lucas",""
"12061-2","Sale","02/13/2026 3:49 PM",1,1,"1xCasquinha ","7",0,0,0,"7","6","Tarjeta Crédito","","Lucas",""
"12062-2","Sale","02/13/2026 3:55 PM",1,2,"2xCascão ","18",0,0,0,"18","15.6","Tarjeta Débito","","Lucas",""
"12063-2","Sale","02/13/2026 3:56 PM",1,1,"1xCasquinha ","7",0,0,0,"7","6","Efectivo","","Lucas",""
"12064-2","Sale","02/13/2026 3:57 PM",1,1,"1xCasquinha ","7",0,0,0,"7","6","Efectivo","","Lucas",""
"12065-2","Sale","02/13/2026 4:01 PM",2,2,"1xMilkshake 300ml, 1xCrepe suíço salgado ","21",0,0,0,"21","3","Efectivo","","Lucas",""
"12066-2","Sale","02/13/2026 4:04 PM",1,1,"1xCasquinha ","7",0,0,0,"7","6","Efectivo","","Lucas",""
"12067-2","Sale","02/13/2026 4:09 PM",1,1,"1xCascão ","9",0,0,0,"9","7.8","Tarjeta Débito","","Lucas",""
"12068-2","Sale","02/13/2026 4:16 PM",2,2,"1xCombo 1, 1xCombo 2","31",0,0,0,"31","2","Efectivo","","Lucas",""
"12069-2","Sale","02/13/2026 4:17 PM",1,1,"1xCascão ","9",0,0,0,"9","7.8","Efectivo","","Lucas",""
"12070-2","Sale","02/13/2026 4:19 PM",1,1,"1xCasquinha ","7",0,0,0,"7","6","Pix","","Lucas",""
"12071-2","Sale","02/13/2026 4:22 PM",2,2,"1xCasquinha , 1xMilkshake 300ml","18",0,0,0,"18","7","Tarjeta Crédito","","Lucas",""
"12072-2","Sale","02/13/2026 4:25 PM",1,3,"3xChurros doce de leite ","30",0,0,0,"30","6","Pix","","Lucas",""
"12073-2","Sale","02/13/2026 4:26 PM",2,2,"1xCrepe suíço salgado , 1xCrepe suíço doce","21",0,0,0,"21","5","Pix","","Lucas",""
"12074-2","Sale","02/13/2026 4:39 PM",3,3,"1xCasquinha , 1xMilkshake 400ml, 1xChurros de chocolate ","31",0,0,0,"31","9","Tarjeta Crédito","","Lucas",""
"12075-2","Sale","02/13/2026 4:40 PM",1,1,"1xCasquinha ","7",0,0,0,"7","6","Efectivo","","Lucas",""
"12076-2","Sale","02/13/2026 4:44 PM",1,1,"1xMilkshake 500ml","16",0,0,0,"16",0,"Tarjeta Débito","","Lucas",""
"12077-2","Sale","02/13/2026 4:46 PM",1,1,"1xMilkshake 300ml","11",0,0,0,"11","1","Pix","","Lucas",""
"12078-2","Sale","02/13/2026 4:47 PM",1,1,"1xCascão ","9",0,0,0,"9","7.8","Tarjeta Débito","","Lucas",""
"12079-2","Sale","02/13/2026 4:59 PM",1,2,"2xCasquinha ","14",0,0,0,"14","12","Tarjeta Crédito","","Lucas",""
"12080-2","Sale","02/13/2026 5:05 PM",1,1,"1xCombo 1","15",0,0,0,"15","1","Pix","","Lucas",""
"12081-2","Sale","02/13/2026 5:08 PM",1,1,"1xCascão ","9",0,0,0,"9","7.8","Pix","","Lucas",""
"12082-2","Sale","02/13/2026 5:16 PM",1,1,"1xCombo 1","15",0,0,0,"15","1","Pix","","Lucas",""
"12083-2","Sale","02/13/2026 5:26 PM",1,1,"1xCasquinha ","7",0,0,0,"7","6","Efectivo","","Lucas",""
"12084-2","Sale","02/13/2026 5:28 PM",1,1,"1xCascão ","9",0,0,0,"9","7.8","Tarjeta Débito","","Lucas",""
"12085-2","Sale","02/13/2026 5:37 PM",2,2,"1xCasquinha , 1xMilkshake 400ml","21",0,0,0,"21","7","Tarjeta Débito","","Lucas",""
"12086-2","Sale","02/14/2026 11:03 AM",1,1,"1xÁgua com gás ","4.5",0,0,0,"4.5","3.3","Efectivo","","Lucas",""
"12087-2","Sale","02/14/2026 11:20 AM",2,3,"2xMilkshake 300ml, 1xCasquinha ","29",0,0,0,"29","8","Pix","","Lucas",""
"12088-2","Sale","02/14/2026 11:23 AM",2,2,"1xCasquinha , 1xCopo 150ml","14",0,0,0,"14","7","Tarjeta Débito","","Lucas",""
"12089-2","Sale","02/14/2026 11:31 AM",1,1,"1xMilkshake 500ml","16",0,0,0,"16",0,"Tarjeta Débito","","Lucas",""
"12090-2","Sale","02/14/2026 11:45 AM",1,1,"1xCascão ","9",0,0,0,"9","7.8","Tarjeta Débito","","Lucas",""
"12091-2","Sale","02/14/2026 11:46 AM",1,1,"1xRefri 310ml","7",3,0,0,"4","-2","Efectivo","","Lucas",""
"12092-2","Sale","02/14/2026 12:32 PM",1,1,"1xCopo 150ml","7",0,0,0,"7","1","Tarjeta Débito","","Lucas",""
"12093-2","Sale","02/14/2026 1:15 PM",1,1,"1xChurros de chocolate ","10",0,0,0,"10","2","Pix","","Lucas",""
"12094-2","Sale","02/14/2026 1:26 PM",1,1,"1xCasquinha ","7",0,0,0,"7","6","Pix","","Lucas",""
"12095-2","Sale","02/14/2026 1:31 PM",1,3,"3xMilkshake 300ml","33",0,0,0,"33","3","Efectivo","","Lucas",""
"12096-2","Sale","02/14/2026 1:37 PM",3,3,"1xCascão , 1xCasquinha , 1xCopo 150ml","23",0,0,0,"23","14.8","Efectivo","","Lucas",""
"12097-2","Sale","02/14/2026 1:42 PM",1,3,"3xMilkshake 500ml","48",0,0,0,"48",0,"Tarjeta Crédito","","Lucas",""
"12098-2","Sale","02/14/2026 1:51 PM",2,3,"1xCopo 150ml, 2xÁgua sem gás ","15",0,0,0,"15","1","Tarjeta Débito","","Lucas",""
"12099-2","Sale","02/14/2026 1:53 PM",1,1,"1xCopo 250ml","11",0,0,0,"11","1","Tarjeta Débito","","Lucas",""
"12100-2","Sale","02/14/2026 1:56 PM",1,1,"1xCopo 150ml","7",0,0,0,"7","1","Pix","","Lucas",""
"12101-2","Sale","02/14/2026 2:00 PM",1,1,"1xCasquinha ","7",0,0,0,"7","6","Pix","","Lucas",""
"12102-2","Sale","02/14/2026 2:04 PM",2,2,"1xMilkshake 400ml, 1xChurros doce de leite ","24",0,0,0,"24","3","Tarjeta Crédito","","Lucas",""
"12103-2","Sale","02/14/2026 2:05 PM",2,2,"1xCasquinha , 1xÁgua sem gás ","11",0,0,0,"11","6","Pix","","Lucas",""
"12104-2","Sale","02/14/2026 2:07 PM",1,1,"1xCasquinha ","7",0,0,0,"7","6","Pix","","Lucas",""
"12105-2","Sale","02/14/2026 2:08 PM",1,1,"1xMilkshake 300ml","11",0,0,0,"11","1","Efectivo","","Lucas",""
"12106-2","Sale","02/14/2026 2:13 PM",1,3,"3xCasquinha ","21",0,0,0,"21","18","Pix","","Lucas",""
"12107-2","Sale","02/14/2026 2:14 PM",1,1,"1xCopo 200ml","9",0,0,0,"9","1","Pix","","Lucas",""
"12108-2","Sale","02/14/2026 2:14 PM",1,1,"1xCopo 200ml","9",0,0,0,"9","1","Tarjeta Débito","","Lucas",""
"12109-2","Sale","02/14/2026 2:22 PM",2,2,"1xMilkshake 400ml, 1xCasquinha ","21",0,0,0,"21","7","Pix","","Lucas",""
"12110-2","Sale","02/14/2026 2:26 PM",1,1,"1xMilkshake 300ml","11",0,0,0,"11","1","Efectivo","","Lucas",""
"12111-2","Sale","02/14/2026 2:32 PM",2,2,"1xCascão , 1xCasquinha ","16",0,0,0,"16","13.8","Efectivo","","Lucas",""
"12112-2","Sale","02/14/2026 2:38 PM",1,1,"1xChurros de chocolate ","10",0,0,0,"10","2","Efectivo","","Lucas",""
"12113-2","Sale","02/14/2026 2:42 PM",1,2,"2xCasquinha ","14",0,0,0,"14","12","Efectivo","","Lucas",""
"12114-2","Sale","02/14/2026 2:46 PM",1,1,"1xCascão ","9",0,0,0,"9","7.8","Efectivo","","Lucas",""
"12115-2","Sale","02/14/2026 2:47 PM",1,4,"4xCasquinha ","28",0,0,0,"28","24","Tarjeta Débito","","Lucas",""
"12116-2","Sale","02/14/2026 2:53 PM",1,1,"1xCascão ","9",0,0,0,"9","7.8","Efectivo","","Lucas",""
"12117-2","Sale","02/14/2026 2:54 PM",2,2,"1xCascão , 1xCopo 200ml","18",0,0,0,"18","8.8","Tarjeta Débito","","Lucas",""
"12118-2","Sale","02/14/2026 2:55 PM",1,1,"1xCascão ","9",0,0,0,"9","7.8","Tarjeta Débito","","Lucas",""
"12119-2","Sale","02/14/2026 2:58 PM",1,1,"1xCasquinha ","7",0,0,0,"7","6","Efectivo","","Lucas",""
"12120-2","Sale","02/14/2026 3:07 PM",2,2,"1xChurros doce de leite , 1xCasquinha ","17",0,0,0,"17","8","Tarjeta Crédito","","Lucas",""
"12121-2","Sale","02/14/2026 3:09 PM",2,2,"1xCopo 150ml, 1xMilkshake 300ml","18",0,0,0,"18","2","Pix","","Lucas",""
"12122-2","Sale","02/14/2026 3:11 PM",2,2,"1xMilkshake 500ml, 1xCopo 150ml","23",0,0,0,"23","1","Tarjeta Crédito","","Lucas",""
"12123-2","Sale","02/14/2026 3:12 PM",1,1,"1xCasquinha ","7",0,0,0,"7","6","Tarjeta Débito","","Lucas",""
"12124-2","Sale","02/14/2026 3:18 PM",1,1,"1xCasquinha ","7",0,0,0,"7","6","Tarjeta Débito","","Lucas",""
"12125-2","Sale","02/14/2026 3:22 PM",1,1,"1xCascão ","9",0,0,0,"9","7.8","Efectivo","","Lucas",""
"12126-2","Sale","02/14/2026 3:25 PM",2,2,"1xCasquinha , 1xCascão ","16",0,0,0,"16","13.8","Efectivo","","Lucas",""
"12127-2","Sale","02/14/2026 3:38 PM",1,2,"2xCasquinha ","14",0,0,0,"14","12","Tarjeta Crédito","","Lucas",""
"12128-2","Sale","02/14/2026 3:40 PM",1,2,"2xCopo 150ml","14",0,0,0,"14","2","Efectivo","","Lucas",""
"12129-2","Sale","02/14/2026 3:41 PM",1,3,"3xCopo 150ml","21",0,0,0,"21","3","Tarjeta Débito","","Lucas",""
"12130-2","Sale","02/14/2026 3:44 PM",1,1,"1xCopo 200ml","9",0,0,0,"9","1","Tarjeta Crédito","","Lucas",""
"12131-2","Sale","02/14/2026 3:53 PM",1,1,"1xCascão ","9",0,0,0,"9","7.8","Tarjeta Débito","","Lucas",""
"12132-2","Sale","02/14/2026 3:54 PM",1,1,"1xCascão ","9",0,0,0,"9","7.8","Tarjeta Débito","","Lucas",""
"12133-2","Sale","02/14/2026 3:58 PM",1,1,"1xCasquinha ","7",0,0,0,"7","6","Efectivo","","Lucas",""
"12134-2","Sale","02/14/2026 4:03 PM",1,2,"2xCopo 200ml","18",0,0,0,"18","2","Efectivo","","Lucas",""
"12135-2","Sale","02/14/2026 4:06 PM",1,1,"1xÁgua com gás ","4.5",0,0,0,"4.5","3.3","Efectivo","","Lucas",""
"12136-2","Sale","02/14/2026 4:19 PM",1,1,"1xÁgua com gás ","4.5",0,0,0,"4.5","3.3","Tarjeta Débito","","Lucas",""
"12137-2","Sale","02/14/2026 4:19 PM",1,1,"1xCascão ","9",0,0,0,"9","7.8","Tarjeta Crédito","","Lucas",""
"12138-2","Sale","02/14/2026 4:22 PM",1,1,"1xCascão ","9",0,0,0,"9","7.8","Venta a crédito","Buba","Lucas",""
"12139-2","Sale","02/14/2026 4:28 PM",2,2,"1xMilkshake 300ml, 1xMilkshake 400ml","25",0,0,0,"25","2","Pix","","Lucas",""
"12140-2","Sale","02/14/2026 4:29 PM",1,1,"1xRefri 310ml","7",0,0,0,"7","1","Efectivo","","Lucas",""
"12141-2","Sale","02/14/2026 4:34 PM",1,2,"2xCasquinha ","14",0,0,0,"14","12","Efectivo","","Lucas",""
"12142-2","Sale","02/14/2026 4:52 PM",2,3,"2xCasquinha , 1xRefri 310ml","21",0,0,0,"21","13","Tarjeta Débito","","Lucas",""
"12143-2","Sale","02/14/2026 4:55 PM",1,1,"1xCopo 200ml","9",0,0,0,"9","1","Pix","","Lucas",""
"12144-2","Sale","02/14/2026 4:56 PM",1,1,"1xRefri 310ml","7",0,0,0,"7","1","Tarjeta Crédito","","Lucas",""
"12145-2","Sale","02/14/2026 4:59 PM",2,2,"1xCopo 150ml, 1xMilkshake 300ml","18",0,0,0,"18","2","Tarjeta Débito","","Lucas",""
"12146-2","Sale","02/14/2026 5:02 PM",1,1,"1xCasquinha ","7",0,0,0,"7","6","Efectivo","","Lucas",""
"12147-2","Sale","02/14/2026 5:06 PM",2,2,"1xChurros de chocolate , 1xCascão ","19",0,0,0,"19","9.8","Pix","","Lucas",""
"12148-2","Sale","02/14/2026 5:06 PM",1,1,"1xCascão ","9",0,0,0,"9","7.8","Tarjeta Débito","","Lucas",""
"12149-2","Sale","02/14/2026 5:23 PM",1,2,"2xCascão ","18",0,0,0,"18","15.6","Efectivo","","Lucas",""
"12150-2","Sale","02/14/2026 5:28 PM",1,1,"1xÁgua sem gás ","4",0,0,0,"4",0,"Tarjeta Débito","","Lucas",""
"12151-2","Sale","02/14/2026 5:43 PM",1,1,"1xMilkshake 300ml","11",0,0,0,"11","1","Tarjeta Débito","","Lucas",""
"12152-2","Sale","02/14/2026 5:50 PM",4,4,"1xMilkshake 300ml, 1xMilkshake 500ml, 1xCascão , 1xCasquinha ","43",0,0,0,"43","14.8","Efectivo, Efectivo","","Lucas",""
"12153-2","Sale","02/14/2026 5:50 PM",1,1,"1xCombo 1","15",0,0,0,"15","1","Pix","","Lucas",""
"12154-2","Sale","02/14/2026 5:51 PM",1,2,"2xMilkshake 400ml","28",0,0,0,"28","2","Tarjeta Crédito","","Lucas",""
"12155-2","Sale","02/14/2026 5:57 PM",1,1,"1xCasquinha ","7",0,0,0,"7","6","Efectivo","","Lucas",""
"12156-2","Sale","02/14/2026 6:04 PM",2,2,"1xMilkshake 300ml, 1xMilkshake 500ml","27",0,0,0,"27","1","Tarjeta Débito","","Lucas",""
"12157-2","Sale","02/14/2026 6:05 PM",1,1,"1xCombo 1","15",0,0,0,"15","1","Tarjeta Crédito","","Lucas",""
"12158-2","Sale","02/14/2026 6:06 PM",2,2,"1xCrepe suíço doce, 1xCombo 1","26",0,0,0,"26","4","Efectivo","","Lucas",""
"12159-2","Sale","02/14/2026 6:13 PM",1,1,"1xCascão ","9",0,0,0,"9","7.8","Tarjeta Crédito","","Lucas",""
"12160-2","Sale","02/14/2026 6:13 PM",1,2,"2xCascão ","18",0,0,0,"18","15.6","Efectivo","","Lucas",""
"12161-2","Sale","02/14/2026 6:19 PM",1,1,"1xMilkshake 300ml","11",0,0,0,"11","1","Efectivo","","Lucas",""
"12162-2","Sale","02/14/2026 6:26 PM",3,3,"1xCopo 200ml, 1xCopo 150ml, 1xÁgua sem gás ","20",0,0,0,"20","2","Tarjeta Débito","","Lucas",""
"12163-2","Sale","02/14/2026 6:33 PM",1,1,"1xMilkshake 300ml","11",0,0,0,"11","1","Tarjeta Débito","","Lucas",""
"12164-2","Sale","02/14/2026 6:44 PM",2,2,"1xMilkshake 400ml, 1xCrepe suíço salgado ","24",0,0,0,"24","3","Tarjeta Débito","","Lucas",""
"12165-2","Sale","02/14/2026 6:45 PM",2,2,"1xCrepe suíço salgado , 1xMilkshake 300ml","21",0,0,0,"21","3","Tarjeta Crédito","","Lucas",""
"12167-2","Sale","02/14/2026 6:58 PM",1,1,"1xCasquinha ","7",0,0,0,"7","6","Efectivo","","Lucas",""
"12166-2","Sale","02/14/2026 6:52 PM",2,2,"1xCrepe suíço salgado , 1xChurros doce de leite ","20",0,0,0,"20","4","Tarjeta Débito","","Lucas",""
"12168-2","Sale","02/14/2026 7:04 PM",1,1,"1xCrepe suíço salgado ","10",0,0,0,"10","2","Efectivo","","Lucas",""
"12169-2","Sale","02/14/2026 7:05 PM",1,3,"3xCasquinha ","21",0,0,0,"21","18","Tarjeta Crédito","","Lucas",""
"12170-2","Sale","02/14/2026 7:09 PM",1,2,"2xCopo 200ml","18",0,0,0,"18","2","Efectivo","","Lucas",""
"12171-2","Sale","02/14/2026 7:19 PM",1,2,"2xMilkshake 500ml","32",0,0,0,"32",0,"Pix","","Lucas",""
"12172-2","Sale","02/14/2026 7:29 PM",1,1,"1xCascão ","9",0,0,0,"9","7.8","Efectivo","","Lucas",""
"12173-2","Sale","02/15/2026 3:25 PM",1,2,"2xCasquinha ","14",0,0,0,"14","12","Efectivo","","Lucas",""
"12174-2","Sale","02/15/2026 3:40 PM",1,1,"1xMilkshake 400ml","14",0,0,0,"14","1","Tarjeta Débito","","Lucas",""
"12175-2","Sale","02/15/2026 3:44 PM",2,3,"1xÁgua com gás , 2xCasquinha ","18.5",0,0,0,"18.5","15.3","Efectivo","","Lucas",""
"12176-2","Sale","02/15/2026 3:45 PM",2,2,"1xCombo 1, 1xCrepe suíço salgado ","25",0,0,0,"25","3","Efectivo","","Lucas",""
"12177-2","Sale","02/15/2026 3:52 PM",3,3,"1xChurros doce de leite , 1xChurros de chocolate , 1xMilkshake 400ml","34",0,0,0,"34","5","Efectivo","","Lucas",""
"12178-2","Sale","02/15/2026 3:53 PM",1,1,"1xCascão ","9",0,0,0,"9","7.8","Efectivo","","Lucas",""
"12179-2","Sale","02/15/2026 3:55 PM",1,1,"1xCasquinha ","7",0,0,0,"7","6","Pix","","Lucas",""
"12180-2","Sale","02/15/2026 4:02 PM",2,2,"1xCopo 150ml, 1xÁgua sem gás ","11",0,0,0,"11","1","Efectivo","","Lucas",""
"12181-2","Sale","02/15/2026 4:08 PM",2,2,"1xMilkshake 400ml, 1xCasquinha ","21",0,0,0,"21","7","Efectivo","","Lucas",""
"12182-2","Sale","02/15/2026 4:10 PM",1,2,"2xMilkshake 400ml","28",0,0,0,"28","2","Tarjeta Crédito","","Lucas",""
"12183-2","Sale","02/15/2026 4:16 PM",2,2,"1xCasquinha , 1xRefri 310ml","14",0,0,0,"14","7","Pix","","Lucas",""
"12184-2","Sale","02/15/2026 4:24 PM",2,3,"1xÁgua sem gás , 2xCasquinha ","18",0,0,0,"18","12","Efectivo","","Lucas",""
"12185-2","Sale","02/15/2026 4:28 PM",3,3,"1xMilkshake 400ml, 1xCopo 200ml, 1xCascão ","32",0,0,0,"32","9.8","Efectivo","","Lucas",""
"12186-2","Sale","02/15/2026 4:33 PM",3,4,"1xCasquinha , 1xMilkshake 300ml, 2xMilkshake 500ml","50",0,0,0,"50","7","Tarjeta Crédito","","Lucas",""
"12187-2","Sale","02/15/2026 4:36 PM",1,1,"1xMilkshake 300ml","11",0,0,0,"11","1","Tarjeta Débito","","Lucas",""
"12188-2","Sale","02/15/2026 4:38 PM",1,1,"1xCopo 200ml","9",0,0,0,"9","1","Pix","","Lucas",""
"12189-2","Sale","02/15/2026 4:45 PM",3,4,"1xÁgua sem gás , 1xÁgua com gás , 2xChurros doce de leite ","28.5",0,0,0,"28.5","7.3","Tarjeta Crédito","","Lucas",""
"12190-2","Sale","02/15/2026 4:48 PM",1,1,"1xMilkshake 500ml","16",0,0,0,"16",0,"Tarjeta Crédito","","Lucas",""
"12191-2","Sale","02/15/2026 4:48 PM",1,2,"2xCasquinha ","14",2,0,0,"12","10","Efectivo","","Lucas",""
"12192-2","Sale","02/15/2026 4:54 PM",1,3,"3xÁgua sem gás ","12",0,0,0,"12",0,"Efectivo","","Lucas",""
"12193-2","Sale","02/15/2026 4:58 PM",1,2,"2xCasquinha ","14",0,0,0,"14","12","Efectivo","","Lucas",""
"12194-2","Sale","02/15/2026 5:11 PM",1,4,"4xMilkshake 300ml","44",0,0,0,"44","4","Pix","","Lucas",""
"12195-2","Sale","02/15/2026 5:16 PM",2,4,"3xCasquinha , 1xÁgua sem gás ","25",0,0,0,"25","18","Efectivo","","Lucas",""
"12196-2","Sale","02/15/2026 5:25 PM",3,3,"1xMilkshake 300ml, 1xMilkshake 500ml, 1xCasquinha ","34",0,0,0,"34","7","Efectivo","","Lucas",""
"12197-2","Sale","02/15/2026 5:26 PM",2,2,"1xÁgua sem gás , 1xÁgua com gás ","8.5",0,0,0,"8.5","3.3","Pix","","Lucas",""
"12198-2","Sale","02/15/2026 5:32 PM",2,4,"1xMilkshake 300ml, 3xMilkshake 400ml","53",0,0,0,"53","4","Tarjeta Crédito","","Lucas",""
"12199-2","Sale","02/15/2026 5:37 PM",2,2,"1xMilkshake 400ml, 1xCombo 1","29",0,0,0,"29","2","Tarjeta Crédito","","Lucas",""
"12200-2","Sale","02/15/2026 5:37 PM",2,3,"2xCasquinha , 1xCascão ","23",0,0,0,"23","19.8","Tarjeta Crédito","","Lucas",""
"12201-2","Sale","02/15/2026 5:43 PM",2,2,"1xCascão , 1xCopo 200ml","18",0,0,0,"18","8.8","Tarjeta Débito","","Lucas",""
"12202-2","Sale","02/15/2026 5:51 PM",1,2,"2xMilkshake 300ml","22",0,0,0,"22","2","Tarjeta Débito","","Lucas",""
"12203-2","Sale","02/15/2026 5:57 PM",3,4,"2xCasquinha , 1xCrepe suíço salgado , 1xChurros de chocolate ","34",0,0,0,"34","16","Tarjeta Crédito","","Lucas",""
"12204-2","Sale","02/15/2026 5:58 PM",2,3,"1xCascão , 2xCasquinha ","23",0,0,0,"23","19.8","Pix","","Lucas",""
"12205-2","Sale","02/15/2026 6:02 PM",1,2,"2xCasquinha ","14",0,0,0,"14","12","Tarjeta Débito","","Lucas",""
"12206-2","Sale","02/15/2026 6:04 PM",1,1,"1xCopo 150ml","7",0,0,0,"7","1","Pix","","Lucas",""
"12207-2","Sale","02/15/2026 6:08 PM",1,1,"1xCasquinha ","7",0,0,0,"7","6","Tarjeta Débito","","Lucas",""
"12208-2","Sale","02/15/2026 6:13 PM",1,1,"1xMilkshake 500ml","16",0,0,0,"16",0,"Efectivo","","Lucas",""
"12209-2","Sale","02/15/2026 6:19 PM",2,4,"3xCasquinha , 1xMilkshake 500ml","37",0,0,0,"37","18","Tarjeta Débito","","Lucas",""
"12210-2","Sale","02/15/2026 6:23 PM",1,1,"1xMilkshake 300ml","11",0,0,0,"11","1","Efectivo","","Lucas",""
"12211-2","Sale","02/15/2026 6:34 PM",1,3,"3xCascão ","27",0,0,0,"27","23.4","Pix","","Lucas",""
"12212-2","Sale","02/15/2026 6:45 PM",1,2,"2xCasquinha ","14",0,0,0,"14","12","Efectivo","","Lucas",""
"12213-2","Sale","02/15/2026 6:51 PM",1,1,"1xÁgua sem gás ","4",0,0,0,"4",0,"Efectivo","","Lucas",""
"12214-2","Sale","02/15/2026 6:58 PM",4,5,"1xMilkshake 300ml, 1xChurros doce de leite , 1xChurros de chocolate , 2xCrepe suíço salgado ","51",0,0,0,"51","9","Pix","","Lucas",""
"12215-2","Sale","02/15/2026 7:03 PM",2,5,"2xCascão , 3xCasquinha ","39",0,0,0,"39","33.6","Efectivo","","Lucas",""
"12216-2","Sale","02/15/2026 7:07 PM",1,1,"1xCasquinha ","7",0,0,0,"7","6","Efectivo","","Lucas",""
"12217-2","Sale","02/15/2026 7:14 PM",3,4,"2xCopo 150ml, 1xMilkshake 300ml, 1xÁgua com gás ","29.5",0,0,0,"29.5","6.3","Tarjeta Débito","","Lucas",""
"12218-2","Sale","02/15/2026 7:23 PM",1,2,"2xCasquinha ","14",0,0,0,"14","12","Tarjeta Débito","","Lucas",""
"12219-2","Sale","02/15/2026 7:24 PM",1,2,"2xChurros doce de leite ","20",0,0,0,"20","4","Tarjeta Débito","","Lucas",""
"12220-2","Sale","02/15/2026 7:31 PM",1,1,"1xMilkshake 300ml","11",0,0,0,"11","1","Tarjeta Débito","","Lucas",""
"12221-2","Sale","02/15/2026 7:35 PM",1,1,"1xÁgua sem gás ","4",0,0,0,"4",0,"Efectivo","","Lucas",""
"12222-2","Sale","02/16/2026 1:38 PM",1,2,"2xCascão ","18",0,0,0,"18","15.6","Efectivo","","Lucas",""
"12223-2","Sale","02/16/2026 1:39 PM",1,1,"1xCascão ","9",0,0,0,"9","7.8","Efectivo","","Lucas",""
"12224-2","Sale","02/16/2026 1:47 PM",2,2,"1xCascão , 1xCasquinha ","16",0,0,0,"16","13.8","Pix","","Lucas",""
"12225-2","Sale","02/16/2026 1:49 PM",1,1,"1xÁgua sem gás ","4",0,0,0,"4",0,"Efectivo","","Lucas",""
"12226-2","Sale","02/16/2026 1:52 PM",1,1,"1xMilkshake 500ml","16",0,0,0,"16",0,"Tarjeta Débito","","Lucas",""
"12227-2","Sale","02/16/2026 1:58 PM",1,1,"1xMilkshake 300ml","11",0,0,0,"11","1","Tarjeta Débito","","Lucas",""
"12228-2","Sale","02/16/2026 2:01 PM",1,2,"2xCopo 150ml","14",0,0,0,"14","2","Pix","","Lucas",""
"12229-2","Sale","02/16/2026 2:17 PM",2,3,"2xCopo 150ml, 1xÁgua sem gás ","18",0,0,0,"18","2","Efectivo","","Lucas",""
"12230-2","Sale","02/16/2026 2:24 PM",1,2,"2xCascão ","18",0,0,0,"18","15.6","Efectivo","","Lucas",""
"12231-2","Sale","02/16/2026 2:26 PM",2,3,"1xCopo 200ml, 2xCasquinha ","23",0,0,0,"23","13","Tarjeta Crédito","","Lucas",""
"12232-2","Sale","02/16/2026 2:36 PM",1,2,"2xCascão ","18",0,0,0,"18","15.6","Efectivo","","Lucas",""
"12233-2","Sale","02/16/2026 2:46 PM",1,3,"3xCasquinha ","21",0,0,0,"21","18","Tarjeta Débito","","Lucas",""
"12234-2","Sale","02/16/2026 2:48 PM",1,1,"1xCasquinha ","7",0,0,0,"7","6","Efectivo","","Lucas",""
"12235-2","Sale","02/16/2026 2:49 PM",1,1,"1xRefri 310ml","7",0,0,0,"7","1","Pix","","Lucas",""
"12236-2","Sale","02/16/2026 2:54 PM",1,1,"1xCascão ","9",0,0,0,"9","7.8","Efectivo","","Lucas",""
"12237-2","Sale","02/16/2026 3:00 PM",4,4,"1xChurros de chocolate , 1xMilkshake 500ml, 1xCasquinha , 1xCopo 150ml","40",0,0,0,"40","9","Tarjeta Crédito","","Lucas",""
"12238-2","Sale","02/16/2026 3:09 PM",2,4,"1xCasquinha , 3xMilkshake 300ml","40",0,0,0,"40","9","Efectivo","","Lucas",""
"12239-2","Sale","02/16/2026 3:15 PM",2,5,"3xCrepe suíço salgado , 2xChurros doce de leite ","50",0,0,0,"50","10","Tarjeta Crédito","","Lucas",""
"12240-2","Sale","02/16/2026 3:22 PM",1,1,"1xÁgua sem gás ","4",0,0,0,"4",0,"Tarjeta Crédito","","Lucas",""
"12241-2","Sale","02/16/2026 3:34 PM",2,2,"1xCrepe suíço salgado , 1xCasquinha ","17",0,0,0,"17","8","Tarjeta Débito","","Lucas",""
"12242-2","Sale","02/16/2026 3:38 PM",2,3,"1xCrepe suíço salgado , 2xCasquinha ","24",0,0,0,"24","14","Efectivo","","Lucas",""
"12243-2","Sale","02/16/2026 3:38 PM",1,2,"2xChurros de chocolate ","20",0,0,0,"20","4","Efectivo","","Lucas",""
"12244-2","Sale","02/16/2026 3:51 PM",1,2,"2xCasquinha ","14",0,0,0,"14","12","Tarjeta Débito","","Lucas",""
"12245-2","Sale","02/16/2026 3:58 PM",1,1,"1xRefri 310ml","7",0,0,0,"7","1","Pix","","Lucas",""
"12246-2","Sale","02/16/2026 4:03 PM",1,2,"2xMilkshake 300ml","22",0,0,0,"22","2","Tarjeta Débito","","Lucas",""
"12247-2","Sale","02/16/2026 4:03 PM",1,1,"1xCasquinha ","7",0,0,0,"7","6","Tarjeta Débito","","Lucas",""
"12248-2","Sale","02/16/2026 4:07 PM",2,2,"1xChurros de chocolate , 1xCopo 150ml","17",0,0,0,"17","3","Efectivo","","Lucas",""
"12249-2","Sale","02/16/2026 4:09 PM",1,2,"2xCopo 200ml","18",0,0,0,"18","2","Pix","","Lucas",""
"12250-2","Sale","02/16/2026 4:11 PM",2,2,"1xCopo 200ml, 1xCasquinha ","16",0,0,0,"16","7","Pix","","Lucas",""
"12251-2","Sale","02/16/2026 4:15 PM",3,4,"1xMilkshake 300ml, 1xÁgua com gás , 2xCopo 150ml","29.5",0,0,0,"29.5","6.3","Efectivo","","Lucas",""
"12252-2","Sale","02/16/2026 4:21 PM",1,1,"1xÁgua sem gás ","4",0,0,0,"4",0,"Tarjeta Débito","","Lucas",""
"12253-2","Sale","02/16/2026 4:23 PM",2,3,"1xChurros doce de leite , 2xCasquinha ","24",0,0,0,"24","14","Tarjeta Crédito","","Lucas",""
"12254-2","Sale","02/16/2026 4:25 PM",1,3,"3xCasquinha ","21",0,0,0,"21","18","Efectivo","","Lucas",""
"12255-2","Sale","02/16/2026 4:25 PM",1,1,"1xCopo 250ml","11",0,0,0,"11","1","Efectivo","","Lucas",""
"12256-2","Sale","02/16/2026 4:36 PM",1,1,"1xRefri 310ml","7",0,0,0,"7","1","Tarjeta Débito","","Lucas",""
"12257-2","Sale","02/16/2026 4:39 PM",1,1,"1xMilkshake 300ml","11",0,0,0,"11","1","Tarjeta Débito","","Lucas",""
"12258-2","Sale","02/16/2026 4:44 PM",2,4,"3xCasquinha , 1xÁgua sem gás ","25",0,0,0,"25","18","Tarjeta Débito","","Lucas",""
"12259-2","Sale","02/16/2026 4:51 PM",3,3,"1xCascão , 1xÁgua com gás , 1xCasquinha ","20.5",0,0,0,"20.5","17.1","Efectivo","","Lucas",""
"12260-2","Sale","02/16/2026 4:53 PM",2,3,"2xMilkshake 300ml, 1xÁgua sem gás ","26",0,0,0,"26","2","Efectivo","","Lucas",""
"12261-2","Sale","02/16/2026 4:59 PM",2,3,"2xCascão , 1xCrepe suíço doce","29",0,0,0,"29","18.6","Efectivo","","Lucas",""
"12262-2","Sale","02/16/2026 5:13 PM",2,2,"1xCombo 1, 1xCrepe suíço salgado ","25",0,0,0,"25","3","Pix","","Lucas",""
"12263-2","Sale","02/16/2026 5:22 PM",2,2,"1xCrepe suíço doce, 1xCrepe suíço salgado ","21",0,0,0,"21","5","Pix","","Lucas",""
"12264-2","Sale","02/16/2026 5:23 PM",1,1,"1xCascão ","9",0,0,0,"9","7.8","Tarjeta Débito","","Lucas",""
"12265-2","Sale","02/16/2026 5:23 PM",1,1,"1xCasquinha ","7",0,0,0,"7","6","Efectivo","","Lucas",""
"12266-2","Sale","02/16/2026 5:26 PM",1,2,"2xMilkshake 400ml","28",0,0,0,"28","2","Pix","","Lucas",""
"12267-2","Sale","02/16/2026 5:33 PM",1,2,"2xCasquinha ","14",0,0,0,"14","12","Pix","","Lucas",""
"12268-2","Sale","02/16/2026 5:37 PM",1,1,"1xCrepe suíço salgado ","10",0,0,0,"10","2","Tarjeta Débito","","Lucas",""
"12269-2","Sale","02/16/2026 5:44 PM",1,2,"2xCascão ","18",0,0,0,"18","15.6","Efectivo","","Lucas",""
"12271-2","Sale","02/16/2026 5:51 PM",2,4,"3xCascão , 1xÁgua com gás ","31.5",0,0,0,"31.5","26.7","Efectivo","","Lucas",""
"12270-2","Sale","02/16/2026 5:44 PM",1,1,"1xCrepe suíço salgado ","10",0,0,0,"10","2","Tarjeta Crédito","","Lucas",""
"12272-2","Sale","02/16/2026 5:57 PM",2,2,"1xCascão , 1xCopo 150ml","16",0,0,0,"16","8.8","Efectivo","","Lucas",""
"12273-2","Sale","02/16/2026 5:59 PM",1,1,"1xCasquinha ","7",0,0,0,"7","6","Tarjeta Crédito","","Lucas",""
"12274-2","Sale","02/16/2026 6:00 PM",1,1,"1xCascão ","9",0,0,0,"9","7.8","Tarjeta Débito","","Lucas",""
"12275-2","Sale","02/16/2026 6:12 PM",1,2,"2xRefri 310ml","14",0,0,0,"14","2","Pix","","Lucas",""
"12276-2","Sale","02/16/2026 6:18 PM",1,1,"1xMilkshake 300ml","11",0,0,0,"11","1","Tarjeta Débito","","Lucas",""
"12277-2","Sale","02/16/2026 7:04 PM",3,4,"2xCrepe suíço salgado , 1xChurros doce de leite , 1xChurros de chocolate ","40",0,0,0,"40","8","Tarjeta Crédito","","Lucas",""
"12278-2","Sale","02/16/2026 7:05 PM",1,1,"1xChurros de chocolate ","10",0,0,0,"10","2","Efectivo","","Lucas",""
"12279-2","Sale","02/17/2026 2:13 PM",1,1,"1xRefri 310ml","7",0,0,0,"7","1","Tarjeta Débito","","Lucas",""
"12280-2","Sale","02/17/2026 2:15 PM",1,1,"1xChurros doce de leite ","10",0,0,0,"10","2","Efectivo","","Lucas",""
"12281-2","Sale","02/17/2026 2:29 PM",1,1,"1xÁgua sem gás ","4",0,0,0,"4",0,"Efectivo","","Lucas",""
"12282-2","Sale","02/17/2026 2:33 PM",2,3,"2xMilkshake 400ml, 1xCascão ","37",0,0,0,"37","9.8","Tarjeta Crédito","","Lucas",""
"12283-2","Sale","02/17/2026 2:35 PM",1,2,"2xCascão ","18",0,0,0,"18","15.6","Tarjeta Débito","","Lucas",""
"12284-2","Sale","02/17/2026 2:51 PM",1,1,"1xÁgua com gás ","4.5",0,0,0,"4.5","3.3","Tarjeta Débito","","Lucas",""
"12285-2","Sale","02/17/2026 3:01 PM",2,2,"1xCasquinha , 1xMilkshake 400ml","21",0,0,0,"21","7","Tarjeta Débito","","Lucas",""
"12286-2","Sale","02/17/2026 3:05 PM",2,5,"2xMilkshake 500ml, 3xChurros doce de leite ","62",0,0,0,"62","6","Tarjeta Crédito","","Lucas",""
"12287-2","Sale","02/17/2026 3:06 PM",1,1,"1xCascão ","9",0,0,0,"9","7.8","Tarjeta Débito","","Lucas",""
"12288-2","Sale","02/17/2026 3:13 PM",1,1,"1xMilkshake 300ml","11",0,0,0,"11","1","Pix","","Lucas",""
"12289-2","Sale","02/17/2026 3:18 PM",1,1,"1xCasquinha ","7",0,0,0,"7","6","Pix","","Lucas",""
"12291-2","Sale","02/17/2026 3:23 PM",1,1,"1xMilkshake 300ml","11",0,0,0,"11","1","Pix","","Lucas",""
"12292-2","Sale","02/17/2026 3:24 PM",1,3,"3xCasquinha ","21",0,0,0,"21","18","Tarjeta Débito","","Lucas",""
"12293-2","Sale","02/17/2026 3:34 PM",1,2,"2xMilkshake 300ml","22",0,0,0,"22","2","Tarjeta Crédito","","Lucas",""
"12294-2","Sale","02/17/2026 3:41 PM",1,1,"1xCasquinha ","7",0,0,0,"7","6","Efectivo","","Lucas",""
"12295-2","Sale","02/17/2026 3:46 PM",1,1,"1xMilkshake 300ml","11",0,0,0,"11","1","Pix","","Lucas",""
"12296-2","Sale","02/17/2026 3:51 PM",2,2,"1xMilkshake 300ml, 1xÁgua com gás ","15.5",0,0,0,"15.5","4.3","Efectivo","","Lucas",""
"12297-2","Sale","02/17/2026 3:52 PM",1,1,"1xMilkshake 300ml","11",0,0,0,"11","1","Otros","","Lucas",""
"12298-2","Sale","02/17/2026 3:53 PM",1,1,"1xCascão ","9",0,0,0,"9","7.8","Efectivo","","Lucas",""
"12299-2","Sale","02/17/2026 3:55 PM",1,1,"1xMilkshake 500ml","16",0,0,0,"16",0,"Pix","","Lucas",""
"12300-2","Sale","02/17/2026 3:59 PM",1,1,"1xMilkshake 400ml","14",0,0,0,"14","1","Efectivo","","Lucas",""
"12301-2","Sale","02/17/2026 4:03 PM",1,2,"2xCascão ","18",0,0,0,"18","15.6","Efectivo","","Lucas",""
"12302-2","Sale","02/17/2026 4:10 PM",1,2,"2xCasquinha ","14",0,0,0,"14","12","Tarjeta Crédito","","Lucas",""
"12303-2","Sale","02/17/2026 4:18 PM",1,1,"1xCascão ","9",0,0,0,"9","7.8","Pix","","Lucas",""
"12304-2","Sale","02/17/2026 4:27 PM",1,1,"1xMilkshake 300ml","11",0,0,0,"11","1","Tarjeta Débito","","Lucas",""
"12305-2","Sale","02/17/2026 4:31 PM",1,1,"1xCombo 1","15",0,0,0,"15","1","Pix","","Lucas",""
"12306-2","Sale","02/17/2026 4:36 PM",2,5,"4xCasquinha , 1xCopo 150ml","35",0,0,0,"35","25","Efectivo","","Lucas",""
"12307-2","Sale","02/17/2026 4:36 PM",1,2,"2xChurros doce de leite ","20",0,0,0,"20","4","Efectivo","","Lucas",""
"12309-2","Sale","02/17/2026 4:41 PM",2,2,"1xCasquinha , 1xCopo 150ml","14",0,0,0,"14","7","Efectivo","","Lucas",""
"12310-2","Sale","02/17/2026 4:45 PM",1,3,"3xCopo 150ml","21",0,0,0,"21","3","Efectivo","","Lucas",""
"12311-2","Sale","02/17/2026 4:46 PM",1,1,"1xCasquinha ","7",0,0,0,"7","6","Pix","","Lucas",""
"12312-2","Sale","02/17/2026 4:49 PM",1,1,"1xCrepe suíço salgado ","10",0,0,0,"10","2","Efectivo","","Lucas",""
"12313-2","Sale","02/17/2026 4:53 PM",1,2,"2xCasquinha ","14",0,0,0,"14","12","Pix","","Lucas",""
"12314-2","Sale","02/17/2026 5:01 PM",2,2,"1xCopo 150ml, 1xMilkshake 500ml","23",0,0,0,"23","1","Tarjeta Crédito","","Lucas",""
"12315-2","Sale","02/17/2026 5:03 PM",2,3,"2xMilkshake 400ml, 1xCrepe suíço salgado ","38",0,0,0,"38","4","Efectivo","","Lucas",""
"12316-2","Sale","02/17/2026 5:09 PM",1,1,"1xCasquinha ","7",0,0,0,"7","6","Efectivo","","Lucas",""
"12317-2","Sale","02/17/2026 5:16 PM",1,4,"4xCasquinha ","28",0,0,0,"28","24","Efectivo","","Lucas",""
"12318-2","Sale","02/17/2026 5:17 PM",1,2,"2xChurros doce de leite ","20",0,0,0,"20","4","Efectivo","","Lucas",""
"12319-2","Sale","02/17/2026 5:22 PM",1,2,"2xMilkshake 400ml","28",0,0,0,"28","2","Tarjeta Débito","","Lucas",""
"12320-2","Sale","02/17/2026 5:27 PM",1,2,"2xCascão ","18",0,0,0,"18","15.6","Tarjeta Débito","","Lucas",""
"12321-2","Sale","02/17/2026 5:28 PM",1,1,"1xCascão ","9",0,0,0,"9","7.8","Efectivo","","Lucas",""
"12322-2","Sale","02/17/2026 5:33 PM",1,2,"2xCopo 150ml","14",0,0,0,"14","2","Pix","","Lucas",""
"12323-2","Sale","02/17/2026 5:45 PM",1,1,"1xÁgua sem gás ","4",0,0,0,"4",0,"Tarjeta Débito","","Lucas",""
"12324-2","Sale","02/17/2026 5:48 PM",1,2,"2xCasquinha ","14",0,0,0,"14","12","Pix","","Lucas",""
"12325-2","Sale","02/17/2026 5:50 PM",1,1,"1xCascão ","9",0,0,0,"9","7.8","Efectivo","","Lucas",""
"12326-2","Sale","02/17/2026 5:51 PM",1,1,"1xÁgua com gás ","4.5",0,0,0,"4.5","3.3","Efectivo","","Lucas",""
"12327-2","Sale","02/17/2026 5:53 PM",1,2,"2xCrepe suíço salgado ","20",0,0,0,"20","4","Efectivo","","Lucas",""
"12328-2","Sale","02/17/2026 5:58 PM",1,4,"4xCasquinha ","28",0,0,0,"28","24","Tarjeta Débito","","Lucas",""
"12329-2","Sale","02/17/2026 6:00 PM",1,2,"2xCasquinha ","14",0,0,0,"14","12","Pix","","Lucas",""
"12330-2","Sale","02/17/2026 6:03 PM",1,2,"2xCasquinha ","14",0,0,0,"14","12","Efectivo","","Lucas",""
"12332-2","Sale","02/17/2026 6:05 PM",1,1,"1xCasquinha ","7",0,0,0,"7","6","Efectivo","","Lucas",""
"12334-2","Sale","02/17/2026 6:30 PM",2,2,"1xMilkshake 300ml, 1xCasquinha ","18",0,0,0,"18","7","Tarjeta Débito","","Lucas",""
"12335-2","Sale","02/17/2026 6:35 PM",1,2,"2xMilkshake 300ml","22",0,0,0,"22","2","Tarjeta Crédito","","Lucas",""
"12336-2","Sale","02/17/2026 6:36 PM",1,1,"1xCascão ","9",0,0,0,"9","7.8","Tarjeta Débito","","Lucas",""
"12337-2","Sale","02/17/2026 6:36 PM",2,2,"1xCascão , 1xCasquinha ","16",0,0,0,"16","13.8","Tarjeta Débito","","Lucas",""
"12338-2","Sale","02/17/2026 6:41 PM",1,1,"1xCascão ","9",0,0,0,"9","7.8","Tarjeta Débito","","Lucas",""
"12339-2","Sale","02/17/2026 6:42 PM",1,1,"1xMilkshake 500ml","16",0,0,0,"16",0,"Tarjeta Débito","","Lucas",""
"12340-2","Sale","02/17/2026 6:48 PM",1,2,"2xMilkshake 500ml","32",0,0,0,"32",0,"Tarjeta Débito","","Lucas",""
"12341-2","Sale","02/17/2026 6:49 PM",1,2,"2xMilkshake 400ml","28",0,0,0,"28","2","Tarjeta Débito","","Lucas",""
"12342-2","Sale","02/17/2026 7:10 PM",1,2,"2xMilkshake 400ml","28",0,0,0,"28","2","Tarjeta Débito","","Lucas",""
"12343-2","Sale","02/17/2026 7:14 PM",1,2,"2xCasquinha ","14",0,0,0,"14","12","Tarjeta Crédito","","Lucas",""
"12344-2","Sale","02/17/2026 7:33 PM",2,2,"1xÁgua sem gás , 1xÁgua com gás ","8.5",0,0,0,"8.5","3.3","Efectivo","","Lucas",""
"12333-2","Sale","02/17/2026 6:08 PM",1,1,"1xCasquinha ","7",0,0,0,"7","6","Efectivo","","Lucas",""
"12331-2","Sale","02/17/2026 6:04 PM",1,2,"2xCopo 150ml","14",0,0,0,"14","2","Tarjeta Débito","","Lucas",""
"12345-2","Sale","02/18/2026 2:03 PM",1,1,"1xCascão ","9",0,0,0,"9","7.8","Tarjeta Débito","","Lucas",""
"12346-2","Sale","02/18/2026 2:23 PM",2,3,"1xCascão , 2xMilkshake 400ml","37",4,0,0,"33","5.8","Efectivo","","Lucas",""
"12348-2","Sale","02/18/2026 2:33 PM",2,4,"3xChurros doce de leite , 1xChurros de chocolate ","40",0,0,0,"40","8","Efectivo","","Lucas",""
"12349-2","Sale","02/18/2026 2:46 PM",2,2,"1xCasquinha , 1xCascão ","16",0,0,0,"16","13.8","Tarjeta Débito","","Lucas",""
"12350-2","Sale","02/18/2026 2:47 PM",2,2,"1xChurros de chocolate , 1xChurros doce de leite ","20",0,0,0,"20","4","Pix","","Lucas",""
"12351-2","Sale","02/18/2026 2:49 PM",1,1,"1xCopo 200ml","9",0,0,0,"9","1","Pix","","Lucas",""
"12352-2","Sale","02/18/2026 2:50 PM",2,2,"1xCasquinha , 1xCopo 150ml","14",0,0,0,"14","7","Tarjeta Débito","","Lucas",""
"12354-2","Sale","02/18/2026 3:03 PM",1,1,"1xCombo 1","15",0,0,0,"15","1","Efectivo","","Lucas",""
"12355-2","Sale","02/18/2026 3:05 PM",2,2,"1xChurros doce de leite , 1xCasquinha ","17",0,0,0,"17","8","Tarjeta Débito","","Lucas",""
"12356-2","Sale","02/18/2026 3:13 PM",1,1,"1xÁgua sem gás ","4",0,0,0,"4",0,"Pix","","Lucas",""
"12357-2","Sale","02/18/2026 3:21 PM",1,2,"2xCasquinha ","14",0,0,0,"14","12","Efectivo","","Lucas",""
"12358-2","Sale","02/18/2026 3:30 PM",1,2,"2xCrepe suíço salgado ","20",0,0,0,"20","4","Efectivo","","Lucas",""
"12359-2","Sale","02/18/2026 3:39 PM",1,2,"2xCasquinha ","14",0,0,0,"14","12","Tarjeta Débito","","Lucas",""
"12360-2","Sale","02/18/2026 3:51 PM",4,6,"3xCrepe suíço salgado , 1xMilkshake 300ml, 1xRefri 310ml, 1xChurros doce de leite ","58",0,0,0,"58","8","Pix","","Lucas",""
"12361-2","Sale","02/18/2026 3:58 PM",1,1,"1xMilkshake 400ml","14",0,0,0,"14","1","Tarjeta Débito","","Lucas",""
"12362-2","Sale","02/18/2026 3:59 PM",2,4,"3xCascão , 1xMilkshake 300ml","38",0,0,0,"38","24.4","Efectivo","","Lucas",""
"12363-2","Sale","02/18/2026 4:02 PM",1,1,"1xCascão ","9",0,0,0,"9","7.8","Efectivo","","Lucas",""
"12364-2","Sale","02/18/2026 4:07 PM",1,1,"1xMilkshake 300ml","11",0,0,0,"11","1","Efectivo","","Lucas",""
"12365-2","Sale","02/18/2026 4:08 PM",1,1,"1xÁgua sem gás ","4",0,0,0,"4",0,"Efectivo","","Lucas",""
"12366-2","Sale","02/18/2026 4:09 PM",1,1,"1xCopo 150ml","7",0,0,0,"7","1","Tarjeta Débito","","Lucas",""
"12367-2","Sale","02/18/2026 4:12 PM",1,2,"2xCascão ","18",0,0,0,"18","15.6","Efectivo","","Lucas",""
"12368-2","Sale","02/18/2026 4:14 PM",1,2,"2xÁgua sem gás ","8",0,0,0,"8",0,"Efectivo","","Lucas",""
"12369-2","Sale","02/18/2026 4:22 PM",1,1,"1xCasquinha ","7",0,0,0,"7","6","Efectivo","","Lucas",""
"12370-2","Sale","02/18/2026 4:27 PM",1,1,"1xCasquinha ","7",0,0,0,"7","6","Efectivo","","Lucas",""
"12371-2","Sale","02/18/2026 4:37 PM",1,1,"1xCombo 3","15",0,0,0,"15","1","Tarjeta Débito","","Lucas",""
"12372-2","Sale","02/18/2026 4:44 PM",1,1,"1xMilkshake 300ml","11",0,0,0,"11","1","Tarjeta Débito","","Lucas",""
"12373-2","Sale","02/18/2026 4:57 PM",1,1,"1xCascão ","9",0,0,0,"9","7.8","Tarjeta Débito","","Lucas",""
"12374-2","Sale","02/18/2026 5:06 PM",1,1,"1xCasquinha ","7",0,0,0,"7","6","Tarjeta Débito","","Lucas",""
"12375-2","Sale","02/18/2026 5:34 PM",3,3,"1xCasquinha , 1xCascão , 1xCopo 200ml","25",0,0,0,"25","14.8","Tarjeta Crédito","","Lucas",""
"12376-2","Sale","02/18/2026 5:41 PM",2,2,"1xCombo 1, 1xCrepe suíço doce","26",0,0,0,"26","4","Tarjeta Débito","","Lucas",""
"12377-2","Sale","02/18/2026 5:53 PM",1,1,"1xMilkshake 300ml","11",0,0,0,"11","1","Pix","","Lucas",""
"12378-2","Sale","02/18/2026 5:54 PM",1,1,"1xMilkshake 300ml","11",0,0,0,"11","1","Tarjeta Débito","","Lucas",""
"12379-2","Sale","02/18/2026 6:11 PM",1,2,"2xCascão ","18",0,0,0,"18","15.6","Pix","","Lucas",""
"12380-2","Sale","02/18/2026 6:19 PM",1,3,"3xCasquinha ","21",0,0,0,"21","18","Efectivo","","Lucas",""
"12381-2","Sale","02/18/2026 6:37 PM",1,1,"1xChurros de chocolate ","10",0,0,0,"10","2","Pix","","Lucas",""
"12382-2","Sale","02/18/2026 6:46 PM",1,3,"3xCasquinha ","21",0,0,0,"21","18","Tarjeta Débito","","Lucas",""
"12383-2","Sale","02/18/2026 7:02 PM",2,2,"1xCasquinha , 1xMilkshake 300ml","18",0,0,0,"18","7","Tarjeta Débito","","Lucas",""
"12384-2","Sale","02/18/2026 7:07 PM",1,1,"1xMilkshake 300ml","11",0,0,0,"11","1","Tarjeta Débito","","Lucas",""
"12385-2","Sale","02/18/2026 7:13 PM",1,1,"1xChurros de chocolate ","10",0,0,0,"10","2","Efectivo","","Lucas",""
"12386-2","Sale","02/18/2026 7:21 PM",1,2,"2xMilkshake 300ml","22",0,0,0,"22","2","Efectivo","","Lucas",""
"12387-2","Sale","02/18/2026 7:23 PM",2,4,"1xCasquinha , 3xCascão ","34",0,0,0,"34","29.4","Tarjeta Débito","","Lucas",""
"12388-2","Sale","02/18/2026 7:34 PM",1,1,"1xCascão ","9",0,0,0,"9","7.8","Tarjeta Débito","","Lucas",""
"12389-2","Sale","02/19/2026 2:37 PM",1,1,"1xCasquinha ","7",0,0,0,"7","6","Efectivo","","Lucas",""
"12390-2","Sale","02/19/2026 2:50 PM",1,1,"1xCasquinha ","7",0,0,0,"7","6","Efectivo","","Lucas",""
"12391-2","Sale","02/19/2026 3:12 PM",1,3,"3xMilkshake 300ml","33",0,0,0,"33","3","Pix","","Lucas",""
"12392-2","Sale","02/19/2026 3:23 PM",1,1,"1xCasquinha ","7",0,0,0,"7","6","Pix","","Lucas",""
"12393-2","Sale","02/19/2026 3:24 PM",2,2,"1xCascão , 1xCasquinha ","16",0,0,0,"16","13.8","Tarjeta Débito","","Lucas",""
"12394-2","Sale","02/19/2026 3:31 PM",2,4,"1xCascão , 3xCasquinha ","30",0,0,0,"30","25.8","Efectivo","","Lucas",""
"12395-2","Sale","02/19/2026 3:33 PM",1,2,"2xMilkshake 400ml","28",0,0,0,"28","2","Efectivo","","Lucas",""
"12396-2","Sale","02/19/2026 3:40 PM",1,1,"1xÁgua com gás ","4.5",0,0,0,"4.5","3.3","Efectivo","","Lucas",""
"12397-2","Sale","02/19/2026 4:05 PM",2,3,"2xMilkshake 300ml, 1xCasquinha ","29",0,0,0,"29","8","Efectivo","","Lucas",""
"12398-2","Sale","02/19/2026 4:06 PM",1,1,"1xRefri 310ml","7",0,0,0,"7","1","Efectivo","","Lucas",""
"12399-2","Sale","02/19/2026 4:15 PM",1,1,"1xMilkshake 300ml","11",0,0,0,"11","1","Pix","","Lucas",""
"12400-2","Sale","02/19/2026 4:20 PM",1,2,"2xÁgua sem gás ","8",0,0,0,"8",0,"Pix","","Lucas",""
"12401-2","Sale","02/19/2026 4:24 PM",1,1,"1xMilkshake 500ml","16",0,0,0,"16",0,"Efectivo","","Lucas",""
"12402-2","Sale","02/19/2026 4:29 PM",1,2,"2xCopo 200ml","18",8,0,0,"10","-6","Efectivo","","Lucas",""
"12403-2","Sale","02/19/2026 4:35 PM",1,2,"2xCombo 1","30",0,0,0,"30","2","Pix","","Lucas",""
"12404-2","Sale","02/19/2026 4:38 PM",1,1,"1xRefri 310ml","7",0,0,0,"7","1","Tarjeta Crédito","","Lucas",""
"12405-2","Sale","02/19/2026 4:38 PM",1,1,"1xÁgua com gás ","4.5",0.5,0,0,"4","2.8","Efectivo","","Lucas",""
"12406-2","Sale","02/19/2026 4:45 PM",1,1,"1xCasquinha ","7",0,0,0,"7","6","Efectivo","","Lucas",""
"12407-2","Sale","02/19/2026 4:46 PM",2,2,"1xCopo 150ml, 1xCopo 200ml","16",0,0,0,"16","2","Tarjeta Débito","","Lucas",""
"12408-2","Sale","02/19/2026 5:08 PM",1,2,"2xCasquinha ","14",0,0,0,"14","12","Tarjeta Débito","","Lucas",""
"12409-2","Sale","02/19/2026 5:11 PM",1,1,"1xCascão ","9",0,0,0,"9","7.8","Efectivo","","Lucas",""
"12410-2","Sale","02/19/2026 5:13 PM",1,1,"1xCasquinha ","7",0,0,0,"7","6","Efectivo","","Lucas",""
"12411-2","Sale","02/19/2026 5:22 PM",1,3,"3xÁgua sem gás ","12",0,0,0,"12",0,"Efectivo","","Lucas",""
"12412-2","Sale","02/19/2026 5:25 PM",1,1,"1xMilkshake 400ml","14",0,0,0,"14","1","Tarjeta Débito","","Lucas",""
"12414-2","Sale","02/19/2026 5:32 PM",1,1,"1xRefri 310ml","7",0,0,0,"7","1","Tarjeta Débito","","Lucas",""
"12415-2","Sale","02/19/2026 5:37 PM",1,1,"1xCopo 200ml","9",0,0,0,"9","1","Tarjeta Débito","","Lucas",""
"12416-2","Sale","02/19/2026 5:41 PM",2,3,"2xCasquinha , 1xMilkshake 400ml","28",0,0,0,"28","13","Tarjeta Débito","","Lucas",""
"12417-2","Sale","02/19/2026 5:43 PM",1,2,"2xCasquinha ","14",0,0,0,"14","12","Efectivo","","Lucas",""
"12418-2","Sale","02/19/2026 5:44 PM",1,1,"1xCasquinha ","7",0,0,0,"7","6","Efectivo","","Lucas",""
"12419-2","Sale","02/19/2026 5:48 PM",1,1,"1xÁgua sem gás ","4",0,0,0,"4",0,"Efectivo","","Lucas",""
"12420-2","Sale","02/19/2026 5:57 PM",1,1,"1xCopo 150ml","7",0,0,0,"7","1","Efectivo","","Lucas",""
"12421-2","Sale","02/19/2026 5:58 PM",1,3,"3xCrepe suíço salgado ","30",0,0,0,"30","6","Tarjeta Débito","","Lucas",""
"12422-2","Sale","02/19/2026 6:14 PM",1,3,"3xCopo 150ml","21",0,0,0,"21","3","Tarjeta Débito","","Lucas",""
"12423-2","Sale","02/19/2026 6:15 PM",1,1,"1xCrepe suíço salgado ","10",0,0,0,"10","2","Tarjeta Débito","","Lucas",""
"12424-2","Sale","02/19/2026 6:39 PM",1,2,"2xMilkshake 300ml","22",0,0,0,"22","2","Tarjeta Crédito","","Lucas",""
"12425-2","Sale","02/19/2026 6:41 PM",2,2,"1xCasquinha , 1xMilkshake 400ml","21",0,0,0,"21","7","Tarjeta Débito","","Lucas",""
"12426-2","Sale","02/19/2026 6:44 PM",2,2,"1xCasquinha , 1xMilkshake 300ml","18",0,0,0,"18","7","Efectivo","","Lucas",""
"12427-2","Sale","02/19/2026 6:50 PM",1,3,"3xCopo 150ml","21",0,0,0,"21","3","Efectivo","","Lucas",""
"12428-2","Sale","02/19/2026 6:59 PM",2,4,"3xChurros doce de leite , 1xÁgua com gás ","34.5",0,0,0,"34.5","9.3","Tarjeta Débito, Efectivo","","Lucas",""
"12429-2","Sale","02/19/2026 7:04 PM",2,2,"1xCrepe suíço salgado , 1xChurros doce de leite ","20",0,0,0,"20","4","Efectivo","","Lucas",""
"12430-2","Sale","02/19/2026 7:13 PM",1,1,"1xCascão ","9",0,0,0,"9","7.8","Pix","","Lucas",""
"12431-2","Sale","02/19/2026 7:15 PM",2,2,"1xCrepe suíço salgado , 1xChurros de chocolate ","20",0,0,0,"20","4","Tarjeta Débito","","Lucas",""
"12413-2","Sale","02/19/2026 5:30 PM",2,3,"2xÁgua sem gás , 1xÁgua com gás ","12.5",0,0,0,"12.5","3.3","Efectivo","","Lucas",""
"12432-2","Sale","02/20/2026 1:40 PM",2,2,"1xCopo 150ml, 1xCopo 200ml","16",0,0,0,"16","2","Efectivo","","Lucas",""
"12433-2","Sale","02/20/2026 1:50 PM",1,2,"2xCascão ","18",1,0,0,"17","14.6","Efectivo","","Lucas",""
"12434-2","Sale","02/20/2026 2:25 PM",2,2,"1xCasquinha , 1xCopo 150ml","14",0,0,0,"14","7","Tarjeta Débito","","Lucas",""
"12435-2","Sale","02/20/2026 2:39 PM",2,2,"1xÁgua sem gás , 1xÁgua com gás ","8.5",0,0,0,"8.5","3.3","Tarjeta Débito","","Lucas",""
"12436-2","Sale","02/20/2026 2:47 PM",1,1,"1xCasquinha ","7",0,0,0,"7","6","Tarjeta Débito","","Lucas",""
"12437-2","Sale","02/20/2026 2:50 PM",1,1,"1xMilkshake 500ml","16",0,0,0,"16",0,"Efectivo","","Lucas",""
"12438-2","Sale","02/20/2026 3:02 PM",4,5,"1xCasquinha , 1xCascão , 1xMilkshake 400ml, 2xÁgua sem gás ","38",0,0,0,"38","14.8","Efectivo","","Lucas",""
"12439-2","Sale","02/20/2026 3:03 PM",1,1,"1xÁgua sem gás ","4",0,0,0,"4",0,"Efectivo","","Lucas",""
"12440-2","Sale","02/20/2026 3:03 PM",1,2,"2xÁgua sem gás ","8",0,0,0,"8",0,"Efectivo","","Lucas",""
"12441-2","Sale","02/20/2026 3:05 PM",2,2,"1xCasquinha , 1xÁgua sem gás ","11",0,0,0,"11","6","Efectivo","","Lucas",""
"12442-2","Sale","02/20/2026 3:06 PM",1,1,"1xCasquinha ","7",0,0,0,"7","6","Pix","","Lucas",""
"12443-2","Sale","02/20/2026 3:15 PM",1,1,"1xMilkshake 300ml","11",0,0,0,"11","1","Efectivo","","Lucas",""
"12444-2","Sale","02/20/2026 3:18 PM",1,1,"1xCascão ","9",0,0,0,"9","7.8","Tarjeta Crédito","","Lucas",""
"12445-2","Sale","02/20/2026 3:25 PM",1,1,"1xCasquinha ","7",0,0,0,"7","6","Efectivo","","Lucas",""
"12446-2","Sale","02/20/2026 3:28 PM",1,1,"1xCrepe suíço doce","11",0,0,0,"11","3","Pix","","Lucas",""
"12447-2","Sale","02/20/2026 3:42 PM",1,1,"1xMilkshake 300ml","11",0,0,0,"11","1","Pix","","Lucas",""
"12448-2","Sale","02/20/2026 3:43 PM",1,1,"1xCascão ","9",0,0,0,"9","7.8","Pix","","Lucas",""
"12449-2","Sale","02/20/2026 4:01 PM",1,1,"1xÁgua com gás ","4.5",0,0,0,"4.5","3.3","Tarjeta Débito","","Lucas",""
"12450-2","Sale","02/20/2026 4:04 PM",1,1,"1xÁgua com gás ","4.5",0,0,0,"4.5","3.3","Tarjeta Débito","","Lucas",""
"12451-2","Sale","02/20/2026 4:18 PM",1,2,"2xCascão ","18",0,0,0,"18","15.6","Efectivo","","Lucas",""
"12452-2","Sale","02/20/2026 4:18 PM",1,1,"1xChurros doce de leite ","10",0,0,0,"10","2","Tarjeta Débito","","Lucas",""
"12453-2","Sale","02/20/2026 4:23 PM",1,1,"1xÁgua com gás ","4.5",0,0,0,"4.5","3.3","Tarjeta Débito","","Lucas",""
"12454-2","Sale","02/20/2026 4:30 PM",2,2,"1xChurros de chocolate , 1xMilkshake 300ml","21",0,0,0,"21","3","Tarjeta Débito","","Lucas",""
"12455-2","Sale","02/20/2026 4:33 PM",1,1,"1xÁgua com gás ","4.5",0,0,0,"4.5","3.3","Tarjeta Débito","","Lucas",""
"12456-2","Sale","02/20/2026 4:40 PM",2,2,"1xCopo 150ml, 1xMilkshake 300ml","18",0,0,0,"18","2","Tarjeta Débito","","Lucas",""
"12457-2","Sale","02/20/2026 4:42 PM",1,1,"1xCopo 250ml","11",0,0,0,"11","1","Efectivo","","Lucas",""
"12458-2","Sale","02/20/2026 4:48 PM",1,1,"1xCascão ","9",0,0,0,"9","7.8","Pix","","Lucas",""
"12459-2","Sale","02/20/2026 4:52 PM",1,1,"1xRefri 310ml","7",0,0,0,"7","1","Tarjeta Crédito","","Lucas",""
"12460-2","Sale","02/20/2026 5:02 PM",1,1,"1xCopo 150ml","7",0,0,0,"7","1","Efectivo","","Lucas",""
"12461-2","Sale","02/20/2026 5:11 PM",1,1,"1xCascão ","9",0,0,0,"9","7.8","Efectivo","","Lucas",""
"12462-2","Sale","02/20/2026 5:36 PM",1,2,"2xCrepe suíço doce","22",0,0,0,"22","6","Pix","","Lucas",""
"12463-2","Sale","02/20/2026 5:44 PM",1,1,"1xCombo 1","15",0,0,0,"15","1","Tarjeta Débito","","Lucas",""
"12464-2","Sale","02/20/2026 6:32 PM",1,1,"1xCascão ","9",0,0,0,"9","7.8","Efectivo","","Lucas",""
"12465-2","Sale","02/20/2026 6:34 PM",1,1,"1xCasquinha ","7",0,0,0,"7","6","Otros","","Lucas",""
"12466-2","Sale","02/20/2026 6:37 PM",1,1,"1xChurros de chocolate ","10",0,0,0,"10","2","Efectivo","","Lucas",""
"12467-2","Sale","02/20/2026 6:44 PM",1,1,"1xCascão ","9",0,0,0,"9","7.8","Efectivo","","Lucas",""
"12468-2","Sale","02/20/2026 6:51 PM",1,5,"5xChurros doce de leite ","50",0,0,0,"50","10","Pix","","Lucas",""
"12469-2","Sale","02/20/2026 6:56 PM",1,1,"1xChurros doce de leite ","10",0,0,0,"10","2","Tarjeta Débito","","Lucas",""
"12470-2","Sale","02/20/2026 7:06 PM",1,1,"1xChurros de chocolate ","10",0,0,0,"10","2","Efectivo","","Lucas",""
"12471-2","Sale","02/20/2026 7:15 PM",2,3,"2xCrepe suíço salgado , 1xChurros doce de leite ","30",0,0,0,"30","6","Tarjeta Débito","","Lucas",""
"12472-2","Sale","02/20/2026 7:25 PM",2,2,"1xMilkshake 300ml, 1xÁgua sem gás ","15",0,0,0,"15","1","Pix","","Lucas",""
"12473-2","Sale","02/21/2026 11:02 AM",2,3,"2xCascão , 1xCopo 150ml","25",0,0,0,"25","16.6","Tarjeta Crédito","","Lucas",""
"12474-2","Sale","02/21/2026 11:03 AM",1,1,"1xRefri 310ml","7",0,0,0,"7","1","Tarjeta Débito","","Lucas",""
"12475-2","Sale","02/21/2026 11:04 AM",1,1,"1xCasquinha ","7",0,0,0,"7","6","Tarjeta Débito","","Lucas",""
"12476-2","Sale","02/21/2026 11:06 AM",1,1,"1xCopo 200ml","9",0,0,0,"9","1","Tarjeta Crédito","","Lucas",""
"12477-2","Sale","02/21/2026 11:07 AM",1,1,"1xCasquinha ","7",0,0,0,"7","6","Tarjeta Débito","","Lucas",""
"12478-2","Sale","02/21/2026 11:11 AM",1,1,"1xMilkshake 400ml","14",0,0,0,"14","1","Tarjeta Crédito","","Lucas",""
"12479-2","Sale","02/21/2026 11:11 AM",1,1,"1xÁgua sem gás ","4",0,0,0,"4",0,"Efectivo","","Lucas",""
"12480-2","Sale","02/21/2026 11:34 AM",1,1,"1xMilkshake 300ml","11",0,0,0,"11","1","Tarjeta Crédito","","Lucas",""
"12481-2","Sale","02/21/2026 11:43 AM",1,3,"3xMilkshake 300ml","33",0,0,0,"33","3","Tarjeta Débito","","Lucas",""
"12482-2","Sale","02/21/2026 11:45 AM",1,1,"1xMilkshake 300ml","11",0,0,0,"11","1","Tarjeta Débito","","Lucas",""
"12483-2","Sale","02/21/2026 11:48 AM",1,2,"2xMilkshake 300ml","22",0,0,0,"22","2","Tarjeta Débito","","Lucas",""
"12484-2","Sale","02/21/2026 12:05 PM",1,1,"1xChurros de chocolate ","10",0,0,0,"10","2","Pix","","Lucas",""
"12485-2","Sale","02/21/2026 12:15 PM",2,2,"1xCrepe suíço salgado , 1xCrepe suíço doce","21",0,0,0,"21","5","Tarjeta Débito","","Lucas",""
"12486-2","Sale","02/21/2026 12:27 PM",1,2,"2xCasquinha ","14",0,0,0,"14","12","Efectivo","","Lucas",""
"12487-2","Sale","02/21/2026 12:28 PM",1,1,"1xCasquinha ","7",0,0,0,"7","6","Efectivo","","Lucas",""
"12488-2","Sale","02/21/2026 12:33 PM",2,4,"2xCrepe suíço doce, 2xCasquinha ","36",0,0,0,"36","18","Tarjeta Débito","","Lucas",""
"12489-2","Sale","02/21/2026 12:33 PM",1,2,"2xÁgua com gás ","9",0,0,0,"9","6.6","Tarjeta Débito","","Lucas",""
"12490-2","Sale","02/21/2026 12:36 PM",1,2,"2xCasquinha ","14",0,0,0,"14","12","Efectivo","","Lucas",""
"12491-2","Sale","02/21/2026 12:40 PM",1,1,"1xMilkshake 400ml","14",0,0,0,"14","1","Efectivo","","Lucas",""
"12492-2","Sale","02/21/2026 12:42 PM",1,1,"1xCasquinha ","7",0,0,0,"7","6","Efectivo","","Lucas",""
"12493-2","Sale","02/21/2026 12:43 PM",2,2,"1xCasquinha , 1xÁgua sem gás ","11",0,0,0,"11","6","Tarjeta Débito","","Lucas",""
"12494-2","Sale","02/21/2026 1:01 PM",1,1,"1xMilkshake 300ml","11",0,0,0,"11","1","Pix","","Lucas",""
"12495-2","Sale","02/21/2026 1:07 PM",1,1,"1xCopo 150ml","7",0,0,0,"7","1","Efectivo","","Lucas",""
"12496-2","Sale","02/21/2026 1:10 PM",1,1,"1xMilkshake 500ml","16",0,0,0,"16",0,"Pix","","Lucas",""
"12497-2","Sale","02/21/2026 1:30 PM",1,2,"2xMilkshake 300ml","22",0,0,0,"22","2","Tarjeta Crédito","","Lucas",""
"12498-2","Sale","02/21/2026 1:32 PM",1,2,"2xCopo 150ml","14",0,0,0,"14","2","Pix","","Lucas",""
"12499-2","Sale","02/21/2026 2:05 PM",1,1,"1xCascão ","9",0,0,0,"9","7.8","Efectivo","","Lucas",""
"12500-2","Sale","02/21/2026 2:08 PM",1,1,"1xCopo 200ml","9",0,0,0,"9","1","Tarjeta Débito","","Lucas",""
"12501-2","Sale","02/21/2026 2:13 PM",3,3,"1xMilkshake 300ml, 1xCopo 150ml, 1xMilkshake 400ml","32",0,0,0,"32","3","Tarjeta Débito","","Lucas",""
"12502-2","Sale","02/21/2026 2:40 PM",4,4,"1xCopo 150ml, 1xÁgua com gás , 1xMilkshake 500ml, 1xÁgua sem gás ","31.5",0,0,0,"31.5","4.3","Tarjeta Débito","","Lucas",""
"12503-2","Sale","02/21/2026 2:43 PM",1,2,"2xCopo 200ml","18",0,0,0,"18","2","Efectivo","","Lucas",""
"12504-2","Sale","02/21/2026 2:50 PM",1,1,"1xCasquinha ","7",0,0,0,"7","6","Efectivo","","Lucas",""
"12505-2","Sale","02/21/2026 2:51 PM",1,1,"1xCopo 200ml","9",0,0,0,"9","1","Efectivo","","Lucas",""
"12506-2","Sale","02/21/2026 2:55 PM",2,2,"1xCopo 250ml, 1xMilkshake 500ml","27",0,0,0,"27","1","Tarjeta Crédito","","Lucas",""
"12507-2","Sale","02/21/2026 3:01 PM",1,1,"1xCasquinha ","7",0,0,0,"7","6","Efectivo","","Lucas",""
"12508-2","Sale","02/21/2026 3:15 PM",1,4,"4xCasquinha ","28",0,0,0,"28","24","Pix","","Lucas",""
"12509-2","Sale","02/21/2026 3:52 PM",1,1,"1xChurros de chocolate ","10",0,0,0,"10","2","Tarjeta Débito","","Lucas",""
"12510-2","Sale","02/21/2026 4:09 PM",1,1,"1xCascão ","9",0,0,0,"9","7.8","Efectivo","","Lucas",""
"12511-2","Sale","02/21/2026 4:14 PM",1,1,"1xCasquinha ","7",0,0,0,"7","6","Pix","","Lucas",""
"12512-2","Sale","02/21/2026 4:17 PM",1,2,"2xCascão ","18",0,0,0,"18","15.6","Tarjeta Débito","","Lucas",""
"12513-2","Sale","02/21/2026 4:31 PM",1,1,"1xCombo 1","15",0,0,0,"15","1","Efectivo","","Lucas",""
"12514-2","Sale","02/21/2026 4:35 PM",1,1,"1xCombo 1","15",0,0,0,"15","1","Efectivo","","Lucas",""
"12515-2","Sale","02/21/2026 4:39 PM",1,1,"1xRefri 310ml","7",0,0,0,"7","1","Tarjeta Débito","","Lucas",""
"12516-2","Sale","02/21/2026 4:44 PM",1,1,"1xMilkshake 300ml","11",0,0,0,"11","1","Efectivo","","Lucas",""
"12517-2","Sale","02/21/2026 4:44 PM",2,3,"1xÁgua sem gás , 2xCrepe suíço salgado ","24",0,0,0,"24","4","Tarjeta Débito","","Lucas",""
"12518-2","Sale","02/21/2026 4:49 PM",1,2,"2xCascão ","18",0,0,0,"18","15.6","Efectivo","","Lucas",""
"12519-2","Sale","02/21/2026 4:49 PM",2,2,"1xÁgua sem gás , 1xÁgua com gás ","8.5",0,0,0,"8.5","3.3","Tarjeta Débito","","Lucas",""
"12520-2","Sale","02/21/2026 4:50 PM",1,2,"2xÁgua sem gás ","8",0,0,0,"8",0,"Tarjeta Débito","","Lucas",""
"12521-2","Sale","02/21/2026 4:51 PM",1,1,"1xRefri 310ml","7",0,0,0,"7","1","Pix","","Lucas",""
"12522-2","Sale","02/21/2026 5:00 PM",2,3,"2xCrepe suíço doce, 1xÁgua sem gás ","26",0,0,0,"26","6","Otros","","Lucas",""
"12523-2","Sale","02/21/2026 5:20 PM",1,1,"1xCopo 150ml","7",0,0,0,"7","1","Efectivo","","Lucas",""
"12524-2","Sale","02/21/2026 5:22 PM",1,2,"2xCascão ","18",0,0,0,"18","15.6","Efectivo","","Lucas",""
"12525-2","Sale","02/21/2026 5:31 PM",2,2,"1xMilkshake 300ml, 1xMilkshake 500ml","27",0,0,0,"27","1","Efectivo","","Lucas",""
"12526-2","Sale","02/21/2026 5:32 PM",1,1,"1xCopo 150ml","7",0,0,0,"7","1","Tarjeta Débito","","Lucas",""
"12527-2","Sale","02/21/2026 5:34 PM",1,2,"2xCascão ","18",0,0,0,"18","15.6","Efectivo","","Lucas",""
"12528-2","Sale","02/21/2026 5:35 PM",2,2,"1xCasquinha , 1xCopo 150ml","14",0,0,0,"14","7","Tarjeta Débito","","Lucas",""
"12529-2","Sale","02/21/2026 5:40 PM",1,1,"1xChurros de chocolate ","10",0,0,0,"10","2","Tarjeta Débito","","Lucas",""
"12530-2","Sale","02/21/2026 5:47 PM",1,1,"1xRefri 310ml","7",0,0,0,"7","1","Tarjeta Débito","","Lucas",""
"12531-2","Sale","02/21/2026 5:48 PM",2,2,"1xChurros doce de leite , 1xCrepe suíço salgado ","20",0,0,0,"20","4","Tarjeta Crédito","","Lucas",""
"12532-2","Sale","02/21/2026 6:02 PM",1,1,"1xMilkshake 300ml","11",0,0,0,"11","1","Pix","","Lucas",""
"12533-2","Sale","02/21/2026 6:03 PM",2,4,"2xChurros de chocolate , 2xÁgua sem gás ","28",0,0,0,"28","4","Pix","","Lucas",""
"12534-2","Sale","02/21/2026 6:10 PM",2,2,"1xChurros doce de leite , 1xChurros de chocolate ","20",0,0,0,"20","4","Pix","","Lucas",""
"12535-2","Sale","02/21/2026 6:12 PM",1,2,"2xCascão ","18",0,0,0,"18","15.6","Efectivo","","Lucas",""
"12536-2","Sale","02/21/2026 6:13 PM",3,3,"1xCascão , 1xCrepe suíço doce, 1xMilkshake 300ml","31",0,0,0,"31","11.8","Efectivo","","Lucas",""
"12537-2","Sale","02/21/2026 6:19 PM",3,4,"1xCombo 1, 1xCrepe suíço salgado , 2xCasquinha ","39",0,0,0,"39","15","Efectivo","","Lucas",""
"12538-2","Sale","02/21/2026 6:25 PM",1,1,"1xRefri 310ml","7",0,0,0,"7","1","Efectivo","","Lucas",""
"12539-2","Sale","02/21/2026 6:27 PM",1,2,"2xCasquinha ","14",0,0,0,"14","12","Tarjeta Débito","","Lucas",""
"12540-2","Sale","02/21/2026 6:30 PM",1,1,"1xCasquinha ","7",0,0,0,"7","6","Tarjeta Crédito","","Lucas",""
"12541-2","Sale","02/21/2026 6:37 PM",1,1,"1xMilkshake 300ml","11",0,0,0,"11","1","Tarjeta Débito","","Lucas",""
"12543-2","Sale","02/21/2026 6:44 PM",2,2,"1xChurros de chocolate , 1xCasquinha ","17",0,0,0,"17","8","Tarjeta Crédito","","Lucas",""
"12544-2","Sale","02/21/2026 6:45 PM",1,1,"1xCrepe suíço salgado ","10",0,0,0,"10","2","Tarjeta Débito","","Lucas",""
"12545-2","Sale","02/22/2026 2:54 PM",2,3,"2xChurros doce de leite , 1xCascão ","29",0,0,0,"29","11.8","Tarjeta Crédito","","Lucas",""
"12546-2","Sale","02/22/2026 3:00 PM",1,2,"2xCascão ","18",0,0,0,"18","15.6","Tarjeta Débito","","Lucas",""
"12547-2","Sale","02/22/2026 3:08 PM",1,1,"1xMilkshake 500ml","16",0,0,0,"16",0,"Tarjeta Débito","","Lucas",""
"12548-2","Sale","02/22/2026 3:10 PM",1,1,"1xCascão ","9",0,0,0,"9","7.8","Tarjeta Crédito","","Lucas",""
"12549-2","Sale","02/22/2026 3:14 PM",1,3,"3xMilkshake 500ml","48",0,0,0,"48",0,"Tarjeta Débito","","Lucas",""
"12550-2","Sale","02/22/2026 3:16 PM",1,3,"3xCopo 150ml","21",0,0,0,"21","3","Tarjeta Débito","","Lucas",""
"12551-2","Sale","02/22/2026 3:23 PM",2,3,"1xCopo 150ml, 2xMilkshake 500ml","39",0,0,0,"39","1","Efectivo","","Lucas",""
"12552-2","Sale","02/22/2026 3:23 PM",1,3,"3xCasquinha ","21",0,0,0,"21","18","Efectivo","","Lucas",""
"12553-2","Sale","02/22/2026 3:26 PM",2,2,"1xÁgua com gás , 1xCasquinha ","11.5",0,0,0,"11.5","9.3","Efectivo","","Lucas",""
"12554-2","Sale","02/22/2026 3:37 PM",2,2,"1xCascão , 1xMilkshake 300ml","20",0,0,0,"20","8.8","Efectivo","","Lucas",""
"12555-2","Sale","02/22/2026 3:56 PM",1,2,"2xÁgua sem gás ","8",0,0,0,"8",0,"Tarjeta Débito","","Lucas",""
"12556-2","Sale","02/22/2026 4:02 PM",1,2,"2xCascão ","18",0,0,0,"18","15.6","Pix","","Lucas",""
"12557-2","Sale","02/22/2026 4:03 PM",1,1,"1xCascão ","9",0,0,0,"9","7.8","Pix","","Lucas",""
"12558-2","Sale","02/22/2026 4:09 PM",3,4,"1xMilkshake 400ml, 2xCrepe suíço salgado , 1xMilkshake 300ml","45",0,0,0,"45","6","Pix","","Lucas",""
"12559-2","Sale","02/22/2026 4:12 PM",2,3,"1xMilkshake 300ml, 2xCascão ","29",0,0,0,"29","16.6","Tarjeta Débito","","Lucas",""
"12560-2","Sale","02/22/2026 4:13 PM",1,1,"1xMilkshake 500ml","16",0,0,0,"16",0,"Pix","","Lucas",""
"12561-2","Sale","02/22/2026 4:16 PM",1,1,"1xCasquinha ","7",0,0,0,"7","6","Tarjeta Crédito","","Lucas",""
"12562-2","Sale","02/22/2026 4:19 PM",2,3,"1xCasquinha , 2xCascão ","25",0,0,0,"25","21.6","Efectivo","","Lucas",""
"12563-2","Sale","02/22/2026 4:21 PM",1,2,"2xMilkshake 400ml","28",0,0,0,"28","2","Tarjeta Débito","","Lucas",""
"12564-2","Sale","02/22/2026 4:23 PM",1,1,"1xÁgua sem gás ","4",0,0,0,"4",0,"Efectivo","","Lucas",""
"12565-2","Sale","02/22/2026 4:32 PM",1,1,"1xChurros de chocolate ","10",0,0,0,"10","2","Efectivo","","Lucas",""
"12567-2","Sale","02/22/2026 4:46 PM",1,2,"2xMilkshake 300ml","22",0,0,0,"22","2","Tarjeta Crédito","","Lucas",""
"12568-2","Sale","02/22/2026 4:49 PM",2,3,"2xCascão , 1xMilkshake 400ml","32",0,0,0,"32","16.6","Tarjeta Débito","","Lucas",""
"12569-2","Sale","02/22/2026 4:49 PM",3,4,"1xCascão , 2xCasquinha , 1xMilkshake 400ml","37",0,0,0,"37","20.8","Pix","","Lucas",""
"12570-2","Sale","02/22/2026 4:52 PM",3,4,"1xCrepe suíço doce, 1xCasquinha , 2xCascão ","36",0,0,0,"36","24.6","Efectivo","","Lucas",""
"12571-2","Sale","02/22/2026 4:55 PM",1,1,"1xCasquinha ","7",0,0,0,"7","6","Efectivo","","Lucas",""
"12572-2","Sale","02/22/2026 4:55 PM",1,1,"1xCascão ","9",0,0,0,"9","7.8","Pix","","Lucas",""
"12573-2","Sale","02/22/2026 5:00 PM",1,1,"1xCopo 150ml","7",0,0,0,"7","1","Efectivo","","Lucas",""
"12574-2","Sale","02/22/2026 5:01 PM",1,2,"2xCasquinha ","14",0,0,0,"14","12","Tarjeta Débito","","Lucas",""
"12575-2","Sale","02/22/2026 5:04 PM",1,1,"1xMilkshake 400ml","14",0,0,0,"14","1","Tarjeta Débito","","Lucas",""
"12576-2","Sale","02/22/2026 5:08 PM",3,4,"2xCascão , 1xMilkshake 300ml, 1xMilkshake 400ml","43",0,0,0,"43","17.6","Tarjeta Crédito","","Lucas",""
"12577-2","Sale","02/22/2026 5:13 PM",2,3,"1xCascão , 2xCopo 250ml","31",0,0,0,"31","9.8","Efectivo","","Lucas",""
"12578-2","Sale","02/22/2026 5:14 PM",1,1,"1xCopo 250ml","11",0,0,0,"11","1","Tarjeta Débito","","Lucas",""
"12579-2","Sale","02/22/2026 5:17 PM",3,3,"1xMilkshake 400ml, 1xCopo 250ml, 1xÁgua sem gás ","29",0,0,0,"29","2","Tarjeta Débito","","Lucas",""
"12580-2","Sale","02/22/2026 5:35 PM",1,2,"2xMilkshake 300ml","22",0,0,0,"22","2","Pix","","Lucas",""
"12581-2","Sale","02/22/2026 5:40 PM",1,2,"2xMilkshake 300ml","22",0,0,0,"22","2","Pix","","Lucas",""
"12582-2","Sale","02/22/2026 5:45 PM",2,3,"2xMilkshake 400ml, 1xCasquinha ","35",0,0,0,"35","8","Tarjeta Débito","","Lucas",""
"12583-2","Sale","02/22/2026 5:50 PM",3,3,"1xMilkshake 500ml, 1xCrepe suíço salgado , 1xCasquinha ","33",0,0,0,"33","8","Tarjeta Débito","","Lucas",""
"12584-2","Sale","02/22/2026 6:08 PM",1,2,"2xÁgua com gás ","9",0,0,0,"9","6.6","Tarjeta Débito","","Lucas",""
"12585-2","Sale","02/22/2026 6:21 PM",1,2,"2xCasquinha ","14",0,0,0,"14","12","Pix","","Lucas",""
"12586-2","Sale","02/23/2026 1:26 PM",2,3,"2xCasquinha , 1xCopo 150ml","21",0,0,0,"21","13","Efectivo","","Lucas",""
"12587-2","Sale","02/23/2026 2:03 PM",2,2,"1xChurros de chocolate , 1xÁgua com gás ","14.5",0,0,0,"14.5","5.3","Efectivo","","Lucas",""
"12588-2","Sale","02/23/2026 2:28 PM",2,3,"1xChurros de chocolate , 2xCascão ","28",0,0,0,"28","17.6","Tarjeta Crédito","","Lucas",""
"12589-2","Sale","02/23/2026 2:39 PM",1,2,"2xMilkshake 500ml","32",0,0,0,"32",0,"Efectivo, Tarjeta Débito","","Lucas",""
"12590-2","Sale","02/23/2026 2:44 PM",1,3,"3xCasquinha ","21",0,0,0,"21","18","Efectivo","","Lucas",""
"12591-2","Sale","02/23/2026 2:45 PM",1,1,"1xCascão ","9",0,0,0,"9","7.8","Tarjeta Crédito","","Lucas",""
"12592-2","Sale","02/23/2026 2:49 PM",1,1,"1xCascão ","9",0,0,0,"9","7.8","Pix","","Lucas",""
"12593-2","Sale","02/23/2026 2:56 PM",1,2,"2xMilkshake 300ml","22",0,0,0,"22","2","Tarjeta Débito","","Lucas",""
"12594-2","Sale","02/23/2026 3:27 PM",2,2,"1xMilkshake 300ml, 1xCasquinha ","18",0,0,0,"18","7","Tarjeta Débito","","Lucas",""
"12595-2","Sale","02/23/2026 3:28 PM",1,1,"1xCasquinha ","7",0,0,0,"7","6","Tarjeta Débito","","Lucas",""
"12596-2","Sale","02/23/2026 3:29 PM",1,1,"1xMilkshake 300ml","11",0,0,0,"11","1","Efectivo","","Lucas",""
"12597-2","Sale","02/23/2026 3:42 PM",1,1,"1xMilkshake 400ml","14",0,0,0,"14","1","Tarjeta Débito","","Lucas",""
"12598-2","Sale","02/23/2026 3:47 PM",2,3,"2xCascão , 1xCasquinha ","25",0,0,0,"25","21.6","Efectivo","","Lucas",""
"12599-2","Sale","02/23/2026 3:55 PM",1,1,"1xMilkshake 300ml","11",0,0,0,"11","1","Efectivo","","Lucas",""
"12601-2","Sale","02/23/2026 4:10 PM",1,1,"1xÁgua com gás ","4.5",0,0,0,"4.5","3.3","Efectivo","","Lucas",""
"12602-2","Sale","02/23/2026 4:19 PM",1,1,"1xCascão ","9",0,0,0,"9","7.8","Efectivo","","Lucas",""
"12603-2","Sale","02/23/2026 4:22 PM",1,2,"2xCasquinha ","14",0,0,0,"14","12","Pix","","Lucas",""
"12604-2","Sale","02/23/2026 4:32 PM",1,1,"1xCasquinha ","7",0,0,0,"7","6","Efectivo","","Lucas",""
"12605-2","Sale","02/23/2026 4:38 PM",1,1,"1xCascão ","9",0,0,0,"9","7.8","Efectivo","","Lucas",""
"12606-2","Sale","02/23/2026 4:48 PM",2,4,"3xCascão , 1xMilkshake 300ml","38",0,0,0,"38","24.4","Tarjeta Débito","","Lucas",""
"12607-2","Sale","02/23/2026 5:00 PM",1,1,"1xCasquinha ","7",0,0,0,"7","6","Efectivo","","Lucas",""
"12608-2","Sale","02/23/2026 5:00 PM",1,1,"1xCombo 1","15",0,0,0,"15","1","Pix","","Lucas",""
"12609-2","Sale","02/23/2026 5:07 PM",1,2,"2xCasquinha ","14",0,0,0,"14","12","Efectivo","","Lucas",""
"12610-2","Sale","02/23/2026 5:10 PM",2,2,"1xMilkshake 400ml, 1xMilkshake 300ml","25",0,0,0,"25","2","Tarjeta Débito","","Lucas",""
"12611-2","Sale","02/23/2026 5:11 PM",1,1,"1xCascão ","9",0,0,0,"9","7.8","Efectivo","","Lucas",""
"12612-2","Sale","02/23/2026 5:15 PM",2,3,"1xMilkshake 300ml, 2xÁgua sem gás ","19",0,0,0,"19","1","Pix","","Lucas",""
"12613-2","Sale","02/23/2026 5:20 PM",2,3,"1xChurros de chocolate , 2xCascão ","28",0,0,0,"28","17.6","Efectivo","","Lucas",""
"12614-2","Sale","02/23/2026 5:26 PM",1,2,"2xCascão ","18",0,0,0,"18","15.6","Otros","","Lucas",""
"12615-2","Sale","02/23/2026 5:27 PM",2,2,"1xCascão , 1xCrepe suíço salgado ","19",0,0,0,"19","9.8","Tarjeta Débito","","Lucas",""
"12616-2","Sale","02/23/2026 5:39 PM",1,3,"3xChurros de chocolate ","30",0,0,0,"30","6","Pix","","Lucas",""
"12617-2","Sale","02/23/2026 5:42 PM",1,1,"1xMilkshake 300ml","11",0,0,0,"11","1","Efectivo","","Lucas",""
"12618-2","Sale","02/23/2026 5:43 PM",1,1,"1xMilkshake 300ml","11",0,0,0,"11","1","Pix","","Lucas",""
"12619-2","Sale","02/23/2026 5:44 PM",1,1,"1xMilkshake 300ml","11",0,0,0,"11","1","Pix","","Lucas",""
"12620-2","Sale","02/23/2026 5:45 PM",1,1,"1xMilkshake 300ml","11",0,0,0,"11","1","Efectivo","","Lucas",""
"12621-2","Sale","02/23/2026 5:46 PM",1,1,"1xCascão ","9",0,0,0,"9","7.8","Tarjeta Débito","","Lucas",""
"12622-2","Sale","02/23/2026 5:58 PM",1,1,"1xCascão ","9",0,0,0,"9","7.8","Efectivo","","Lucas",""
"12623-2","Sale","02/23/2026 6:00 PM",2,2,"1xCascão , 1xMilkshake 300ml","20",0,0,0,"20","8.8","Tarjeta Débito","","Lucas",""
"12624-2","Sale","02/23/2026 6:01 PM",1,1,"1xCascão ","9",0,0,0,"9","7.8","Pix","","Lucas",""
"12625-2","Sale","02/23/2026 6:07 PM",1,1,"1xCascão ","9",0,0,0,"9","7.8","Pix","","Lucas",""
"12626-2","Sale","02/23/2026 6:13 PM",1,1,"1xChurros de chocolate ","10",0,0,0,"10","2","Efectivo","","Lucas",""
"12627-2","Sale","02/23/2026 6:20 PM",1,2,"2xChurros doce de leite ","20",0,0,0,"20","4","Efectivo","","Lucas",""
"12628-2","Sale","02/23/2026 6:33 PM",2,2,"1xChurros de chocolate , 1xChurros doce de leite ","20",0,0,0,"20","4","Tarjeta Crédito","","Lucas",""
"12629-2","Sale","02/23/2026 6:42 PM",1,1,"1xÁgua com gás ","4.5",0,0,0,"4.5","3.3","Tarjeta Débito","","Lucas",""
"12630-2","Sale","02/23/2026 6:53 PM",2,2,"1xChurros de chocolate , 1xChurros doce de leite ","20",0,0,0,"20","4","Tarjeta Crédito","","Lucas",""
"12631-2","Sale","02/23/2026 7:25 PM",2,2,"1xCascão , 1xMilkshake 300ml","20",0,0,0,"20","8.8","Efectivo","","Lucas",""
"12632-2","Sale","02/23/2026 7:28 PM",1,1,"1xCombo 3","15",0,0,0,"15","1","Pix","","Lucas",""
"12633-2","Sale","02/24/2026 2:09 PM",1,1,"1xCascão ","9",0,0,0,"9","7.8","Efectivo","","Lucas",""
"12634-2","Sale","02/24/2026 2:16 PM",1,1,"1xÁgua com gás ","4.5",0,0,0,"4.5","3.3","Efectivo","","Lucas",""
"12635-2","Sale","02/24/2026 2:20 PM",1,1,"1xChurros de chocolate ","10",0,0,0,"10","2","Efectivo","","Lucas",""
"12636-2","Sale","02/24/2026 2:58 PM",1,1,"1xÁgua sem gás ","4",0,0,0,"4",0,"Efectivo","","Lucas",""
"12637-2","Sale","02/24/2026 3:08 PM",1,1,"1xCasquinha ","7",0,0,0,"7","6","Pix","","Lucas",""
"12638-2","Sale","02/24/2026 3:09 PM",1,1,"1xCascão ","9",0,0,0,"9","7.8","Efectivo","","Lucas",""
"12639-2","Sale","02/24/2026 3:10 PM",1,2,"2xCascão ","18",0,0,0,"18","15.6","Efectivo","","Lucas",""
"12640-2","Sale","02/24/2026 3:32 PM",2,2,"1xÁgua sem gás , 1xCasquinha ","11",0,0,0,"11","6","Efectivo","","Lucas",""
"12641-2","Sale","02/24/2026 3:36 PM",1,1,"1xCasquinha ","7",0,0,0,"7","6","Efectivo","","Lucas",""
"12642-2","Sale","02/24/2026 3:45 PM",2,2,"1xCasquinha , 1xCopo 150ml","14",0,0,0,"14","7","Tarjeta Crédito","","Lucas",""
"12643-2","Sale","02/24/2026 3:47 PM",1,1,"1xCascão ","9",0,0,0,"9","7.8","Pix","","Lucas",""
"12644-2","Sale","02/24/2026 3:50 PM",1,1,"1xCasquinha ","7",0,0,0,"7","6","Efectivo","","Lucas",""
"12645-2","Sale","02/24/2026 3:58 PM",1,3,"3xCasquinha ","21",0,0,0,"21","18","Pix","","Lucas",""
"12646-2","Sale","02/24/2026 4:00 PM",1,2,"2xCasquinha ","14",0,0,0,"14","12","Tarjeta Débito","","Lucas",""
"12647-2","Sale","02/24/2026 4:34 PM",1,1,"1xCascão ","9",0,0,0,"9","7.8","Efectivo","","Lucas",""
"12648-2","Sale","02/24/2026 5:04 PM",1,1,"1xCasquinha ","7",0,0,0,"7","6","Tarjeta Débito","","Lucas",""
"12649-2","Sale","02/24/2026 5:27 PM",1,2,"2xCopo 200ml","18",0,0,0,"18","2","Pix","","Lucas",""
"12650-2","Sale","02/24/2026 5:48 PM",1,1,"1xChurros de chocolate ","10",0,0,0,"10","2","Efectivo","","Lucas",""
"12651-2","Sale","02/24/2026 5:52 PM",1,1,"1xCopo 150ml","7",0,0,0,"7","1","Tarjeta Débito","","Lucas",""
"12652-2","Sale","02/24/2026 5:57 PM",2,2,"1xCasquinha , 1xCascão ","16",0,0,0,"16","13.8","Efectivo","","Lucas",""
"12653-2","Sale","02/24/2026 5:59 PM",1,2,"2xCasquinha ","14",0,0,0,"14","12","Tarjeta Débito","","Lucas",""
"12654-2","Sale","02/24/2026 6:01 PM",1,1,"1xCasquinha ","7",0,0,0,"7","6","Efectivo","","Lucas",""
"12655-2","Sale","02/24/2026 6:03 PM",1,1,"1xCombo 1","15",0,0,0,"15","1","Pix","","Lucas",""
"12656-2","Sale","02/24/2026 6:06 PM",1,2,"2xCasquinha ","14",0,0,0,"14","12","Efectivo","","Lucas",""
"12657-2","Sale","02/24/2026 6:08 PM",1,2,"2xCasquinha ","14",0,0,0,"14","12","Efectivo","","Lucas",""
"12658-2","Sale","02/24/2026 6:11 PM",1,1,"1xCasquinha ","7",0,0,0,"7","6","Efectivo","","Lucas",""
"12659-2","Sale","02/24/2026 6:12 PM",1,1,"1xCasquinha ","7",0,0,0,"7","6","Efectivo","","Lucas",""
"12660-2","Sale","02/24/2026 6:18 PM",2,2,"1xCopo 250ml, 1xCasquinha ","18",0,0,0,"18","7","Tarjeta Débito","","Lucas",""
"12661-2","Sale","02/24/2026 6:30 PM",1,1,"1xCasquinha ","7",0,0,0,"7","6","Efectivo","","Lucas",""
"12662-2","Sale","02/24/2026 6:33 PM",1,1,"1xÁgua com gás ","4.5",0,0,0,"4.5","3.3","Tarjeta Débito","","Lucas",""
"12663-2","Sale","02/24/2026 6:42 PM",1,1,"1xCasquinha ","7",0,0,0,"7","6","Efectivo","","Lucas",""
"12664-2","Sale","02/24/2026 7:08 PM",1,1,"1xCopo 150ml","7",0,0,0,"7","1","Pix","","Lucas",""
"12665-2","Sale","02/25/2026 1:51 PM",1,1,"1xCascão ","9",0,0,0,"9","7.8","Tarjeta Débito","","Lucas",""
"12666-2","Sale","02/25/2026 2:10 PM",1,1,"1xCasquinha ","7",0,0,0,"7","6","Tarjeta Débito","","Lucas",""
"12667-2","Sale","02/25/2026 2:26 PM",1,2,"2xChurros doce de leite ","20",0,0,0,"20","4","Tarjeta Débito","","Lucas",""
"12668-2","Sale","02/25/2026 2:58 PM",2,2,"1xCascão , 1xÁgua sem gás ","13",0,0,0,"13","7.8","Efectivo","","Lucas",""
"12669-2","Sale","02/25/2026 3:12 PM",1,1,"1xCasquinha ","7",0,0,0,"7","6","Tarjeta Débito","","Lucas",""
"12670-2","Sale","02/25/2026 3:12 PM",1,2,"2xChurros de chocolate ","20",0,0,0,"20","4","Tarjeta Débito","","Lucas",""
"12671-2","Sale","02/25/2026 3:16 PM",2,2,"1xMilkshake 400ml, 1xCascão ","23",0,0,0,"23","8.8","Pix","","Lucas",""
"12672-2","Sale","02/25/2026 3:26 PM",1,1,"1xCopo 200ml","9",0,0,0,"9","1","Tarjeta Débito","","Lucas",""
"12673-2","Sale","02/25/2026 3:33 PM",1,1,"1xCasquinha ","7",0,0,0,"7","6","Pix","","Lucas",""
"12674-2","Sale","02/25/2026 3:40 PM",1,1,"1xRefri 310ml","7",0,0,0,"7","1","Tarjeta Débito","","Lucas",""
"12675-2","Sale","02/25/2026 3:41 PM",2,2,"1xCasquinha , 1xCascão ","16",0,0,0,"16","13.8","Tarjeta Débito","","Lucas",""
"12676-2","Sale","02/25/2026 3:44 PM",1,3,"3xCasquinha ","21",0,0,0,"21","18","Tarjeta Débito","","Lucas",""
"12677-2","Sale","02/25/2026 4:04 PM",3,4,"1xCasquinha , 2xMilkshake 300ml, 1xÁgua com gás ","33.5",0,0,0,"33.5","11.3","Pix","","Lucas",""
"12678-2","Sale","02/25/2026 4:08 PM",1,2,"2xCopo 200ml","18",0,0,0,"18","2","Efectivo","","Lucas",""
"12679-2","Sale","02/25/2026 4:15 PM",2,2,"1xMilkshake 500ml, 1xMilkshake 400ml","30",0,0,0,"30","1","Tarjeta Débito","","Lucas",""
"12680-2","Sale","02/25/2026 4:23 PM",2,2,"1xMilkshake 300ml, 1xCasquinha ","18",0,0,0,"18","7","Efectivo","","Lucas",""
"12681-2","Sale","02/25/2026 4:25 PM",1,1,"1xMilkshake 400ml","14",0,0,0,"14","1","Tarjeta Crédito","","Lucas",""
"12682-2","Sale","02/25/2026 4:26 PM",1,1,"1xMilkshake 400ml","14",0,0,0,"14","1","Efectivo","","Lucas",""
"12683-2","Sale","02/25/2026 4:31 PM",1,1,"1xMilkshake 500ml","16",0,0,0,"16",0,"Efectivo","","Lucas",""
"12684-2","Sale","02/25/2026 4:33 PM",1,2,"2xCascão ","18",0,0,0,"18","15.6","Tarjeta Débito","","Lucas",""
"12685-2","Sale","02/25/2026 4:34 PM",1,1,"1xCascão ","9",0,0,0,"9","7.8","Tarjeta Débito","","Lucas",""
"12686-2","Sale","02/25/2026 4:34 PM",1,1,"1xMilkshake 500ml","16",0,0,0,"16",0,"Tarjeta Débito","","Lucas",""
"12687-2","Sale","02/25/2026 4:34 PM",1,1,"1xMilkshake 500ml","16",0,0,0,"16",0,"Efectivo","","Lucas",""
"12688-2","Sale","02/25/2026 4:49 PM",1,1,"1xMilkshake 300ml","11",0,0,0,"11","1","Tarjeta Débito","","Lucas",""
"12689-2","Sale","02/25/2026 4:51 PM",1,1,"1xCasquinha ","7",0,0,0,"7","6","Tarjeta Crédito","","Lucas",""
"12690-2","Sale","02/25/2026 4:53 PM",1,1,"1xCopo 150ml","7",0,0,0,"7","1","Efectivo","","Lucas",""
"12691-2","Sale","02/25/2026 4:53 PM",1,1,"1xMilkshake 300ml","11",0,0,0,"11","1","Efectivo","","Lucas",""
"12692-2","Sale","02/25/2026 4:56 PM",1,1,"1xCascão ","9",0,0,0,"9","7.8","Efectivo","","Lucas",""
"12693-2","Sale","02/25/2026 5:08 PM",1,1,"1xCascão ","9",0,0,0,"9","7.8","Pix","","Lucas",""
"12694-2","Sale","02/25/2026 5:11 PM",1,1,"1xCasquinha ","7",0,0,0,"7","6","Efectivo","","Lucas",""
"12695-2","Sale","02/25/2026 5:19 PM",1,1,"1xCasquinha ","7",0,0,0,"7","6","Tarjeta Débito","","Lucas",""
"12696-2","Sale","02/25/2026 5:33 PM",1,1,"1xMilkshake 300ml","11",0,0,0,"11","1","Efectivo","","Lucas",""
"12697-2","Sale","02/25/2026 5:57 PM",1,3,"3xCopo 150ml","21",0,0,0,"21","3","Pix","","Lucas",""
"12698-2","Sale","02/25/2026 5:59 PM",1,1,"1xCasquinha ","7",0,0,0,"7","6","Pix","","Lucas",""
"12699-2","Sale","02/25/2026 6:00 PM",1,2,"2xCascão ","18",0,0,0,"18","15.6","Tarjeta Débito","","Lucas",""
"12700-2","Sale","02/25/2026 6:05 PM",1,1,"1xCascão ","9",0,0,0,"9","7.8","Tarjeta Crédito","","Lucas",""
"12701-2","Sale","02/25/2026 6:12 PM",1,1,"1xChurros doce de leite ","10",0,0,0,"10","2","Tarjeta Crédito","","Lucas",""
"12702-2","Sale","02/25/2026 6:28 PM",3,6,"1xMilkshake 400ml, 2xCasquinha , 3xCrepe suíço doce","61",0,0,0,"61","22","Tarjeta Débito","","Lucas",""
"12703-2","Sale","02/25/2026 6:29 PM",3,3,"1xChurros doce de leite , 1xCombo 1, 1xCrepe suíço salgado ","35",0,0,0,"35","5","Pix","","Lucas",""
"12704-2","Sale","02/25/2026 6:44 PM",2,2,"1xChurros de chocolate , 1xChurros doce de leite ","20",0,0,0,"20","4","Tarjeta Débito","","Lucas",""
"12705-2","Sale","02/25/2026 7:15 PM",2,3,"1xCrepe suíço doce, 2xCrepe suíço salgado ","31",0,0,0,"31","7","Tarjeta Débito","","Lucas",""
"12706-2","Sale","02/25/2026 7:27 PM",1,2,"2xCasquinha ","14",0,0,0,"14","12","Tarjeta Débito","","Lucas",""
"12707-2","Sale","02/25/2026 7:33 PM",1,1,"1xMilkshake 300ml","11",0,0,0,"11","1","Tarjeta Débito","","Lucas",""
"12708-2","Sale","02/26/2026 2:07 PM",1,2,"2xCascão ","18",0,0,0,"18","15.6","Efectivo","","Lucas",""
"12709-2","Sale","02/26/2026 2:10 PM",1,3,"3xCasquinha ","21",0,0,0,"21","18","Tarjeta Crédito","","Lucas",""
"12710-2","Sale","02/26/2026 2:24 PM",1,1,"1xCasquinha ","7",0,0,0,"7","6","Tarjeta Débito","","Lucas",""
"12711-2","Sale","02/26/2026 2:37 PM",1,1,"1xMilkshake 500ml","16",0,0,0,"16",0,"Tarjeta Débito","","Lucas",""
"12712-2","Sale","02/26/2026 2:40 PM",1,2,"2xCascão ","18",0,0,0,"18","15.6","Pix","","Lucas",""
"12713-2","Sale","02/26/2026 2:52 PM",1,1,"1xMilkshake 400ml","14",0,0,0,"14","1","Tarjeta Débito","","Lucas",""
"12714-2","Sale","02/26/2026 2:59 PM",1,2,"2xCascão ","18",0,0,0,"18","15.6","Tarjeta Débito","","Lucas",""
"12715-2","Sale","02/26/2026 3:09 PM",2,2,"1xCopo 200ml, 1xCascão ","18",0,0,0,"18","8.8","Efectivo","","Lucas",""
"12716-2","Sale","02/26/2026 3:21 PM",1,1,"1xMilkshake 300ml","11",0,0,0,"11","1","Efectivo","","Lucas",""
"12717-2","Sale","02/26/2026 3:35 PM",1,1,"1xÁgua sem gás ","4",0,0,0,"4",0,"Efectivo","","Lucas",""
"12718-2","Sale","02/26/2026 3:44 PM",1,2,"2xCasquinha ","14",0,0,0,"14","12","Tarjeta Débito","","Lucas",""
"12719-2","Sale","02/26/2026 3:55 PM",1,2,"2xCasquinha ","14",0,0,0,"14","12","Pix","","Lucas",""
"12720-2","Sale","02/26/2026 4:00 PM",1,1,"1xMilkshake 300ml","11",0,0,0,"11","1","Efectivo","","Lucas",""
"12721-2","Sale","02/26/2026 4:08 PM",1,1,"1xMilkshake 300ml","11",0,0,0,"11","1","Efectivo","","Lucas",""
"12722-2","Sale","02/26/2026 4:08 PM",1,1,"1xÁgua com gás ","4.5",0,0,0,"4.5","3.3","Efectivo","","Lucas",""
"12723-2","Sale","02/26/2026 4:11 PM",2,3,"2xMilkshake 300ml, 1xCrepe suíço salgado ","32",0,0,0,"32","4","Tarjeta Crédito","","Lucas",""
"12724-2","Sale","02/26/2026 4:15 PM",1,1,"1xCascão ","9",0,0,0,"9","7.8","Efectivo","","Lucas",""
"12725-2","Sale","02/26/2026 4:22 PM",1,1,"1xRefri 310ml","7",0,0,0,"7","1","Efectivo","","Lucas",""
"12726-2","Sale","02/26/2026 4:24 PM",2,2,"1xChurros doce de leite , 1xChurros de chocolate ","20",0,0,0,"20","4","Tarjeta Crédito","","Lucas",""
"12727-2","Sale","02/26/2026 5:03 PM",1,1,"1xMilkshake 400ml","14",0,0,0,"14","1","Tarjeta Crédito","","Lucas",""
"12728-2","Sale","02/26/2026 5:13 PM",2,2,"1xChurros de chocolate , 1xChurros doce de leite ","20",0,0,0,"20","4","Pix","","Lucas",""
"12729-2","Sale","02/26/2026 5:17 PM",1,1,"1xCascão ","9",0,0,0,"9","7.8","Tarjeta Crédito","","Lucas",""
"12730-2","Sale","02/26/2026 5:23 PM",1,2,"2xChurros de chocolate ","20",0,0,0,"20","4","Pix","","Lucas",""
"12731-2","Sale","02/26/2026 5:25 PM",1,2,"2xCasquinha ","14",0,0,0,"14","12","Efectivo","","Lucas",""
"12732-2","Sale","02/26/2026 5:32 PM",1,2,"2xCascão ","18",0,0,0,"18","15.6","Tarjeta Débito","","Lucas",""
"12733-2","Sale","02/26/2026 5:40 PM",2,2,"1xCopo 250ml, 1xCasquinha ","18",0,0,0,"18","7","Tarjeta Débito","","Lucas",""
"12734-2","Sale","02/26/2026 5:42 PM",1,1,"1xMilkshake 400ml","14",0,0,0,"14","1","Tarjeta Débito","","Lucas",""
"12735-2","Sale","02/26/2026 5:43 PM",1,1,"1xMilkshake 500ml","16",0,0,0,"16",0,"Tarjeta Débito","","Lucas",""
"12736-2","Sale","02/26/2026 6:01 PM",1,2,"2xCasquinha ","14",0,0,0,"14","12","Tarjeta Débito","","Lucas",""
"12737-2","Sale","02/26/2026 6:06 PM",1,1,"1xChurros de chocolate ","10",0,0,0,"10","2","Efectivo","","Lucas",""
"12738-2","Sale","02/26/2026 6:09 PM",1,1,"1xCrepe suíço doce","11",0,0,0,"11","3","Pix","","Lucas",""
"12739-2","Sale","02/26/2026 6:23 PM",1,2,"2xCascão ","18",0,0,0,"18","15.6","Tarjeta Débito","","Lucas",""
"12740-2","Sale","02/26/2026 6:42 PM",1,1,"1xCascão ","9",0,0,0,"9","7.8","Tarjeta Débito","","Lucas",""
"12741-2","Sale","02/26/2026 7:05 PM",2,3,"2xCasquinha , 1xCombo 2","30",0,0,0,"30","13","Efectivo","","Lucas",""
"12742-2","Sale","02/26/2026 7:14 PM",1,2,"2xÁgua sem gás ","8",0,0,0,"8",0,"Tarjeta Crédito","","Lucas",""
"12743-2","Sale","02/26/2026 7:17 PM",1,1,"1xMilkshake 300ml","11",0,0,0,"11","1","Pix","","Lucas",""
"12744-2","Sale","02/26/2026 7:20 PM",1,1,"1xCascão ","9",0,0,0,"9","7.8","Pix","","Lucas",""
"12745-2","Sale","02/26/2026 7:42 PM",3,3,"1xMilkshake 300ml, 1xCopo 150ml, 1xCopo 200ml","27",0,0,0,"27","3","Efectivo","","Lucas",""
"12746-2","Sale","02/26/2026 7:42 PM",1,1,"1xCopo 150ml","7",0,0,0,"7","1","Pix","","Lucas",""
"12747-2","Sale","02/27/2026 1:37 PM",1,1,"1xCasquinha ","7",0,0,0,"7","6","Efectivo","","Lucas",""
"12748-2","Sale","02/27/2026 2:28 PM",2,2,"1xCasquinha , 1xÁgua sem gás ","11",0,0,0,"11","6","Pix","","Lucas",""
"12749-2","Sale","02/27/2026 2:37 PM",2,2,"1xCascão , 1xCasquinha ","16",0,0,0,"16","13.8","Pix","","Lucas",""
"12750-2","Sale","02/27/2026 2:39 PM",1,1,"1xCopo 150ml","7",0,0,0,"7","1","Tarjeta Débito","","Lucas",""
"12751-2","Sale","02/27/2026 2:41 PM",2,2,"1xMilkshake 300ml, 1xCasquinha ","18",0,0,0,"18","7","Tarjeta Crédito","","Lucas",""
"12752-2","Sale","02/27/2026 2:47 PM",1,1,"1xMilkshake 500ml","16",0,0,0,"16",0,"Tarjeta Débito","","Lucas",""
"12753-2","Sale","02/27/2026 2:53 PM",1,1,"1xÁgua sem gás ","4",0,0,0,"4",0,"Pix","","Lucas",""
"12754-2","Sale","02/27/2026 3:03 PM",2,3,"2xCascão , 1xÁgua sem gás ","22",0,0,0,"22","15.6","Tarjeta Débito","","Lucas",""
"12755-2","Sale","02/27/2026 3:07 PM",2,2,"1xCasquinha , 1xCopo 150ml","14",0,0,0,"14","7","Efectivo","","Lucas",""
"12756-2","Sale","02/27/2026 3:07 PM",1,1,"1xCrepe suíço doce","11",0,0,0,"11","3","Tarjeta Débito","","Lucas",""
"12757-2","Sale","02/27/2026 3:08 PM",1,1,"1xCopo 150ml","7",0,0,0,"7","1","Efectivo","","Lucas",""
"12758-2","Sale","02/27/2026 3:18 PM",1,1,"1xMilkshake 300ml","11",0,0,0,"11","1","Efectivo","","Lucas",""
"12759-2","Sale","02/27/2026 3:38 PM",1,3,"3xCasquinha ","21",0,0,0,"21","18","Tarjeta Crédito","","Lucas",""
"12760-2","Sale","02/27/2026 3:40 PM",2,2,"1xMilkshake 300ml, 1xCascão ","20",0,0,0,"20","8.8","Otros","","Lucas",""
"12761-2","Sale","02/27/2026 3:50 PM",1,1,"1xCopo 150ml","7",0,0,0,"7","1","Tarjeta Débito","","Lucas",""
"12762-2","Sale","02/27/2026 3:51 PM",1,1,"1xMilkshake 300ml","11",0,0,0,"11","1","Tarjeta Débito","","Lucas",""
"12763-2","Sale","02/27/2026 3:57 PM",1,2,"2xCasquinha ","14",0,0,0,"14","12","Tarjeta Crédito","","Lucas",""
"12764-2","Sale","02/27/2026 3:59 PM",2,4,"2xCascão , 2xÁgua sem gás ","26",0,0,0,"26","15.6","Tarjeta Débito","","Lucas",""
"12765-2","Sale","02/27/2026 4:20 PM",1,1,"1xCopo 250ml","11",0,0,0,"11","1","Efectivo","","Lucas",""
"12766-2","Sale","02/27/2026 4:24 PM",1,1,"1xCasquinha ","7",0,0,0,"7","6","Efectivo","","Lucas",""
"12767-2","Sale","02/27/2026 4:32 PM",1,1,"1xCascão ","9",0,0,0,"9","7.8","Pix","","Lucas",""
"12768-2","Sale","02/27/2026 4:37 PM",1,1,"1xMilkshake 300ml","11",0,0,0,"11","1","Pix","","Lucas",""
"12769-2","Sale","02/27/2026 4:37 PM",1,1,"1xCombo 1","15",0,0,0,"15","1","Efectivo","","Lucas",""
"12770-2","Sale","02/27/2026 4:44 PM",3,3,"1xÁgua com gás , 1xCopo 150ml, 1xCascão ","20.5",0,0,0,"20.5","12.1","Tarjeta Débito, Efectivo","","Lucas",""
"12771-2","Sale","02/27/2026 4:46 PM",1,1,"1xCascão ","9",0,0,0,"9","7.8","Pix","","Lucas",""
"12772-2","Sale","02/27/2026 4:46 PM",1,1,"1xRefri 310ml","7",0,0,0,"7","1","Efectivo","","Lucas",""
"12773-2","Sale","02/27/2026 4:53 PM",1,1,"1xCombo 1","15",0,0,0,"15","1","Efectivo","","Lucas",""
"12774-2","Sale","02/27/2026 5:02 PM",1,1,"1xCrepe suíço salgado ","10",0,0,0,"10","2","Tarjeta Crédito","","Lucas",""
"12775-2","Sale","02/27/2026 5:22 PM",1,2,"2xCasquinha ","14",0,0,0,"14","12","Efectivo","","Lucas",""
"12776-2","Sale","02/27/2026 5:22 PM",1,1,"1xCombo 1","15",0,0,0,"15","1","Efectivo","","Lucas",""
"12777-2","Sale","02/27/2026 5:33 PM",1,1,"1xRefri 310ml","7",0,0,0,"7","1","Efectivo","","Lucas",""
"12778-2","Sale","02/27/2026 5:55 PM",1,1,"1xRefri 310ml","7",0,0,0,"7","1","Tarjeta Débito","","Lucas",""
"12779-2","Sale","02/27/2026 6:10 PM",1,1,"1xMilkshake 300ml","11",0,0,0,"11","1","Pix","","Lucas",""
"12780-2","Sale","02/27/2026 6:14 PM",1,1,"1xMilkshake 300ml","11",0,0,0,"11","1","Efectivo","","Lucas",""
"12781-2","Sale","02/27/2026 6:17 PM",2,3,"1xCascão , 2xCopo 200ml","27",0,0,0,"27","9.8","Tarjeta Débito","","Lucas",""
"12782-2","Sale","02/27/2026 6:18 PM",1,2,"2xCrepe suíço salgado ","20",0,0,0,"20","4","Pix","","Lucas",""
"12783-2","Sale","02/27/2026 6:35 PM",2,2,"1xCopo 150ml, 1xCombo 1","22",0,0,0,"22","2","Tarjeta Débito","","Lucas",""
"12784-2","Sale","02/27/2026 6:45 PM",1,1,"1xÁgua com gás ","4.5",0,0,0,"4.5","3.3","Efectivo","","Lucas",""
"12785-2","Sale","02/27/2026 6:48 PM",1,1,"1xChurros doce de leite ","10",0,0,0,"10","2","Efectivo","","Lucas",""
"12786-2","Sale","02/27/2026 7:20 PM",2,3,"2xCasquinha , 1xÁgua com gás ","18.5",0,0,0,"18.5","15.3","Tarjeta Débito","","Lucas",""
"12787-2","Sale","02/28/2026 10:12 AM",1,1,"1xCrepe suíço doce","11",0,0,0,"11","3","Efectivo","","Lucas",""
"12788-2","Sale","02/28/2026 10:55 AM",1,2,"2xMilkshake 300ml","22",0,0,0,"22","2","Tarjeta Crédito","","Lucas",""
"12789-2","Sale","02/28/2026 11:03 AM",1,1,"1xRefri 310ml","7",0,0,0,"7","1","Pix","","Lucas",""
"12790-2","Sale","02/28/2026 11:12 AM",1,1,"1xMilkshake 300ml","11",0,0,0,"11","1","Pix","","Lucas",""
"12791-2","Sale","02/28/2026 11:20 AM",1,1,"1xCascão ","9",0,0,0,"9","7.8","Tarjeta Débito","","Lucas",""
"12792-2","Sale","02/28/2026 11:21 AM",1,1,"1xCasquinha ","7",0,0,0,"7","6","Efectivo","","Lucas",""
"12794-2","Sale","02/28/2026 12:24 PM",1,2,"2xChurros de chocolate ","20",0,0,0,"20","4","Efectivo","","Lucas",""
"12795-2","Sale","02/28/2026 12:24 PM",1,1,"1xCopo 150ml","7",0,0,0,"7","1","Tarjeta Débito","","Lucas",""
"12796-2","Sale","02/28/2026 12:28 PM",1,1,"1xRefri 310ml","7",2,0,0,"5","-1","Efectivo","","Lucas",""
"12797-2","Sale","02/28/2026 12:28 PM",1,1,"1xÁgua com gás ","4.5",0,0,0,"4.5","3.3","Pix","","Lucas",""
"12798-2","Sale","02/28/2026 12:29 PM",1,1,"1xÁgua sem gás ","4",0,0,0,"4",0,"Tarjeta Crédito","","Lucas",""
"12799-2","Sale","02/28/2026 12:30 PM",1,2,"2xCasquinha ","14",0,0,0,"14","12","Efectivo","","Lucas",""
"12800-2","Sale","02/28/2026 12:40 PM",2,2,"1xCascão , 1xCasquinha ","16",0,0,0,"16","13.8","Efectivo","","Lucas",""
"12801-2","Sale","02/28/2026 12:43 PM",1,2,"2xCasquinha ","14",0,0,0,"14","12","Efectivo","","Lucas",""
"12802-2","Sale","02/28/2026 12:51 PM",1,1,"1xÁgua sem gás ","4",0,0,0,"4",0,"Efectivo","","Lucas",""
"12803-2","Sale","02/28/2026 12:56 PM",2,3,"2xCascão , 1xCasquinha ","25",0,0,0,"25","21.6","Tarjeta Débito","","Lucas",""
"12804-2","Sale","02/28/2026 12:59 PM",1,2,"2xCascão ","18",0,0,0,"18","15.6","Pix","","Lucas",""
"12805-2","Sale","02/28/2026 1:10 PM",1,1,"1xCasquinha ","7",0,0,0,"7","6","Tarjeta Débito","","Lucas",""
"12806-2","Sale","02/28/2026 1:12 PM",1,1,"1xMilkshake 400ml","14",0,0,0,"14","1","Efectivo","","Lucas",""
"12807-2","Sale","02/28/2026 1:14 PM",1,1,"1xCascão ","9",0,0,0,"9","7.8","Efectivo","","Lucas",""
"12808-2","Sale","02/28/2026 1:17 PM",1,1,"1xMilkshake 300ml","11",0,0,0,"11","1","Efectivo","","Lucas",""
"12809-2","Sale","02/28/2026 1:29 PM",1,1,"1xÁgua com gás ","4.5",0,0,0,"4.5","3.3","Tarjeta Débito","","Lucas",""
"12810-2","Sale","02/28/2026 1:42 PM",1,1,"1xÁgua com gás ","4.5",0,0,0,"4.5","3.3","Efectivo","","Lucas",""
"12811-2","Sale","02/28/2026 1:46 PM",2,2,"1xMilkshake 400ml, 1xÁgua sem gás ","18",0,0,0,"18","1","Tarjeta Débito","","Lucas",""
"12812-2","Sale","02/28/2026 1:48 PM",1,1,"1xÁgua sem gás ","4",0,0,0,"4",0,"Tarjeta Débito","","Lucas",""
"12813-2","Sale","02/28/2026 1:58 PM",2,3,"2xCascão , 1xCasquinha ","25",0,0,0,"25","21.6","Tarjeta Crédito","","Lucas",""
"12814-2","Sale","02/28/2026 1:59 PM",1,2,"2xCascão ","18",0,0,0,"18","15.6","Pix","","Lucas",""
"12815-2","Sale","02/28/2026 2:09 PM",2,4,"3xCopo 250ml, 1xCasquinha ","40",0,0,0,"40","9","Tarjeta Débito","","Lucas",""
"12816-2","Sale","02/28/2026 2:13 PM",1,3,"3xCascão ","27",0,0,0,"27","23.4","Tarjeta Débito","","Lucas",""
"12817-2","Sale","02/28/2026 2:15 PM",1,2,"2xCascão ","18",0,0,0,"18","15.6","Pix","","Lucas",""
"12818-2","Sale","02/28/2026 2:18 PM",1,3,"3xCasquinha ","21",0,0,0,"21","18","Tarjeta Débito","","Lucas",""
"12819-2","Sale","02/28/2026 2:20 PM",1,2,"2xCasquinha ","14",0,0,0,"14","12","Efectivo","","Lucas",""
"12820-2","Sale","02/28/2026 2:21 PM",1,1,"1xCopo 150ml","7",0,0,0,"7","1","Tarjeta Débito","","Lucas",""
"12821-2","Sale","02/28/2026 2:22 PM",1,1,"1xÁgua sem gás ","4",0,0,0,"4",0,"Tarjeta Crédito","","Lucas",""
"12822-2","Sale","02/28/2026 2:27 PM",1,1,"1xMilkshake 500ml","16",0,0,0,"16",0,"Tarjeta Crédito","","Lucas",""
"12823-2","Sale","02/28/2026 2:28 PM",1,1,"1xÁgua sem gás ","4",0,0,0,"4",0,"Tarjeta Débito","","Lucas",""
"12824-2","Sale","02/28/2026 2:30 PM",2,2,"1xMilkshake 400ml, 1xÁgua sem gás ","18",0,0,0,"18","1","Tarjeta Crédito","","Lucas",""
"12825-2","Sale","02/28/2026 2:32 PM",1,1,"1xCascão ","9",0,0,0,"9","7.8","Tarjeta Crédito","","Lucas",""
"12826-2","Sale","02/28/2026 2:33 PM",1,1,"1xChurros doce de leite ","10",0,0,0,"10","2","Pix","","Lucas",""
"12827-2","Sale","02/28/2026 2:38 PM",2,4,"3xMilkshake 300ml, 1xCascão ","42",0,0,0,"42","10.8","Efectivo","","Lucas",""
"12828-2","Sale","02/28/2026 2:40 PM",3,3,"1xCasquinha , 1xCascão , 1xMilkshake 300ml","27",0,0,0,"27","14.8","Tarjeta Crédito","","Lucas",""
"12829-2","Sale","02/28/2026 2:43 PM",1,1,"1xCascão ","9",0,0,0,"9","7.8","Pix","","Lucas",""
"12830-2","Sale","02/28/2026 2:44 PM",1,1,"1xÁgua sem gás ","4",0,0,0,"4",0,"Tarjeta Débito","","Lucas",""
"12831-2","Sale","02/28/2026 2:49 PM",3,4,"2xCopo 250ml, 1xCopo 150ml, 1xÁgua sem gás ","33",0,0,0,"33","3","Tarjeta Débito","","Lucas",""
"12832-2","Sale","02/28/2026 2:49 PM",1,1,"1xCopo 150ml","7",0,0,0,"7","1","Pix","","Lucas",""
"12833-2","Sale","02/28/2026 2:50 PM",1,2,"2xCasquinha ","14",0,0,0,"14","12","Tarjeta Débito","","Lucas",""
"12834-2","Sale","02/28/2026 2:56 PM",1,2,"2xMilkshake 300ml","22",0,0,0,"22","2","Pix","","Lucas",""
"12835-2","Sale","02/28/2026 3:01 PM",1,1,"1xÁgua sem gás ","4",0,0,0,"4",0,"Efectivo","","Lucas",""
"12836-2","Sale","02/28/2026 3:01 PM",1,1,"1xCopo 150ml","7",0,0,0,"7","1","Efectivo","","Lucas",""
"12837-2","Sale","02/28/2026 3:06 PM",1,3,"3xCasquinha ","21",0,0,0,"21","18","Tarjeta Crédito","","Lucas",""
"12838-2","Sale","02/28/2026 3:07 PM",1,1,"1xCasquinha ","7",0,0,0,"7","6","Efectivo","","Lucas",""
"12839-2","Sale","02/28/2026 3:19 PM",2,2,"1xMilkshake 300ml, 1xMilkshake 500ml","27",0,0,0,"27","1","Tarjeta Crédito","","Lucas",""
"12840-2","Sale","02/28/2026 3:21 PM",1,1,"1xCasquinha ","7",0,0,0,"7","6","Efectivo","","Lucas",""
"12841-2","Sale","02/28/2026 3:24 PM",2,2,"1xCrepe suíço salgado , 1xCrepe suíço doce","21",0,0,0,"21","5","Tarjeta Débito","","Lucas",""
"12842-2","Sale","02/28/2026 3:30 PM",1,1,"1xCascão ","9",0,0,0,"9","7.8","Efectivo","","Lucas",""
"12843-2","Sale","02/28/2026 3:31 PM",2,2,"1xCrepe suíço salgado , 1xCascão ","19",0,0,0,"19","9.8","Pix","","Lucas",""
"12844-2","Sale","02/28/2026 3:35 PM",1,1,"1xChurros doce de leite ","10",0,0,0,"10","2","Pix","","Lucas",""
"12845-2","Sale","02/28/2026 3:41 PM",3,3,"1xCopo 250ml, 1xCombo 1, 1xCrepe suíço salgado ","36",0,0,0,"36","4","Pix","","Lucas",""
"12846-2","Sale","02/28/2026 3:49 PM",1,1,"1xÁgua sem gás ","4",0,0,0,"4",0,"Efectivo","","Lucas",""
"12847-2","Sale","02/28/2026 3:57 PM",1,2,"2xCasquinha ","14",0,0,0,"14","12","Efectivo","","Lucas",""
"12848-2","Sale","02/28/2026 4:07 PM",2,2,"1xCrepe suíço doce, 1xÁgua sem gás ","15",0,0,0,"15","3","Efectivo","","Lucas",""
"12849-2","Sale","02/28/2026 4:13 PM",1,1,"1xCascão ","9",0,0,0,"9","7.8","Efectivo","","Lucas",""
"12850-2","Sale","02/28/2026 4:13 PM",1,1,"1xMilkshake 500ml","16",0,0,0,"16",0,"Efectivo","","Lucas",""
"12851-2","Sale","02/28/2026 4:20 PM",1,1,"1xCasquinha ","7",0,0,0,"7","6","Efectivo","","Lucas",""
"12852-2","Sale","02/28/2026 4:24 PM",1,4,"4xCasquinha ","28",0,0,0,"28","24","Efectivo","","Lucas",""
"12853-2","Sale","02/28/2026 4:27 PM",1,1,"1xCopo 150ml","7",0,0,0,"7","1","Tarjeta Débito","","Lucas",""
"12854-2","Sale","02/28/2026 4:30 PM",2,2,"1xMilkshake 300ml, 1xÁgua com gás ","15.5",0,0,0,"15.5","4.3","Tarjeta Crédito","","Lucas",""
"12855-2","Sale","02/28/2026 4:32 PM",2,3,"1xChurros doce de leite , 2xCascão ","28",0,0,0,"28","17.6","Efectivo","","Lucas",""
"12856-2","Sale","02/28/2026 4:39 PM",1,1,"1xMilkshake 400ml","14",0,0,0,"14","1","Tarjeta Crédito","","Lucas",""
"12857-2","Sale","02/28/2026 4:39 PM",1,2,"2xMilkshake 300ml","22",0,0,0,"22","2","Pix","","Lucas",""
"12858-2","Sale","02/28/2026 4:49 PM",1,1,"1xCopo 250ml","11",0,0,0,"11","1","Pix","","Lucas",""
"12859-2","Sale","02/28/2026 4:54 PM",1,2,"2xChurros de chocolate ","20",0,0,0,"20","4","Efectivo","","Lucas",""
"12860-2","Sale","02/28/2026 4:54 PM",1,2,"2xChurros de chocolate ","20",0,0,0,"20","4","Efectivo","","Lucas",""
"12861-2","Sale","02/28/2026 4:59 PM",1,1,"1xMilkshake 400ml","14",0,0,0,"14","1","Pix","","Lucas",""
"12862-2","Sale","02/28/2026 5:04 PM",1,2,"2xCascão ","18",0,0,0,"18","15.6","Pix","","Lucas",""
"12863-2","Sale","02/28/2026 5:07 PM",1,1,"1xMilkshake 300ml","11",0,0,0,"11","1","Tarjeta Débito","","Lucas",""
"12864-2","Sale","02/28/2026 5:19 PM",1,2,"2xCasquinha ","14",0,0,0,"14","12","Tarjeta Débito","","Lucas",""
"12865-2","Sale","02/28/2026 5:32 PM",1,2,"2xMilkshake 300ml","22",0,0,0,"22","2","Pix","","Lucas",""
"12866-2","Sale","02/28/2026 5:37 PM",1,1,"1xChurros de chocolate ","10",0,0,0,"10","2","Tarjeta Débito","","Lucas",""
"12867-2","Sale","02/28/2026 5:40 PM",1,1,"1xCombo 1","15",0,0,0,"15","1","Tarjeta Débito","","Lucas",""
"12868-2","Sale","02/28/2026 5:52 PM",1,2,"2xCasquinha ","14",0,0,0,"14","12","Efectivo","","Lucas",""
"12869-2","Sale","02/28/2026 5:53 PM",1,1,"1xCopo 150ml","7",0,0,0,"7","1","Pix","","Lucas",""
"12870-2","Sale","02/28/2026 5:57 PM",2,2,"1xCrepe suíço salgado , 1xMilkshake 500ml","26",0,0,0,"26","2","Tarjeta Débito","","Lucas",""
"12871-2","Sale","02/28/2026 6:02 PM",2,2,"1xChurros doce de leite , 1xCrepe suíço salgado ","20",0,0,0,"20","4","Efectivo","","Lucas",""
"12872-2","Sale","02/28/2026 6:09 PM",2,2,"1xCasquinha , 1xMilkshake 300ml","18",0,0,0,"18","7","Efectivo","","Lucas",""
"12873-2","Sale","02/28/2026 6:12 PM",2,2,"1xCascão , 1xChurros de chocolate ","19",0,0,0,"19","9.8","Efectivo","","Lucas",""
"12874-2","Sale","02/28/2026 6:13 PM",2,3,"2xChurros de chocolate , 1xMilkshake 300ml","31",0,0,0,"31","5","Efectivo","","Lucas",""
"12875-2","Sale","02/28/2026 6:17 PM",1,4,"4xCasquinha ","28",0,0,0,"28","24","Pix","","Lucas",""
"12876-2","Sale","02/28/2026 6:24 PM",1,3,"3xCascão ","27",0,0,0,"27","23.4","Efectivo","","Lucas",""
"12877-2","Sale","02/28/2026 6:24 PM",1,1,"1xChurros de chocolate ","10",0,0,0,"10","2","Pix","","Lucas",""
"12878-2","Sale","02/28/2026 6:28 PM",1,2,"2xMilkshake 400ml","28",0,0,0,"28","2","Tarjeta Débito","","Lucas",""
"12879-2","Sale","02/28/2026 6:33 PM",1,1,"1xÁgua sem gás ","4",0,0,0,"4",0,"Tarjeta Débito","","Lucas",""
"12880-2","Sale","02/28/2026 6:37 PM",1,2,"2xMilkshake 300ml","22",0,0,0,"22","2","Tarjeta Crédito","","Lucas",""
"12881-2","Sale","02/28/2026 6:44 PM",1,1,"1xChurros doce de leite ","10",0,0,0,"10","2","Efectivo","","Lucas",""
"12882-2","Sale","02/28/2026 6:45 PM",1,1,"1xChurros de chocolate ","10",0,0,0,"10","2","Tarjeta Débito","","Lucas",""
"12883-2","Sale","02/28/2026 6:49 PM",2,2,"1xChurros de chocolate , 1xChurros doce de leite ","20",0,0,0,"20","4","Tarjeta Crédito","","Lucas",""
"12884-2","Sale","02/28/2026 6:53 PM",1,1,"1xÁgua sem gás ","4",0,0,0,"4",0,"Efectivo","","Lucas",""
"12885-2","Sale","02/28/2026 6:56 PM",1,1,"1xCopo 250ml","11",0,0,0,"11","1","Tarjeta Crédito","","Lucas",""
"12886-2","Sale","02/28/2026 6:56 PM",1,1,"1xCopo 150ml","7",0,0,0,"7","1","Efectivo","","Lucas",""
"12887-2","Sale","02/28/2026 7:01 PM",1,1,"1xChurros doce de leite ","10",0,0,0,"10","2","Efectivo","","Lucas",""
"12888-2","Sale","02/28/2026 7:10 PM",1,1,"1xÁgua sem gás ","4",0,0,0,"4",0,"Efectivo","","Lucas",""
"12889-2","Sale","02/28/2026 7:18 PM",1,2,"2xMilkshake 300ml","22",0,0,0,"22","2","Tarjeta Débito","","Lucas",""
"12890-2","Sale","02/28/2026 7:24 PM",1,1,"1xMilkshake 300ml","11",0,0,0,"11","1","Tarjeta Débito","","Lucas",""
"12891-2","Sale","02/28/2026 7:27 PM",2,2,"1xChurros de chocolate , 1xMilkshake 400ml","24",0,0,0,"24","3","Tarjeta Crédito","","Lucas",""
"12893-2","Sale","03/01/2026 2:54 PM",3,4,"2xMilkshake 300ml, 1xCopo 200ml, 1xCascão ","40",0,0,0,"40","10.8","Efectivo","","Lucas",""
"12894-2","Sale","03/01/2026 2:56 PM",1,3,"3xCasquinha ","21",0,0,0,"21","18","Efectivo","","Lucas",""
"12895-2","Sale","03/01/2026 2:56 PM",1,1,"1xCopo 150ml","7",0,0,0,"7","1","Tarjeta Débito","","Lucas",""
"12896-2","Sale","03/01/2026 3:11 PM",1,2,"2xCasquinha ","14",0,0,0,"14","12","Pix","","Lucas",""
"12897-2","Sale","03/01/2026 3:12 PM",1,1,"1xCascão ","9",0,0,0,"9","7.8","Pix","","Lucas",""
"12898-2","Sale","03/01/2026 3:13 PM",1,1,"1xÁgua sem gás ","4",0,0,0,"4",0,"Efectivo","","Lucas",""
"12899-2","Sale","03/01/2026 3:17 PM",1,2,"2xCascão ","18",0,0,0,"18","15.6","Pix","","Lucas",""
"12900-2","Sale","03/01/2026 3:23 PM",3,4,"1xCrepe suíço salgado , 1xÁgua com gás , 2xMilkshake 300ml","36.5",0,0,0,"36.5","7.3","Pix","","Lucas",""
"12901-2","Sale","03/01/2026 3:27 PM",2,4,"3xChurros de chocolate , 1xÁgua com gás ","34.5",0,0,0,"34.5","9.3","Pix","","Lucas",""
"12902-2","Sale","03/01/2026 3:39 PM",1,1,"1xMilkshake 400ml","14",0,0,0,"14","1","Otros","","Lucas",""
"12903-2","Sale","03/01/2026 3:42 PM",1,1,"1xMilkshake 400ml","14",0,0,0,"14","1","Efectivo","","Lucas",""
"12904-2","Sale","03/01/2026 3:43 PM",1,1,"1xMilkshake 300ml","11",0,0,0,"11","1","Tarjeta Crédito","","Lucas",""
"12905-2","Sale","03/01/2026 3:46 PM",2,3,"2xCasquinha , 1xCascão ","23",0,0,0,"23","19.8","Efectivo","","Lucas",""
"12906-2","Sale","03/01/2026 3:51 PM",3,3,"1xCopo 200ml, 1xCascão , 1xMilkshake 500ml","34",0,0,0,"34","8.8","Tarjeta Débito","","Lucas",""
"12907-2","Sale","03/01/2026 3:52 PM",1,1,"1xCopo 150ml","7",0,0,0,"7","1","Pix","","Lucas",""
"12908-2","Sale","03/01/2026 3:54 PM",1,2,"2xCopo 200ml","18",0,0,0,"18","2","Efectivo","","Lucas",""
"12909-2","Sale","03/01/2026 3:57 PM",1,2,"2xCascão ","18",0,0,0,"18","15.6","Tarjeta Débito","","Lucas",""
"12910-2","Sale","03/01/2026 3:57 PM",1,3,"3xCascão ","27",0,0,0,"27","23.4","Tarjeta Débito","","Lucas",""
"12911-2","Sale","03/01/2026 4:03 PM",2,6,"3xCasquinha , 3xCrepe suíço salgado ","51",0,0,0,"51","24","Efectivo","","Lucas",""
"12912-2","Sale","03/01/2026 4:03 PM",2,2,"1xCrepe suíço salgado , 1xÁgua com gás ","14.5",0,0,0,"14.5","5.3","Efectivo","","Lucas",""
"12914-2","Sale","03/01/2026 4:15 PM",1,2,"2xCrepe suíço doce","22",0,0,0,"22","6","Otros","","Lucas",""
"12915-2","Sale","03/01/2026 4:17 PM",2,2,"1xCopo 150ml, 1xCascão ","16",0,0,0,"16","8.8","Efectivo","","Lucas",""
"12916-2","Sale","03/01/2026 4:38 PM",1,2,"2xCasquinha ","14",0,0,0,"14","12","Efectivo","","Lucas",""
"12917-2","Sale","03/01/2026 4:39 PM",1,1,"1xRefri 310ml","7",0,0,0,"7","1","Pix","","Lucas",""
"12918-2","Sale","03/01/2026 4:41 PM",3,4,"1xMilkshake 300ml, 2xCopo 150ml, 1xCombo 3","40",0,0,0,"40","4","Tarjeta Débito","","Lucas",""
"12919-2","Sale","03/01/2026 4:46 PM",2,4,"1xMilkshake 300ml, 3xCascão ","38",0,0,0,"38","24.4","Tarjeta Crédito","","Lucas",""
"12920-2","Sale","03/01/2026 4:47 PM",1,1,"1xCrepe suíço salgado ","10",0,0,0,"10","2","Tarjeta Crédito","","Lucas",""
"12921-2","Sale","03/01/2026 4:50 PM",1,1,"1xCascão ","9",0,0,0,"9","7.8","Tarjeta Débito","","Lucas",""
"12922-2","Sale","03/01/2026 4:52 PM",1,1,"1xMilkshake 300ml","11",0,0,0,"11","1","Efectivo","","Lucas",""
"12923-2","Sale","03/01/2026 4:53 PM",1,1,"1xCascão ","9",0,0,0,"9","7.8","Tarjeta Débito","","Lucas",""
"12924-2","Sale","03/01/2026 5:02 PM",2,3,"2xCrepe suíço salgado , 1xCrepe suíço doce","31",0,0,0,"31","7","Tarjeta Débito","","Lucas",""
"12925-2","Sale","03/01/2026 5:18 PM",2,2,"1xCascão , 1xCasquinha ","16",0,0,0,"16","13.8","Tarjeta Crédito","","Lucas",""
"12926-2","Sale","03/01/2026 5:21 PM",1,1,"1xCasquinha ","7",0,0,0,"7","6","Pix","","Lucas",""
"12927-2","Sale","03/01/2026 5:22 PM",2,4,"3xCascão , 1xMilkshake 500ml","43",0,0,0,"43","23.4","Tarjeta Crédito","","Lucas",""
"12928-2","Sale","03/01/2026 5:27 PM",1,1,"1xMilkshake 300ml","11",0,0,0,"11","1","Efectivo","","Lucas",""
"12929-2","Sale","03/01/2026 5:33 PM",1,1,"1xÁgua sem gás ","4",0,0,0,"4",0,"Tarjeta Crédito","","Lucas",""
"12930-2","Sale","03/01/2026 5:33 PM",2,2,"1xCasquinha , 1xÁgua com gás ","11.5",0,0,0,"11.5","9.3","Tarjeta Débito","","Lucas",""
"12931-2","Sale","03/01/2026 5:41 PM",1,2,"2xMilkshake 500ml","32",0,0,0,"32",0,"Tarjeta Crédito","","Lucas",""
"12932-2","Sale","03/01/2026 5:43 PM",1,3,"3xCasquinha ","21",0,0,0,"21","18","Pix","","Lucas",""
"12933-2","Sale","03/01/2026 5:51 PM",2,2,"1xCopo 150ml, 1xCascão ","16",0,0,0,"16","8.8","Pix","","Lucas",""
"12934-2","Sale","03/01/2026 6:06 PM",1,2,"2xCasquinha ","14",0,0,0,"14","12","Efectivo","","Lucas",""
"12935-2","Sale","03/01/2026 6:25 PM",1,1,"1xCascão ","9",0,0,0,"9","7.8","Tarjeta Débito","","Lucas",""
"12936-2","Sale","03/01/2026 6:42 PM",1,1,"1xChurros doce de leite ","10",0,0,0,"10","2","Efectivo","","Lucas",""
"12937-2","Sale","03/01/2026 6:55 PM",2,3,"1xMilkshake 300ml, 2xCascão ","29",0,0,0,"29","16.6","Efectivo, Pix","","Lucas",""
"12938-2","Sale","03/01/2026 7:14 PM",1,2,"2xMilkshake 300ml","22",0,0,0,"22","2","Pix","","Lucas",""
"12939-2","Sale","03/01/2026 7:21 PM",2,2,"1xCascão , 1xCasquinha ","16",0,0,0,"16","13.8","Tarjeta Débito","","Lucas",""
"12940-2","Sale","03/01/2026 7:36 PM",2,4,"3xMilkshake 500ml, 1xMilkshake 300ml","59",0,0,0,"59","1","Pix","","Lucas",""
"12941-2","Sale","03/02/2026 1:46 PM",1,1,"1xCascão ","9",0,0,0,"9","7.8","Tarjeta Crédito","","Lucas",""
"12942-2","Sale","03/02/2026 1:49 PM",1,1,"1xCasquinha ","7",0,0,0,"7","6","Otros","","Lucas",""
"12943-2","Sale","03/02/2026 2:12 PM",2,2,"1xCasquinha , 1xÁgua sem gás ","11",0,0,0,"11","6","Efectivo","","Lucas",""
"12944-2","Sale","03/02/2026 2:13 PM",1,1,"1xCasquinha ","7",0,0,0,"7","6","Efectivo","","Lucas",""
"12945-2","Sale","03/02/2026 2:18 PM",1,1,"1xCopo 250ml","11",0,0,0,"11","1","Pix","","Lucas",""
"12946-2","Sale","03/02/2026 2:23 PM",1,1,"1xMilkshake 400ml","14",0,0,0,"14","1","Tarjeta Débito","","Lucas",""
"12947-2","Sale","03/02/2026 2:32 PM",1,1,"1xCascão ","9",0,0,0,"9","7.8","Tarjeta Débito","","Lucas",""
"12948-2","Sale","03/02/2026 2:55 PM",2,2,"1xMilkshake 500ml, 1xMilkshake 300ml","27",0,0,0,"27","1","Efectivo","","Lucas",""
"12949-2","Sale","03/02/2026 3:00 PM",1,1,"1xMilkshake 500ml","16",0,0,0,"16",0,"Efectivo","","Lucas",""
"12950-2","Sale","03/02/2026 3:06 PM",1,1,"1xMilkshake 300ml","11",0,0,0,"11","1","Tarjeta Débito","","Lucas",""
"12951-2","Sale","03/02/2026 3:10 PM",1,1,"1xÁgua sem gás ","4",0,0,0,"4",0,"Tarjeta Crédito","","Lucas",""
"12952-2","Sale","03/02/2026 3:39 PM",1,1,"1xChurros doce de leite ","10",0,0,0,"10","2","Efectivo","","Lucas",""
"12953-2","Sale","03/02/2026 3:42 PM",1,1,"1xCascão ","9",0,0,0,"9","7.8","Otros","","Lucas",""
"12954-2","Sale","03/02/2026 3:51 PM",1,1,"1xCasquinha ","7",0,0,0,"7","6","Otros","","Lucas",""
"12955-2","Sale","03/02/2026 3:58 PM",1,1,"1xMilkshake 300ml","11",0,0,0,"11","1","Efectivo","","Lucas",""
"12956-2","Sale","03/02/2026 4:03 PM",1,4,"4xMilkshake 300ml","44",0,0,0,"44","4","Tarjeta Débito","","Lucas",""
"12957-2","Sale","03/02/2026 4:24 PM",1,1,"1xMilkshake 400ml","14",0,0,0,"14","1","Efectivo","","Lucas",""
"12958-2","Sale","03/02/2026 4:48 PM",1,1,"1xChurros de chocolate ","10",0,0,0,"10","2","Pix","","Lucas",""
"12959-2","Sale","03/02/2026 5:25 PM",1,1,"1xChurros doce de leite ","10",0,0,0,"10","2","Tarjeta Débito","","Lucas",""
"12960-2","Sale","03/02/2026 5:41 PM",2,2,"1xMilkshake 400ml, 1xMilkshake 500ml","30",0,0,0,"30","1","Tarjeta Débito","","Lucas",""
"12961-2","Sale","03/02/2026 5:47 PM",1,1,"1xMilkshake 500ml","16",0,0,0,"16",0,"Tarjeta Débito","","Lucas",""
"12962-2","Sale","03/02/2026 5:53 PM",2,2,"1xMilkshake 400ml, 1xCasquinha ","21",0,0,0,"21","7","Pix","","Lucas",""
"12963-2","Sale","03/02/2026 5:57 PM",1,1,"1xMilkshake 300ml","11",0,0,0,"11","1","Pix","","Lucas",""
"12964-2","Sale","03/02/2026 6:14 PM",2,2,"1xCrepe suíço doce, 1xMilkshake 400ml","25",0,0,0,"25","4","Pix","","Lucas",""
"12965-2","Sale","03/02/2026 6:25 PM",1,2,"2xCascão ","18",0,0,0,"18","15.6","Efectivo","","Lucas",""
"12966-2","Sale","03/02/2026 7:48 PM",1,1,"1xChurros doce de leite ","10",0,0,0,"10","2","Efectivo","","Lucas",""
"12967-2","Sale","03/02/2026 7:51 PM",1,1,"1xRefri 310ml","7",2,0,0,"5","-1","Efectivo","","Lucas",""
"12968-2","Sale","03/03/2026 1:30 PM",1,1,"1xCasquinha ","7",0,0,0,"7","6","Efectivo","","Lucas",""
"12969-2","Sale","03/03/2026 1:40 PM",1,1,"1xCasquinha ","7",0,0,0,"7","6","Otros","","Lucas",""
"12970-2","Sale","03/03/2026 1:51 PM",1,1,"1xCascão ","9",0,0,0,"9","7.8","Efectivo","","Lucas",""
"12971-2","Sale","03/03/2026 2:10 PM",1,1,"1xMilkshake 500ml","16",0,0,0,"16",0,"Tarjeta Crédito","","Lucas",""
"12972-2","Sale","03/03/2026 2:20 PM",1,2,"2xCasquinha ","14",0,0,0,"14","12","Efectivo","","Lucas",""
"12973-2","Sale","03/03/2026 2:31 PM",1,1,"1xCascão ","9",0,0,0,"9","7.8","Efectivo","","Lucas",""
"12974-2","Sale","03/03/2026 2:33 PM",2,2,"1xCascão , 1xÁgua sem gás ","13",0,0,0,"13","7.8","Efectivo","","Lucas",""
"12975-2","Sale","03/03/2026 2:39 PM",2,3,"2xMilkshake 300ml, 1xCascão ","31",0,0,0,"31","9.8","Efectivo","","Lucas",""
"12976-2","Sale","03/03/2026 2:41 PM",1,1,"1xMilkshake 300ml","11",0,0,0,"11","1","Pix","","Lucas",""
"12978-2","Sale","03/03/2026 2:55 PM",1,1,"1xCrepe suíço doce","11",0,0,0,"11","3","Tarjeta Crédito","","Lucas",""
"12979-2","Sale","03/03/2026 2:58 PM",1,1,"1xRefri 310ml","7",0,0,0,"7","1","Efectivo","","Lucas",""
"12980-2","Sale","03/03/2026 3:17 PM",1,1,"1xChurros de chocolate ","10",0,0,0,"10","2","Pix","","Lucas",""
"12981-2","Sale","03/03/2026 3:36 PM",1,2,"2xChurros de chocolate ","20",0,0,0,"20","4","Efectivo","","Lucas",""
"12982-2","Sale","03/03/2026 3:37 PM",1,1,"1xCascão ","9",0,0,0,"9","7.8","Efectivo","","Lucas",""
"12983-2","Sale","03/03/2026 3:57 PM",1,2,"2xCasquinha ","14",0,0,0,"14","12","Pix","","Lucas",""
"12984-2","Sale","03/03/2026 4:05 PM",1,2,"2xMilkshake 500ml","32",0,0,0,"32",0,"Efectivo","","Lucas",""
"12985-2","Sale","03/03/2026 4:15 PM",1,1,"1xMilkshake 500ml","16",0,0,0,"16",0,"Efectivo","","Lucas",""
"12986-2","Sale","03/03/2026 4:33 PM",1,1,"1xCasquinha ","7",0,0,0,"7","6","Efectivo","","Lucas",""
"12987-2","Sale","03/03/2026 4:33 PM",1,1,"1xCombo 1","15",0,0,0,"15","1","Otros","","Lucas",""
"12988-2","Sale","03/03/2026 4:38 PM",1,1,"1xCopo 250ml","11",0,0,0,"11","1","Efectivo","","Lucas",""
"12989-2","Sale","03/03/2026 4:39 PM",1,4,"4xCasquinha ","28",0,0,0,"28","24","Pix","","Lucas",""
"12990-2","Sale","03/03/2026 4:57 PM",1,1,"1xCascão ","9",0,0,0,"9","7.8","Otros","","Lucas",""
"12991-2","Sale","03/03/2026 4:58 PM",2,2,"1xCopo 150ml, 1xCascão ","16",0,0,0,"16","8.8","Pix","","Lucas",""
"12992-2","Sale","03/03/2026 5:01 PM",1,1,"1xCasquinha ","7",0,0,0,"7","6","Pix","","Lucas",""
"12993-2","Sale","03/03/2026 5:02 PM",1,1,"1xCasquinha ","7",0,0,0,"7","6","Efectivo","","Lucas",""
"12995-2","Sale","03/03/2026 5:41 PM",1,1,"1xCascão ","9",0,0,0,"9","7.8","Efectivo","","Lucas",""
"12996-2","Sale","03/03/2026 5:54 PM",1,1,"1xCascão ","9",0,0,0,"9","7.8","Tarjeta Débito","","Lucas",""
"12997-2","Sale","03/03/2026 5:55 PM",1,1,"1xCasquinha ","7",0,0,0,"7","6","Tarjeta Débito","","Lucas",""
"12998-2","Sale","03/03/2026 5:57 PM",1,1,"1xCasquinha ","7",0,0,0,"7","6","Efectivo","","Lucas",""
"12999-2","Sale","03/03/2026 6:01 PM",1,1,"1xCasquinha ","7",0,0,0,"7","6","Tarjeta Débito","","Lucas",""
"13000-2","Sale","03/03/2026 6:09 PM",1,1,"1xCasquinha ","7",0,0,0,"7","6","Tarjeta Crédito","","Lucas",""
"13001-2","Sale","03/03/2026 6:10 PM",1,1,"1xCasquinha ","7",0,0,0,"7","6","Tarjeta Débito","","Lucas",""
"13002-2","Sale","03/03/2026 6:14 PM",1,1,"1xMilkshake 500ml","16",0,0,0,"16",0,"Efectivo","","Lucas",""
"13003-2","Sale","03/03/2026 6:15 PM",1,1,"1xChurros de chocolate ","10",0,0,0,"10","2","Efectivo","","Lucas",""
"13004-2","Sale","03/03/2026 6:16 PM",1,1,"1xCopo 250ml","11",0,0,0,"11","1","Efectivo","","Lucas",""
"13005-2","Sale","03/03/2026 6:23 PM",1,1,"1xÁgua sem gás ","4",0,0,0,"4",0,"Efectivo","","Lucas",""
"13007-2","Sale","03/03/2026 6:40 PM",1,1,"1xCopo 150ml","7",0,0,0,"7","1","Efectivo","","Lucas",""
"13008-2","Sale","03/03/2026 6:41 PM",1,1,"1xRefri 310ml","7",0,0,0,"7","1","Tarjeta Débito","","Lucas",""
"13009-2","Sale","03/03/2026 7:06 PM",2,2,"1xCasquinha , 1xÁgua com gás ","11.5",0,0,0,"11.5","9.3","Tarjeta Crédito","","Lucas",""
"13010-2","Sale","03/03/2026 7:16 PM",1,1,"1xMilkshake 300ml","11",0,0,0,"11","1","Pix","","Lucas",""
"13011-2","Sale","03/03/2026 7:21 PM",1,2,"2xÁgua com gás ","9",0,0,0,"9","6.6","Tarjeta Débito","","Lucas",""
"13012-2","Sale","03/03/2026 7:37 PM",1,1,"1xMilkshake 500ml","16",0,0,0,"16",0,"Tarjeta Crédito","","Lucas",""
"13006-2","Sale","03/03/2026 6:26 PM",1,1,"1xCopo 250ml","11",0,0,0,"11","1","Tarjeta Débito","","Lucas",""
"13013-2","Sale","03/04/2026 1:46 PM",1,1,"1xCascão ","9",0,0,0,"9","7.8","Efectivo","","Lucas",""
"13014-2","Sale","03/04/2026 1:46 PM",2,2,"1xCrepe suíço salgado , 1xCrepe suíço doce","21",11,0,0,"10","-6","Efectivo","","Lucas",""
"13015-2","Sale","03/04/2026 1:46 PM",2,2,"1xCombo 1, 1xCrepe suíço salgado ","25",10,0,0,"15","-7","Efectivo","","Lucas",""
"13016-2","Sale","03/04/2026 2:06 PM",3,4,"2xMilkshake 400ml, 1xMilkshake 300ml, 1xCasquinha ","46",0,0,0,"46","9","Tarjeta Débito","","Lucas",""
"13017-2","Sale","03/04/2026 2:06 PM",1,1,"1xÁgua com gás ","4.5",0,0,0,"4.5","3.3","Efectivo","","Lucas",""
"13018-2","Sale","03/04/2026 2:11 PM",1,2,"2xCasquinha ","14",0,0,0,"14","12","Pix","","Lucas",""
"13019-2","Sale","03/04/2026 2:12 PM",1,2,"2xCasquinha ","14",0,0,0,"14","12","Tarjeta Débito","","Lucas",""
"13020-2","Sale","03/04/2026 2:16 PM",1,1,"1xCrepe suíço salgado ","10",0,0,0,"10","2","Efectivo","","Lucas",""
"13021-2","Sale","03/04/2026 2:28 PM",1,1,"1xCasquinha ","7",0,0,0,"7","6","Tarjeta Crédito","","Lucas",""
"13022-2","Sale","03/04/2026 2:48 PM",1,1,"1xMilkshake 400ml","14",0,0,0,"14","1","Tarjeta Crédito","","Lucas",""
"13023-2","Sale","03/04/2026 2:53 PM",1,1,"1xÁgua com gás ","4.5",0,0,0,"4.5","3.3","Tarjeta Débito","","Lucas",""
"13024-2","Sale","03/04/2026 2:54 PM",1,1,"1xÁgua sem gás ","4",0,0,0,"4",0,"Efectivo","","Lucas",""
"13025-2","Sale","03/04/2026 2:59 PM",1,1,"1xCasquinha ","7",0,0,0,"7","6","Efectivo","","Lucas",""
"13026-2","Sale","03/04/2026 2:59 PM",1,1,"1xÁgua sem gás ","4",0,0,0,"4",0,"Tarjeta Débito","","Lucas",""
"13027-2","Sale","03/04/2026 3:07 PM",1,2,"2xCascão ","18",0,0,0,"18","15.6","Efectivo","","Lucas",""
"13028-2","Sale","03/04/2026 3:08 PM",1,1,"1xCascão ","9",0,0,0,"9","7.8","Efectivo","","Lucas",""
"13029-2","Sale","03/04/2026 3:09 PM",1,1,"1xCascão ","9",0,0,0,"9","7.8","Tarjeta Débito","","Lucas",""
"13030-2","Sale","03/04/2026 3:27 PM",1,1,"1xCopo 200ml","9",0,0,0,"9","1","Tarjeta Crédito","","Lucas",""
"13031-2","Sale","03/04/2026 3:42 PM",1,1,"1xCasquinha ","7",0,0,0,"7","6","Efectivo","","Lucas",""
"13032-2","Sale","03/04/2026 3:43 PM",1,1,"1xCasquinha ","7",0,0,0,"7","6","Efectivo","","Lucas",""
"13033-2","Sale","03/04/2026 3:44 PM",1,2,"2xCrepe suíço salgado ","20",0,0,0,"20","4","Efectivo","","Lucas",""
"13036-2","Sale","03/04/2026 4:08 PM",2,3,"2xMilkshake 300ml, 1xCascão ","31",0,0,0,"31","9.8","Efectivo","","Lucas",""
"13037-2","Sale","03/04/2026 4:11 PM",1,1,"1xMilkshake 300ml","11",0,0,0,"11","1","Tarjeta Crédito","","Lucas",""
"13038-2","Sale","03/04/2026 4:19 PM",1,2,"2xCopo 150ml","14",0,0,0,"14","2","Tarjeta Débito","","Lucas",""
"13039-2","Sale","03/04/2026 4:22 PM",1,2,"2xCasquinha ","14",0,0,0,"14","12","Efectivo","","Lucas",""
"13040-2","Sale","03/04/2026 4:34 PM",1,1,"1xCasquinha ","7",0,0,0,"7","6","Efectivo","","Lucas",""
"13041-2","Sale","03/04/2026 4:35 PM",1,1,"1xRefri 310ml","7",0,0,0,"7","1","Efectivo","","Lucas",""
"13042-2","Sale","03/04/2026 4:48 PM",2,2,"1xChurros doce de leite , 1xMilkshake 400ml","24",0,0,0,"24","3","Pix","","Lucas",""
"13043-2","Sale","03/04/2026 5:08 PM",1,1,"1xCascão ","9",0,0,0,"9","7.8","Pix","","Lucas",""
"13044-2","Sale","03/04/2026 5:25 PM",1,1,"1xCopo 200ml","9",0,0,0,"9","1","Tarjeta Débito","","Lucas",""
"13045-2","Sale","03/04/2026 5:27 PM",1,2,"2xCasquinha ","14",0,0,0,"14","12","Tarjeta Débito","","Lucas",""
"13046-2","Sale","03/04/2026 5:45 PM",1,1,"1xCasquinha ","7",0,0,0,"7","6","Efectivo","","Lucas",""
"13047-2","Sale","03/04/2026 5:47 PM",1,1,"1xCasquinha ","7",0,0,0,"7","6","Efectivo","","Lucas",""
"13048-2","Sale","03/04/2026 5:50 PM",2,2,"1xMilkshake 300ml, 1xCascão ","20",0,0,0,"20","8.8","Pix","","Lucas",""
"13049-2","Sale","03/04/2026 5:51 PM",2,2,"1xMilkshake 400ml, 1xCascão ","23",0,0,0,"23","8.8","Pix","","Lucas",""
"13050-2","Sale","03/04/2026 5:53 PM",1,1,"1xCascão ","9",0,0,0,"9","7.8","Efectivo","","Lucas",""
"13051-2","Sale","03/04/2026 5:54 PM",1,1,"1xChurros doce de leite ","10",0,0,0,"10","2","Tarjeta Débito","","Lucas",""
"13052-2","Sale","03/04/2026 5:58 PM",1,1,"1xChurros doce de leite ","10",0,0,0,"10","2","Tarjeta Crédito","","Lucas",""
"13053-2","Sale","03/04/2026 6:02 PM",1,2,"2xMilkshake 300ml","22",0,0,0,"22","2","Pix","","Lucas",""
"13054-2","Sale","03/04/2026 6:03 PM",1,1,"1xCascão ","9",0,0,0,"9","7.8","Efectivo","","Lucas",""
"13055-2","Sale","03/04/2026 6:05 PM",1,1,"1xÁgua sem gás ","4",0,0,0,"4",0,"Tarjeta Débito","","Lucas",""
"13056-2","Sale","03/04/2026 6:13 PM",1,1,"1xCasquinha ","7",0,0,0,"7","6","Pix","","Lucas",""
"13057-2","Sale","03/04/2026 6:14 PM",1,1,"1xMilkshake 300ml","11",0,0,0,"11","1","Tarjeta Crédito","","Lucas",""
"13058-2","Sale","03/04/2026 6:20 PM",2,3,"2xCascão , 1xÁgua sem gás ","22",0,0,0,"22","15.6","Tarjeta Débito","","Lucas",""
"13059-2","Sale","03/04/2026 6:25 PM",1,1,"1xMilkshake 300ml","11",0,0,0,"11","1","Tarjeta Débito","","Lucas",""
"13060-2","Sale","03/04/2026 6:30 PM",1,1,"1xRefri 310ml","7",0,0,0,"7","1","Tarjeta Crédito","","Lucas",""
"13035-2","Sale","03/04/2026 4:01 PM",1,1,"1xCascão ","9",0,0,0,"9","7.8","Efectivo","","Lucas",""
"13061-2","Sale","03/05/2026 1:34 PM",1,1,"1xMilkshake 300ml","11",0,0,0,"11","1","Efectivo","","Lucas",""
"13062-2","Sale","03/05/2026 1:36 PM",1,1,"1xCascão ","9",0,0,0,"9","7.8","Efectivo","","Lucas",""
"13063-2","Sale","03/05/2026 1:47 PM",1,2,"2xCascão ","18",0,0,0,"18","15.6","Pix","","Lucas",""
"13064-2","Sale","03/05/2026 1:58 PM",2,2,"1xÁgua sem gás , 1xMilkshake 500ml","20",0,0,0,"20",0,"Pix","","Lucas",""
"13065-2","Sale","03/05/2026 2:01 PM",2,2,"1xCopo 200ml, 1xMilkshake 400ml","23",0,0,0,"23","2","Tarjeta Débito","","Lucas",""
"13066-2","Sale","03/05/2026 2:10 PM",1,1,"1xRefri 310ml","7",0,0,0,"7","1","Otros","","Lucas",""
"13067-2","Sale","03/05/2026 2:28 PM",1,2,"2xMilkshake 300ml","22",0,0,0,"22","2","Efectivo","","Lucas",""
"13068-2","Sale","03/05/2026 2:36 PM",1,1,"1xMilkshake 300ml","11",0,0,0,"11","1","Tarjeta Crédito","","Lucas",""
"13069-2","Sale","03/05/2026 2:49 PM",1,2,"2xCasquinha ","14",0,0,0,"14","12","Pix","","Lucas",""
"13070-2","Sale","03/05/2026 3:00 PM",2,2,"1xCasquinha , 1xCascão ","16",0,0,0,"16","13.8","Efectivo","","Lucas",""
"13071-2","Sale","03/05/2026 3:02 PM",1,1,"1xCascão ","9",0,0,0,"9","7.8","Efectivo","","Lucas",""
"13072-2","Sale","03/05/2026 3:11 PM",1,1,"1xÁgua sem gás ","4",0,0,0,"4",0,"Tarjeta Débito","","Lucas",""
"13073-2","Sale","03/05/2026 3:32 PM",1,1,"1xCasquinha ","7",0,0,0,"7","6","Efectivo","","Lucas",""
"13074-2","Sale","03/05/2026 3:33 PM",1,1,"1xCopo 200ml","9",0,0,0,"9","1","Efectivo","","Lucas",""
"13075-2","Sale","03/05/2026 3:37 PM",1,3,"3xCasquinha ","21",0,0,0,"21","18","Tarjeta Débito","","Lucas",""
"13076-2","Sale","03/05/2026 3:40 PM",1,1,"1xMilkshake 500ml","16",0,0,0,"16",0,"Efectivo","","Lucas",""
"13077-2","Sale","03/05/2026 3:56 PM",1,1,"1xCopo 200ml","9",0,0,0,"9","1","Tarjeta Débito","","Lucas",""
"13078-2","Sale","03/05/2026 3:57 PM",1,1,"1xCascão ","9",0,0,0,"9","7.8","Efectivo","","Lucas",""
"13079-2","Sale","03/05/2026 3:59 PM",1,1,"1xCasquinha ","7",0,0,0,"7","6","Tarjeta Débito","","Lucas",""
"13080-2","Sale","03/05/2026 4:15 PM",1,2,"2xRefri 310ml","14",0,0,0,"14","2","Efectivo","","Lucas",""
"13081-2","Sale","03/05/2026 5:05 PM",1,1,"1xChurros doce de leite ","10",0,0,0,"10","2","Efectivo","","Lucas",""
"13083-2","Sale","03/05/2026 5:10 PM",1,1,"1xMilkshake 500ml","16",6,0,0,"10",0,"Efectivo","","Lucas",""
"13084-2","Sale","03/05/2026 5:33 PM",1,1,"1xCrepe suíço doce","11",0,0,0,"11","3","Otros","","Lucas",""
"13085-2","Sale","03/05/2026 5:47 PM",2,2,"1xCascão , 1xCopo 150ml","16",0,0,0,"16","8.8","Pix","","Lucas",""
"13086-2","Sale","03/05/2026 6:22 PM",1,1,"1xCasquinha ","7",2,0,0,"5","4","Efectivo","","Lucas",""
"13087-2","Sale","03/05/2026 6:30 PM",1,1,"1xCascão ","9",0,0,0,"9","7.8","Pix","","Lucas",""
"13088-2","Sale","03/05/2026 6:54 PM",1,1,"1xCrepe suíço salgado ","10",0,0,0,"10","2","Efectivo","","Lucas",""
"13089-2","Sale","03/05/2026 7:20 PM",1,1,"1xChurros doce de leite ","10",0,0,0,"10","2","Pix","","Lucas",""
"13090-2","Sale","03/05/2026 7:30 PM",1,1,"1xMilkshake 400ml","14",0,0,0,"14","1","Tarjeta Débito","","Lucas",""
"13091-2","Sale","03/05/2026 7:31 PM",1,1,"1xChurros doce de leite ","10",0,0,0,"10","2","Efectivo","","Lucas",""
"13092-2","Sale","03/05/2026 7:45 PM",1,1,"1xCopo 150ml","7",0,0,0,"7","1","Tarjeta Débito","","Lucas",""
"13093-2","Sale","03/05/2026 7:50 PM",1,1,"1xCopo 200ml","9",0,0,0,"9","1","Tarjeta Débito","","Lucas",""
"13094-2","Sale","03/06/2026 1:21 PM",1,1,"1xÁgua sem gás ","4",0,0,0,"4",0,"Efectivo","","Lucas",""
"13095-2","Sale","03/06/2026 1:30 PM",2,2,"1xCascão , 1xChurros de chocolate ","19",0,0,0,"19","9.8","Tarjeta Débito","","Lucas",""
"13096-2","Sale","03/06/2026 1:46 PM",1,1,"1xÁgua sem gás ","4",0,0,0,"4",0,"Tarjeta Débito","","Lucas",""
"13097-2","Sale","03/06/2026 2:03 PM",1,1,"1xCascão ","9",0,0,0,"9","7.8","Efectivo","","Lucas",""
"13098-2","Sale","03/06/2026 2:12 PM",1,4,"4xCasquinha ","28",0,0,0,"28","24","Tarjeta Débito","","Lucas",""
"13099-2","Sale","03/06/2026 2:18 PM",1,2,"2xCasquinha ","14",0,0,0,"14","12","Efectivo","","Lucas",""
"13100-2","Sale","03/06/2026 2:45 PM",1,1,"1xMilkshake 500ml","16",0,0,0,"16",0,"Efectivo","","Lucas",""
"13101-2","Sale","03/06/2026 2:48 PM",2,3,"2xÁgua sem gás , 1xÁgua com gás ","12.5",0,0,0,"12.5","3.3","Tarjeta Débito","","Lucas",""
"13102-2","Sale","03/06/2026 3:00 PM",1,1,"1xÁgua com gás ","4.5",0,0,0,"4.5","3.3","Efectivo","","Lucas",""
"13103-2","Sale","03/06/2026 3:02 PM",1,2,"2xCascão ","18",0,0,0,"18","15.6","Efectivo","","Lucas",""
"13104-2","Sale","03/06/2026 3:05 PM",1,3,"3xCasquinha ","21",0,0,0,"21","18","Efectivo","","Lucas",""
"13105-2","Sale","03/06/2026 3:07 PM",2,2,"1xCopo 150ml, 1xÁgua sem gás ","11",0,0,0,"11","1","Tarjeta Débito","","Lucas",""
"13106-2","Sale","03/06/2026 3:09 PM",1,1,"1xMilkshake 400ml","14",0,0,0,"14","1","Tarjeta Débito","","Lucas",""
"13107-2","Sale","03/06/2026 3:14 PM",1,2,"2xCasquinha ","14",0,0,0,"14","12","Tarjeta Débito","","Lucas",""
"13108-2","Sale","03/06/2026 3:19 PM",1,1,"1xCasquinha ","7",0,0,0,"7","6","Efectivo","","Lucas",""
"13109-2","Sale","03/06/2026 3:21 PM",1,1,"1xMilkshake 300ml","11",0,0,0,"11","1","Tarjeta Débito","","Lucas",""
"13110-2","Sale","03/06/2026 3:32 PM",1,1,"1xMilkshake 300ml","11",0,0,0,"11","1","Efectivo","","Lucas",""
"13111-2","Sale","03/06/2026 3:33 PM",1,1,"1xRefri 310ml","7",0,0,0,"7","1","Tarjeta Crédito","","Lucas",""
"13112-2","Sale","03/06/2026 3:35 PM",1,1,"1xMilkshake 300ml","11",0,0,0,"11","1","Efectivo","","Lucas",""
"13113-2","Sale","03/06/2026 3:42 PM",1,2,"2xMilkshake 500ml","32",0,0,0,"32",0,"Tarjeta Débito","","Lucas",""
"13114-2","Sale","03/06/2026 3:45 PM",1,4,"4xCasquinha ","28",0,0,0,"28","24","Efectivo","","Lucas",""
"13115-2","Sale","03/06/2026 3:50 PM",1,1,"1xCasquinha ","7",0,0,0,"7","6","Efectivo","","Lucas",""
"13116-2","Sale","03/06/2026 3:52 PM",1,1,"1xCasquinha ","7",0,0,0,"7","6","Tarjeta Débito","","Lucas",""
"13117-2","Sale","03/06/2026 3:53 PM",1,1,"1xCascão ","9",0,0,0,"9","7.8","Tarjeta Débito","","Lucas",""
"13118-2","Sale","03/06/2026 4:00 PM",1,1,"1xÁgua com gás ","4.5",0.5,0,0,"4","2.8","Efectivo","","Lucas",""
"13119-2","Sale","03/06/2026 4:01 PM",1,1,"1xMilkshake 300ml","11",0,0,0,"11","1","Efectivo","","Lucas",""
"13120-2","Sale","03/06/2026 4:09 PM",3,4,"2xCopo 150ml, 1xCascão , 1xCopo 200ml","32",0,0,0,"32","10.8","Efectivo","","Lucas",""
"13121-2","Sale","03/06/2026 4:14 PM",1,1,"1xMilkshake 400ml","14",0,0,0,"14","1","Pix","","Lucas",""
"13122-2","Sale","03/06/2026 4:15 PM",1,1,"1xCascão ","9",0,0,0,"9","7.8","Efectivo","","Lucas",""
"13123-2","Sale","03/06/2026 4:15 PM",1,1,"1xMilkshake 500ml","16",0,0,0,"16",0,"Tarjeta Débito","","Lucas",""
"13124-2","Sale","03/06/2026 4:18 PM",1,1,"1xCascão ","9",0,0,0,"9","7.8","Efectivo","","Lucas",""
"13125-2","Sale","03/06/2026 4:18 PM",1,2,"2xCrepe suíço doce","22",0,0,0,"22","6","Otros","","Lucas",""
"13126-2","Sale","03/06/2026 4:23 PM",2,2,"1xCombo 1, 1xCasquinha ","22",0,0,0,"22","7","Efectivo","","Lucas",""
"13128-2","Sale","03/06/2026 4:24 PM",1,1,"1xCascão ","9",0,0,0,"9","7.8","Efectivo","","Lucas",""
"13129-2","Sale","03/06/2026 4:26 PM",1,1,"1xMilkshake 500ml","16",0,0,0,"16",0,"Tarjeta Débito","","Lucas",""
"13130-2","Sale","03/06/2026 4:27 PM",1,1,"1xCasquinha ","7",0,0,0,"7","6","Efectivo","","Lucas",""
"13131-2","Sale","03/06/2026 4:34 PM",1,1,"1xMilkshake 400ml","14",0,0,0,"14","1","Pix","","Lucas",""
"13132-2","Sale","03/06/2026 4:36 PM",1,1,"1xMilkshake 300ml","11",0,0,0,"11","1","Efectivo","","Lucas",""
"13133-2","Sale","03/06/2026 4:36 PM",1,2,"2xCrepe suíço salgado ","20",0,0,0,"20","4","Tarjeta Débito","","Lucas",""
"13134-2","Sale","03/06/2026 4:46 PM",1,1,"1xCopo 150ml","7",0,0,0,"7","1","Tarjeta Débito","","Lucas",""
"13135-2","Sale","03/06/2026 4:59 PM",1,1,"1xÁgua sem gás ","4",0,0,0,"4",0,"Efectivo","","Lucas",""
"13136-2","Sale","03/06/2026 5:04 PM",3,3,"1xMilkshake 300ml, 1xCasquinha , 1xCascão ","27",0,0,0,"27","14.8","Tarjeta Débito","","Lucas",""
"13137-2","Sale","03/06/2026 5:07 PM",1,1,"1xCopo 150ml","7",0,0,0,"7","1","Tarjeta Débito","","Lucas",""
"13138-2","Sale","03/06/2026 5:21 PM",1,2,"2xMilkshake 500ml","32",0,0,0,"32",0,"Efectivo","","Lucas",""
"13139-2","Sale","03/06/2026 5:21 PM",1,1,"1xÁgua sem gás ","4",0,0,0,"4",0,"Efectivo","","Lucas",""
"13140-2","Sale","03/06/2026 5:25 PM",1,1,"1xÁgua sem gás ","4",0,0,0,"4",0,"Efectivo","","Lucas",""
"13141-2","Sale","03/06/2026 5:26 PM",1,1,"1xÁgua com gás ","4.5",0,0,0,"4.5","3.3","Tarjeta Débito","","Lucas",""
"13142-2","Sale","03/06/2026 5:28 PM",1,2,"2xCrepe suíço doce","22",0,0,0,"22","6","Tarjeta Crédito","","Lucas",""
"13143-2","Sale","03/06/2026 5:31 PM",1,1,"1xCopo 200ml","9",0,0,0,"9","1","Tarjeta Débito","","Lucas",""
"13144-2","Sale","03/06/2026 5:35 PM",2,3,"2xChurros doce de leite , 1xChurros de chocolate ","30",0,0,0,"30","6","Pix","","Lucas",""
"13146-2","Sale","03/06/2026 5:47 PM",1,1,"1xCascão ","9",0,0,0,"9","7.8","Efectivo","","Lucas",""
"13147-2","Sale","03/06/2026 5:50 PM",1,1,"1xCasquinha ","7",0,0,0,"7","6","Efectivo","","Lucas",""
"13148-2","Sale","03/06/2026 5:54 PM",1,1,"1xCascão ","9",0,0,0,"9","7.8","Tarjeta Débito","","Lucas",""
"13149-2","Sale","03/06/2026 5:58 PM",2,2,"1xCombo 1, 1xÁgua com gás ","19.5",0,0,0,"19.5","4.3","Tarjeta Débito","","Lucas",""
"13150-2","Sale","03/06/2026 6:18 PM",2,2,"1xMilkshake 300ml, 1xCasquinha ","18",0,0,0,"18","7","Tarjeta Débito","","Lucas",""
"13151-2","Sale","03/06/2026 6:27 PM",1,1,"1xCasquinha ","7",0,0,0,"7","6","Tarjeta Crédito","","Lucas",""
"13152-2","Sale","03/06/2026 6:44 PM",1,1,"1xChurros doce de leite ","10",0,0,0,"10","2","Tarjeta Débito","","Lucas",""
"13153-2","Sale","03/06/2026 7:40 PM",1,3,"3xCasquinha ","21",0,0,0,"21","18","Efectivo","","Lucas",""
"13154-2","Sale","03/07/2026 10:39 AM",1,1,"1xMilkshake 500ml","16",0,0,0,"16",0,"Efectivo","","Lucas",""
"13155-2","Sale","03/07/2026 10:46 AM",1,1,"1xÁgua com gás ","4.5",0,0,0,"4.5","3.3","Efectivo","","Lucas",""
"13156-2","Sale","03/07/2026 11:14 AM",1,1,"1xÁgua com gás ","4.5",0,0,0,"4.5","3.3","Efectivo","","Lucas",""
"13157-2","Sale","03/07/2026 11:16 AM",1,1,"1xMilkshake 400ml","14",0,0,0,"14","1","Efectivo","","Lucas",""
"13158-2","Sale","03/07/2026 11:18 AM",1,1,"1xCascão ","9",0,0,0,"9","7.8","Efectivo","","Lucas",""
"13159-2","Sale","03/07/2026 11:23 AM",2,2,"1xCombo 1, 1xCrepe suíço salgado ","25",0,0,0,"25","3","Efectivo","","Lucas",""
"13160-2","Sale","03/07/2026 11:25 AM",1,1,"1xMilkshake 400ml","14",0,0,0,"14","1","Tarjeta Débito","","Lucas",""
"13161-2","Sale","03/07/2026 11:33 AM",1,2,"2xCascão ","18",0,0,0,"18","15.6","Efectivo","","Lucas",""
"13162-2","Sale","03/07/2026 11:42 AM",2,3,"2xCascão , 1xÁgua sem gás ","22",0,0,0,"22","15.6","Efectivo","","Lucas",""
"13163-2","Sale","03/07/2026 11:43 AM",1,1,"1xÁgua sem gás ","4",0,0,0,"4",0,"Tarjeta Débito","","Lucas",""
"13164-2","Sale","03/07/2026 11:47 AM",1,3,"3xCascão ","27",0,0,0,"27","23.4","Tarjeta Débito","","Lucas",""
"13165-2","Sale","03/07/2026 11:49 AM",2,2,"1xMilkshake 400ml, 1xÁgua com gás ","18.5",0,0,0,"18.5","4.3","Pix","","Lucas",""
"13166-2","Sale","03/07/2026 12:07 PM",3,6,"1xCascão , 3xMilkshake 500ml, 2xCasquinha ","71",0,0,0,"71","19.8","Tarjeta Crédito, Efectivo","","Lucas",""
"13167-2","Sale","03/07/2026 12:09 PM",2,2,"1xCasquinha , 1xCascão ","16",0,0,0,"16","13.8","Pix","","Lucas",""
"13168-2","Sale","03/07/2026 12:10 PM",1,1,"1xMilkshake 400ml","14",0,0,0,"14","1","Efectivo","","Lucas",""
"13169-2","Sale","03/07/2026 12:11 PM",1,1,"1xÁgua sem gás ","4",0,0,0,"4",0,"Tarjeta Débito","","Lucas",""
"13170-2","Sale","03/07/2026 12:33 PM",1,1,"1xCasquinha ","7",0,0,0,"7","6","Tarjeta Crédito","","Lucas",""
"13171-2","Sale","03/07/2026 12:36 PM",2,3,"2xMilkshake 300ml, 1xÁgua sem gás ","26",0,0,0,"26","2","Pix","","Lucas",""
"13172-2","Sale","03/07/2026 12:47 PM",3,3,"1xChurros doce de leite , 1xCascão , 1xCasquinha ","26",0,0,0,"26","15.8","Efectivo, Efectivo","","Lucas",""
"13173-2","Sale","03/07/2026 12:56 PM",2,3,"2xMilkshake 300ml, 1xÁgua com gás ","26.5",0,0,0,"26.5","5.3","Efectivo","","Lucas",""
"13174-2","Sale","03/07/2026 1:06 PM",1,1,"1xMilkshake 300ml","11",0,0,0,"11","1","Tarjeta Débito","","Lucas",""
"13175-2","Sale","03/07/2026 1:15 PM",2,3,"1xCopo 200ml, 2xCascão ","27",0,0,0,"27","16.6","Efectivo","","Lucas",""
"13176-2","Sale","03/07/2026 1:20 PM",1,2,"2xMilkshake 300ml","22",0,0,0,"22","2","Tarjeta Crédito","","Lucas",""
"13177-2","Sale","03/07/2026 1:24 PM",1,1,"1xMilkshake 400ml","14",0,0,0,"14","1","Tarjeta Débito","","Lucas",""
"13178-2","Sale","03/07/2026 1:38 PM",1,1,"1xMilkshake 500ml","16",0,0,0,"16",0,"Tarjeta Crédito","","Lucas",""
"13179-2","Sale","03/07/2026 1:46 PM",2,2,"1xMilkshake 400ml, 1xCasquinha ","21",0,0,0,"21","7","Tarjeta Débito","","Lucas",""
"13180-2","Sale","03/07/2026 1:51 PM",1,1,"1xMilkshake 300ml","11",0,0,0,"11","1","Tarjeta Crédito","","Lucas",""
"13181-2","Sale","03/07/2026 2:00 PM",2,4,"1xCopo 200ml, 3xCascão ","36",0,0,0,"36","24.4","Pix","","Lucas",""
"13182-2","Sale","03/07/2026 2:07 PM",1,1,"1xÁgua sem gás ","4",0,0,0,"4",0,"Efectivo","","Lucas",""
"13183-2","Sale","03/07/2026 2:17 PM",1,1,"1xCasquinha ","7",0,0,0,"7","6","Tarjeta Débito","","Lucas",""
"13184-2","Sale","03/07/2026 2:18 PM",1,1,"1xCasquinha ","7",0,0,0,"7","6","Tarjeta Débito","","Lucas",""
"13185-2","Sale","03/07/2026 2:19 PM",3,4,"1xCasquinha , 1xCascão , 2xCopo 200ml","34",0,0,0,"34","15.8","Tarjeta Crédito","","Lucas",""
"13186-2","Sale","03/07/2026 2:27 PM",2,2,"1xCascão , 1xMilkshake 300ml","20",0,0,0,"20","8.8","Efectivo","","Lucas",""
"13187-2","Sale","03/07/2026 2:28 PM",1,2,"2xCopo 150ml","14",0,0,0,"14","2","Efectivo","","Lucas",""
"13188-2","Sale","03/07/2026 2:31 PM",2,4,"2xCasquinha , 2xCopo 150ml","28",0,0,0,"28","14","Tarjeta Débito","","Lucas",""
"13189-2","Sale","03/07/2026 2:34 PM",1,1,"1xCopo 150ml","7",0,0,0,"7","1","Pix","","Lucas",""
"13191-2","Sale","03/07/2026 2:43 PM",4,4,"1xÁgua sem gás , 1xCascão , 1xCopo 150ml, 1xMilkshake 300ml","31",0,0,0,"31","9.8","Pix, Efectivo","","Lucas",""
"13192-2","Sale","03/07/2026 2:50 PM",1,1,"1xChurros doce de leite ","10",0,0,0,"10","2","Pix","","Lucas",""
"13193-2","Sale","03/07/2026 2:53 PM",1,3,"3xCasquinha ","21",0,0,0,"21","18","Efectivo","","Lucas",""
"13194-2","Sale","03/07/2026 2:59 PM",1,2,"2xÁgua sem gás ","8",0,0,0,"8",0,"Efectivo","","Lucas",""
"13195-2","Sale","03/07/2026 3:00 PM",1,1,"1xÁgua sem gás ","4",0,0,0,"4",0,"Efectivo","","Lucas",""
"13196-2","Sale","03/07/2026 3:08 PM",3,3,"1xCascão , 1xMilkshake 400ml, 1xCopo 150ml","30",0,0,0,"30","9.8","Tarjeta Débito","","Lucas",""
"13197-2","Sale","03/07/2026 3:13 PM",3,3,"1xMilkshake 300ml, 1xCasquinha , 1xÁgua sem gás ","22",0,0,0,"22","7","Efectivo","","Lucas",""
"13198-2","Sale","03/07/2026 3:22 PM",2,2,"1xCopo 150ml, 1xCopo 200ml","16",0,0,0,"16","2","Pix","","Lucas",""
"13199-2","Sale","03/07/2026 3:25 PM",1,3,"3xCasquinha ","21",0,0,0,"21","18","Pix","","Lucas",""
"13200-2","Sale","03/07/2026 3:31 PM",2,3,"2xMilkshake 400ml, 1xCascão ","37",0,0,0,"37","9.8","Tarjeta Crédito","","Lucas",""
"13201-2","Sale","03/07/2026 3:32 PM",2,2,"1xCrepe suíço salgado , 1xChurros doce de leite ","20",0,0,0,"20","4","Tarjeta Débito","","Lucas",""
"13202-2","Sale","03/07/2026 3:40 PM",2,2,"1xÁgua sem gás , 1xÁgua com gás ","8.5",0,0,0,"8.5","3.3","Pix","","Lucas",""
"13203-2","Sale","03/07/2026 3:42 PM",3,3,"1xÁgua sem gás , 1xÁgua com gás , 1xCasquinha ","15.5",0,0,0,"15.5","9.3","Tarjeta Débito","","Lucas",""
"13204-2","Sale","03/07/2026 3:43 PM",3,6,"4xMilkshake 300ml, 1xÁgua sem gás , 1xCrepe suíço salgado ","58",0,0,0,"58","6","Pix","","Lucas",""
"13205-2","Sale","03/07/2026 3:51 PM",1,2,"2xCasquinha ","14",0,0,0,"14","12","Tarjeta Crédito","","Lucas",""
"13206-2","Sale","03/07/2026 3:56 PM",1,3,"3xCopo 150ml","21",0,0,0,"21","3","Tarjeta Crédito","","Lucas",""
"13207-2","Sale","03/07/2026 4:00 PM",1,1,"1xMilkshake 300ml","11",0,0,0,"11","1","Efectivo","","Lucas",""
"13208-2","Sale","03/07/2026 4:02 PM",1,1,"1xCascão ","9",0,0,0,"9","7.8","Tarjeta Crédito","","Lucas",""
"13209-2","Sale","03/07/2026 4:03 PM",1,1,"1xÁgua sem gás ","4",0,0,0,"4",0,"Tarjeta Crédito","","Lucas",""
"13210-2","Sale","03/07/2026 4:04 PM",1,1,"1xCasquinha ","7",0,0,0,"7","6","Tarjeta Crédito","","Lucas",""
"13211-2","Sale","03/07/2026 4:06 PM",2,2,"1xCrepe suíço salgado , 1xMilkshake 400ml","24",0,0,0,"24","3","Efectivo","","Lucas",""
"13212-2","Sale","03/07/2026 4:12 PM",1,2,"2xMilkshake 400ml","28",0,0,0,"28","2","Efectivo","","Lucas",""
"13213-2","Sale","03/07/2026 4:13 PM",1,1,"1xCrepe suíço salgado ","10",0,0,0,"10","2","Tarjeta Crédito","","Lucas",""
"13214-2","Sale","03/07/2026 4:13 PM",2,2,"1xCrepe suíço salgado , 1xChurros doce de leite ","20",0,0,0,"20","4","Tarjeta Crédito","","Lucas",""
"13215-2","Sale","03/07/2026 4:14 PM",1,1,"1xRefri 310ml","7",0,0,0,"7","1","Efectivo","","Lucas",""
"13216-2","Sale","03/07/2026 4:14 PM",1,1,"1xCasquinha ","7",0,0,0,"7","6","Efectivo","","Lucas",""
"13217-2","Sale","03/07/2026 4:20 PM",2,3,"1xCrepe suíço doce, 2xCrepe suíço salgado ","31",0,0,0,"31","7","Efectivo","","Lucas",""
"13218-2","Sale","03/07/2026 4:27 PM",1,2,"2xMilkshake 500ml","32",0,0,0,"32",0,"Tarjeta Débito","","Lucas",""
"13219-2","Sale","03/07/2026 4:32 PM",1,2,"2xCasquinha ","14",0,0,0,"14","12","Efectivo","","Lucas",""
"13221-2","Sale","03/07/2026 4:40 PM",1,1,"1xÁgua sem gás ","4",0,0,0,"4",0,"Pix","","Lucas",""
"13222-2","Sale","03/07/2026 4:41 PM",1,1,"1xCopo 250ml","11",0,0,0,"11","1","Pix","","Lucas",""
"13223-2","Sale","03/07/2026 4:42 PM",1,2,"2xCasquinha ","14",0,0,0,"14","12","Tarjeta Débito","","Lucas",""
"13224-2","Sale","03/07/2026 4:53 PM",1,1,"1xMilkshake 300ml","11",0,0,0,"11","1","Pix","","Lucas",""
"13225-2","Sale","03/07/2026 4:53 PM",1,1,"1xMilkshake 300ml","11",0,0,0,"11","1","Tarjeta Débito","","Lucas",""
"13226-2","Sale","03/07/2026 4:56 PM",1,1,"1xMilkshake 400ml","14",0,0,0,"14","1","Efectivo","","Lucas",""
"13227-2","Sale","03/07/2026 5:07 PM",1,1,"1xÁgua com gás ","4.5",0,0,0,"4.5","3.3","Efectivo","","Lucas",""
"13228-2","Sale","03/07/2026 5:07 PM",1,1,"1xÁgua com gás ","4.5",0,0,0,"4.5","3.3","Pix","","Lucas",""
"13229-2","Sale","03/07/2026 5:09 PM",2,2,"1xCrepe suíço salgado , 1xCasquinha ","17",0,0,0,"17","8","Efectivo","","Lucas",""
"13231-2","Sale","03/07/2026 5:28 PM",1,1,"1xCascão ","9",0,0,0,"9","7.8","Tarjeta Débito","","Lucas",""
"13232-2","Sale","03/07/2026 5:30 PM",1,1,"1xCasquinha ","7",0,0,0,"7","6","Efectivo","","Lucas",""
"13233-2","Sale","03/07/2026 5:37 PM",1,1,"1xCasquinha ","7",0,0,0,"7","6","Efectivo","","Lucas",""
"13234-2","Sale","03/07/2026 5:43 PM",1,3,"3xCasquinha ","21",0,0,0,"21","18","Tarjeta Débito","","Lucas",""
"13235-2","Sale","03/07/2026 5:44 PM",1,1,"1xMilkshake 300ml","11",0,0,0,"11","1","Pix","","Lucas",""
"13236-2","Sale","03/07/2026 5:47 PM",1,2,"2xCascão ","18",0,0,0,"18","15.6","Tarjeta Débito","","Lucas",""
"13237-2","Sale","03/07/2026 5:47 PM",2,2,"1xÁgua sem gás , 1xÁgua com gás ","8.5",0,0,0,"8.5","3.3","Pix","","Lucas",""
"13238-2","Sale","03/07/2026 5:49 PM",1,2,"2xCasquinha ","14",0,0,0,"14","12","Efectivo","","Lucas",""
"13239-2","Sale","03/07/2026 5:49 PM",1,1,"1xCrepe suíço doce","11",0,0,0,"11","3","Tarjeta Crédito","","Lucas",""
"13240-2","Sale","03/07/2026 5:50 PM",1,2,"2xÁgua sem gás ","8",0,0,0,"8",0,"Efectivo","","Lucas",""
"13241-2","Sale","03/07/2026 5:52 PM",1,1,"1xMilkshake 300ml","11",0,0,0,"11","1","Pix","","Lucas",""
"13242-2","Sale","03/07/2026 5:54 PM",1,1,"1xCasquinha ","7",0,0,0,"7","6","Tarjeta Débito","","Lucas",""
"13243-2","Sale","03/07/2026 5:58 PM",1,4,"4xCascão ","36",0,0,0,"36","31.2","Tarjeta Crédito","","Lucas",""
"13244-2","Sale","03/07/2026 5:58 PM",2,2,"1xÁgua sem gás , 1xÁgua com gás ","8.5",0,0,0,"8.5","3.3","Pix","","Lucas",""
"13245-2","Sale","03/07/2026 5:59 PM",2,2,"1xChurros doce de leite , 1xMilkshake 400ml","24",0,0,0,"24","3","Efectivo","","Lucas",""
"13246-2","Sale","03/07/2026 6:02 PM",2,2,"1xCasquinha , 1xCombo 3","22",0,0,0,"22","7","Tarjeta Débito","","Lucas",""
"13247-2","Sale","03/07/2026 6:09 PM",1,1,"1xCascão ","9",0,0,0,"9","7.8","Efectivo","","Lucas",""
"13248-2","Sale","03/07/2026 6:14 PM",1,2,"2xÁgua sem gás ","8",0,0,0,"8",0,"Tarjeta Crédito","","Lucas",""
"13249-2","Sale","03/07/2026 6:15 PM",1,1,"1xMilkshake 300ml","11",0,0,0,"11","1","Tarjeta Débito","","Lucas",""
"13250-2","Sale","03/07/2026 6:17 PM",1,1,"1xÁgua sem gás ","4",0,0,0,"4",0,"Efectivo","","Lucas",""
"13251-2","Sale","03/07/2026 6:24 PM",1,2,"2xCasquinha ","14",0,0,0,"14","12","Pix","","Lucas",""
"13252-2","Sale","03/07/2026 6:28 PM",2,4,"2xCasquinha , 2xCopo 150ml","28",0,0,0,"28","14","Tarjeta Débito","","Lucas",""
"13253-2","Sale","03/07/2026 6:31 PM",1,2,"2xCasquinha ","14",0,0,0,"14","12","Pix","","Lucas",""
"13254-2","Sale","03/07/2026 6:35 PM",1,1,"1xMilkshake 300ml","11",0,0,0,"11","1","Efectivo","","Lucas",""
"13255-2","Sale","03/07/2026 6:39 PM",2,2,"1xCrepe suíço salgado , 1xMilkshake 500ml","26",0,0,0,"26","2","Efectivo","","Lucas",""
"13256-2","Sale","03/07/2026 6:51 PM",1,1,"1xCasquinha ","7",0,0,0,"7","6","Efectivo","","Lucas",""
"13257-2","Sale","03/07/2026 6:59 PM",1,1,"1xChurros de chocolate ","10",0,0,0,"10","2","Pix","","Lucas",""
"13258-2","Sale","03/07/2026 7:01 PM",2,3,"2xCasquinha , 1xChurros doce de leite ","24",0,0,0,"24","14","Pix","","Lucas",""
"13259-2","Sale","03/07/2026 7:22 PM",1,4,"4xCascão ","36",0,0,0,"36","31.2","Efectivo","","Lucas",""
"13260-2","Sale","03/07/2026 7:23 PM",2,2,"1xCrepe suíço salgado , 1xChurros de chocolate ","20",0,0,0,"20","4","Efectivo","","Lucas",""
"13190-2","Sale","03/07/2026 2:37 PM",1,1,"1xCopo 200ml","9",4,0,0,"5","-3","Efectivo","","Lucas",""
"13220-2","Sale","03/07/2026 4:33 PM",1,2,"2xCopo 150ml","14",0,0,0,"14","2","Tarjeta Débito","","Lucas",""
"13261-2","Sale","03/08/2026 2:42 PM",1,1,"1xÁgua sem gás ","4",0,0,0,"4",0,"Efectivo","","Lucas",""
"13262-2","Sale","03/08/2026 2:46 PM",1,2,"2xCascão ","18",0,0,0,"18","15.6","Efectivo","","Lucas",""
"13263-2","Sale","03/08/2026 2:55 PM",2,4,"3xMilkshake 400ml, 1xÁgua sem gás ","46",0,0,0,"46","3","Tarjeta Débito","","Lucas",""
"13264-2","Sale","03/08/2026 2:56 PM",1,1,"1xCasquinha ","7",0,0,0,"7","6","Tarjeta Crédito","","Lucas",""
"13265-2","Sale","03/08/2026 2:58 PM",2,3,"2xMilkshake 300ml, 1xCasquinha ","29",0,0,0,"29","8","Tarjeta Débito","","Lucas",""
"13266-2","Sale","03/08/2026 3:01 PM",1,2,"2xCascão ","18",0,0,0,"18","15.6","Efectivo","","Lucas",""
"13267-2","Sale","03/08/2026 3:03 PM",1,1,"1xÁgua com gás ","4.5",0,0,0,"4.5","3.3","Tarjeta Débito","","Lucas",""
"13268-2","Sale","03/08/2026 3:05 PM",3,5,"1xÁgua com gás , 2xChurros de chocolate , 2xChurros doce de leite ","44.5",0,0,0,"44.5","11.3","Efectivo","","Lucas",""
"13269-2","Sale","03/08/2026 3:15 PM",1,1,"1xChurros de chocolate ","10",0,0,0,"10","2","Pix","","Lucas",""
"13270-2","Sale","03/08/2026 4:42 PM",1,1,"1xCopo 150ml","7",0,0,0,"7","1","Tarjeta Débito","","Lucas",""
"13271-2","Sale","03/08/2026 4:42 PM",1,1,"1xÁgua sem gás ","4",0,0,0,"4",0,"Efectivo","","Lucas",""
"13272-2","Sale","03/08/2026 4:54 PM",1,1,"1xMilkshake 300ml","11",0,0,0,"11","1","Tarjeta Crédito","","Lucas",""
"13273-2","Sale","03/08/2026 4:56 PM",3,3,"1xChurros doce de leite , 1xCombo 3, 1xChurros de chocolate ","35",0,0,0,"35","5","Efectivo","","Lucas",""
"13274-2","Sale","03/08/2026 4:58 PM",1,1,"1xÁgua sem gás ","4",0,0,0,"4",0,"Efectivo","","Lucas",""
"13275-2","Sale","03/08/2026 5:11 PM",2,2,"1xMilkshake 300ml, 1xCascão ","20",0,0,0,"20","8.8","Efectivo","","Lucas",""
"13276-2","Sale","03/08/2026 5:20 PM",1,1,"1xCasquinha ","7",0,0,0,"7","6","Efectivo","","Lucas",""
"13277-2","Sale","03/08/2026 5:21 PM",1,1,"1xCascão ","9",0,0,0,"9","7.8","Efectivo","","Lucas",""
"13278-2","Sale","03/08/2026 5:41 PM",2,2,"1xCrepe suíço salgado , 1xCrepe suíço doce","21",0,0,0,"21","5","Pix","","Lucas",""
"13279-2","Sale","03/08/2026 5:53 PM",1,1,"1xCascão ","9",0,0,0,"9","7.8","Tarjeta Débito","","Lucas",""
"13280-2","Sale","03/08/2026 6:12 PM",1,1,"1xMilkshake 500ml","16",0,0,0,"16",0,"Tarjeta Débito","","Lucas",""
"13281-2","Sale","03/08/2026 6:28 PM",1,3,"3xCasquinha ","21",0,0,0,"21","18","Pix","","Lucas",""
"13282-2","Sale","03/08/2026 6:29 PM",2,3,"2xCasquinha , 1xCopo 150ml","21",2,0,0,"19","11","Pix","","Lucas",""
"13283-2","Sale","03/09/2026 1:35 PM",2,3,"1xCopo 150ml, 2xÁgua sem gás ","15",0,0,0,"15","1","Pix","","Lucas",""
"13284-2","Sale","03/09/2026 2:01 PM",1,1,"1xCasquinha ","7",0,0,0,"7","6","Tarjeta Débito","","Lucas",""
"13285-2","Sale","03/09/2026 2:04 PM",1,2,"2xCascão ","18",0,0,0,"18","15.6","Pix","","Lucas",""
"13286-2","Sale","03/09/2026 2:07 PM",1,1,"1xÁgua sem gás ","4",0,0,0,"4",0,"Tarjeta Débito","","Lucas",""
"13287-2","Sale","03/09/2026 2:29 PM",1,1,"1xMilkshake 500ml","16",0,0,0,"16",0,"Pix","","Lucas",""
"13288-2","Sale","03/09/2026 2:43 PM",1,1,"1xCopo 150ml","7",0,0,0,"7","1","Efectivo","","Lucas",""
"13289-2","Sale","03/09/2026 2:47 PM",1,2,"2xCopo 150ml","14",0,0,0,"14","2","Tarjeta Débito","","Lucas",""
"13290-2","Sale","03/09/2026 3:04 PM",1,2,"2xCasquinha ","14",0,0,0,"14","12","Tarjeta Débito","","Lucas",""
"13291-2","Sale","03/09/2026 3:06 PM",1,3,"3xMilkshake 400ml","42",0,0,0,"42","3","Tarjeta Débito","","Lucas",""
"13292-2","Sale","03/09/2026 3:13 PM",1,1,"1xChurros doce de leite ","10",0,0,0,"10","2","Tarjeta Débito","","Lucas",""
"13293-2","Sale","03/09/2026 3:38 PM",3,4,"1xChurros de chocolate , 2xCascão , 1xÁgua sem gás ","32",0,0,0,"32","17.6","Pix","","Lucas",""
"13294-2","Sale","03/09/2026 3:46 PM",1,2,"2xCrepe suíço salgado ","20",0,0,0,"20","4","Efectivo","","Lucas",""
"13295-2","Sale","03/09/2026 3:59 PM",1,1,"1xRefri 310ml","7",2,0,0,"5","-1","Efectivo","","Lucas",""
"13296-2","Sale","03/09/2026 4:03 PM",1,2,"2xCascão ","18",0,0,0,"18","15.6","Efectivo","","Lucas",""
"13297-2","Sale","03/09/2026 4:07 PM",1,2,"2xMilkshake 500ml","32",0,0,0,"32",0,"Pix","","Lucas",""
"13298-2","Sale","03/09/2026 4:09 PM",1,2,"2xCopo 150ml","14",0,0,0,"14","2","Efectivo","","Lucas",""
"13299-2","Sale","03/09/2026 4:14 PM",1,2,"2xCasquinha ","14",0,0,0,"14","12","Efectivo","","Lucas",""
"13300-2","Sale","03/09/2026 4:15 PM",1,1,"1xCrepe suíço salgado ","10",0,0,0,"10","2","Efectivo","","Lucas",""
"13301-2","Sale","03/09/2026 4:25 PM",1,1,"1xÁgua sem gás ","4",0,0,0,"4",0,"Efectivo","","Lucas",""
"13302-2","Sale","03/09/2026 4:27 PM",1,1,"1xCopo 250ml","11",0,0,0,"11","1","Efectivo","","Lucas",""
"13303-2","Sale","03/09/2026 4:27 PM",1,1,"1xCascão ","9",0,0,0,"9","7.8","Efectivo","","Lucas",""
"13304-2","Sale","03/09/2026 4:37 PM",3,4,"2xCrepe suíço salgado , 1xÁgua sem gás , 1xÁgua com gás ","28.5",0,0,0,"28.5","7.3","Otros","","Lucas",""
"13305-2","Sale","03/09/2026 4:37 PM",1,1,"1xCombo 2","16",0,0,0,"16","1","Pix","","Lucas",""
"13306-2","Sale","03/09/2026 4:53 PM",1,1,"1xÁgua com gás ","4.5",0,0,0,"4.5","3.3","Tarjeta Débito","","Lucas",""
"13307-2","Sale","03/09/2026 4:56 PM",1,1,"1xÁgua com gás ","4.5",0,0,0,"4.5","3.3","Efectivo","","Lucas",""
"13308-2","Sale","03/09/2026 4:59 PM",1,1,"1xCombo 1","15",0,0,0,"15","1","Pix","","Lucas",""
"13309-2","Sale","03/09/2026 5:09 PM",2,3,"1xÁgua sem gás , 2xCascão ","22",0,0,0,"22","15.6","Efectivo","","Lucas",""
"13310-2","Sale","03/09/2026 5:12 PM",1,1,"1xChurros doce de leite ","10",0,0,0,"10","2","Pix","","Lucas",""
"13311-2","Sale","03/09/2026 5:19 PM",1,1,"1xRefri 310ml","7",0,0,0,"7","1","Pix","","Lucas",""
"13312-2","Sale","03/09/2026 5:23 PM",1,2,"2xMilkshake 400ml","28",0,0,0,"28","2","Efectivo","","Lucas",""
"13313-2","Sale","03/09/2026 5:23 PM",1,1,"1xCascão ","9",0,0,0,"9","7.8","Efectivo","","Lucas",""
"13314-2","Sale","03/09/2026 5:27 PM",1,2,"2xCopo 200ml","18",0,0,0,"18","2","Efectivo","","Lucas",""
"13315-2","Sale","03/09/2026 5:29 PM",2,2,"1xCrepe suíço salgado , 1xMilkshake 300ml","21",0,0,0,"21","3","Efectivo","","Lucas",""
"13316-2","Sale","03/09/2026 5:42 PM",2,2,"1xCrepe suíço salgado , 1xChurros doce de leite ","20",0,0,0,"20","4","Tarjeta Crédito","","Lucas",""
"13317-2","Sale","03/09/2026 5:55 PM",2,2,"1xChurros de chocolate , 1xChurros doce de leite ","20",0,0,0,"20","4","Efectivo","","Lucas",""
"13318-2","Sale","03/09/2026 6:00 PM",1,3,"3xRefri 310ml","21",0,0,0,"21","3","Tarjeta Crédito","","Lucas",""
"13319-2","Sale","03/09/2026 6:04 PM",1,1,"1xRefri 310ml","7",0,0,0,"7","1","Pix","","Lucas",""
"13320-2","Sale","03/09/2026 6:10 PM",1,1,"1xCopo 150ml","7",0,0,0,"7","1","Pix","","Lucas",""
"13321-2","Sale","03/09/2026 6:14 PM",1,1,"1xMilkshake 500ml","16",0,0,0,"16",0,"Pix","","Lucas",""
"13322-2","Sale","03/09/2026 6:27 PM",1,1,"1xCopo 250ml","11",0,0,0,"11","1","Efectivo","","Lucas",""
"13323-2","Sale","03/09/2026 6:39 PM",1,1,"1xChurros doce de leite ","10",0,0,0,"10","2","Tarjeta Crédito","","Lucas",""
"13324-2","Sale","03/09/2026 7:00 PM",1,1,"1xMilkshake 300ml","11",0,0,0,"11","1","Efectivo","","Lucas",""
"13325-2","Sale","03/09/2026 7:26 PM",1,2,"2xMilkshake 500ml","32",0,0,0,"32",0,"Tarjeta Débito","","Lucas",""
"13326-2","Sale","03/09/2026 7:31 PM",2,2,"1xCrepe suíço salgado , 1xChurros de chocolate ","20",0,0,0,"20","4","Tarjeta Débito","","Lucas",""
"13327-2","Sale","03/10/2026 1:43 PM",2,2,"1xMilkshake 500ml, 1xMilkshake 300ml","27",0,0,0,"27","1","Pix","","Lucas",""
"13328-2","Sale","03/10/2026 1:44 PM",2,2,"1xCombo 1, 1xCrepe suíço doce","26",11,0,0,"15","-7","Efectivo","","Lucas",""
"13329-2","Sale","03/10/2026 1:59 PM",1,1,"1xCasquinha ","7",0,0,0,"7","6","Efectivo","","Lucas",""
"13330-2","Sale","03/10/2026 2:01 PM",3,3,"1xCascão , 1xCopo 150ml, 1xCrepe suíço doce","27",0,0,0,"27","11.8","Efectivo, Efectivo","","Lucas",""
"13331-2","Sale","03/10/2026 2:08 PM",1,1,"1xRefri 310ml","7",0,0,0,"7","1","Pix","","Lucas",""
"13332-2","Sale","03/10/2026 2:14 PM",1,1,"1xCasquinha ","7",0,0,0,"7","6","Efectivo","","Lucas",""
"13333-2","Sale","03/10/2026 2:21 PM",1,1,"1xCascão ","9",0,0,0,"9","7.8","Tarjeta Débito","","Lucas",""
"13334-2","Sale","03/10/2026 2:27 PM",2,2,"1xChurros de chocolate , 1xChurros doce de leite ","20",0,0,0,"20","4","Efectivo","","Lucas",""
"13335-2","Sale","03/10/2026 2:28 PM",1,1,"1xCascão ","9",0,0,0,"9","7.8","Efectivo","","Lucas",""
"13336-2","Sale","03/10/2026 2:35 PM",1,1,"1xCascão ","9",0,0,0,"9","7.8","Tarjeta Crédito","","Lucas",""
"13337-2","Sale","03/10/2026 2:38 PM",3,4,"2xChurros doce de leite , 1xÁgua sem gás , 1xCasquinha ","31",0,0,0,"31","10","Tarjeta Débito","","Lucas",""
"13338-2","Sale","03/10/2026 2:54 PM",1,1,"1xMilkshake 300ml","11",0,0,0,"11","1","Efectivo","","Lucas",""
"13339-2","Sale","03/10/2026 2:57 PM",1,1,"1xCascão ","9",0,0,0,"9","7.8","Tarjeta Débito","","Lucas",""
"13340-2","Sale","03/10/2026 3:08 PM",1,2,"2xCascão ","18",0,0,0,"18","15.6","Tarjeta Débito","","Lucas",""
"13341-2","Sale","03/10/2026 3:17 PM",1,1,"1xCopo 200ml","9",4,0,0,"5","-3","Efectivo","","Lucas",""
"13342-2","Sale","03/10/2026 3:21 PM",1,1,"1xCasquinha ","7",0,0,0,"7","6","Tarjeta Débito","","Lucas",""
"13343-2","Sale","03/10/2026 3:25 PM",1,1,"1xRefri 310ml","7",1,0,0,"6",0,"Efectivo","","Lucas",""
"13344-2","Sale","03/10/2026 3:31 PM",1,1,"1xMilkshake 300ml","11",0,0,0,"11","1","Pix","","Lucas",""
"13345-2","Sale","03/10/2026 3:41 PM",1,1,"1xCascão ","9",0,0,0,"9","7.8","Efectivo","","Lucas",""
"13346-2","Sale","03/10/2026 3:45 PM",1,1,"1xMilkshake 400ml","14",0,0,0,"14","1","Tarjeta Débito","","Lucas",""
"13347-2","Sale","03/10/2026 3:49 PM",1,2,"2xCascão ","18",0,0,0,"18","15.6","Tarjeta Débito","","Lucas",""
"13348-2","Sale","03/10/2026 3:51 PM",1,1,"1xCascão ","9",0,0,0,"9","7.8","Tarjeta Débito","","Lucas",""
"13349-2","Sale","03/10/2026 3:58 PM",1,2,"2xCasquinha ","14",0,0,0,"14","12","Pix","","Lucas",""
"13350-2","Sale","03/10/2026 4:03 PM",1,2,"2xCasquinha ","14",0,0,0,"14","12","Tarjeta Débito","","Lucas",""
"13351-2","Sale","03/10/2026 4:03 PM",2,2,"1xCombo 1, 1xCombo 2","31",0,0,0,"31","2","Pix","","Lucas",""
"13352-2","Sale","03/10/2026 4:04 PM",1,1,"1xCascão ","9",0,0,0,"9","7.8","Pix","","Lucas",""
"13353-2","Sale","03/10/2026 4:12 PM",1,1,"1xCasquinha ","7",0,0,0,"7","6","Efectivo","","Lucas",""
"13354-2","Sale","03/10/2026 4:14 PM",1,1,"1xCascão ","9",0,0,0,"9","7.8","Efectivo","","Lucas",""
"13355-2","Sale","03/10/2026 4:22 PM",1,1,"1xCasquinha ","7",0,0,0,"7","6","Tarjeta Débito","","Lucas",""
"13357-2","Sale","03/10/2026 4:33 PM",1,1,"1xChurros doce de leite ","10",0,0,0,"10","2","Efectivo","","Lucas",""
"13358-2","Sale","03/10/2026 4:35 PM",1,1,"1xÁgua com gás ","4.5",0,0,0,"4.5","3.3","Tarjeta Débito","","Lucas",""
"13359-2","Sale","03/10/2026 4:40 PM",1,2,"2xCasquinha ","14",0,0,0,"14","12","Efectivo","","Lucas",""
"13360-2","Sale","03/10/2026 4:43 PM",1,2,"2xCascão ","18",0,0,0,"18","15.6","Tarjeta Crédito","","Lucas",""
"13361-2","Sale","03/10/2026 4:46 PM",1,3,"3xCopo 200ml","27",0,0,0,"27","3","Tarjeta Crédito","","Lucas",""
"13363-2","Sale","03/10/2026 4:49 PM",3,4,"1xCasquinha , 1xCascão , 2xÁgua sem gás ","24",0,0,0,"24","13.8","Tarjeta Débito","","Lucas",""
"13364-2","Sale","03/10/2026 4:55 PM",1,1,"1xCombo 1","15",0,0,0,"15","1","Otros","","Lucas",""
"13365-2","Sale","03/10/2026 5:11 PM",1,2,"2xCopo 150ml","14",0,0,0,"14","2","Efectivo","","Lucas",""
"13367-2","Sale","03/10/2026 5:46 PM",1,1,"1xMilkshake 300ml","11",0,0,0,"11","1","Tarjeta Débito","","Lucas",""
"13368-2","Sale","03/10/2026 5:47 PM",1,1,"1xÁgua sem gás ","4",0,0,0,"4",0,"Efectivo","","Lucas",""
"13369-2","Sale","03/10/2026 5:48 PM",1,1,"1xCasquinha ","7",0,0,0,"7","6","Efectivo","","Lucas",""
"13370-2","Sale","03/10/2026 5:49 PM",1,1,"1xCascão ","9",0,0,0,"9","7.8","Tarjeta Crédito","","Lucas",""
"13371-2","Sale","03/10/2026 6:04 PM",3,3,"1xMilkshake 500ml, 1xCrepe suíço salgado , 1xCrepe suíço doce","37",0,0,0,"37","5","Tarjeta Débito","","Lucas",""
"13372-2","Sale","03/10/2026 6:05 PM",1,1,"1xCascão ","9",0,0,0,"9","7.8","Efectivo","","Lucas",""
"13373-2","Sale","03/10/2026 6:06 PM",1,1,"1xCasquinha ","7",0,0,0,"7","6","Pix","","Lucas",""
"13374-2","Sale","03/10/2026 6:11 PM",1,2,"2xCopo 250ml","22",0,0,0,"22","2","Tarjeta Débito","","Lucas",""
"13375-2","Sale","03/10/2026 6:13 PM",1,2,"2xCasquinha ","14",0,0,0,"14","12","Tarjeta Débito","","Lucas",""
"13376-2","Sale","03/10/2026 6:24 PM",1,2,"2xCasquinha ","14",0,0,0,"14","12","Efectivo","","Lucas",""
"13377-2","Sale","03/10/2026 6:27 PM",1,2,"2xCascão ","18",0,0,0,"18","15.6","Pix","","Lucas",""
"13378-2","Sale","03/10/2026 6:28 PM",1,2,"2xCascão ","18",0,0,0,"18","15.6","Efectivo","","Lucas",""
"13379-2","Sale","03/10/2026 6:33 PM",1,2,"2xCascão ","18",0,0,0,"18","15.6","Tarjeta Crédito","","Lucas",""
"13380-2","Sale","03/10/2026 6:53 PM",2,2,"1xCascão , 1xÁgua sem gás ","13",0,0,0,"13","7.8","Efectivo","","Lucas",""
"13381-2","Sale","03/10/2026 7:16 PM",2,2,"1xCopo 150ml, 1xCasquinha ","14",0,0,0,"14","7","Tarjeta Débito","","Lucas",""
"13382-2","Sale","03/10/2026 7:20 PM",2,2,"1xCrepe suíço salgado , 1xCasquinha ","17",0,0,0,"17","8","Tarjeta Crédito","","Lucas",""
"13383-2","Sale","03/10/2026 7:26 PM",1,1,"1xCombo 1","15",0,0,0,"15","1","Pix","","Lucas",""
"13384-2","Sale","03/10/2026 7:51 PM",1,1,"1xCasquinha ","7",0,0,0,"7","6","Efectivo","","Lucas",""
"13366-2","Sale","03/10/2026 5:25 PM",1,1,"1xMilkshake 300ml","11",0,0,0,"11","1","Pix","","Lucas",""
"13356-2","Sale","03/10/2026 4:25 PM",1,2,"2xCascão ","18",0,0,0,"18","15.6","Efectivo","","Lucas",""
"13362-2","Sale","03/10/2026 4:47 PM",1,1,"1xCasquinha ","7",0,0,0,"7","6","Pix","","Lucas",""
"13385-2","Sale","03/11/2026 1:57 PM",1,1,"1xMilkshake 400ml","14",0,0,0,"14","1","Tarjeta Débito","","Lucas",""
"13386-2","Sale","03/11/2026 2:11 PM",1,1,"1xMilkshake 300ml","11",0,0,0,"11","1","Tarjeta Crédito","","Lucas",""
"13387-2","Sale","03/11/2026 2:17 PM",1,1,"1xÁgua com gás ","4.5",0,0,0,"4.5","3.3","Tarjeta Débito","","Lucas",""
"13388-2","Sale","03/11/2026 2:47 PM",2,2,"1xCopo 250ml, 1xCopo 150ml","18",0,0,0,"18","2","Efectivo","","Lucas",""
"13389-2","Sale","03/11/2026 2:49 PM",1,2,"2xCascão ","18",0,0,0,"18","15.6","Tarjeta Crédito","","Lucas",""
"13390-2","Sale","03/11/2026 3:07 PM",1,1,"1xMilkshake 300ml","11",0,0,0,"11","1","Tarjeta Crédito","","Lucas",""
"13391-2","Sale","03/11/2026 3:10 PM",1,2,"2xCasquinha ","14",0,0,0,"14","12","Tarjeta Débito","","Lucas",""
"13392-2","Sale","03/11/2026 3:12 PM",1,1,"1xCopo 200ml","9",0,0,0,"9","1","Tarjeta Débito","","Lucas",""
"13393-2","Sale","03/11/2026 3:14 PM",2,2,"1xCasquinha , 1xÁgua sem gás ","11",0,0,0,"11","6","Tarjeta Débito","","Lucas",""
"13394-2","Sale","03/11/2026 3:26 PM",1,1,"1xCopo 200ml","9",0,0,0,"9","1","Tarjeta Débito","","Lucas",""
"13395-2","Sale","03/11/2026 3:27 PM",1,1,"1xCopo 200ml","9",0,0,0,"9","1","Tarjeta Débito","","Lucas",""
"13396-2","Sale","03/11/2026 3:41 PM",1,1,"1xÁgua sem gás ","4",0,0,0,"4",0,"Tarjeta Débito","","Lucas",""
"13397-2","Sale","03/11/2026 3:43 PM",1,1,"1xMilkshake 500ml","16",0,0,0,"16",0,"Tarjeta Débito","","Lucas",""
"13398-2","Sale","03/11/2026 4:01 PM",1,2,"2xCasquinha ","14",0,0,0,"14","12","Tarjeta Débito","","Lucas",""
"13399-2","Sale","03/11/2026 4:07 PM",1,1,"1xMilkshake 300ml","11",0,0,0,"11","1","Pix","","Lucas",""
"13400-2","Sale","03/11/2026 4:13 PM",1,2,"2xCascão ","18",0,0,0,"18","15.6","Pix","","Lucas",""
"13401-2","Sale","03/11/2026 4:14 PM",1,1,"1xCascão ","9",0,0,0,"9","7.8","Tarjeta Crédito","","Lucas",""
"13402-2","Sale","03/11/2026 4:19 PM",1,1,"1xCascão ","9",0,0,0,"9","7.8","Efectivo","","Lucas",""
"13403-2","Sale","03/11/2026 5:02 PM",1,1,"1xCopo 200ml","9",0,0,0,"9","1","Tarjeta Débito","","Lucas",""
"13404-2","Sale","03/11/2026 5:03 PM",1,1,"1xCascão ","9",0,0,0,"9","7.8","Pix","","Lucas",""
"13405-2","Sale","03/11/2026 5:38 PM",1,1,"1xRefri 310ml","7",0,0,0,"7","1","Tarjeta Débito","","Lucas",""
"13406-2","Sale","03/11/2026 5:43 PM",1,1,"1xCombo 1","15",0,0,0,"15","1","Pix","","Lucas",""
"13407-2","Sale","03/11/2026 5:48 PM",1,1,"1xChurros de chocolate ","10",0,0,0,"10","2","Efectivo","","Lucas",""
"13408-2","Sale","03/11/2026 5:59 PM",3,4,"1xCopo 150ml, 2xCascão , 1xMilkshake 300ml","36",0,0,0,"36","17.6","Efectivo","","Lucas",""
"13409-2","Sale","03/11/2026 6:10 PM",1,2,"2xCrepe suíço doce","22",0,0,0,"22","6","Tarjeta Crédito","","Lucas",""
"13410-2","Sale","03/11/2026 6:19 PM",1,1,"1xChurros doce de leite ","10",0,0,0,"10","2","Tarjeta Débito","","Lucas",""
"13411-2","Sale","03/12/2026 1:43 PM",1,1,"1xMilkshake 500ml","16",0,0,0,"16",0,"Tarjeta Débito","","Lucas",""
"13412-2","Sale","03/12/2026 1:48 PM",1,1,"1xCasquinha ","7",0,0,0,"7","6","Efectivo","","Lucas",""
"13413-2","Sale","03/12/2026 1:59 PM",1,1,"1xÁgua sem gás ","4",0,0,0,"4",0,"Efectivo","","Lucas",""
"13414-2","Sale","03/12/2026 2:15 PM",1,2,"2xCasquinha ","14",0,0,0,"14","12","Efectivo","","Lucas",""
"13415-2","Sale","03/12/2026 2:18 PM",1,1,"1xCasquinha ","7",0,0,0,"7","6","Efectivo","","Lucas",""
"13416-2","Sale","03/12/2026 2:19 PM",2,2,"1xCasquinha , 1xÁgua com gás ","11.5",0,0,0,"11.5","9.3","Efectivo","","Lucas",""
"13417-2","Sale","03/12/2026 2:26 PM",1,1,"1xCascão ","9",0,0,0,"9","7.8","Efectivo","","Lucas",""
"13418-2","Sale","03/12/2026 2:39 PM",1,1,"1xCascão ","9",0,0,0,"9","7.8","Efectivo","","Lucas",""
"13419-2","Sale","03/12/2026 2:41 PM",1,3,"3xMilkshake 300ml","33",0,0,0,"33","3","Tarjeta Crédito","","Lucas",""
"13420-2","Sale","03/12/2026 3:08 PM",1,1,"1xCasquinha ","7",0,0,0,"7","6","Pix","","Lucas",""
"13421-2","Sale","03/12/2026 3:21 PM",1,1,"1xMilkshake 300ml","11",0,0,0,"11","1","Tarjeta Crédito","","Lucas",""
"13422-2","Sale","03/12/2026 3:24 PM",1,1,"1xCascão ","9",0,0,0,"9","7.8","Tarjeta Crédito","","Lucas",""
"13423-2","Sale","03/12/2026 3:26 PM",1,1,"1xCascão ","9",0,0,0,"9","7.8","Efectivo","","Lucas",""
"13424-2","Sale","03/12/2026 3:30 PM",1,1,"1xCasquinha ","7",0,0,0,"7","6","Efectivo","","Lucas",""
"13425-2","Sale","03/12/2026 3:35 PM",1,1,"1xCasquinha ","7",0,0,0,"7","6","Pix","","Lucas",""
"13426-2","Sale","03/12/2026 3:37 PM",1,2,"2xCasquinha ","14",0,0,0,"14","12","Efectivo","","Lucas",""
"13427-2","Sale","03/12/2026 3:37 PM",1,2,"2xCasquinha ","14",0,0,0,"14","12","Pix","","Lucas",""
"13428-2","Sale","03/12/2026 3:39 PM",1,1,"1xCasquinha ","7",0,0,0,"7","6","Pix","","Lucas",""
"13429-2","Sale","03/12/2026 3:48 PM",1,1,"1xMilkshake 300ml","11",0,0,0,"11","1","Efectivo","","Lucas",""
"13430-2","Sale","03/12/2026 3:52 PM",1,1,"1xÁgua sem gás ","4",0,0,0,"4",0,"Efectivo","","Lucas",""
"13431-2","Sale","03/12/2026 3:55 PM",1,2,"2xCasquinha ","14",0,0,0,"14","12","Pix","","Lucas",""
"13432-2","Sale","03/12/2026 4:17 PM",1,2,"2xMilkshake 300ml","22",0,0,0,"22","2","Efectivo","","Lucas",""
"13433-2","Sale","03/12/2026 4:23 PM",1,1,"1xCasquinha ","7",0,0,0,"7","6","Tarjeta Débito","","Lucas",""
"13434-2","Sale","03/12/2026 4:24 PM",1,1,"1xCasquinha ","7",0,0,0,"7","6","Efectivo","","Lucas",""
"13435-2","Sale","03/12/2026 4:40 PM",1,2,"2xChurros doce de leite ","20",0,0,0,"20","4","Efectivo","","Lucas",""
"13436-2","Sale","03/12/2026 4:43 PM",1,1,"1xChurros de chocolate ","10",0,0,0,"10","2","Tarjeta Débito","","Lucas",""
"13437-2","Sale","03/12/2026 4:54 PM",1,2,"2xMilkshake 300ml","22",0,0,0,"22","2","Efectivo","","Lucas",""
"13438-2","Sale","03/12/2026 5:06 PM",1,2,"2xMilkshake 500ml","32",0,0,0,"32",0,"Tarjeta Débito","","Lucas",""
"13439-2","Sale","03/12/2026 5:12 PM",1,2,"2xCasquinha ","14",0,0,0,"14","12","Pix","","Lucas",""
"13440-2","Sale","03/12/2026 5:24 PM",1,1,"1xChurros doce de leite ","10",0,0,0,"10","2","Efectivo","","Lucas",""
"13441-2","Sale","03/12/2026 5:33 PM",1,1,"1xCasquinha ","7",0,0,0,"7","6","Efectivo","","Lucas",""
"13442-2","Sale","03/12/2026 5:37 PM",1,2,"2xCascão ","18",0,0,0,"18","15.6","Efectivo","","Lucas",""
"13443-2","Sale","03/12/2026 5:55 PM",3,4,"2xChurros doce de leite , 1xCopo 150ml, 1xChurros de chocolate ","37",0,0,0,"37","7","Tarjeta Débito","","Lucas",""
"13444-2","Sale","03/12/2026 5:57 PM",2,2,"1xCrepe suíço doce, 1xCrepe suíço salgado ","21",0,0,0,"21","5","Efectivo","","Lucas",""
"13445-2","Sale","03/12/2026 6:11 PM",2,2,"1xRefri 310ml, 1xCasquinha ","14",0,0,0,"14","7","Tarjeta Crédito","","Lucas",""
"13446-2","Sale","03/12/2026 6:13 PM",2,2,"1xCrepe suíço salgado , 1xCrepe suíço doce","21",0,0,0,"21","5","Efectivo, Pix","","Lucas",""
"13447-2","Sale","03/12/2026 6:19 PM",1,1,"1xCascão ","9",0,0,0,"9","7.8","Efectivo","","Lucas",""
"13448-2","Sale","03/12/2026 6:21 PM",1,1,"1xCasquinha ","7",0,0,0,"7","6","Efectivo","","Lucas",""
"13449-2","Sale","03/12/2026 6:43 PM",1,1,"1xCascão ","9",0,0,0,"9","7.8","Tarjeta Débito","","Lucas",""
"13450-2","Sale","03/12/2026 7:06 PM",1,1,"1xCasquinha ","7",0,0,0,"7","6","Efectivo","","Lucas",""
"13451-2","Sale","03/12/2026 7:08 PM",1,1,"1xMilkshake 300ml","11",0,0,0,"11","1","Tarjeta Débito","","Lucas",""
"13452-2","Sale","03/12/2026 7:10 PM",2,2,"1xCascão , 1xCopo 250ml","20",0,0,0,"20","8.8","Tarjeta Débito","","Lucas",""
"13453-2","Sale","03/12/2026 7:36 PM",3,3,"1xMilkshake 300ml, 1xMilkshake 500ml, 1xÁgua sem gás ","31",0,0,0,"31","1","Tarjeta Crédito","","Lucas",""
"13454-2","Sale","03/12/2026 7:51 PM",1,1,"1xCascão ","9",0,0,0,"9","7.8","Tarjeta Crédito","","Lucas",""
"13455-2","Sale","03/13/2026 2:07 PM",1,1,"1xCascão ","9",0,0,0,"9","7.8","Efectivo","","Lucas",""
"13456-2","Sale","03/13/2026 2:35 PM",2,2,"1xCascão , 1xCasquinha ","16",0,0,0,"16","13.8","Efectivo","","Lucas",""
"13457-2","Sale","03/13/2026 2:35 PM",1,1,"1xCascão ","9",0,0,0,"9","7.8","Efectivo","","Lucas",""
"13458-2","Sale","03/13/2026 2:54 PM",2,2,"1xCrepe suíço doce, 1xCascão ","20",0,0,0,"20","10.8","Tarjeta Débito","","Lucas",""
"13459-2","Sale","03/13/2026 2:54 PM",1,1,"1xMilkshake 500ml","16",0,0,0,"16",0,"Efectivo","","Lucas",""
"13460-2","Sale","03/13/2026 3:12 PM",1,1,"1xCasquinha ","7",0,0,0,"7","6","Pix","","Lucas",""
"13461-2","Sale","03/13/2026 3:14 PM",1,3,"3xCascão ","27",0,0,0,"27","23.4","Efectivo","","Lucas",""
"13462-2","Sale","03/13/2026 3:18 PM",1,2,"2xÁgua sem gás ","8",0,0,0,"8",0,"Efectivo","","Lucas",""
"13463-2","Sale","03/13/2026 3:21 PM",1,2,"2xCasquinha ","14",0,0,0,"14","12","Efectivo","","Lucas",""
"13464-2","Sale","03/13/2026 3:24 PM",1,1,"1xCopo 150ml","7",0,0,0,"7","1","Efectivo","","Lucas",""
"13465-2","Sale","03/13/2026 3:34 PM",1,2,"2xCasquinha ","14",0,0,0,"14","12","Tarjeta Débito","","Lucas",""
"13466-2","Sale","03/13/2026 3:36 PM",1,1,"1xCascão ","9",0,0,0,"9","7.8","Efectivo","","Lucas",""
"13467-2","Sale","03/13/2026 3:37 PM",1,1,"1xCascão ","9",0,0,0,"9","7.8","Efectivo","","Lucas",""
"13468-2","Sale","03/13/2026 3:38 PM",1,1,"1xÁgua sem gás ","4",2,0,0,"2",0,"Efectivo","","Lucas",""
"13469-2","Sale","03/13/2026 3:41 PM",2,2,"1xCopo 200ml, 1xMilkshake 300ml","20",0,0,0,"20","2","Pix","","Lucas",""
"13470-2","Sale","03/13/2026 3:53 PM",1,2,"2xÁgua sem gás ","8",0,0,0,"8",0,"Tarjeta Débito","","Lucas",""
"13471-2","Sale","03/13/2026 4:03 PM",1,2,"2xCasquinha ","14",0,0,0,"14","12","Tarjeta Débito","","Lucas",""
"13472-2","Sale","03/13/2026 4:07 PM",1,1,"1xChurros de chocolate ","10",0,0,0,"10","2","Efectivo","","Lucas",""
"13473-2","Sale","03/13/2026 4:22 PM",1,3,"3xCascão ","27",0,0,0,"27","23.4","Tarjeta Débito","","Lucas",""
"13474-2","Sale","03/13/2026 4:26 PM",1,2,"2xMilkshake 400ml","28",0,0,0,"28","2","Efectivo","","Lucas",""
"13475-2","Sale","03/13/2026 4:27 PM",1,2,"2xCasquinha ","14",0,0,0,"14","12","Efectivo","","Lucas",""
"13476-2","Sale","03/13/2026 4:34 PM",1,2,"2xÁgua sem gás ","8",0,0,0,"8",0,"Pix","","Lucas",""
"13477-2","Sale","03/13/2026 4:36 PM",1,1,"1xCascão ","9",0,0,0,"9","7.8","Efectivo","","Lucas",""
"13478-2","Sale","03/13/2026 4:41 PM",2,2,"1xChurros de chocolate , 1xMilkshake 300ml","21",0,0,0,"21","3","Pix","","Lucas",""
"13479-2","Sale","03/13/2026 4:48 PM",1,1,"1xCascão ","9",0,0,0,"9","7.8","Tarjeta Débito","","Lucas",""
"13480-2","Sale","03/13/2026 4:54 PM",2,2,"1xCasquinha , 1xMilkshake 300ml","18",0,0,0,"18","7","Tarjeta Crédito","","Lucas",""
"13481-2","Sale","03/13/2026 5:05 PM",1,1,"1xCasquinha ","7",0,0,0,"7","6","Pix","","Lucas",""
"13482-2","Sale","03/14/2026 10:53 AM",1,1,"1xÁgua sem gás ","4",0,0,0,"4",0,"Pix","","Lucas",""
"13483-2","Sale","03/14/2026 11:09 AM",1,1,"1xCasquinha ","7",0,0,0,"7","6","Efectivo","","Lucas",""
"13484-2","Sale","03/14/2026 11:12 AM",1,1,"1xÁgua sem gás ","4",0,0,0,"4",0,"Tarjeta Débito","","Lucas",""
"13485-2","Sale","03/14/2026 11:13 AM",1,1,"1xCascão ","9",0,0,0,"9","7.8","Pix","","Lucas",""
"13486-2","Sale","03/14/2026 11:34 AM",2,3,"1xCascão , 2xCopo 250ml","31",0,0,0,"31","9.8","Efectivo","","Lucas",""
"13487-2","Sale","03/14/2026 11:37 AM",2,2,"1xMilkshake 500ml, 1xCasquinha ","23",0,0,0,"23","6","Efectivo","","Lucas",""
"13488-2","Sale","03/14/2026 11:44 AM",1,2,"2xCasquinha ","14",0,0,0,"14","12","Tarjeta Débito","","Lucas",""
"13489-2","Sale","03/14/2026 11:50 AM",1,1,"1xCascão ","9",0,0,0,"9","7.8","Efectivo","","Lucas",""
"13490-2","Sale","03/14/2026 11:51 AM",1,1,"1xCasquinha ","7",0,0,0,"7","6","Efectivo","","Lucas",""
"13491-2","Sale","03/14/2026 11:53 AM",2,2,"1xÁgua sem gás , 1xÁgua com gás ","8.5",0,0,0,"8.5","3.3","Tarjeta Débito","","Lucas",""
"13492-2","Sale","03/14/2026 11:57 AM",1,1,"1xMilkshake 300ml","11",0,0,0,"11","1","Pix","","Lucas",""
"13493-2","Sale","03/14/2026 12:03 PM",1,1,"1xCasquinha ","7",0,0,0,"7","6","Pix","","Lucas",""
"13494-2","Sale","03/14/2026 12:05 PM",1,1,"1xCasquinha ","7",0,0,0,"7","6","Pix","","Lucas",""
"13495-2","Sale","03/14/2026 12:06 PM",1,1,"1xMilkshake 400ml","14",0,0,0,"14","1","Efectivo","","Lucas",""
"13496-2","Sale","03/14/2026 12:20 PM",1,1,"1xCasquinha ","7",0,0,0,"7","6","Tarjeta Débito","","Lucas",""
"13497-2","Sale","03/14/2026 12:23 PM",4,4,"1xÁgua sem gás , 1xCopo 150ml, 1xCasquinha , 1xCascão ","27",0,0,0,"27","14.8","Pix","","Lucas",""
"13498-2","Sale","03/14/2026 12:36 PM",1,2,"2xMilkshake 400ml","28",0,0,0,"28","2","Efectivo","","Lucas",""
"13499-2","Sale","03/14/2026 12:41 PM",1,2,"2xCasquinha ","14",0,0,0,"14","12","Tarjeta Débito","","Lucas",""
"13500-2","Sale","03/14/2026 12:45 PM",1,1,"1xCopo 200ml","9",0,0,0,"9","1","Tarjeta Débito","","Lucas",""
"13501-2","Sale","03/14/2026 1:02 PM",1,1,"1xCopo 150ml","7",0,0,0,"7","1","Efectivo","","Lucas",""
"13502-2","Sale","03/14/2026 1:17 PM",1,3,"3xCascão ","27",0,0,0,"27","23.4","Efectivo","","Lucas",""
"13503-2","Sale","03/14/2026 1:23 PM",1,1,"1xChurros doce de leite ","10",0,0,0,"10","2","Tarjeta Débito","","Lucas",""
"13504-2","Sale","03/14/2026 1:29 PM",1,1,"1xCasquinha ","7",0,0,0,"7","6","Pix","","Lucas",""
"13505-2","Sale","03/14/2026 1:33 PM",1,1,"1xCascão ","9",0,0,0,"9","7.8","Tarjeta Débito","","Lucas",""
"13506-2","Sale","03/14/2026 1:35 PM",1,4,"4xCopo 150ml","28",0,0,0,"28","4","Tarjeta Débito","","Lucas",""
"13507-2","Sale","03/14/2026 1:39 PM",1,2,"2xCasquinha ","14",0,0,0,"14","12","Tarjeta Débito","","Lucas",""
"13509-2","Sale","03/14/2026 1:52 PM",1,2,"2xÁgua sem gás ","8",0,0,0,"8",0,"Tarjeta Crédito","","Lucas",""
"13510-2","Sale","03/14/2026 1:54 PM",1,2,"2xCasquinha ","14",0,0,0,"14","12","Tarjeta Débito","","Lucas",""
"13511-2","Sale","03/14/2026 1:57 PM",1,3,"3xCopo 150ml","21",0,0,0,"21","3","Tarjeta Débito","","Lucas",""
"13512-2","Sale","03/14/2026 2:05 PM",1,1,"1xMilkshake 400ml","14",0,0,0,"14","1","Efectivo","","Lucas",""
"13513-2","Sale","03/14/2026 2:09 PM",1,1,"1xMilkshake 300ml","11",0,0,0,"11","1","Efectivo","","Lucas",""
"13514-2","Sale","03/14/2026 2:09 PM",1,1,"1xMilkshake 300ml","11",0,0,0,"11","1","Pix","","Lucas",""
"13515-2","Sale","03/14/2026 2:15 PM",1,3,"3xMilkshake 400ml","42",0,0,0,"42","3","Efectivo","","Lucas",""
"13516-2","Sale","03/14/2026 2:16 PM",1,1,"1xCrepe suíço doce","11",0,0,0,"11","3","Tarjeta Crédito","","Lucas",""
"13517-2","Sale","03/14/2026 2:20 PM",2,2,"1xCasquinha , 1xÁgua sem gás ","11",0,0,0,"11","6","Tarjeta Débito","","Lucas",""
"13518-2","Sale","03/14/2026 2:22 PM",1,1,"1xÁgua sem gás ","4",2,0,0,"2",0,"Efectivo","","Lucas",""
"13519-2","Sale","03/14/2026 2:26 PM",2,2,"1xCascão , 1xCasquinha ","16",0,0,0,"16","13.8","Tarjeta Débito","","Lucas",""
"13520-2","Sale","03/14/2026 2:44 PM",1,1,"1xCasquinha ","7",0,0,0,"7","6","Tarjeta Crédito","","Lucas",""
"13521-2","Sale","03/14/2026 2:48 PM",1,1,"1xMilkshake 300ml","11",0,0,0,"11","1","Efectivo","","Lucas",""
"13522-2","Sale","03/14/2026 2:52 PM",1,1,"1xMilkshake 300ml","11",0,0,0,"11","1","Tarjeta Débito","","Lucas",""
"13523-2","Sale","03/14/2026 2:53 PM",1,2,"2xCasquinha ","14",0,0,0,"14","12","Efectivo","","Lucas",""
"13524-2","Sale","03/14/2026 3:03 PM",1,1,"1xÁgua sem gás ","4",0,0,0,"4",0,"Efectivo","","Lucas",""
"13525-2","Sale","03/14/2026 3:09 PM",1,2,"2xCascão ","18",0,0,0,"18","15.6","Efectivo","","Lucas",""
"13526-2","Sale","03/14/2026 3:13 PM",1,1,"1xCascão ","9",0,0,0,"9","7.8","Tarjeta Crédito","","Lucas",""
"13527-2","Sale","03/14/2026 3:16 PM",2,3,"2xCasquinha , 1xCascão ","23",0,0,0,"23","19.8","Efectivo","","Lucas",""
"13528-2","Sale","03/14/2026 3:16 PM",1,1,"1xMilkshake 300ml","11",0,0,0,"11","1","Efectivo","","Lucas",""
"13529-2","Sale","03/14/2026 3:19 PM",1,2,"2xCasquinha ","14",0,0,0,"14","12","Efectivo","","Lucas",""
"13530-2","Sale","03/14/2026 3:23 PM",2,2,"1xCasquinha , 1xChurros doce de leite ","17",0,0,0,"17","8","Efectivo","","Lucas",""
"13531-2","Sale","03/14/2026 3:27 PM",1,1,"1xÁgua sem gás ","4",0,0,0,"4",0,"Efectivo","","Lucas",""
"13532-2","Sale","03/14/2026 3:30 PM",1,2,"2xCrepe suíço salgado ","20",0,0,0,"20","4","Otros","","Lucas",""
"13533-2","Sale","03/14/2026 3:37 PM",1,1,"1xCopo 150ml","7",0,0,0,"7","1","Tarjeta Crédito","","Lucas",""
"13534-2","Sale","03/14/2026 3:45 PM",1,1,"1xMilkshake 300ml","11",0,0,0,"11","1","Tarjeta Débito","","Lucas",""
"13535-2","Sale","03/14/2026 4:01 PM",2,2,"1xCascão , 1xCasquinha ","16",0,0,0,"16","13.8","Efectivo","","Lucas",""
"13536-2","Sale","03/14/2026 4:06 PM",2,3,"2xCopo 250ml, 1xÁgua sem gás ","26",0,0,0,"26","2","Tarjeta Débito","","Lucas",""
"13537-2","Sale","03/14/2026 4:08 PM",1,1,"1xMilkshake 300ml","11",0,0,0,"11","1","Tarjeta Crédito","","Lucas",""
"13538-2","Sale","03/14/2026 4:11 PM",2,2,"1xCasquinha , 1xMilkshake 300ml","18",0,0,0,"18","7","Tarjeta Débito","","Lucas",""
"13539-2","Sale","03/14/2026 4:13 PM",2,2,"1xMilkshake 300ml, 1xCasquinha ","18",0,0,0,"18","7","Pix","","Lucas",""
"13540-2","Sale","03/14/2026 4:16 PM",1,1,"1xMilkshake 300ml","11",0,0,0,"11","1","Efectivo","","Lucas",""
"13541-2","Sale","03/14/2026 4:20 PM",1,2,"2xCasquinha ","14",0,0,0,"14","12","Tarjeta Débito","","Lucas",""
"13542-2","Sale","03/14/2026 4:21 PM",1,1,"1xÁgua sem gás ","4",0,0,0,"4",0,"Tarjeta Débito","","Lucas",""
"13543-2","Sale","03/14/2026 4:22 PM",2,3,"2xCascão , 1xÁgua sem gás ","22",0,0,0,"22","15.6","Tarjeta Crédito","","Lucas",""
"13544-2","Sale","03/14/2026 4:24 PM",2,2,"1xMilkshake 300ml, 1xÁgua sem gás ","15",0,0,0,"15","1","Tarjeta Débito","","Lucas",""
"13545-2","Sale","03/14/2026 4:26 PM",1,1,"1xMilkshake 500ml","16",0,0,0,"16",0,"Tarjeta Crédito","","Lucas",""
"13546-2","Sale","03/14/2026 4:38 PM",2,2,"1xMilkshake 300ml, 1xCasquinha ","18",0,0,0,"18","7","Tarjeta Crédito","","Lucas",""
"13547-2","Sale","03/14/2026 4:42 PM",1,2,"2xCascão ","18",0,0,0,"18","15.6","Tarjeta Débito","","Lucas",""
"13548-2","Sale","03/14/2026 4:45 PM",1,2,"2xCopo 250ml","22",0,0,0,"22","2","Pix","","Lucas",""
"13549-2","Sale","03/14/2026 4:49 PM",1,2,"2xCasquinha ","14",0,0,0,"14","12","Tarjeta Débito","","Lucas",""
"13550-2","Sale","03/14/2026 4:55 PM",1,1,"1xCasquinha ","7",0,0,0,"7","6","Tarjeta Débito","","Lucas",""
"13551-2","Sale","03/14/2026 4:59 PM",4,4,"1xChurros doce de leite , 1xChurros de chocolate , 1xCrepe suíço salgado , 1xÁgua com gás ","34.5",0,0,0,"34.5","9.3","Pix","","Lucas",""
"13552-2","Sale","03/14/2026 4:59 PM",1,1,"1xCrepe suíço salgado ","10",0,0,0,"10","2","Tarjeta Débito","","Lucas",""
"13553-2","Sale","03/14/2026 5:04 PM",1,5,"5xCascão ","45",0,0,0,"45","39","Tarjeta Crédito, Tarjeta Débito","","Lucas",""
"13554-2","Sale","03/14/2026 5:12 PM",2,2,"1xCascão , 1xMilkshake 400ml","23",0,0,0,"23","8.8","Tarjeta Débito","","Lucas",""
"13555-2","Sale","03/14/2026 5:15 PM",2,3,"2xCrepe suíço salgado , 1xMilkshake 300ml","31",0,0,0,"31","5","Pix","","Lucas",""
"13556-2","Sale","03/14/2026 5:19 PM",2,2,"1xCopo 250ml, 1xMilkshake 400ml","25",0,0,0,"25","2","Tarjeta Débito","","Lucas",""
"13557-2","Sale","03/14/2026 5:23 PM",2,3,"1xMilkshake 300ml, 2xCasquinha ","25",0,0,0,"25","13","Tarjeta Débito","","Lucas",""
"13558-2","Sale","03/14/2026 5:31 PM",4,4,"1xCrepe suíço salgado , 1xÁgua sem gás , 1xCasquinha , 1xMilkshake 300ml","32",0,0,0,"32","9","Pix","","Lucas",""
"13559-2","Sale","03/14/2026 5:35 PM",1,3,"3xCasquinha ","21",0,0,0,"21","18","Tarjeta Débito","","Lucas",""
"13560-2","Sale","03/14/2026 5:37 PM",2,2,"1xCasquinha , 1xRefri 310ml","14",0,0,0,"14","7","Tarjeta Débito","","Lucas",""
"13561-2","Sale","03/14/2026 5:37 PM",1,1,"1xCasquinha ","7",1,0,0,"6","5","Pix","","Lucas",""
"13562-2","Sale","03/14/2026 5:39 PM",2,2,"1xChurros de chocolate , 1xChurros doce de leite ","20",0,0,0,"20","4","Tarjeta Crédito","","Lucas",""
"13563-2","Sale","03/14/2026 5:48 PM",1,1,"1xCopo 150ml","7",0,0,0,"7","1","Efectivo","","Lucas",""
"13564-2","Sale","03/14/2026 5:50 PM",1,1,"1xCombo 1","15",0,0,0,"15","1","Pix","","Lucas",""
"13565-2","Sale","03/14/2026 5:50 PM",1,1,"1xCrepe suíço doce","11",0,0,0,"11","3","Otros","","Lucas",""
"13566-2","Sale","03/14/2026 5:54 PM",1,1,"1xMilkshake 400ml","14",0,0,0,"14","1","Pix","","Lucas",""
"13567-2","Sale","03/14/2026 6:02 PM",2,2,"1xMilkshake 400ml, 1xMilkshake 300ml","25",0,0,0,"25","2","Efectivo","","Lucas",""
"13568-2","Sale","03/14/2026 6:07 PM",1,1,"1xCrepe suíço salgado ","10",0,0,0,"10","2","Efectivo","","Lucas",""
"13569-2","Sale","03/14/2026 6:08 PM",1,1,"1xCrepe suíço salgado ","10",0,0,0,"10","2","Tarjeta Crédito","","Lucas",""
"13570-2","Sale","03/14/2026 6:11 PM",1,1,"1xÁgua sem gás ","4",0,0,0,"4",0,"Pix","","Lucas",""
"13571-2","Sale","03/14/2026 6:14 PM",1,1,"1xRefri 310ml","7",0,0,0,"7","1","Tarjeta Débito","","Lucas",""
"13572-2","Sale","03/14/2026 6:32 PM",3,3,"1xCascão , 1xCasquinha , 1xMilkshake 300ml","27",0,0,0,"27","14.8","Pix","","Lucas",""
"13573-2","Sale","03/14/2026 6:33 PM",1,1,"1xMilkshake 500ml","16",0,0,0,"16",0,"Pix","","Lucas",""
"13574-2","Sale","03/14/2026 6:35 PM",2,2,"1xCascão , 1xCasquinha ","16",0,0,0,"16","13.8","Pix","","Lucas",""
"13575-2","Sale","03/14/2026 6:41 PM",1,1,"1xMilkshake 500ml","16",0,0,0,"16",0,"Tarjeta Débito","","Lucas",""
"13576-2","Sale","03/14/2026 6:45 PM",4,4,"1xCopo 200ml, 1xCopo 250ml, 1xCrepe suíço salgado , 1xCascão ","39",0,0,0,"39","11.8","Tarjeta Débito","","Lucas",""
"13577-2","Sale","03/14/2026 6:46 PM",1,3,"3xCrepe suíço salgado ","30",0,0,0,"30","6","Efectivo","","Lucas",""
"13578-2","Sale","03/14/2026 6:49 PM",1,1,"1xCasquinha ","7",0,0,0,"7","6","Efectivo","","Lucas",""
"13579-2","Sale","03/14/2026 6:51 PM",1,1,"1xMilkshake 300ml","11",0,0,0,"11","1","Efectivo","","Lucas",""
"13580-2","Sale","03/14/2026 7:16 PM",1,3,"3xMilkshake 300ml","33",0,0,0,"33","3","Tarjeta Débito","","Lucas",""
"13581-2","Sale","03/14/2026 7:17 PM",1,2,"2xCopo 150ml","14",0,0,0,"14","2","Tarjeta Débito","","Lucas",""
"13508-2","Sale","03/14/2026 1:47 PM",1,1,"1xÁgua sem gás ","4",0,0,0,"4",0,"Tarjeta Débito","","Lucas",""
"13582-2","Sale","03/15/2026 2:51 PM",2,4,"2xCasquinha , 2xMilkshake 400ml","42",0,0,0,"42","14","Tarjeta Débito","","Lucas",""
"13583-2","Sale","03/15/2026 2:52 PM",3,3,"1xÁgua sem gás , 1xCombo 1, 1xCrepe suíço salgado ","29",0,0,0,"29","3","Pix","","Lucas",""
"13584-2","Sale","03/15/2026 2:59 PM",2,2,"1xMilkshake 500ml, 1xCasquinha ","23",0,0,0,"23","6","Pix","","Lucas",""
"13585-2","Sale","03/15/2026 3:02 PM",2,2,"1xÁgua sem gás , 1xRefri 310ml","11",0,0,0,"11","1","Efectivo","","Lucas",""
"13586-2","Sale","03/15/2026 3:04 PM",3,3,"1xCasquinha , 1xCascão , 1xCrepe suíço salgado ","26",0,0,0,"26","15.8","Pix","","Lucas",""
"13587-2","Sale","03/15/2026 3:06 PM",1,1,"1xCrepe suíço salgado ","10",0,0,0,"10","2","Efectivo","","Lucas",""
"13588-2","Sale","03/15/2026 3:27 PM",3,5,"2xCascão , 1xMilkshake 300ml, 2xCasquinha ","43",0,0,0,"43","28.6","Efectivo","","Lucas",""
"13589-2","Sale","03/15/2026 3:39 PM",2,2,"1xChurros doce de leite , 1xChurros de chocolate ","20",0,0,0,"20","4","Tarjeta Débito","","Lucas",""
"13590-2","Sale","03/15/2026 3:50 PM",1,2,"2xMilkshake 400ml","28",0,0,0,"28","2","Pix","","Lucas",""
"13591-2","Sale","03/15/2026 3:52 PM",1,1,"1xMilkshake 500ml","16",0,0,0,"16",0,"Otros","","Lucas",""
"13592-2","Sale","03/15/2026 4:04 PM",2,3,"1xMilkshake 400ml, 2xCascão ","32",0,0,0,"32","16.6","Tarjeta Débito","","Lucas",""
"13593-2","Sale","03/15/2026 4:12 PM",1,1,"1xÁgua sem gás ","4",0,0,0,"4",0,"Tarjeta Débito","","Lucas",""
"13594-2","Sale","03/15/2026 4:14 PM",1,2,"2xCopo 150ml","14",0,0,0,"14","2","Efectivo","","Lucas",""
"13595-2","Sale","03/15/2026 4:15 PM",1,2,"2xCopo 200ml","18",0,0,0,"18","2","Tarjeta Crédito","","Lucas",""
"13596-2","Sale","03/15/2026 4:19 PM",2,2,"1xChurros de chocolate , 1xÁgua com gás ","14.5",0,0,0,"14.5","5.3","Tarjeta Crédito","","Lucas",""
"13597-2","Sale","03/15/2026 4:20 PM",1,2,"2xCascão ","18",0,0,0,"18","15.6","Efectivo","","Lucas",""
"13598-2","Sale","03/15/2026 4:23 PM",1,1,"1xCasquinha ","7",0,0,0,"7","6","Efectivo","","Lucas",""
"13599-2","Sale","03/15/2026 4:50 PM",2,3,"1xRefri 310ml, 2xCasquinha ","21",0,0,0,"21","13","Tarjeta Débito","","Lucas",""
"13600-2","Sale","03/15/2026 4:55 PM",1,2,"2xCascão ","18",0,0,0,"18","15.6","Tarjeta Débito","","Lucas",""
"13601-2","Sale","03/15/2026 5:02 PM",1,1,"1xMilkshake 400ml","14",0,0,0,"14","1","Pix","","Lucas",""
"13602-2","Sale","03/15/2026 5:07 PM",2,3,"2xCasquinha , 1xÁgua sem gás ","18",0,0,0,"18","12","Efectivo","","Lucas",""
"13603-2","Sale","03/15/2026 5:07 PM",2,2,"1xCrepe suíço salgado , 1xChurros de chocolate ","20",0,0,0,"20","4","Efectivo","","Lucas",""
"13604-2","Sale","03/15/2026 5:12 PM",1,2,"2xCasquinha ","14",0,0,0,"14","12","Efectivo","","Lucas",""
"13605-2","Sale","03/15/2026 5:14 PM",2,2,"1xMilkshake 300ml, 1xCrepe suíço salgado ","21",0,0,0,"21","3","Tarjeta Crédito","","Lucas",""
"13606-2","Sale","03/15/2026 5:21 PM",2,4,"2xChurros de chocolate , 2xMilkshake 300ml","42",0,0,0,"42","6","Pix","","Lucas",""
"13607-2","Sale","03/15/2026 5:39 PM",1,1,"1xMilkshake 300ml","11",0,0,0,"11","1","Pix","","Lucas",""
"13608-2","Sale","03/15/2026 5:40 PM",1,1,"1xCombo 1","15",0,0,0,"15","1","Pix","","Lucas",""
"13609-2","Sale","03/15/2026 5:43 PM",1,1,"1xCasquinha ","7",0,0,0,"7","6","Pix","","Lucas",""
"13610-2","Sale","03/15/2026 5:50 PM",1,2,"2xCrepe suíço salgado ","20",0,0,0,"20","4","Pix","","Lucas",""
"13611-2","Sale","03/15/2026 6:02 PM",1,1,"1xCopo 150ml","7",0,0,0,"7","1","Efectivo","","Lucas",""
"13612-2","Sale","03/15/2026 6:05 PM",1,3,"3xCascão ","27",0,0,0,"27","23.4","Efectivo","","Lucas",""
"13613-2","Sale","03/15/2026 6:11 PM",1,1,"1xÁgua com gás ","4.5",0,0,0,"4.5","3.3","Efectivo","","Lucas",""
"13614-2","Sale","03/15/2026 6:14 PM",1,2,"2xCascão ","18",0,0,0,"18","15.6","Efectivo","","Lucas",""
"13615-2","Sale","03/15/2026 6:16 PM",2,2,"1xMilkshake 300ml, 1xCopo 200ml","20",0,0,0,"20","2","Efectivo","","Lucas",""
"13616-2","Sale","03/15/2026 6:38 PM",1,3,"3xCasquinha ","21",0,0,0,"21","18","Tarjeta Crédito","","Lucas",""
"13617-2","Sale","03/15/2026 6:53 PM",2,3,"1xChurros de chocolate , 2xMilkshake 300ml","32",0,0,0,"32","4","Efectivo","","Lucas",""
"13619-2","Sale","03/16/2026 1:29 PM",1,1,"1xMilkshake 300ml","11",0,0,0,"11","1","Tarjeta Débito","","Lucas",""
"13620-2","Sale","03/16/2026 1:54 PM",1,1,"1xCasquinha ","7",0,0,0,"7","6","Tarjeta Débito","","Lucas",""
"13621-2","Sale","03/16/2026 2:24 PM",1,4,"4xChurros de chocolate ","40",0,0,0,"40","8","Tarjeta Crédito","","Lucas",""
"13622-2","Sale","03/16/2026 2:40 PM",1,1,"1xÁgua sem gás ","4",0,0,0,"4",0,"Pix","","Lucas",""
"13623-2","Sale","03/16/2026 2:40 PM",1,1,"1xCascão ","9",0,0,0,"9","7.8","Efectivo","","Lucas",""
"13624-2","Sale","03/16/2026 3:12 PM",1,1,"1xMilkshake 500ml","16",0,0,0,"16",0,"Pix","","Lucas",""
"13625-2","Sale","03/16/2026 3:23 PM",1,1,"1xCascão ","9",0,0,0,"9","7.8","Pix","","Lucas",""
"13626-2","Sale","03/16/2026 3:35 PM",1,2,"2xCasquinha ","14",0,0,0,"14","12","Efectivo","","Lucas",""
"13627-2","Sale","03/16/2026 3:39 PM",1,2,"2xCasquinha ","14",0,0,0,"14","12","Efectivo","","Lucas",""
"13628-2","Sale","03/16/2026 3:47 PM",1,1,"1xMilkshake 500ml","16",0,0,0,"16",0,"Tarjeta Crédito","","Lucas",""
"13629-2","Sale","03/16/2026 3:53 PM",2,2,"1xRefri 310ml, 1xÁgua com gás ","11.5",0,0,0,"11.5","4.3","Tarjeta Débito","","Lucas",""
"13630-2","Sale","03/16/2026 4:48 PM",1,1,"1xMilkshake 300ml","11",0,0,0,"11","1","Pix","","Lucas",""
"13631-2","Sale","03/16/2026 4:50 PM",1,2,"2xCasquinha ","14",0,0,0,"14","12","Efectivo","","Lucas",""
"13632-2","Sale","03/16/2026 4:50 PM",1,1,"1xCascão ","9",0,0,0,"9","7.8","Tarjeta Débito","","Lucas",""
"13633-2","Sale","03/16/2026 5:00 PM",1,2,"2xCasquinha ","14",0,0,0,"14","12","Efectivo","","Lucas",""
"13634-2","Sale","03/16/2026 5:01 PM",1,1,"1xCasquinha ","7",0,0,0,"7","6","Efectivo","","Lucas",""
"13635-2","Sale","03/16/2026 5:18 PM",1,1,"1xMilkshake 400ml","14",0,0,0,"14","1","Pix","","Lucas",""
"13636-2","Sale","03/16/2026 5:26 PM",3,6,"4xCrepe suíço salgado , 1xChurros doce de leite , 1xMilkshake 300ml","61",0,0,0,"61","11","Tarjeta Débito","","Lucas",""
"13637-2","Sale","03/16/2026 5:31 PM",1,2,"2xCascão ","18",0,0,0,"18","15.6","Pix","","Lucas",""
"13638-2","Sale","03/16/2026 6:08 PM",1,1,"1xCrepe suíço doce","11",0,0,0,"11","3","Pix","","Lucas",""
"13639-2","Sale","03/16/2026 6:20 PM",1,1,"1xCrepe suíço salgado ","10",0,0,0,"10","2","Pix","","Lucas",""
"13640-2","Sale","03/16/2026 6:30 PM",1,2,"2xCrepe suíço salgado ","20",0,0,0,"20","4","Pix","","Lucas",""
"13641-2","Sale","03/16/2026 7:01 PM",2,2,"1xCopo 200ml, 1xChurros doce de leite ","19",0,0,0,"19","3","Pix","","Lucas",""
"13642-2","Sale","03/16/2026 7:11 PM",2,2,"1xMilkshake 300ml, 1xCasquinha ","18",0,0,0,"18","7","Tarjeta Débito","","Lucas",""
"13643-2","Sale","03/17/2026 2:01 PM",1,1,"1xChurros de chocolate ","10",0,0,0,"10","2","Efectivo","","Lucas",""
"13644-2","Sale","03/17/2026 2:10 PM",1,1,"1xMilkshake 300ml","11",0,0,0,"11","1","Tarjeta Crédito","","Lucas",""
"13645-2","Sale","03/17/2026 2:13 PM",1,1,"1xCascão ","9",0,0,0,"9","7.8","Pix","","Lucas",""
"13646-2","Sale","03/17/2026 2:21 PM",1,3,"3xCascão ","27",0,0,0,"27","23.4","Efectivo","","Lucas",""
"13647-2","Sale","03/17/2026 3:14 PM",1,1,"1xCasquinha ","7",0,0,0,"7","6","Efectivo","","Lucas",""
"13648-2","Sale","03/17/2026 3:16 PM",1,1,"1xMilkshake 300ml","11",0,0,0,"11","1","Tarjeta Crédito","","Lucas",""
"13649-2","Sale","03/17/2026 3:50 PM",1,1,"1xCasquinha ","7",0,0,0,"7","6","Tarjeta Débito","","Lucas",""
"13650-2","Sale","03/17/2026 3:55 PM",1,1,"1xMilkshake 500ml","16",6,0,0,"10",0,"Efectivo","","Lucas",""
"13651-2","Sale","03/17/2026 4:19 PM",1,1,"1xMilkshake 300ml","11",0,0,0,"11","1","Pix","","Lucas",""
"13652-2","Sale","03/17/2026 4:19 PM",1,1,"1xChurros doce de leite ","10",0,0,0,"10","2","Efectivo","","Lucas",""
"13653-2","Sale","03/17/2026 4:21 PM",1,2,"2xCasquinha ","14",0,0,0,"14","12","Tarjeta Crédito","","Lucas",""
"13654-2","Sale","03/17/2026 4:41 PM",1,1,"1xCasquinha ","7",0,0,0,"7","6","Efectivo","","Lucas",""
"13655-2","Sale","03/17/2026 4:55 PM",1,1,"1xMilkshake 400ml","14",0,0,0,"14","1","Tarjeta Débito","","Lucas",""
"13656-2","Sale","03/17/2026 4:55 PM",1,1,"1xÁgua sem gás ","4",0,0,0,"4",0,"Efectivo","","Lucas",""
"13657-2","Sale","03/17/2026 5:02 PM",1,1,"1xCasquinha ","7",0,0,0,"7","6","Efectivo","","Lucas",""
"13658-2","Sale","03/17/2026 5:16 PM",1,1,"1xMilkshake 300ml","11",0,0,0,"11","1","Pix","","Lucas",""
"13659-2","Sale","03/17/2026 5:32 PM",1,1,"1xCasquinha ","7",0,0,0,"7","6","Pix","","Lucas",""
"13660-2","Sale","03/17/2026 5:33 PM",1,1,"1xÁgua sem gás ","4",0,0,0,"4",0,"Efectivo","","Lucas",""
"13661-2","Sale","03/17/2026 5:36 PM",1,1,"1xChurros doce de leite ","10",0,0,0,"10","2","Pix","","Lucas",""
"13662-2","Sale","03/17/2026 6:02 PM",1,2,"2xMilkshake 300ml","22",0,0,0,"22","2","Pix","","Lucas",""
"13663-2","Sale","03/17/2026 6:02 PM",1,2,"2xCascão ","18",0,0,0,"18","15.6","Efectivo","","Lucas",""
"13664-2","Sale","03/17/2026 6:06 PM",1,2,"2xMilkshake 300ml","22",0,0,0,"22","2","Tarjeta Débito","","Lucas",""
"13665-2","Sale","03/17/2026 6:06 PM",1,1,"1xCrepe suíço salgado ","10",0,0,0,"10","2","Tarjeta Crédito","","Lucas",""
"13666-2","Sale","03/17/2026 6:22 PM",1,1,"1xCopo 250ml","11",0,0,0,"11","1","Efectivo","","Lucas",""
"13667-2","Sale","03/17/2026 7:06 PM",2,2,"1xCrepe suíço salgado , 1xMilkshake 300ml","21",0,0,0,"21","3","Pix","","Lucas",""
"13668-2","Sale","03/17/2026 7:10 PM",1,1,"1xMilkshake 400ml","14",0,0,0,"14","1","Tarjeta Crédito","","Lucas",""
"13669-2","Sale","03/18/2026 1:56 PM",1,2,"2xCasquinha ","14",0,0,0,"14","12","Efectivo","","Lucas",""
"13670-2","Sale","03/18/2026 1:59 PM",1,1,"1xCasquinha ","7",0,0,0,"7","6","Tarjeta Débito","","Lucas",""
"13671-2","Sale","03/18/2026 2:20 PM",1,1,"1xCasquinha ","7",0,0,0,"7","6","Tarjeta Débito","","Lucas",""
"13672-2","Sale","03/18/2026 2:25 PM",1,1,"1xCasquinha ","7",0,0,0,"7","6","Pix","","Lucas",""
"13673-2","Sale","03/18/2026 2:27 PM",1,1,"1xCasquinha ","7",0,0,0,"7","6","Efectivo","","Lucas",""
"13674-2","Sale","03/18/2026 2:44 PM",1,1,"1xCascão ","9",4,0,0,"5","3.8","Efectivo","","Lucas",""
"13675-2","Sale","03/18/2026 2:46 PM",1,1,"1xRefri 310ml","7",0,0,0,"7","1","Otros","","Lucas",""
"13676-2","Sale","03/18/2026 2:55 PM",1,1,"1xCascão ","9",0,0,0,"9","7.8","Efectivo","","Lucas",""
"13677-2","Sale","03/18/2026 2:57 PM",1,1,"1xCasquinha ","7",0,0,0,"7","6","Efectivo","","Lucas",""
"13678-2","Sale","03/18/2026 2:58 PM",1,2,"2xMilkshake 500ml","32",12,0,0,"20",0,"Efectivo","","Lucas",""
"13679-2","Sale","03/18/2026 3:03 PM",1,1,"1xMilkshake 400ml","14",0,0,0,"14","1","Pix","","Lucas",""
"13680-2","Sale","03/18/2026 3:05 PM",1,1,"1xCasquinha ","7",0,0,0,"7","6","Pix","","Lucas",""
"13681-2","Sale","03/18/2026 3:05 PM",1,1,"1xChurros de chocolate ","10",0,0,0,"10","2","Efectivo","","Lucas",""
"13682-2","Sale","03/18/2026 3:09 PM",1,2,"2xRefri 310ml","14",0,0,0,"14","2","Efectivo","","Lucas",""
"13683-2","Sale","03/18/2026 3:36 PM",1,1,"1xMilkshake 400ml","14",0,0,0,"14","1","Pix","","Lucas",""
"13684-2","Sale","03/18/2026 3:48 PM",1,1,"1xMilkshake 300ml","11",0,0,0,"11","1","Efectivo","","Lucas",""
"13685-2","Sale","03/18/2026 3:56 PM",1,1,"1xCasquinha ","7",0,0,0,"7","6","Efectivo","","Lucas",""
"13686-2","Sale","03/18/2026 3:58 PM",1,1,"1xMilkshake 300ml","11",0,0,0,"11","1","Tarjeta Débito","","Lucas",""
"13687-2","Sale","03/18/2026 4:07 PM",1,1,"1xMilkshake 300ml","11",0,0,0,"11","1","Tarjeta Débito","","Lucas",""
"13689-2","Sale","03/18/2026 4:13 PM",1,1,"1xCasquinha ","7",0,0,0,"7","6","Pix","","Lucas",""
"13690-2","Sale","03/18/2026 4:22 PM",2,3,"1xCopo 200ml, 2xCascão ","27",0,0,0,"27","16.6","Tarjeta Crédito","","Lucas",""
"13691-2","Sale","03/18/2026 4:31 PM",1,2,"2xCascão ","18",0,0,0,"18","15.6","Pix","","Lucas",""
"13692-2","Sale","03/18/2026 4:36 PM",2,3,"1xMilkshake 400ml, 2xCasquinha ","28",0,0,0,"28","13","Pix","","Lucas",""
"13693-2","Sale","03/18/2026 5:18 PM",1,2,"2xMilkshake 500ml","32",0,0,0,"32",0,"Tarjeta Débito","","Lucas",""
"13694-2","Sale","03/18/2026 5:36 PM",1,1,"1xCasquinha ","7",0,0,0,"7","6","Tarjeta Débito","","Lucas",""
"13695-2","Sale","03/18/2026 5:39 PM",1,1,"1xCascão ","9",0,0,0,"9","7.8","Tarjeta Débito","","Lucas",""
"13696-2","Sale","03/18/2026 5:40 PM",1,1,"1xCrepe suíço salgado ","10",0,0,0,"10","2","Pix","","Lucas",""
"13697-2","Sale","03/18/2026 5:49 PM",1,1,"1xCopo 150ml","7",0,0,0,"7","1","Efectivo","","Lucas",""
"13698-2","Sale","03/18/2026 5:51 PM",1,1,"1xRefri 310ml","7",0,0,0,"7","1","Tarjeta Crédito","","Lucas",""
"13699-2","Sale","03/18/2026 6:05 PM",1,1,"1xCombo 1","15",0,0,0,"15","1","Tarjeta Crédito","","Lucas",""
"13700-2","Sale","03/18/2026 6:40 PM",1,2,"2xChurros doce de leite ","20",0,0,0,"20","4","Efectivo","","Lucas",""
"13701-2","Sale","03/18/2026 7:04 PM",1,1,"1xChurros de chocolate ","10",0,0,0,"10","2","Tarjeta Débito","","Lucas",""
"13702-2","Sale","03/18/2026 7:15 PM",1,1,"1xRefri 310ml","7",0,0,0,"7","1","Pix","","Lucas",""
"13703-2","Sale","03/18/2026 7:29 PM",1,2,"2xCasquinha ","14",0,0,0,"14","12","Tarjeta Débito","","Lucas",""
"13704-2","Sale","03/19/2026 1:45 PM",1,1,"1xCasquinha ","7",0,0,0,"7","6","Pix","","Lucas",""
"13705-2","Sale","03/19/2026 1:49 PM",1,2,"2xCasquinha ","14",0,0,0,"14","12","Tarjeta Débito","","Lucas",""
"13706-2","Sale","03/19/2026 1:50 PM",1,1,"1xCopo 250ml","11",0,0,0,"11","1","Pix","","Lucas",""
"13707-2","Sale","03/19/2026 1:55 PM",1,3,"3xCasquinha ","21",0,0,0,"21","18","Efectivo","","Lucas",""
"13708-2","Sale","03/19/2026 2:22 PM",1,1,"1xCopo 150ml","7",0,0,0,"7","1","Efectivo","","Lucas",""
"13709-2","Sale","03/19/2026 2:24 PM",1,2,"2xCopo 200ml","18",0,0,0,"18","2","Tarjeta Débito","","Lucas",""
"13710-2","Sale","03/19/2026 2:40 PM",1,2,"2xCascão ","18",0,0,0,"18","15.6","Tarjeta Crédito","","Lucas",""
"13711-2","Sale","03/19/2026 2:42 PM",1,1,"1xCopo 150ml","7",2,0,0,"5","-1","Efectivo","","Lucas",""
"13713-2","Sale","03/19/2026 2:46 PM",1,1,"1xCombo 1","15",0,0,0,"15","1","Tarjeta Débito","","Lucas",""
"13714-2","Sale","03/19/2026 2:59 PM",1,2,"2xMilkshake 300ml","22",0,0,0,"22","2","Tarjeta Débito","","Lucas",""
"13715-2","Sale","03/19/2026 3:14 PM",1,2,"2xCasquinha ","14",0,0,0,"14","12","Pix","","Lucas",""
"13716-2","Sale","03/19/2026 3:19 PM",1,2,"2xCasquinha ","14",0,0,0,"14","12","Efectivo","","Lucas",""
"13717-2","Sale","03/19/2026 3:26 PM",2,3,"2xCascão , 1xCasquinha ","25",0,0,0,"25","21.6","Tarjeta Débito","","Lucas",""
"13718-2","Sale","03/19/2026 3:40 PM",2,2,"1xMilkshake 300ml, 1xChurros de chocolate ","21",0,0,0,"21","3","Tarjeta Crédito","","Lucas",""
"13719-2","Sale","03/19/2026 4:33 PM",3,3,"1xCombo 2, 1xCombo 1, 1xCrepe suíço doce","42",0,0,0,"42","5","Pix","","Lucas",""
"13720-2","Sale","03/19/2026 4:46 PM",1,1,"1xCrepe suíço salgado ","10",0,0,0,"10","2","Efectivo","","Lucas",""
"13721-2","Sale","03/19/2026 4:55 PM",1,1,"1xMilkshake 400ml","14",0,0,0,"14","1","Tarjeta Crédito","","Lucas",""
"13722-2","Sale","03/19/2026 4:57 PM",3,3,"1xCopo 250ml, 1xCasquinha , 1xMilkshake 400ml","32",0,0,0,"32","8","Efectivo","","Lucas",""
"13723-2","Sale","03/19/2026 5:07 PM",1,1,"1xMilkshake 400ml","14",0,0,0,"14","1","Otros","","Lucas",""
"13724-2","Sale","03/19/2026 5:10 PM",1,2,"2xÁgua sem gás ","8",0,0,0,"8",0,"Efectivo","","Lucas",""
"13726-2","Sale","03/19/2026 5:15 PM",2,2,"1xCascão , 1xCasquinha ","16",0,0,0,"16","13.8","Efectivo","","Lucas",""
"13727-2","Sale","03/19/2026 5:43 PM",2,2,"1xChurros doce de leite , 1xCombo 1","25",0,0,0,"25","3","Otros","","Lucas",""
"13728-2","Sale","03/19/2026 5:44 PM",2,2,"1xCrepe suíço salgado , 1xChurros doce de leite ","20",0,0,0,"20","4","Tarjeta Crédito","","Lucas",""
"13729-2","Sale","03/19/2026 5:58 PM",2,2,"1xChurros doce de leite , 1xChurros de chocolate ","20",0,0,0,"20","4","Tarjeta Crédito","","Lucas",""
"13730-2","Sale","03/19/2026 6:24 PM",1,6,"6xCasquinha ","42",0,0,0,"42","36","Pix","","Lucas",""
"13731-2","Sale","03/19/2026 6:29 PM",1,1,"1xCasquinha ","7",0,0,0,"7","6","Pix","","Lucas",""
"13732-2","Sale","03/19/2026 6:40 PM",1,2,"2xCascão ","18",0,0,0,"18","15.6","Otros","","Lucas",""
"13733-2","Sale","03/19/2026 7:24 PM",1,2,"2xCasquinha ","14",0,0,0,"14","12","Pix","","Lucas",""
"13734-2","Sale","03/20/2026 1:34 PM",1,1,"1xCasquinha ","7",0,0,0,"7","6","Efectivo","","Lucas",""
"13735-2","Sale","03/20/2026 2:13 PM",1,2,"2xCasquinha ","14",0,0,0,"14","12","Efectivo","","Lucas",""
"13736-2","Sale","03/20/2026 2:15 PM",1,1,"1xMilkshake 300ml","11",0,0,0,"11","1","Efectivo","","Lucas",""
"13737-2","Sale","03/20/2026 2:41 PM",1,1,"1xÁgua com gás ","4.5",0.5,0,0,"4","2.8","Efectivo","","Lucas",""
"13738-2","Sale","03/20/2026 2:52 PM",1,1,"1xCascão ","9",0,0,0,"9","7.8","Efectivo","","Lucas",""
"13739-2","Sale","03/20/2026 2:57 PM",1,1,"1xCopo 200ml","9",4,0,0,"5","-3","Efectivo","","Lucas",""
"13740-2","Sale","03/20/2026 3:01 PM",1,2,"2xMilkshake 300ml","22",0,0,0,"22","2","Efectivo","","Lucas",""
"13741-2","Sale","03/20/2026 3:11 PM",2,3,"1xCasquinha , 2xCopo 150ml","21",0,0,0,"21","8","Pix","","Lucas",""
"13742-2","Sale","03/20/2026 3:11 PM",1,1,"1xÁgua sem gás ","4",2,0,0,"2",0,"Efectivo","","Lucas",""
"13743-2","Sale","03/20/2026 3:20 PM",1,1,"1xMilkshake 500ml","16",0,0,0,"16",0,"Efectivo","","Lucas",""
"13744-2","Sale","03/20/2026 3:22 PM",1,1,"1xÁgua sem gás ","4",0,0,0,"4",0,"Efectivo","","Lucas",""
"13745-2","Sale","03/20/2026 3:31 PM",2,2,"1xChurros de chocolate , 1xÁgua sem gás ","14",0,0,0,"14","2","Pix","","Lucas",""
"13746-2","Sale","03/20/2026 3:33 PM",1,2,"2xCascão ","18",0,0,0,"18","15.6","Efectivo","","Lucas",""
"13747-2","Sale","03/20/2026 3:36 PM",1,2,"2xMilkshake 300ml","22",0,0,0,"22","2","Pix","","Lucas",""
"13748-2","Sale","03/20/2026 3:36 PM",2,2,"1xCasquinha , 1xÁgua com gás ","11.5",0,0,0,"11.5","9.3","Efectivo","","Lucas",""
"13749-2","Sale","03/20/2026 3:52 PM",2,7,"3xCopo 150ml, 4xCascão ","57",0,0,0,"57","34.2","Tarjeta Débito","","Lucas",""
"13750-2","Sale","03/20/2026 3:58 PM",1,2,"2xCascão ","18",0,0,0,"18","15.6","Tarjeta Débito","","Lucas",""
"13751-2","Sale","03/20/2026 4:06 PM",1,4,"4xCasquinha ","28",0,0,0,"28","24","Efectivo","","Lucas",""
"13752-2","Sale","03/20/2026 4:08 PM",1,2,"2xCrepe suíço salgado ","20",0,0,0,"20","4","Tarjeta Crédito","","Lucas",""
"13753-2","Sale","03/20/2026 4:11 PM",1,2,"2xMilkshake 300ml","22",0,0,0,"22","2","Tarjeta Crédito","","Lucas",""
"13754-2","Sale","03/20/2026 4:23 PM",1,1,"1xÁgua com gás ","4.5",0,0,0,"4.5","3.3","Efectivo","","Lucas",""
"13755-2","Sale","03/20/2026 4:48 PM",1,1,"1xChurros doce de leite ","10",0,0,0,"10","2","Efectivo","","Lucas",""
"13756-2","Sale","03/20/2026 4:51 PM",1,2,"2xCascão ","18",0,0,0,"18","15.6","Efectivo","","Lucas",""
"13757-2","Sale","03/20/2026 4:52 PM",1,1,"1xCascão ","9",0,0,0,"9","7.8","Tarjeta Crédito","","Lucas",""
"13758-2","Sale","03/20/2026 4:54 PM",1,1,"1xMilkshake 300ml","11",0,0,0,"11","1","Tarjeta Crédito","","Lucas",""
"13759-2","Sale","03/20/2026 4:55 PM",1,1,"1xCascão ","9",0,0,0,"9","7.8","Tarjeta Crédito","","Lucas",""
"13760-2","Sale","03/20/2026 4:57 PM",1,1,"1xCasquinha ","7",0,0,0,"7","6","Tarjeta Crédito","","Lucas",""
"13761-2","Sale","03/20/2026 4:59 PM",1,2,"2xCasquinha ","14",0,0,0,"14","12","Tarjeta Débito","","Lucas",""
"13762-2","Sale","03/20/2026 5:02 PM",1,1,"1xCopo 200ml","9",0,0,0,"9","1","Efectivo","","Lucas",""
"13763-2","Sale","03/20/2026 5:04 PM",1,1,"1xRefri 310ml","7",0,0,0,"7","1","Efectivo","","Lucas",""
"13764-2","Sale","03/20/2026 5:18 PM",1,1,"1xCopo 150ml","7",0,0,0,"7","1","Tarjeta Crédito","","Lucas",""
"13765-2","Sale","03/20/2026 5:35 PM",1,1,"1xCasquinha ","7",0,0,0,"7","6","Efectivo","","Lucas",""
"13766-2","Sale","03/20/2026 5:43 PM",1,1,"1xMilkshake 500ml","16",0,0,0,"16",0,"Efectivo","","Lucas",""
"13767-2","Sale","03/20/2026 5:43 PM",1,1,"1xChurros de chocolate ","10",0,0,0,"10","2","Tarjeta Débito","","Lucas",""
"13768-2","Sale","03/20/2026 5:45 PM",2,2,"1xChurros de chocolate , 1xCasquinha ","17",0,0,0,"17","8","Tarjeta Débito","","Lucas",""
"13769-2","Sale","03/20/2026 5:47 PM",1,3,"3xCascão ","27",0,0,0,"27","23.4","Tarjeta Crédito","","Lucas",""
"13770-2","Sale","03/20/2026 6:00 PM",1,1,"1xMilkshake 400ml","14",0,0,0,"14","1","Tarjeta Débito","","Lucas",""
"13771-2","Sale","03/20/2026 6:16 PM",1,1,"1xCrepe suíço doce","11",0,0,0,"11","3","Venta a crédito","Ana","Lucas",""
"13772-2","Sale","03/20/2026 6:18 PM",1,3,"3xCasquinha ","21",0,0,0,"21","18","Tarjeta Crédito","","Lucas",""
"13773-2","Sale","03/20/2026 6:23 PM",1,2,"2xMilkshake 300ml","22",0,0,0,"22","2","Pix","","Lucas",""
"13774-2","Sale","03/20/2026 6:23 PM",1,1,"1xCascão ","9",0,0,0,"9","7.8","Otros","","Lucas",""
"13775-2","Sale","03/20/2026 6:25 PM",1,1,"1xCombo 1","15",0,0,0,"15","1","Otros","","Lucas",""
"13776-2","Sale","03/20/2026 6:45 PM",2,4,"3xCascão , 1xMilkshake 500ml","43",0,0,0,"43","23.4","Pix","","Lucas",""
"13777-2","Sale","03/20/2026 6:49 PM",2,4,"2xMilkshake 300ml, 2xChurros doce de leite ","42",0,0,0,"42","6","Pix","","Lucas",""
"13778-2","Sale","03/20/2026 6:56 PM",1,1,"1xCasquinha ","7",0,0,0,"7","6","Pix","","Lucas",""
"13779-2","Sale","03/20/2026 6:56 PM",1,1,"1xCasquinha ","7",0,0,0,"7","6","Pix","","Lucas",""
"13780-2","Sale","03/20/2026 7:01 PM",1,1,"1xCasquinha ","7",0,0,0,"7","6","Pix","","Lucas",""
"13781-2","Sale","03/20/2026 7:18 PM",1,1,"1xMilkshake 500ml","16",6,0,0,"10",0,"Efectivo","","Lucas",""
"13782-2","Sale","03/20/2026 7:31 PM",2,2,"1xMilkshake 300ml, 1xCascão ","20",1,0,0,"19","7.8","Efectivo","","Lucas",""
"13783-2","Sale","03/21/2026 10:56 AM",1,1,"1xCasquinha ","7",0,0,0,"7","6","Efectivo","","Lucas",""
"13784-2","Sale","03/21/2026 11:00 AM",1,1,"1xCascão ","9",0,0,0,"9","7.8","Efectivo","","Lucas",""
"13785-2","Sale","03/21/2026 11:21 AM",2,5,"4xCasquinha , 1xCascão ","37",0,0,0,"37","31.8","Tarjeta Débito","","Lucas",""
"13786-2","Sale","03/21/2026 11:23 AM",2,3,"2xCascão , 1xÁgua com gás ","22.5",0,0,0,"22.5","18.9","Efectivo","","Lucas",""
"13787-2","Sale","03/21/2026 11:29 AM",1,1,"1xCascão ","9",0,0,0,"9","7.8","Efectivo","","Lucas",""
"13788-2","Sale","03/21/2026 11:36 AM",1,1,"1xCasquinha ","7",0,0,0,"7","6","Efectivo","","Lucas",""
"13789-2","Sale","03/21/2026 11:52 AM",1,2,"2xMilkshake 300ml","22",0,0,0,"22","2","Tarjeta Débito","","Lucas",""
"13790-2","Sale","03/21/2026 11:58 AM",2,2,"1xÁgua sem gás , 1xÁgua com gás ","8.5",0,0,0,"8.5","3.3","Tarjeta Débito","","Lucas",""
"13791-2","Sale","03/21/2026 12:03 PM",1,1,"1xCasquinha ","7",0,0,0,"7","6","Tarjeta Débito","","Lucas",""
"13792-2","Sale","03/21/2026 12:13 PM",2,3,"2xChurros de chocolate , 1xChurros doce de leite ","30",0,0,0,"30","6","Pix","","Lucas",""
"13793-2","Sale","03/21/2026 12:25 PM",1,2,"2xCascão ","18",0,0,0,"18","15.6","Tarjeta Crédito","","Lucas",""
"13794-2","Sale","03/21/2026 12:43 PM",1,1,"1xMilkshake 300ml","11",0,0,0,"11","1","Tarjeta Débito","","Lucas",""
"13795-2","Sale","03/21/2026 1:35 PM",1,1,"1xCopo 150ml","7",0,0,0,"7","1","Pix","","Lucas",""
"13796-2","Sale","03/21/2026 1:37 PM",1,1,"1xCopo 150ml","7",0,0,0,"7","1","Pix","","Lucas",""
"13797-2","Sale","03/21/2026 1:38 PM",1,1,"1xCasquinha ","7",0,0,0,"7","6","Tarjeta Débito","","Lucas",""
"13798-2","Sale","03/21/2026 1:41 PM",1,1,"1xCopo 150ml","7",0,0,0,"7","1","Tarjeta Débito","","Lucas",""
"13799-2","Sale","03/21/2026 1:45 PM",1,2,"2xCascão ","18",0,0,0,"18","15.6","Tarjeta Débito","","Lucas",""
"13800-2","Sale","03/21/2026 1:48 PM",1,1,"1xCopo 250ml","11",0,0,0,"11","1","Tarjeta Débito","","Lucas",""
"13801-2","Sale","03/21/2026 2:07 PM",1,1,"1xMilkshake 500ml","16",0,0,0,"16",0,"Pix","","Lucas",""
"13802-2","Sale","03/21/2026 2:23 PM",2,2,"1xMilkshake 300ml, 1xMilkshake 500ml","27",0,0,0,"27","1","Tarjeta Débito","","Lucas",""
"13803-2","Sale","03/21/2026 2:24 PM",1,1,"1xCasquinha ","7",0,0,0,"7","6","Efectivo","","Lucas",""
"13804-2","Sale","03/21/2026 2:36 PM",1,1,"1xMilkshake 300ml","11",0,0,0,"11","1","Efectivo","","Lucas",""
"13805-2","Sale","03/21/2026 2:43 PM",2,2,"1xMilkshake 400ml, 1xMilkshake 500ml","30",0,0,0,"30","1","Efectivo","","Lucas",""
"13806-2","Sale","03/21/2026 2:47 PM",3,3,"1xCrepe suíço salgado , 1xCrepe suíço doce, 1xCasquinha ","28",0,0,0,"28","11","Tarjeta Débito","","Lucas",""
"13807-2","Sale","03/21/2026 2:53 PM",2,2,"1xCopo 150ml, 1xCascão ","16",0,0,0,"16","8.8","Efectivo","","Lucas",""
"13808-2","Sale","03/21/2026 3:09 PM",1,2,"2xCascão ","18",0,0,0,"18","15.6","Efectivo","","Lucas",""
"13809-2","Sale","03/21/2026 3:12 PM",2,3,"1xMilkshake 400ml, 2xMilkshake 300ml","36",0,0,0,"36","3","Pix","","Lucas",""
"13810-2","Sale","03/21/2026 3:17 PM",1,1,"1xCasquinha ","7",0,0,0,"7","6","Efectivo","","Lucas",""
"13811-2","Sale","03/21/2026 3:20 PM",1,1,"1xMilkshake 300ml","11",0,0,0,"11","1","Pix","","Lucas",""
"13812-2","Sale","03/21/2026 3:24 PM",1,3,"3xMilkshake 300ml","33",0,0,0,"33","3","Tarjeta Crédito","","Lucas",""
"13813-2","Sale","03/21/2026 3:25 PM",1,1,"1xCasquinha ","7",0,0,0,"7","6","Tarjeta Débito","","Lucas",""
"13814-2","Sale","03/21/2026 3:36 PM",1,1,"1xMilkshake 300ml","11",0,0,0,"11","1","Efectivo","","Lucas",""
"13815-2","Sale","03/21/2026 3:36 PM",1,1,"1xMilkshake 500ml","16",6,0,0,"10",0,"Efectivo","","Lucas",""
"13816-2","Sale","03/21/2026 3:39 PM",2,3,"1xCasquinha , 2xCascão ","25",0,0,0,"25","21.6","Efectivo","","Lucas",""
"13817-2","Sale","03/21/2026 3:39 PM",1,1,"1xÁgua sem gás ","4",0,0,0,"4",0,"Pix","","Lucas",""
"13818-2","Sale","03/21/2026 3:48 PM",1,1,"1xCasquinha ","7",0,0,0,"7","6","Efectivo","","Lucas",""
"13819-2","Sale","03/21/2026 3:57 PM",1,1,"1xMilkshake 300ml","11",0,0,0,"11","1","Pix","","Lucas",""
"13820-2","Sale","03/21/2026 3:59 PM",1,1,"1xCasquinha ","7",0,0,0,"7","6","Tarjeta Crédito","","Lucas",""
"13821-2","Sale","03/21/2026 4:01 PM",1,1,"1xMilkshake 400ml","14",0,0,0,"14","1","Tarjeta Crédito","","Lucas",""
"13822-2","Sale","03/21/2026 4:06 PM",1,1,"1xÁgua sem gás ","4",0,0,0,"4",0,"Tarjeta Crédito","","Lucas",""
"13823-2","Sale","03/21/2026 4:19 PM",1,1,"1xCopo 200ml","9",0,0,0,"9","1","Efectivo","","Lucas",""
"13824-2","Sale","03/21/2026 4:20 PM",2,3,"1xMilkshake 300ml, 2xCasquinha ","25",0,0,0,"25","13","Tarjeta Crédito","","Lucas",""
"13825-2","Sale","03/21/2026 4:30 PM",1,1,"1xMilkshake 500ml","16",0,0,0,"16",0,"Tarjeta Débito","","Lucas",""
"13826-2","Sale","03/21/2026 4:41 PM",1,2,"2xCasquinha ","14",0,0,0,"14","12","Pix","","Lucas",""
"13827-2","Sale","03/21/2026 4:42 PM",1,1,"1xMilkshake 300ml","11",0,0,0,"11","1","Pix","","Lucas",""
"13828-2","Sale","03/21/2026 4:43 PM",1,2,"2xCasquinha ","14",0,0,0,"14","12","Efectivo","","Lucas",""
"13829-2","Sale","03/21/2026 4:47 PM",2,2,"1xCombo 1, 1xMilkshake 400ml","29",0,0,0,"29","2","Tarjeta Débito","","Lucas",""
"13830-2","Sale","03/21/2026 4:52 PM",1,1,"1xMilkshake 500ml","16",0,0,0,"16",0,"Pix","","Lucas",""
"13831-2","Sale","03/21/2026 4:57 PM",1,1,"1xÁgua sem gás ","4",0,0,0,"4",0,"Tarjeta Débito","","Lucas",""
"13832-2","Sale","03/21/2026 4:59 PM",1,1,"1xCasquinha ","7",0,0,0,"7","6","Tarjeta Débito","","Lucas",""
"13833-2","Sale","03/21/2026 5:06 PM",2,2,"1xMilkshake 300ml, 1xCopo 150ml","18",0,0,0,"18","2","Pix","","Lucas",""
"13834-2","Sale","03/21/2026 5:10 PM",2,2,"1xMilkshake 300ml, 1xCasquinha ","18",0,0,0,"18","7","Efectivo","","Lucas",""
"13835-2","Sale","03/21/2026 5:33 PM",1,1,"1xMilkshake 300ml","11",0,0,0,"11","1","Efectivo","","Lucas",""
"13836-2","Sale","03/21/2026 5:52 PM",1,3,"3xCasquinha ","21",0,0,0,"21","18","Tarjeta Crédito","","Lucas",""
"13837-2","Sale","03/21/2026 5:55 PM",1,1,"1xCasquinha ","7",0,0,0,"7","6","Pix","","Lucas",""
"13838-2","Sale","03/21/2026 5:57 PM",1,1,"1xÁgua sem gás ","4",0,0,0,"4",0,"Tarjeta Crédito","","Lucas",""
"13839-2","Sale","03/21/2026 5:58 PM",1,1,"1xÁgua sem gás ","4",0,0,0,"4",0,"Efectivo","","Lucas",""
"13840-2","Sale","03/21/2026 6:02 PM",2,2,"1xCascão , 1xCasquinha ","16",0,0,0,"16","13.8","Pix","","Lucas",""
"13841-2","Sale","03/21/2026 6:43 PM",1,1,"1xCrepe suíço salgado ","10",0,0,0,"10","2","Pix","","Lucas",""
"13842-2","Sale","03/21/2026 6:45 PM",1,1,"1xCombo 1","15",0,0,0,"15","1","Otros","","Lucas",""
"13843-2","Sale","03/21/2026 6:49 PM",2,2,"1xMilkshake 400ml, 1xCasquinha ","21",0,0,0,"21","7","Pix","","Lucas",""
"13844-2","Sale","03/21/2026 6:50 PM",1,2,"2xÁgua sem gás ","8",0,0,0,"8",0,"Tarjeta Débito","","Lucas",""
"13845-2","Sale","03/21/2026 7:20 PM",1,2,"2xÁgua sem gás ","8",0,0,0,"8",0,"Efectivo","","Lucas",""
"13846-2","Sale","03/22/2026 3:37 PM",1,1,"1xChurros de chocolate ","10",0,0,0,"10","2","Efectivo","","Lucas",""
"13847-2","Sale","03/22/2026 3:45 PM",2,2,"1xCascão , 1xÁgua sem gás ","13",0,0,0,"13","7.8","Efectivo","","Lucas",""
"13848-2","Sale","03/22/2026 3:47 PM",1,1,"1xCascão ","9",0,0,0,"9","7.8","Otros","","Lucas",""
"13849-2","Sale","03/22/2026 3:48 PM",1,1,"1xMilkshake 500ml","16",0,0,0,"16",0,"Otros","","Lucas",""
"13850-2","Sale","03/22/2026 3:56 PM",1,1,"1xCasquinha ","7",0,0,0,"7","6","Tarjeta Crédito","","Lucas",""
"13851-2","Sale","03/22/2026 4:02 PM",2,2,"1xCasquinha , 1xÁgua com gás ","11.5",0,0,0,"11.5","9.3","Tarjeta Crédito","","Lucas",""
"13852-2","Sale","03/22/2026 4:02 PM",1,2,"2xÁgua com gás ","9",0,0,0,"9","6.6","Tarjeta Débito","","Lucas",""
"13853-2","Sale","03/22/2026 4:04 PM",2,4,"1xChurros doce de leite , 3xMilkshake 400ml","52",0,0,0,"52","5","Efectivo","","Lucas",""
"13854-2","Sale","03/22/2026 4:12 PM",1,2,"2xCasquinha ","14",0,0,0,"14","12","Pix","","Lucas",""
"13855-2","Sale","03/22/2026 4:15 PM",1,1,"1xCasquinha ","7",0,0,0,"7","6","Efectivo","","Lucas",""
"13856-2","Sale","03/22/2026 4:16 PM",1,1,"1xCasquinha ","7",0,0,0,"7","6","Tarjeta Débito","","Lucas",""
"13857-2","Sale","03/22/2026 4:22 PM",1,1,"1xCopo 200ml","9",0,0,0,"9","1","Tarjeta Débito","","Lucas",""
"13858-2","Sale","03/22/2026 4:34 PM",1,2,"2xCasquinha ","14",0,0,0,"14","12","Pix","","Lucas",""
"13859-2","Sale","03/22/2026 4:42 PM",2,4,"3xCasquinha , 1xMilkshake 300ml","32",0,0,0,"32","19","Tarjeta Débito","","Lucas",""
"13860-2","Sale","03/22/2026 4:46 PM",1,2,"2xÁgua sem gás ","8",0,0,0,"8",0,"Pix","","Lucas",""
"13861-2","Sale","03/22/2026 4:47 PM",1,1,"1xÁgua sem gás ","4",0,0,0,"4",0,"Tarjeta Débito","","Lucas",""
"13862-2","Sale","03/22/2026 5:06 PM",2,4,"2xChurros de chocolate , 2xMilkshake 500ml","52",0,0,0,"52","4","Efectivo","","Lucas",""
"13863-2","Sale","03/22/2026 5:28 PM",1,4,"4xCasquinha ","28",0,0,0,"28","24","Pix","","Lucas",""
"13864-2","Sale","03/22/2026 5:33 PM",2,4,"3xCascão , 1xMilkshake 400ml","41",0,0,0,"41","24.4","Tarjeta Crédito","","Lucas",""
"13865-2","Sale","03/22/2026 5:37 PM",1,2,"2xCasquinha ","14",0,0,0,"14","12","Tarjeta Débito","","Lucas",""
"13866-2","Sale","03/22/2026 5:38 PM",1,2,"2xCasquinha ","14",0,0,0,"14","12","Efectivo","","Lucas",""
"13867-2","Sale","03/22/2026 5:40 PM",2,2,"1xCopo 200ml, 1xCascão ","18",0,0,0,"18","8.8","Tarjeta Crédito","","Lucas",""
"13868-2","Sale","03/22/2026 5:42 PM",1,1,"1xCasquinha ","7",0,0,0,"7","6","Tarjeta Débito","","Lucas",""
"13869-2","Sale","03/22/2026 5:48 PM",2,2,"1xMilkshake 300ml, 1xÁgua sem gás ","15",0,0,0,"15","1","Efectivo","","Lucas",""
"13870-2","Sale","03/22/2026 6:02 PM",2,2,"1xCrepe suíço salgado , 1xCrepe suíço doce","21",0,0,0,"21","5","Tarjeta Crédito","","Lucas",""
"13871-2","Sale","03/22/2026 6:08 PM",1,2,"2xCasquinha ","14",0,0,0,"14","12","Pix","","Lucas",""
"13872-2","Sale","03/23/2026 1:38 PM",2,2,"1xCombo 1, 1xCrepe suíço salgado ","25",0,0,0,"25","3","Otros","","Lucas",""
"13873-2","Sale","03/23/2026 1:45 PM",1,1,"1xÁgua com gás ","4.5",0,0,0,"4.5","3.3","Efectivo","","Lucas",""
"13874-2","Sale","03/23/2026 1:58 PM",1,4,"4xCasquinha ","28",0,0,0,"28","24","Tarjeta Crédito","","Lucas",""
"13875-2","Sale","03/23/2026 2:18 PM",1,2,"2xMilkshake 300ml","22",0,0,0,"22","2","Tarjeta Débito","","Lucas",""
"13876-2","Sale","03/23/2026 2:31 PM",1,1,"1xCasquinha ","7",0,0,0,"7","6","Efectivo","","Lucas",""
"13877-2","Sale","03/23/2026 2:37 PM",1,2,"2xMilkshake 400ml","28",0,0,0,"28","2","Pix","","Lucas",""
"13878-2","Sale","03/23/2026 2:39 PM",1,1,"1xCrepe suíço salgado ","10",0,0,0,"10","2","Efectivo","","Lucas",""
"13879-2","Sale","03/23/2026 2:45 PM",2,3,"1xCascão , 2xCasquinha ","23",0,0,0,"23","19.8","Tarjeta Débito","","Lucas",""
"13880-2","Sale","03/23/2026 2:59 PM",1,2,"2xMilkshake 300ml","22",0,0,0,"22","2","Tarjeta Débito","","Lucas",""
"13881-2","Sale","03/23/2026 3:21 PM",1,1,"1xCascão ","9",0,0,0,"9","7.8","Efectivo","","Lucas",""
"13882-2","Sale","03/23/2026 3:21 PM",1,1,"1xCascão ","9",0,0,0,"9","7.8","Efectivo","","Lucas",""
"13883-2","Sale","03/23/2026 3:32 PM",1,1,"1xÁgua sem gás ","4",0,0,0,"4",0,"Efectivo","","Lucas",""
"13884-2","Sale","03/23/2026 3:36 PM",1,1,"1xCasquinha ","7",0,0,0,"7","6","Pix","","Lucas",""
"13885-2","Sale","03/23/2026 3:42 PM",1,1,"1xMilkshake 500ml","16",0,0,0,"16",0,"Pix","","Lucas",""
"13886-2","Sale","03/23/2026 3:43 PM",1,1,"1xChurros doce de leite ","10",0,0,0,"10","2","Efectivo","","Lucas",""
"13887-2","Sale","03/23/2026 3:44 PM",1,1,"1xCascão ","9",0,0,0,"9","7.8","Tarjeta Crédito","","Lucas",""
"13888-2","Sale","03/23/2026 3:58 PM",1,1,"1xCascão ","9",0,0,0,"9","7.8","Efectivo","","Lucas",""
"13889-2","Sale","03/23/2026 4:08 PM",1,1,"1xCasquinha ","7",0,0,0,"7","6","Tarjeta Débito","","Lucas",""
"13890-2","Sale","03/23/2026 4:14 PM",1,1,"1xÁgua com gás ","4.5",0,0,0,"4.5","3.3","Tarjeta Débito","","Lucas",""
"13891-2","Sale","03/23/2026 4:17 PM",1,2,"2xCascão ","18",0,0,0,"18","15.6","Efectivo","","Lucas",""
"13892-2","Sale","03/23/2026 4:20 PM",1,1,"1xRefri 310ml","7",0,0,0,"7","1","Tarjeta Crédito","","Lucas",""
"13893-2","Sale","03/23/2026 4:25 PM",2,2,"1xChurros de chocolate , 1xCopo 200ml","19",0,0,0,"19","3","Efectivo","","Lucas",""
"13894-2","Sale","03/23/2026 4:50 PM",1,1,"1xÁgua sem gás ","4",0,0,0,"4",0,"Pix","","Lucas",""
"13895-2","Sale","03/23/2026 4:50 PM",1,1,"1xMilkshake 500ml","16",6,0,0,"10",0,"Efectivo","","Lucas",""
"13896-2","Sale","03/23/2026 4:58 PM",1,1,"1xMilkshake 400ml","14",0,0,0,"14","1","Pix","","Lucas",""
"13897-2","Sale","03/23/2026 5:12 PM",1,1,"1xCascão ","9",0,0,0,"9","7.8","Tarjeta Débito","","Lucas",""
"13898-2","Sale","03/23/2026 5:15 PM",2,2,"1xMilkshake 500ml, 1xMilkshake 300ml","27",0,0,0,"27","1","Pix","","Lucas",""
"13899-2","Sale","03/23/2026 5:22 PM",1,1,"1xChurros de chocolate ","10",0,0,0,"10","2","Pix","","Lucas",""
"13900-2","Sale","03/23/2026 5:48 PM",2,2,"1xCascão , 1xÁgua sem gás ","13",0,0,0,"13","7.8","Tarjeta Débito","","Lucas",""
"13901-2","Sale","03/23/2026 6:06 PM",1,1,"1xMilkshake 300ml","11",0,0,0,"11","1","Tarjeta Débito","","Lucas",""
"13902-2","Sale","03/23/2026 6:18 PM",1,1,"1xÁgua sem gás ","4",0,0,0,"4",0,"Tarjeta Débito","","Lucas",""
"13903-2","Sale","03/23/2026 6:30 PM",1,2,"2xCascão ","18",0,0,0,"18","15.6","Tarjeta Débito","","Lucas",""
"13904-2","Sale","03/23/2026 6:33 PM",1,1,"1xRefri 310ml","7",0,0,0,"7","1","Tarjeta Débito","","Lucas",""
"13905-2","Sale","03/23/2026 6:51 PM",2,2,"1xÁgua sem gás , 1xCasquinha ","11",0,0,0,"11","6","Pix","","Lucas",""
"13906-2","Sale","03/23/2026 7:08 PM",1,1,"1xRefri 310ml","7",2,0,0,"5","-1","Efectivo","","Lucas",""
"13907-2","Sale","03/24/2026 1:37 PM",1,2,"2xChurros de chocolate ","20",0,0,0,"20","4","Efectivo","","Lucas",""
"13908-2","Sale","03/24/2026 1:42 PM",1,1,"1xCasquinha ","7",0,0,0,"7","6","Pix","","Lucas",""
"13909-2","Sale","03/24/2026 1:42 PM",1,1,"1xCasquinha ","7",0,0,0,"7","6","Pix","","Lucas",""
"13910-2","Sale","03/24/2026 1:45 PM",1,1,"1xCasquinha ","7",0,0,0,"7","6","Efectivo","","Lucas",""
"13911-2","Sale","03/24/2026 1:50 PM",1,2,"2xCasquinha ","14",0,0,0,"14","12","Efectivo","","Lucas",""
"13912-2","Sale","03/24/2026 1:59 PM",1,1,"1xRefri 310ml","7",0,0,0,"7","1","Tarjeta Crédito","","Lucas",""
"13913-2","Sale","03/24/2026 2:13 PM",1,1,"1xCrepe suíço doce","11",0,0,0,"11","3","Efectivo","","Lucas",""
"13914-2","Sale","03/24/2026 2:17 PM",1,1,"1xChurros de chocolate ","10",0,0,0,"10","2","Efectivo","","Lucas",""
"13915-2","Sale","03/24/2026 2:17 PM",1,1,"1xChurros de chocolate ","10",0,0,0,"10","2","Efectivo","","Lucas",""
"13916-2","Sale","03/24/2026 2:18 PM",1,1,"1xCrepe suíço salgado ","10",0,0,0,"10","2","Efectivo","","Lucas",""
"13917-2","Sale","03/24/2026 3:07 PM",1,1,"1xMilkshake 400ml","14",0,0,0,"14","1","Efectivo","","Lucas",""
"13918-2","Sale","03/24/2026 3:09 PM",1,1,"1xCombo 1","15",0,0,0,"15","1","Tarjeta Crédito","","Lucas",""
"13919-2","Sale","03/24/2026 3:17 PM",1,1,"1xCasquinha ","7",0,0,0,"7","6","Tarjeta Crédito","","Lucas",""
"13920-2","Sale","03/24/2026 3:19 PM",1,1,"1xCascão ","9",0,0,0,"9","7.8","Efectivo","","Lucas",""
"13921-2","Sale","03/24/2026 3:26 PM",1,2,"2xCasquinha ","14",0,0,0,"14","12","Tarjeta Débito","","Lucas",""
"13922-2","Sale","03/24/2026 3:29 PM",2,2,"1xCascão , 1xCasquinha ","16",0,0,0,"16","13.8","Efectivo","","Lucas",""
"13923-2","Sale","03/24/2026 3:30 PM",1,2,"2xCasquinha ","14",0,0,0,"14","12","Tarjeta Débito","","Lucas",""
"13924-2","Sale","03/24/2026 3:31 PM",1,1,"1xCascão ","9",0,0,0,"9","7.8","Efectivo","","Lucas",""
"13925-2","Sale","03/24/2026 3:37 PM",1,1,"1xRefri 310ml","7",0,0,0,"7","1","Tarjeta Crédito","","Lucas",""
"13926-2","Sale","03/24/2026 3:40 PM",1,1,"1xCascão ","9",0,0,0,"9","7.8","Efectivo","","Lucas",""
"13927-2","Sale","03/24/2026 3:58 PM",1,1,"1xMilkshake 300ml","11",0,0,0,"11","1","Pix","","Lucas",""
"13928-2","Sale","03/24/2026 4:12 PM",1,2,"2xChurros de chocolate ","20",0,0,0,"20","4","Pix","","Lucas",""
"13929-2","Sale","03/24/2026 4:24 PM",1,2,"2xCopo 150ml","14",0,0,0,"14","2","Efectivo","","Lucas",""
"13930-2","Sale","03/24/2026 4:30 PM",1,1,"1xRefri 310ml","7",0,0,0,"7","1","Tarjeta Débito","","Lucas",""
"13931-2","Sale","03/24/2026 4:32 PM",1,1,"1xCascão ","9",0,0,0,"9","7.8","Tarjeta Débito","","Lucas",""
"13932-2","Sale","03/24/2026 4:42 PM",1,1,"1xCrepe suíço salgado ","10",0,0,0,"10","2","Pix","","Lucas",""
"13933-2","Sale","03/24/2026 5:02 PM",1,2,"2xMilkshake 300ml","22",0,0,0,"22","2","Tarjeta Crédito","","Lucas",""
"13934-2","Sale","03/24/2026 5:17 PM",1,1,"1xÁgua com gás ","4.5",0,0,0,"4.5","3.3","Efectivo","","Lucas",""
"13935-2","Sale","03/24/2026 5:27 PM",1,3,"3xMilkshake 300ml","33",0,0,0,"33","3","Efectivo","","Lucas",""
"13936-2","Sale","03/24/2026 5:41 PM",3,3,"1xChurros de chocolate , 1xCombo 1, 1xCrepe suíço salgado ","35",10,0,0,"25","-5","Pix","","Lucas",""
"13937-2","Sale","03/24/2026 5:47 PM",2,3,"2xCrepe suíço salgado , 1xCrepe suíço doce","31",0,0,0,"31","7","Efectivo","","Lucas",""
"13938-2","Sale","03/24/2026 5:48 PM",1,1,"1xCombo 1","15",0,0,0,"15","1","Otros","","Lucas",""
"13939-2","Sale","03/24/2026 5:57 PM",1,1,"1xCascão ","9",0,0,0,"9","7.8","Efectivo","","Lucas",""
"13940-2","Sale","03/24/2026 6:04 PM",2,2,"1xCrepe suíço salgado , 1xChurros de chocolate ","20",0,0,0,"20","4","Efectivo","","Lucas",""
"13941-2","Sale","03/24/2026 6:06 PM",2,2,"1xCrepe suíço salgado , 1xCasquinha ","17",0,0,0,"17","8","Efectivo","","Lucas",""
"13942-2","Sale","03/24/2026 6:08 PM",1,1,"1xMilkshake 400ml","14",0,0,0,"14","1","Efectivo","","Lucas",""
"13943-2","Sale","03/24/2026 6:18 PM",1,2,"2xCopo 250ml","22",0,0,0,"22","2","Tarjeta Débito","","Lucas",""
"13944-2","Sale","03/24/2026 6:19 PM",1,3,"3xChurros de chocolate ","30",0,0,0,"30","6","Efectivo","","Lucas",""
"13946-2","Sale","03/24/2026 6:30 PM",1,1,"1xChurros de chocolate ","10",0,0,0,"10","2","Otros","","Lucas",""
"13947-2","Sale","03/24/2026 6:56 PM",1,2,"2xCrepe suíço salgado ","20",0,0,0,"20","4","Efectivo","","Lucas",""
"13948-2","Sale","03/24/2026 7:02 PM",1,2,"2xCasquinha ","14",0,0,0,"14","12","Efectivo","","Lucas",""
"13949-2","Sale","03/24/2026 7:08 PM",1,1,"1xChurros doce de leite ","10",0,0,0,"10","2","Pix","","Lucas",""
"13950-2","Sale","03/24/2026 7:13 PM",1,1,"1xÁgua sem gás ","4",0,0,0,"4",0,"Efectivo","","Lucas",""
"13951-2","Sale","03/25/2026 2:00 PM",1,2,"2xCopo 150ml","14",0,0,0,"14","2","Efectivo","","Lucas",""
"13952-2","Sale","03/25/2026 2:13 PM",1,1,"1xCasquinha ","7",0,0,0,"7","6","Efectivo","","Lucas",""
"13953-2","Sale","03/25/2026 2:31 PM",1,1,"1xMilkshake 500ml","16",0,0,0,"16",0,"Tarjeta Débito","","Lucas",""
"13954-2","Sale","03/25/2026 2:34 PM",1,1,"1xCasquinha ","7",0,0,0,"7","6","Efectivo","","Lucas",""
"13955-2","Sale","03/25/2026 2:44 PM",1,1,"1xCasquinha ","7",0,0,0,"7","6","Efectivo","","Lucas",""
"13956-2","Sale","03/25/2026 2:45 PM",2,2,"1xCasquinha , 1xÁgua com gás ","11.5",0,0,0,"11.5","9.3","Pix","","Lucas",""
"13957-2","Sale","03/25/2026 2:46 PM",1,1,"1xCopo 250ml","11",0,0,0,"11","1","Tarjeta Crédito","","Lucas",""
"13958-2","Sale","03/25/2026 3:03 PM",1,1,"1xCasquinha ","7",0,0,0,"7","6","Tarjeta Crédito","","Lucas",""
"13959-2","Sale","03/25/2026 3:08 PM",1,1,"1xMilkshake 400ml","14",0,0,0,"14","1","Pix","","Lucas",""
"13960-2","Sale","03/25/2026 3:19 PM",1,2,"2xMilkshake 300ml","22",0,0,0,"22","2","Pix","","Lucas",""
"13961-2","Sale","03/25/2026 3:21 PM",1,1,"1xMilkshake 300ml","11",0,0,0,"11","1","Tarjeta Débito","","Lucas",""
"13962-2","Sale","03/25/2026 3:24 PM",1,1,"1xMilkshake 300ml","11",0,0,0,"11","1","Pix","","Lucas",""
"13963-2","Sale","03/25/2026 3:25 PM",1,1,"1xCascão ","9",0,0,0,"9","7.8","Pix","","Lucas",""
"13964-2","Sale","03/25/2026 3:26 PM",1,1,"1xCasquinha ","7",0,0,0,"7","6","Pix","","Lucas",""
"13965-2","Sale","03/25/2026 3:27 PM",1,1,"1xCascão ","9",0,0,0,"9","7.8","Efectivo","","Lucas",""
"13966-2","Sale","03/25/2026 3:28 PM",1,1,"1xCasquinha ","7",0,0,0,"7","6","Efectivo","","Lucas",""
"13967-2","Sale","03/25/2026 3:32 PM",2,2,"1xÁgua sem gás , 1xÁgua com gás ","8.5",0,0,0,"8.5","3.3","Efectivo","","Lucas",""
"13968-2","Sale","03/25/2026 3:37 PM",1,1,"1xMilkshake 500ml","16",0,0,0,"16",0,"Tarjeta Crédito","","Lucas",""
"13969-2","Sale","03/25/2026 3:38 PM",1,1,"1xÁgua sem gás ","4",0,0,0,"4",0,"Tarjeta Débito","","Lucas",""
"13970-2","Sale","03/25/2026 3:39 PM",2,2,"1xÁgua sem gás , 1xÁgua com gás ","8.5",0,0,0,"8.5","3.3","Pix","","Lucas",""
"13971-2","Sale","03/25/2026 3:51 PM",1,1,"1xCopo 150ml","7",0,0,0,"7","1","Efectivo","","Lucas",""
"13972-2","Sale","03/25/2026 3:57 PM",1,1,"1xCopo 200ml","9",0,0,0,"9","1","Tarjeta Débito","","Lucas",""
"13973-2","Sale","03/25/2026 3:58 PM",1,1,"1xCopo 250ml","11",0,0,0,"11","1","Tarjeta Débito","","Lucas",""
"13974-2","Sale","03/25/2026 4:01 PM",1,1,"1xMilkshake 500ml","16",0,0,0,"16",0,"Tarjeta Débito","","Lucas",""
"13975-2","Sale","03/25/2026 4:11 PM",1,1,"1xCascão ","9",0,0,0,"9","7.8","Pix","","Lucas",""
"13976-2","Sale","03/25/2026 4:13 PM",2,2,"1xCasquinha , 1xCopo 150ml","14",0,0,0,"14","7","Pix","","Lucas",""
"13977-2","Sale","03/25/2026 4:15 PM",1,1,"1xCasquinha ","7",0,0,0,"7","6","Tarjeta Débito","","Lucas",""
"13978-2","Sale","03/25/2026 4:20 PM",1,1,"1xMilkshake 500ml","16",0,0,0,"16",0,"Tarjeta Débito","","Lucas",""
"13979-2","Sale","03/25/2026 4:29 PM",1,1,"1xCasquinha ","7",0,0,0,"7","6","Pix","","Lucas",""
"13980-2","Sale","03/25/2026 4:35 PM",1,1,"1xCombo 2","16",0,0,0,"16","1","Otros","","Lucas",""
"13981-2","Sale","03/25/2026 4:42 PM",1,1,"1xCasquinha ","7",0,0,0,"7","6","Pix","","Lucas",""
"13982-2","Sale","03/25/2026 4:45 PM",2,2,"1xCopo 150ml, 1xCasquinha ","14",0,0,0,"14","7","Tarjeta Débito","","Lucas",""
"13983-2","Sale","03/25/2026 4:55 PM",1,2,"2xCascão ","18",0,0,0,"18","15.6","Efectivo","","Lucas",""
"13984-2","Sale","03/25/2026 4:59 PM",1,2,"2xCasquinha ","14",0,0,0,"14","12","Efectivo","","Lucas",""
"13985-2","pendiente","03/25/2026 5:08 PM",2,2,"1xChurros de chocolate , 1xCasquinha ","17",0,0,0,"17","8","Tarjeta Débito","","Lucas",""
"13986-2","Sale","03/25/2026 5:08 PM",1,1,"1xCascão ","9",0,0,0,"9","7.8","Tarjeta Débito","","Lucas",""
"13987-2","confirmado","03/25/2026 5:10 PM",2,2,"1xCasquinha , 1xCascão ","16",0,0,0,"16","13.8","Efectivo","","Lucas",""
"13988-2","Sale","03/25/2026 5:13 PM",1,1,"1xCopo 200ml","9",0,0,0,"9","1","Tarjeta Débito","","Lucas",""
"13989-2","Sale","03/25/2026 5:30 PM",1,3,"3xCasquinha ","21",0,0,0,"21","18","Efectivo","","Lucas",""
"13990-2","Sale","03/25/2026 5:34 PM",1,1,"1xMilkshake 500ml","16",0,0,0,"16",0,"Tarjeta Débito","","Lucas",""
"13991-2","Sale","03/25/2026 5:42 PM",1,1,"1xRefri 310ml","7",0,0,0,"7","1","Tarjeta Débito","","Lucas",""
"13992-2","confirmado","03/25/2026 5:49 PM",1,1,"1xCombo 1","15",0,0,0,"15","1","Pix","","Lucas",""
"13992-2","confirmado","03/25/2026 5:49 PM",1,1,"1xCombo 1","15",0,0,0,"15","1","Pix","","Lucas",""
"13993-2","Sale","03/25/2026 6:21 PM",1,1,"1xRefri 310ml","7",0,0,0,"7","1","Efectivo","","Lucas",""
"13994-2","confirmado","03/25/2026 6:27 PM",2,4,"2xChurros doce de leite , 2xChurros de chocolate ","40",0,0,0,"40","8","Tarjeta Crédito","","Lucas",""
"13994-2","confirmado","03/25/2026 6:27 PM",2,4,"2xChurros doce de leite , 2xChurros de chocolate ","40",0,0,0,"40","8","Tarjeta Crédito","","Lucas",""
"13995-2","confirmado","03/25/2026 6:40 PM",2,2,"1xChurros doce de leite , 1xCopo 250ml","21",0,0,0,"21","3","Tarjeta Débito","","Lucas",""
"13996-2","Sale","03/25/2026 6:52 PM",2,3,"1xMilkshake 300ml, 2xCascão ","29",0,0,0,"29","16.6","Pix","","Lucas",""
"13997-2","Sale","03/25/2026 7:17 PM",1,2,"2xÁgua com gás ","9",0,0,0,"9","6.6","Tarjeta Débito","","Lucas",""
"13998-2","confirmado","03/26/2026 1:48 PM",2,4,"3xCascão , 1xCopo 250ml","38",0,0,0,"38","24.4","Efectivo","","Lucas",""
"13999-2","confirmado","03/26/2026 1:49 PM",1,1,"1xCascão ","9",0,0,0,"9","7.8","Efectivo","","Lucas",""
"14000-2","Sale","03/26/2026 1:58 PM",1,2,"2xCasquinha ","14",0,0,0,"14","12","Tarjeta Débito","","Lucas",""
"14001-2","Sale","03/26/2026 2:30 PM",1,2,"2xCasquinha ","14",0,0,0,"14","12","Efectivo","","Lucas",""
"14002-2","confirmado","03/26/2026 2:58 PM",2,2,"1xCascão , 1xCopo 200ml","18",0,0,0,"18","8.8","Efectivo","","Lucas",""
"14003-2","confirmado","03/26/2026 2:59 PM",1,2,"2xCasquinha ","14",0,0,0,"14","12","Efectivo","","Lucas",""
"14004-2","Sale","03/26/2026 3:00 PM",1,2,"2xCasquinha ","14",0,0,0,"14","12","Tarjeta Débito","","Lucas",""
"14005-2","Sale","03/26/2026 3:07 PM",1,1,"1xCasquinha ","7",0,0,0,"7","6","Tarjeta Débito","","Lucas",""
"14006-2","Sale","03/26/2026 3:12 PM",1,1,"1xMilkshake 400ml","14",0,0,0,"14","1","Efectivo","","Lucas",""
"14007-2","Sale","03/26/2026 3:24 PM",1,1,"1xCascão ","9",0,0,0,"9","7.8","Efectivo","","Lucas",""
"14008-2","Sale","03/26/2026 3:25 PM",1,1,"1xCascão ","9",0,0,0,"9","7.8","Efectivo","","Lucas",""
"14009-2","Sale","03/26/2026 3:34 PM",1,1,"1xÁgua com gás ","4.5",0,0,0,"4.5","3.3","Tarjeta Débito","","Lucas",""
"14010-2","Sale","03/26/2026 4:02 PM",2,2,"1xMilkshake 300ml, 1xCascão ","20",0,0,0,"20","8.8","Pix","","Lucas",""
"14011-2","Sale","03/26/2026 4:14 PM",1,1,"1xMilkshake 300ml","11",0,0,0,"11","1","Tarjeta Débito","","Lucas",""
"14012-2","Sale","03/26/2026 4:26 PM",2,2,"1xÁgua sem gás , 1xMilkshake 500ml","20",0,0,0,"20",0,"Efectivo","","Lucas",""
"14013-2","confirmado","03/26/2026 4:33 PM",1,1,"1xCrepe suíço salgado ","10",0,0,0,"10","2","Efectivo","","Lucas",""
"14014-2","Sale","03/26/2026 4:39 PM",1,1,"1xCasquinha ","7",0,0,0,"7","6","Efectivo","","Lucas",""
"14015-2","confirmado","03/26/2026 4:45 PM",1,1,"1xCrepe suíço salgado ","10",0,0,0,"10","2","Efectivo","","Lucas",""
"14015-2","confirmado","03/26/2026 4:45 PM",1,1,"1xCrepe suíço salgado ","10",0,0,0,"10","2","Pix","","Lucas",""
"14016-2","confirmado","03/26/2026 4:56 PM",1,1,"1xChurros de chocolate ","10",0,0,0,"10","2","Efectivo","","Lucas",""
"14016-2","confirmado","03/26/2026 4:56 PM",1,1,"1xChurros de chocolate ","10",0,0,0,"10","2","Efectivo","","Lucas",""
"14017-2","Sale","03/26/2026 5:12 PM",1,2,"2xCasquinha ","14",0,0,0,"14","12","Pix","","Lucas",""
"14018-2","confirmado","03/26/2026 5:21 PM",1,2,"2xCasquinha ","14",0,0,0,"14","12","Efectivo","","Lucas",""
"14018-2","confirmado","03/26/2026 5:21 PM",1,2,"2xCasquinha ","14",0,0,0,"14","12","Pix","","Lucas",""
"14019-2","Sale","03/26/2026 5:35 PM",2,2,"1xCasquinha , 1xMilkshake 300ml","18",0,0,0,"18","7","Tarjeta Débito","","Lucas",""
"14020-2","Sale","03/26/2026 5:43 PM",2,2,"1xMilkshake 500ml, 1xRefri 310ml","23",0,0,0,"23","1","Efectivo","","Lucas",""
"14021-2","Sale","03/26/2026 5:47 PM",2,2,"1xMilkshake 300ml, 1xCopo 200ml","20",0,0,0,"20","2","Tarjeta Débito","","Lucas",""
"14022-2","Sale","03/26/2026 5:53 PM",1,1,"1xChurros de chocolate ","10",0,0,0,"10","2","Tarjeta Crédito","","Lucas",""
"14023-2","Sale","03/26/2026 6:06 PM",1,1,"1xChurros de chocolate ","10",0,0,0,"10","2","Tarjeta Crédito","","Lucas",""
"14024-2","Sale","03/26/2026 6:09 PM",1,2,"2xCasquinha ","14",0,0,0,"14","12","Tarjeta Débito","","Lucas",""
"14025-2","Sale","03/26/2026 6:10 PM",1,1,"1xCascão ","9",0,0,0,"9","7.8","Efectivo","","Lucas",""
"14026-2","Sale","03/26/2026 6:10 PM",2,2,"1xÁgua sem gás , 1xRefri 310ml","11",0,0,0,"11","1","Efectivo","","Lucas",""
"14027-2","Sale","03/26/2026 6:21 PM",2,2,"1xMilkshake 500ml, 1xCascão ","25",0,0,0,"25","7.8","Tarjeta Crédito","","Lucas",""
"14028-2","Sale","03/26/2026 6:55 PM",1,1,"1xCasquinha ","7",0,0,0,"7","6","Tarjeta Débito","","Lucas",""
"14029-2","confirmado","03/26/2026 6:59 PM",3,3,"1xCopo 150ml, 1xCrepe suíço doce, 1xMilkshake 400ml","32",0,0,0,"32","5","Tarjeta Crédito","","Lucas",""
"14030-2","Sale","03/26/2026 7:04 PM",4,4,"1xCrepe suíço salgado , 1xÁgua sem gás , 1xMilkshake 400ml, 1xCascão ","37",0,0,0,"37","10.8","Efectivo","","Lucas",""
"14031-2","Sale","03/26/2026 7:18 PM",1,1,"1xÁgua com gás ","4.5",0,0,0,"4.5","3.3","Tarjeta Crédito","","Lucas",""
"14032-2","Sale","03/26/2026 7:26 PM",1,1,"1xCopo 150ml","7",0,0,0,"7","1","Tarjeta Débito","","Lucas",""
"14033-2","Sale","03/26/2026 7:38 PM",1,1,"1xCrepe suíço salgado ","10",0,0,0,"10","2","Efectivo","","Lucas",""
"14034-2","Sale","03/27/2026 1:45 PM",1,1,"1xÁgua com gás ","4.5",0,0,0,"4.5","3.3","Tarjeta Débito","","Lucas",""
"14035-2","confirmado","03/27/2026 1:55 PM",1,2,"2xCascão ","18",0,0,0,"18","15.6","Efectivo","","Lucas",""
"14036-2","Sale","03/27/2026 1:57 PM",1,2,"2xCascão ","18",0,0,0,"18","15.6","Tarjeta Débito","","Lucas",""
"14037-2","Sale","03/27/2026 2:05 PM",2,2,"1xÁgua com gás , 1xÁgua sem gás ","8.5",0,0,0,"8.5","3.3","Efectivo","","Lucas",""
"14038-2","Sale","03/27/2026 2:05 PM",1,1,"1xCrepe suíço doce","11",0,0,0,"11","3","Pix","","Lucas",""
"14039-2","confirmado","03/27/2026 2:12 PM",1,4,"4xCasquinha ","28",0,0,0,"28","24","Efectivo","","Lucas",""
"14040-2","Sale","03/27/2026 2:31 PM",1,1,"1xÁgua com gás ","4.5",0,0,0,"4.5","3.3","Efectivo","","Lucas",""
"14041-2","Sale","03/27/2026 2:37 PM",1,2,"2xMilkshake 500ml","32",0,0,0,"32",0,"Efectivo","","Lucas",""
"14042-2","Sale","03/27/2026 2:38 PM",1,1,"1xCasquinha ","7",0,0,0,"7","6","Pix","","Lucas",""
"14043-2","Sale","03/27/2026 3:09 PM",1,1,"1xRefri 310ml","7",0,0,0,"7","1","Efectivo","","Lucas",""
"14044-2","Sale","03/27/2026 3:11 PM",1,1,"1xCasquinha ","7",0,0,0,"7","6","Efectivo","","Lucas",""
"14045-2","Sale","03/27/2026 3:23 PM",1,1,"1xMilkshake 300ml","11",0,0,0,"11","1","Tarjeta Débito","","Lucas",""
"14046-2","Sale","03/27/2026 3:36 PM",1,1,"1xCasquinha ","7",0,0,0,"7","6","Efectivo","","Lucas",""
"14047-2","confirmado","03/27/2026 3:41 PM",3,3,"1xMilkshake 300ml, 1xCasquinha , 1xCrepe suíço salgado ","28",0,0,0,"28","9","Efectivo","","Lucas",""
"14047-2","confirmado","03/27/2026 3:41 PM",3,3,"1xMilkshake 300ml, 1xCasquinha , 1xCrepe suíço salgado ","28",0,0,0,"28","9","Tarjeta Crédito","","Lucas",""
"14048-2","confirmado","03/27/2026 3:58 PM",2,2,"1xChurros doce de leite , 1xChurros de chocolate ","20",0,0,0,"20","4","Efectivo","","Lucas",""
"14048-2","confirmado","03/27/2026 3:58 PM",2,2,"1xChurros doce de leite , 1xChurros de chocolate ","20",0,0,0,"20","4","Tarjeta Débito","","Lucas",""
"14049-2","confirmado","03/27/2026 4:07 PM",3,3,"1xChurros doce de leite , 1xChurros de chocolate , 1xCrepe suíço salgado ","30",0,0,0,"30","6","Efectivo","","Lucas",""
"14049-2","confirmado","03/27/2026 4:07 PM",3,3,"1xChurros doce de leite , 1xChurros de chocolate , 1xCrepe suíço salgado ","30",0,0,0,"30","6","Tarjeta Débito","","Lucas",""
"14050-2","confirmado","03/27/2026 4:24 PM",1,1,"1xChurros de chocolate ","10",0,0,0,"10","2","Efectivo","","Lucas",""
"14051-2","confirmado","03/27/2026 4:31 PM",1,1,"1xCrepe suíço doce","11",0,0,0,"11","3","Efectivo","","Lucas",""
"14051-2","confirmado","03/27/2026 4:31 PM",1,1,"1xCrepe suíço doce","11",0,0,0,"11","3","Efectivo","","Lucas",""
"14052-2","confirmado","03/27/2026 4:48 PM",1,1,"1xCasquinha ","7",0,0,0,"7","6","Efectivo","","Lucas",""
"14053-2","Sale","03/27/2026 4:49 PM",1,1,"1xCasquinha ","7",0,0,0,"7","6","Pix","","Lucas",""
"14054-2","Sale","03/27/2026 5:07 PM",1,3,"3xCasquinha ","21",0,0,0,"21","18","Efectivo","","Lucas",""
"14055-2","Sale","03/27/2026 5:20 PM",1,2,"2xCasquinha ","14",0,0,0,"14","12","Efectivo","","Lucas",""
"14056-2","confirmado","03/27/2026 5:29 PM",1,1,"1xChurros de chocolate ","10",0,0,0,"10","2","Efectivo","","Lucas",""
"14056-2","confirmado","03/27/2026 5:29 PM",1,1,"1xChurros de chocolate ","10",0,0,0,"10","2","Pix","","Lucas",""
"14057-2","confirmado","03/27/2026 5:38 PM",3,5,"1xCopo 200ml, 3xChurros doce de leite , 1xCrepe suíço salgado ","49",0,0,0,"49","9","Tarjeta Débito","","Lucas",""
"14058-2","confirmado","03/27/2026 5:41 PM",1,1,"1xCrepe suíço salgado ","10",0,0,0,"10","2","Pix","","Lucas",""
"14059-2","Sale","03/27/2026 5:41 PM",1,1,"1xCascão ","9",0,0,0,"9","7.8","Efectivo","","Lucas",""
"14060-2","pendiente","03/27/2026 5:46 PM",2,2,"1xChurros de chocolate , 1xCombo 1","25",0,0,0,"25","3","Pix","","Lucas",""
"14061-2","confirmado","03/27/2026 5:52 PM",1,2,"2xChurros de chocolate ","20",0,0,0,"20","4","Efectivo","","Lucas",""
"14062-2","Sale","03/27/2026 5:58 PM",1,2,"2xCasquinha ","14",2,0,0,"12","10","Efectivo","","Lucas",""
"14063-2","Sale","03/27/2026 6:01 PM",1,2,"2xCasquinha ","14",0,0,0,"14","12","Efectivo","","Lucas",""
"14064-2","Sale","03/27/2026 6:09 PM",1,2,"2xÁgua com gás ","9",0,0,0,"9","6.6","Tarjeta Débito","","Lucas",""
"14065-2","Sale","03/27/2026 6:23 PM",1,2,"2xChurros doce de leite ","20",0,0,0,"20","4","Tarjeta Débito","","Lucas",""
"14066-2","Sale","03/27/2026 6:49 PM",1,1,"1xChurros de chocolate ","10",0,0,0,"10","2","Tarjeta Crédito","","Lucas",""
"14067-2","Sale","03/27/2026 6:51 PM",1,2,"2xRefri 310ml","14",0,0,0,"14","2","Tarjeta Crédito","","Lucas",""
"14068-2","Sale","03/27/2026 6:54 PM",1,1,"1xÁgua com gás ","4.5",0,0,0,"4.5","3.3","Pix","","Lucas",""
"14069-2","Sale","03/27/2026 7:05 PM",1,1,"1xCascão ","9",0,0,0,"9","7.8","Tarjeta Débito","","Lucas",""
"14070-2","Sale","03/27/2026 7:12 PM",2,2,"1xCopo 150ml, 1xCopo 250ml","18",0,0,0,"18","2","Pix","","Lucas",""
"14071-2","Sale","03/28/2026 10:35 AM",1,1,"1xÁgua com gás ","4.5",0,0,0,"4.5","3.3","Efectivo","","Lucas",""
"14072-2","Sale","03/28/2026 11:02 AM",1,1,"1xÁgua sem gás ","4",0,0,0,"4",0,"Efectivo","","Lucas",""
"14073-2","Sale","03/28/2026 11:31 AM",2,2,"1xCasquinha , 1xCascão ","16",0,0,0,"16","13.8","Tarjeta Crédito","","Lucas",""
"14074-2","Sale","03/28/2026 11:40 AM",1,1,"1xÁgua com gás ","4.5",0,0,0,"4.5","3.3","Pix","","Lucas",""
"14075-2","Sale","03/28/2026 11:45 AM",2,3,"1xÁgua com gás , 2xÁgua sem gás ","12.5",0,0,0,"12.5","3.3","Efectivo","","Lucas",""
"14076-2","Sale","03/28/2026 11:47 AM",1,2,"2xCasquinha ","14",0,0,0,"14","12","Pix","","Lucas",""
"14077-2","Sale","03/28/2026 12:02 PM",1,1,"1xCopo 150ml","7",0,0,0,"7","1","Efectivo","","Lucas",""
"14078-2","Sale","03/28/2026 12:05 PM",2,2,"1xMilkshake 300ml, 1xCopo 150ml","18",0,0,0,"18","2","Efectivo","","Lucas",""
"14079-2","Sale","03/28/2026 12:18 PM",1,1,"1xÁgua sem gás ","4",0,0,0,"4",0,"Tarjeta Débito","","Lucas",""
"14080-2","Sale","03/28/2026 12:26 PM",1,1,"1xMilkshake 500ml","16",0,0,0,"16",0,"Tarjeta Crédito","","Lucas",""
"14081-2","Sale","03/28/2026 12:28 PM",1,1,"1xCasquinha ","7",0,0,0,"7","6","Efectivo","","Lucas",""
"14082-2","confirmado","03/28/2026 12:42 PM",1,1,"1xCasquinha ","7",0,0,0,"7","6","Efectivo","","Lucas",""
"14083-2","Sale","03/28/2026 12:43 PM",1,1,"1xÁgua sem gás ","4",0,0,0,"4",0,"Efectivo","","Lucas",""
"14084-2","Sale","03/28/2026 12:45 PM",1,2,"2xCascão ","18",0,0,0,"18","15.6","Tarjeta Crédito","","Lucas",""
"14085-2","Sale","03/28/2026 12:58 PM",1,1,"1xCasquinha ","7",0,0,0,"7","6","Pix","","Lucas",""
"14086-2","Sale","03/28/2026 1:04 PM",1,1,"1xCascão ","9",0,0,0,"9","7.8","Otros","","Lucas",""
"14087-2","Sale","03/28/2026 1:09 PM",1,2,"2xCasquinha ","14",0,0,0,"14","12","Efectivo","","Lucas",""
"14088-2","Sale","03/28/2026 1:12 PM",2,4,"3xÁgua sem gás , 1xRefri 310ml","19",0,0,0,"19","1","Tarjeta Crédito","","Lucas",""
"14089-2","Sale","03/28/2026 1:22 PM",1,1,"1xCasquinha ","7",0,0,0,"7","6","Efectivo","","Lucas",""
"14090-2","confirmado","03/28/2026 1:25 PM",1,1,"1xCombo 1","15",0,0,0,"15","1","Otros","","Lucas",""
"14091-2","Sale","03/28/2026 1:26 PM",1,1,"1xCasquinha ","7",0,0,0,"7","6","Efectivo","","Lucas",""
"14092-2","Sale","03/28/2026 1:27 PM",1,1,"1xCascão ","9",0,0,0,"9","7.8","Tarjeta Débito","","Lucas",""
"14093-2","Sale","03/28/2026 1:41 PM",1,1,"1xÁgua com gás ","4.5",0,0,0,"4.5","3.3","Tarjeta Débito","","Lucas",""
"14094-2","confirmado","03/28/2026 1:59 PM",1,2,"2xCascão ","18",0,0,0,"18","15.6","Efectivo","","Lucas",""
"14094-2","confirmado","03/28/2026 1:59 PM",1,2,"2xCascão ","18",0,0,0,"18","15.6","Tarjeta Crédito","","Lucas",""
"14095-2","Sale","03/28/2026 2:10 PM",1,1,"1xCascão ","9",0,0,0,"9","7.8","Otros","","Lucas",""
"14096-2","Sale","03/28/2026 2:18 PM",2,3,"2xCopo 200ml, 1xÁgua sem gás ","22",0,0,0,"22","2","Tarjeta Débito","","Lucas",""
"14097-2","Sale","03/28/2026 2:19 PM",1,1,"1xÁgua sem gás ","4",0,0,0,"4",0,"Tarjeta Crédito","","Lucas",""
"14098-2","Sale","03/28/2026 2:23 PM",1,1,"1xMilkshake 400ml","14",0,0,0,"14","1","Tarjeta Crédito","","Lucas",""
"14099-2","Sale","03/28/2026 2:26 PM",2,3,"1xMilkshake 300ml, 2xCasquinha ","25",0,0,0,"25","13","Tarjeta Crédito","","Lucas",""
"14100-2","Sale","03/28/2026 2:31 PM",1,2,"2xMilkshake 300ml","22",0,0,0,"22","2","Efectivo","","Lucas",""
"14101-2","confirmado","03/28/2026 2:34 PM",2,4,"3xCopo 150ml, 1xÁgua sem gás ","25",0,0,0,"25","3","Tarjeta Débito","","Lucas",""
"14102-2","Sale","03/28/2026 2:35 PM",2,2,"1xCopo 150ml, 1xMilkshake 300ml","18",0,0,0,"18","2","Tarjeta Crédito","","Lucas",""
"14103-2","Sale","03/28/2026 2:39 PM",1,1,"1xCascão ","9",0,0,0,"9","7.8","Tarjeta Crédito","","Lucas",""
"14104-2","pendiente","03/28/2026 2:45 PM",3,5,"1xCopo 250ml, 2xMilkshake 500ml, 2xÁgua sem gás ","51",0,0,0,"51","1","Tarjeta Crédito","","Lucas",""
"14106-2","Sale","03/28/2026 2:55 PM",1,1,"1xÁgua sem gás ","4",0,0,0,"4",0,"Tarjeta Crédito","","Lucas",""
"14107-2","Sale","03/28/2026 3:02 PM",1,1,"1xCasquinha ","7",0,0,0,"7","6","Pix","","Lucas",""
"14108-2","pendiente","03/28/2026 3:06 PM",1,5,"5xCopo 200ml","45",0,0,0,"45","5","Efectivo","","Lucas",""
"14109-2","confirmado","03/28/2026 3:08 PM",2,2,"1xCopo 200ml, 1xMilkshake 300ml","20",0,0,0,"20","2","Efectivo","","Lucas",""
"14110-2","Sale","03/28/2026 3:09 PM",1,1,"1xCascão ","9",0,0,0,"9","7.8","Efectivo","","Lucas",""
"14111-2","Sale","03/28/2026 3:23 PM",2,4,"1xMilkshake 400ml, 3xCasquinha ","35",0,0,0,"35","19","Tarjeta Crédito","","Lucas",""
"14112-2","confirmado","03/28/2026 3:23 PM",1,1,"1xCrepe suíço salgado ","10",0,0,0,"10","2","Efectivo","","Lucas",""
"14112-2","confirmado","03/28/2026 3:23 PM",1,1,"1xCrepe suíço salgado ","10",0,0,0,"10","2","Efectivo","","Lucas",""
"14113-2","Sale","03/28/2026 3:34 PM",1,1,"1xÁgua sem gás ","4",0,0,0,"4",0,"Efectivo","","Lucas",""
"14114-2","Sale","03/28/2026 3:38 PM",1,1,"1xMilkshake 300ml","11",0,0,0,"11","1","Tarjeta Débito","","Lucas",""
"14115-2","Sale","03/28/2026 3:39 PM",1,1,"1xCopo 150ml","7",0,0,0,"7","1","Tarjeta Débito","","Lucas",""
"14116-2","Sale","03/28/2026 3:43 PM",2,2,"1xÁgua com gás , 1xÁgua sem gás ","8.5",0,0,0,"8.5","3.3","Efectivo","","Lucas",""
"14117-2","Sale","03/28/2026 3:50 PM",1,2,"2xCasquinha ","14",0,0,0,"14","12","Efectivo","","Lucas",""
"14118-2","Sale","03/28/2026 3:56 PM",2,2,"1xCascão , 1xMilkshake 300ml","20",0,0,0,"20","8.8","Tarjeta Débito","","Lucas",""
"14119-2","Sale","03/28/2026 3:57 PM",1,1,"1xCascão ","9",0,0,0,"9","7.8","Tarjeta Débito","","Lucas",""
"14120-2","confirmado","03/28/2026 4:01 PM",2,2,"1xChurros doce de leite , 1xChurros de chocolate ","20",0,0,0,"20","4","Efectivo","","Lucas",""
"14121-2","confirmado","03/28/2026 4:06 PM",1,1,"1xCrepe suíço salgado ","10",0,0,0,"10","2","Efectivo","","Lucas",""
"14122-2","Sale","03/28/2026 4:11 PM",1,1,"1xChurros doce de leite ","10",0,0,0,"10","2","Pix","","Lucas",""
"14123-2","Sale","03/28/2026 4:14 PM",1,1,"1xCasquinha ","7",0,0,0,"7","6","Pix","","Lucas",""
"14124-2","Sale","03/28/2026 4:22 PM",1,1,"1xCasquinha ","7",0,0,0,"7","6","Tarjeta Débito","","Lucas",""
"14125-2","Sale","03/28/2026 4:22 PM",1,1,"1xCasquinha ","7",0,0,0,"7","6","Tarjeta Débito","","Lucas",""
"14126-2","Sale","03/28/2026 4:25 PM",1,1,"1xÁgua sem gás ","4",0,0,0,"4",0,"Efectivo","","Lucas",""
"14127-2","Sale","03/28/2026 4:28 PM",1,2,"2xCopo 150ml","14",0,0,0,"14","2","Efectivo","","Lucas",""
"14128-2","Sale","03/28/2026 4:32 PM",1,1,"1xRefri 310ml","7",0,0,0,"7","1","Efectivo","","Lucas",""
"14129-2","Sale","03/28/2026 4:34 PM",1,2,"2xMilkshake 300ml","22",0,0,0,"22","2","Tarjeta Débito","","Lucas",""
"14130-2","Sale","03/28/2026 4:35 PM",1,1,"1xCombo 3","15",0,0,0,"15","1","Efectivo","","Lucas",""
"14131-2","Sale","03/28/2026 4:39 PM",1,1,"1xCasquinha ","7",0,0,0,"7","6","Efectivo","","Lucas",""
"14132-2","Sale","03/28/2026 4:43 PM",1,1,"1xCombo 1","15",0,0,0,"15","1","Efectivo","","Lucas",""
"14133-2","confirmado","03/28/2026 4:51 PM",1,1,"1xMilkshake 300ml","11",0,0,0,"11","1","Efectivo","","Lucas",""
"14134-2","confirmado","03/28/2026 4:53 PM",2,3,"1xCombo 1, 2xCrepe suíço salgado ","35",0,0,0,"35","5","Efectivo","","Lucas",""
"14135-2","Sale","03/28/2026 4:53 PM",1,1,"1xChurros de chocolate ","10",0,0,0,"10","2","Tarjeta Crédito","","Lucas",""
"14136-2","Sale","03/28/2026 5:00 PM",1,2,"2xÁgua sem gás ","8",0,0,0,"8",0,"Tarjeta Débito","","Lucas",""
"14137-2","Sale","03/28/2026 5:05 PM",1,2,"2xMilkshake 400ml","28",0,0,0,"28","2","Tarjeta Débito","","Lucas",""
"14138-2","Sale","03/28/2026 5:09 PM",1,1,"1xMilkshake 500ml","16",0,0,0,"16",0,"Tarjeta Crédito","","Lucas",""
"14139-2","confirmado","03/28/2026 5:11 PM",1,2,"2xMilkshake 500ml","32",0,0,0,"32",0,"Efectivo","","Lucas",""
"14140-2","Sale","03/28/2026 5:12 PM",2,3,"1xRefri 310ml, 2xMilkshake 300ml","29",0,0,0,"29","3","Tarjeta Crédito","","Lucas",""
"14141-2","Sale","03/28/2026 5:18 PM",2,3,"2xMilkshake 400ml, 1xÁgua com gás ","32.5",0,0,0,"32.5","5.3","Tarjeta Débito","","Lucas",""
"14142-2","Sale","03/28/2026 5:22 PM",1,1,"1xCasquinha ","7",0,0,0,"7","6","Tarjeta Crédito","","Lucas",""
"14143-2","Sale","03/28/2026 5:26 PM",1,1,"1xMilkshake 300ml","11",0,0,0,"11","1","Efectivo","","Lucas",""
"14144-2","Sale","03/28/2026 5:26 PM",1,2,"2xCasquinha ","14",0,0,0,"14","12","Tarjeta Débito","","Lucas",""
"14145-2","confirmado","03/28/2026 5:29 PM",1,1,"1xCrepe suíço salgado ","10",0,0,0,"10","2","Efectivo","","Lucas",""
"14145-2","confirmado","03/28/2026 5:29 PM",1,1,"1xCombo 1","15",0,0,0,"15","1","Pix","","Lucas",""
"14146-2","Sale","03/28/2026 5:36 PM",2,2,"1xMilkshake 300ml, 1xMilkshake 500ml","27",0,0,0,"27","1","Tarjeta Débito","","Lucas",""
"14147-2","Sale","03/28/2026 5:46 PM",3,3,"1xCascão , 1xMilkshake 300ml, 1xCopo 150ml","27",0,0,0,"27","9.8","Tarjeta Crédito","","Lucas",""
"14148-2","Sale","03/28/2026 5:47 PM",1,2,"2xCopo 150ml","14",0,0,0,"14","2","Efectivo","","Lucas",""
"14149-2","Sale","03/28/2026 5:48 PM",1,1,"1xChurros doce de leite ","10",0,0,0,"10","2","Pix","","Lucas",""
"14150-2","Sale","03/28/2026 5:54 PM",1,1,"1xMilkshake 500ml","16",0,0,0,"16",0,"Efectivo","","Lucas",""
"14151-2","Sale","03/28/2026 6:07 PM",1,1,"1xMilkshake 500ml","16",0,0,0,"16",0,"Efectivo","","Lucas",""
"14152-2","Sale","03/28/2026 6:23 PM",2,2,"1xCascão , 1xÁgua sem gás ","13",0,0,0,"13","7.8","Tarjeta Crédito","","Lucas",""
"14153-2","Sale","03/28/2026 6:31 PM",1,1,"1xMilkshake 500ml","16",0,0,0,"16",0,"Tarjeta Débito","","Lucas",""
"14154-2","Sale","03/28/2026 6:34 PM",1,1,"1xÁgua com gás ","4.5",0,0,0,"4.5","3.3","Tarjeta Débito","","Lucas",""
"14155-2","Sale","03/28/2026 6:42 PM",3,3,"1xÁgua com gás , 1xÁgua sem gás , 1xCascão ","17.5",0,0,0,"17.5","11.1","Pix","","Lucas",""
"14156-2","Sale","03/28/2026 6:44 PM",1,1,"1xRefri 310ml","7",3,0,0,"4","-2","Tarjeta Débito","","Lucas",""
"14157-2","Sale","03/28/2026 7:00 PM",1,1,"1xCopo 150ml","7",0,0,0,"7","1","Tarjeta Débito","","Lucas",""
"14158-2","Sale","03/28/2026 7:07 PM",3,3,"1xCascão , 1xÁgua sem gás , 1xCasquinha ","20",0,0,0,"20","13.8","Tarjeta Crédito","","Lucas",""
"14105-2","Sale","03/28/2026 2:55 PM",1,1,"1xÁgua sem gás ","4",0,0,0,"4",0,"Tarjeta Débito","","Lucas",""
"14159-2","Sale","03/29/2026 3:12 PM",3,5,"1xMilkshake 500ml, 1xCasquinha , 3xCascão ","50",0,0,0,"50","29.4","Pix","","Lucas",""
"14160-2","Sale","03/29/2026 3:13 PM",1,1,"1xCopo 150ml","7",0,0,0,"7","1","Efectivo","","Lucas",""
"14161-2","Sale","03/29/2026 3:14 PM",2,2,"1xÁgua com gás , 1xÁgua sem gás ","8.5",0,0,0,"8.5","3.3","Pix","","Lucas",""
"14162-2","Sale","03/29/2026 3:15 PM",1,1,"1xCasquinha ","7",0,0,0,"7","6","Tarjeta Crédito","","Lucas",""
"14163-2","Sale","03/29/2026 3:16 PM",2,2,"1xÁgua com gás , 1xÁgua sem gás ","8.5",0,0,0,"8.5","3.3","Efectivo","","Lucas",""
"14164-2","Sale","03/29/2026 3:21 PM",2,2,"1xCopo 150ml, 1xCopo 200ml","16",0,0,0,"16","2","Pix","","Lucas",""
"14165-2","Sale","03/29/2026 3:23 PM",1,1,"1xÁgua sem gás ","4",0,0,0,"4",0,"Tarjeta Crédito","","Lucas",""
"14166-2","Sale","03/29/2026 3:28 PM",2,2,"1xMilkshake 300ml, 1xMilkshake 500ml","27",0,0,0,"27","1","Tarjeta Débito","","Lucas",""
"14167-2","Sale","03/29/2026 3:36 PM",1,3,"3xMilkshake 400ml","42",0,0,0,"42","3","Pix","","Lucas",""
"14168-2","Sale","03/29/2026 3:37 PM",1,1,"1xCascão ","9",0,0,0,"9","7.8","Efectivo","","Lucas",""
"14169-2","Sale","03/29/2026 3:48 PM",1,2,"2xMilkshake 300ml","22",0,0,0,"22","2","Tarjeta Débito","","Lucas",""
"14170-2","Sale","03/29/2026 3:49 PM",1,1,"1xCasquinha ","7",0,0,0,"7","6","Efectivo","","Lucas",""
"14171-2","Sale","03/29/2026 3:54 PM",1,1,"1xCasquinha ","7",0,0,0,"7","6","Tarjeta Crédito","","Lucas",""
"14172-2","confirmado","03/29/2026 3:57 PM",1,3,"3xCasquinha ","21",0,0,0,"21","18","Efectivo","","Lucas",""
"14172-2","confirmado","03/29/2026 3:57 PM",1,3,"3xCasquinha ","21",0,0,0,"21","18","Efectivo","","Lucas",""
"14173-2","Sale","03/29/2026 4:08 PM",1,2,"2xCopo 150ml","14",0,0,0,"14","2","Tarjeta Débito","","Lucas",""
"14174-2","Sale","03/29/2026 4:10 PM",1,1,"1xMilkshake 300ml","11",0,0,0,"11","1","Pix","","Lucas",""
"14175-2","Sale","03/29/2026 4:13 PM",1,2,"2xMilkshake 300ml","22",0,0,0,"22","2","Tarjeta Débito","","Lucas",""
"14176-2","Sale","03/29/2026 4:18 PM",1,4,"4xMilkshake 300ml","44",0,0,0,"44","4","Pix","","Lucas",""
"14177-2","Sale","03/29/2026 4:20 PM",1,2,"2xCasquinha ","14",0,0,0,"14","12","Efectivo","","Lucas",""
"14178-2","Sale","03/29/2026 4:20 PM",2,5,"3xMilkshake 300ml, 2xÁgua com gás ","42",0,0,0,"42","9.6","Tarjeta Débito","","Lucas",""
"14179-2","Sale","03/29/2026 4:28 PM",2,4,"2xMilkshake 400ml, 2xChurros doce de leite ","48",0,0,0,"48","6","Tarjeta Débito","","Lucas",""
"14180-2","Sale","03/29/2026 4:33 PM",2,2,"1xCasquinha , 1xCascão ","16",0,0,0,"16","13.8","Tarjeta Crédito","","Lucas",""
"14181-2","confirmado","03/29/2026 4:36 PM",1,2,"2xCopo 150ml","14",0,0,0,"14","2","Tarjeta Débito","","Lucas",""
"14182-2","Sale","03/29/2026 4:45 PM",2,2,"1xCopo 200ml, 1xÁgua sem gás ","13",0,0,0,"13","1","Pix","","Lucas",""
"14183-2","Sale","03/29/2026 4:46 PM",1,1,"1xChurros de chocolate ","10",0,0,0,"10","2","Efectivo","","Lucas",""
"14184-2","Sale","03/29/2026 4:50 PM",1,1,"1xRefri 310ml","7",0,0,0,"7","1","Pix","","Lucas",""
"14185-2","confirmado","03/29/2026 4:51 PM",1,2,"2xCasquinha ","14",0,0,0,"14","12","Efectivo","","Lucas",""
"14185-2","confirmado","03/29/2026 4:51 PM",1,2,"2xCasquinha ","14",0,0,0,"14","12","Pix","","Lucas",""
"14186-2","Sale","03/29/2026 4:54 PM",1,1,"1xCasquinha ","7",0,0,0,"7","6","Pix","","Lucas",""
"14187-2","Sale","03/29/2026 5:00 PM",2,2,"1xMilkshake 300ml, 1xCascão ","20",0,0,0,"20","8.8","Tarjeta Débito","","Lucas",""
"14188-2","Sale","03/29/2026 5:01 PM",1,1,"1xÁgua sem gás ","4",0,0,0,"4",0,"Tarjeta Débito","","Lucas",""
"14189-2","Sale","03/29/2026 5:07 PM",1,2,"2xCasquinha ","14",0,0,0,"14","12","Tarjeta Débito","","Lucas",""
"14190-2","Sale","03/29/2026 5:07 PM",2,2,"1xCasquinha , 1xCascão ","16",0,0,0,"16","13.8","Pix","","Lucas",""
"14191-2","Sale","03/29/2026 5:10 PM",1,1,"1xMilkshake 300ml","11",0,0,0,"11","1","Pix","","Lucas",""
"14192-2","Sale","03/29/2026 5:10 PM",1,2,"2xCasquinha ","14",0,0,0,"14","12","Pix","","Lucas",""
"14193-2","Sale","03/29/2026 5:18 PM",2,4,"1xMilkshake 400ml, 3xMilkshake 500ml","62",0,0,0,"62","1","Tarjeta Crédito","","Lucas",""
"14194-2","Sale","03/29/2026 5:19 PM",1,1,"1xÁgua com gás ","4.5",0,0,0,"4.5","3.3","Efectivo","","Lucas",""
"14195-2","confirmado","03/29/2026 5:21 PM",3,4,"2xCopo 200ml, 1xMilkshake 300ml, 1xCrepe suíço salgado ","39",0,0,0,"39","5","Efectivo","","Lucas",""
"14195-2","confirmado","03/29/2026 5:21 PM",3,4,"2xCopo 200ml, 1xMilkshake 300ml, 1xCrepe suíço salgado ","39",0,0,0,"39","5","Pix","","Lucas",""
"14196-2","Sale","03/29/2026 5:27 PM",1,1,"1xMilkshake 500ml","16",0,0,0,"16",0,"Efectivo","","Lucas",""
"14197-2","Sale","03/29/2026 5:29 PM",2,3,"2xCascão , 1xCopo 150ml","25",0,0,0,"25","16.6","Pix","","Lucas",""
"14198-2","Sale","03/29/2026 5:31 PM",1,3,"3xCascão ","27",0,0,0,"27","23.4","Pix","","Lucas",""
"14199-2","Sale","03/29/2026 5:33 PM",1,2,"2xCasquinha ","14",0,0,0,"14","12","Tarjeta Crédito","","Lucas",""
"14200-2","Sale","03/29/2026 5:33 PM",1,1,"1xCasquinha ","7",0,0,0,"7","6","Tarjeta Crédito","","Lucas",""
"14201-2","Sale","03/29/2026 5:38 PM",2,2,"1xCascão , 1xMilkshake 300ml","20",0,0,0,"20","8.8","Tarjeta Débito","","Lucas",""
"14202-2","confirmado","03/29/2026 5:44 PM",1,1,"1xCrepe suíço doce","11",0,0,0,"11","3","Efectivo","","Lucas",""
"14202-2","Sale","03/29/2026 5:44 PM",2,2,"1xCrepe suíço doce, 1xÁgua sem gás ","15",0,0,0,"15","3","Tarjeta Crédito","","Lucas",""
"14203-2","Sale","03/29/2026 5:47 PM",1,1,"1xÁgua sem gás ","4",0,0,0,"4",0,"Efectivo","","Lucas",""
"14204-2","Sale","03/29/2026 5:48 PM",1,2,"2xCasquinha ","14",0,0,0,"14","12","Tarjeta Débito","","Lucas",""
"14205-2","Sale","03/29/2026 5:50 PM",2,2,"1xMilkshake 500ml, 1xÁgua sem gás ","20",0,0,0,"20",0,"Pix","","Lucas",""
"14206-2","Sale","03/29/2026 5:52 PM",1,2,"2xCasquinha ","14",0,0,0,"14","12","Efectivo","","Lucas",""
"14207-2","Sale","03/29/2026 5:57 PM",2,2,"1xCombo 1, 1xCrepe suíço salgado ","25",0,0,0,"25","3","Pix","","Lucas",""
"14208-2","Sale","03/29/2026 6:20 PM",1,1,"1xCascão ","9",0,0,0,"9","7.8","Tarjeta Débito","","Lucas",""
"14209-2","confirmado","03/29/2026 6:26 PM",2,2,"1xCrepe suíço salgado , 1xCrepe suíço doce","21",0,0,0,"21","5","Efectivo","","Lucas",""
"14210-2","Sale","03/29/2026 6:27 PM",1,1,"1xCasquinha ","7",0,0,0,"7","6","Efectivo","","Lucas",""
"14211-2","confirmado","03/29/2026 6:31 PM",1,2,"2xCrepe suíço salgado ","20",0,0,0,"20","4","Efectivo","","Lucas",""
"14212-2","Sale","03/29/2026 6:41 PM",1,1,"1xChurros doce de leite ","10",0,0,0,"10","2","Efectivo","","Lucas",""
"14213-2","Sale","03/29/2026 6:42 PM",1,1,"1xMilkshake 400ml","14",0,0,0,"14","1","Efectivo","","Lucas",""
"14214-2","Sale","03/29/2026 6:45 PM",2,3,"2xMilkshake 300ml, 1xCascão ","31",0,0,0,"31","9.8","Pix","","Lucas",""
"14215-2","Sale","03/29/2026 6:47 PM",1,2,"2xCasquinha ","14",0,0,0,"14","12","Efectivo","","Lucas",""
"14216-2","Sale","03/29/2026 6:48 PM",1,2,"2xCopo 150ml","14",0,0,0,"14","2","Tarjeta Débito","","Lucas",""
"14217-2","Sale","03/29/2026 6:49 PM",1,1,"1xCascão ","9",0,0,0,"9","7.8","Efectivo","","Lucas",""
"14218-2","pendiente","03/29/2026 6:57 PM",2,3,"2xCasquinha , 1xÁgua sem gás ","18",0,0,0,"18","12","Efectivo, Tarjeta Débito","","Lucas",""
"14219-2","Sale","03/29/2026 6:58 PM",1,1,"1xÁgua com gás ","4.5",0,0,0,"4.5","3.3","Pix","","Lucas",""
"14221-2","Sale","03/29/2026 7:01 PM",1,1,"1xCascão ","9",0,0,0,"9","7.8","Tarjeta Débito","","Lucas",""
"14222-2","Sale","03/29/2026 7:12 PM",2,3,"1xÁgua sem gás , 2xCasquinha ","18",0,0,0,"18","12","Efectivo","","Lucas",""
"14223-2","Sale","03/29/2026 7:15 PM",1,2,"2xMilkshake 400ml","28",0,0,0,"28","2","Tarjeta Débito","","Lucas",""
"14224-2","Sale","03/29/2026 7:19 PM",2,2,"1xCopo 200ml, 1xÁgua com gás ","13.5",0,0,0,"13.5","4.3","Efectivo","","Lucas",""
"14225-2","Sale","03/29/2026 7:21 PM",1,2,"2xChurros doce de leite ","20",0,0,0,"20","4","Tarjeta Débito","","Lucas",""
"14226-2","Sale","03/29/2026 7:28 PM",1,1,"1xÁgua sem gás ","4",0,0,0,"4",0,"Tarjeta Crédito","","Lucas",""
"14227-2","Sale","03/30/2026 1:33 PM",1,1,"1xCasquinha ","7",0,0,0,"7","6","Pix","","Lucas",""
"14228-2","Sale","03/30/2026 1:34 PM",1,1,"1xCopo 250ml","11",0,0,0,"11","1","Efectivo","","Lucas",""
"14229-2","confirmado","03/30/2026 1:42 PM",1,1,"1xCrepe suíço salgado ","10",0,0,0,"10","2","Efectivo","","Lucas",""
"14229-2","confirmado","03/30/2026 1:42 PM",1,1,"1xCrepe suíço salgado ","10",0,0,0,"10","2","Pix","","Lucas",""
"14230-2","confirmado","03/30/2026 2:21 PM",1,1,"1xChurros de chocolate ","10",0,0,0,"10","2","Pix","","Lucas",""
"14231-2","Sale","03/30/2026 2:25 PM",1,2,"2xMilkshake 300ml","22",0,0,0,"22","2","Pix","","Lucas",""
"14232-2","Sale","03/30/2026 2:28 PM",1,1,"1xCopo 150ml","7",0,0,0,"7","1","Efectivo","","Lucas",""
"14233-2","Sale","03/30/2026 2:31 PM",1,1,"1xMilkshake 300ml","11",0,0,0,"11","1","Efectivo","","Lucas",""
"14234-2","Sale","03/30/2026 2:38 PM",1,2,"2xMilkshake 500ml","32",0,0,0,"32",0,"Tarjeta Débito","","Lucas",""
"14235-2","Sale","03/30/2026 2:44 PM",1,1,"1xÁgua sem gás ","4",0,0,0,"4",0,"Efectivo","","Lucas",""
"14236-2","Sale","03/30/2026 2:55 PM",1,3,"3xCopo 200ml","27",0,0,0,"27","3","Tarjeta Débito","","Lucas",""
"14237-2","confirmado","03/30/2026 2:57 PM",1,2,"2xCasquinha ","14",0,0,0,"14","12","Efectivo","","Lucas",""
"14237-2","confirmado","03/30/2026 2:57 PM",1,2,"2xCasquinha ","14",0,0,0,"14","12","Tarjeta Débito","","Lucas",""
"14238-2","Sale","03/30/2026 3:21 PM",1,3,"3xÁgua sem gás ","12",0,0,0,"12",0,"Tarjeta Débito","","Lucas",""
"14239-2","Sale","03/30/2026 3:25 PM",1,1,"1xCasquinha ","7",0,0,0,"7","6","Efectivo","","Lucas",""
"14240-2","Sale","03/30/2026 3:30 PM",1,1,"1xCascão ","9",0,0,0,"9","7.8","Efectivo","","Lucas",""
"14241-2","confirmado","03/30/2026 3:39 PM",1,2,"2xCopo 150ml","14",0,0,0,"14","2","Efectivo","","Lucas",""
"14242-2","Sale","03/30/2026 3:46 PM",1,2,"2xCasquinha ","14",0,0,0,"14","12","Efectivo","","Lucas",""
"14243-2","Sale","03/30/2026 4:11 PM",1,2,"2xCasquinha ","14",0,0,0,"14","12","Tarjeta Débito","","Lucas",""
"14244-2","Sale","03/30/2026 4:11 PM",1,1,"1xCopo 200ml","9",0,0,0,"9","1","Tarjeta Débito","","Lucas",""
"14245-2","Sale","03/30/2026 4:13 PM",2,2,"1xCasquinha , 1xRefri 310ml","14",0,0,0,"14","7","Otros","","Lucas",""
"14246-2","Sale","03/30/2026 4:13 PM",1,1,"1xCascão ","9",0,0,0,"9","7.8","Tarjeta Débito","","Lucas",""
"14247-2","Sale","03/30/2026 4:27 PM",1,1,"1xCascão ","9",0,0,0,"9","7.8","Efectivo","","Lucas",""
"14248-2","Sale","03/30/2026 4:29 PM",2,2,"1xMilkshake 400ml, 1xCasquinha ","21",0,0,0,"21","7","Tarjeta Débito","","Lucas",""
"14249-2","Sale","03/30/2026 4:31 PM",2,2,"1xCasquinha , 1xCopo 150ml","14",0,0,0,"14","7","Tarjeta Débito","","Lucas",""
"14250-2","confirmado","03/30/2026 4:34 PM",2,3,"1xCopo 150ml, 2xMilkshake 500ml","39",0,0,0,"39","1","Efectivo","","Lucas",""
"14250-2","confirmado","03/30/2026 4:34 PM",2,3,"1xCopo 150ml, 2xMilkshake 500ml","39",0,0,0,"39","1","Tarjeta Débito","","Lucas",""
"14251-2","Sale","03/30/2026 4:40 PM",2,2,"1xCasquinha , 1xMilkshake 300ml","18",0,0,0,"18","7","Efectivo","","Lucas",""
"14252-2","confirmado","03/30/2026 4:42 PM",1,1,"1xCasquinha ","7",0,0,0,"7","6","Efectivo","","Lucas",""
"14253-2","Sale","03/30/2026 4:51 PM",1,1,"1xCasquinha ","7",0,0,0,"7","6","Pix","","Lucas",""
"14254-2","confirmado","03/30/2026 4:53 PM",1,1,"1xCascão ","9",0,0,0,"9","7.8","Efectivo","","Lucas",""
"14255-2","Sale","03/30/2026 5:24 PM",1,1,"1xCasquinha ","7",0,0,0,"7","6","Tarjeta Débito","","Lucas",""
"14256-2","Sale","03/30/2026 5:30 PM",1,1,"1xRefri 310ml","7",0,0,0,"7","1","Tarjeta Crédito","","Lucas",""
"14257-2","Sale","03/30/2026 5:30 PM",1,1,"1xRefri 310ml","7",0,0,0,"7","1","Otros","","Lucas",""
"14258-2","Sale","03/30/2026 5:36 PM",1,1,"1xCascão ","9",0,0,0,"9","7.8","Efectivo","","Lucas",""
"14259-2","Sale","03/30/2026 5:45 PM",2,2,"1xChurros doce de leite , 1xCopo 150ml","17",0,0,0,"17","3","Efectivo","","Lucas",""
"14260-2","Sale","03/30/2026 5:49 PM",1,1,"1xCasquinha ","7",0,0,0,"7","6","Efectivo","","Lucas",""
"14261-2","Sale","03/30/2026 5:54 PM",2,3,"2xCasquinha , 1xÁgua com gás ","18.5",0,0,0,"18.5","15.3","Tarjeta Crédito","","Lucas",""
"14262-2","Sale","03/30/2026 6:21 PM",1,2,"2xCasquinha ","14",0,0,0,"14","12","Efectivo","","Lucas",""
"14263-2","Sale","03/30/2026 6:31 PM",1,2,"2xCascão ","18",0,0,0,"18","15.6","Efectivo","","Lucas",""
"14264-2","Sale","03/30/2026 6:35 PM",1,1,"1xÁgua com gás ","4.5",0,0,0,"4.5","3.3","Tarjeta Débito","","Lucas",""
"14265-2","Sale","03/30/2026 6:38 PM",1,1,"1xCascão ","9",0,0,0,"9","7.8","Tarjeta Débito","","Lucas",""
"14266-2","Sale","03/30/2026 6:45 PM",1,1,"1xCascão ","9",0,0,0,"9","7.8","Tarjeta Débito","","Lucas",""
"14267-2","Sale","03/30/2026 6:48 PM",1,1,"1xMilkshake 300ml","11",0,0,0,"11","1","Tarjeta Crédito","","Lucas",""
"14268-2","Sale","03/31/2026 3:29 PM",1,2,"2xCrepe suíço salgado ","20",0,0,0,"20","4","Tarjeta Débito","","Lucas",""
"14269-2","Sale","04/01/2026 1:47 PM",1,1,"1xCasquinha ","7",0,0,0,"7","6","Tarjeta Débito","","Lucas",""
"14270-2","Sale","04/01/2026 1:48 PM",1,1,"1xCascão ","9",0,0,0,"9","7.8","Efectivo","","Lucas",""
"14271-2","Sale","04/01/2026 1:56 PM",1,2,"2xCasquinha ","14",0,0,0,"14","12","Efectivo","","Lucas",""
"14272-2","Sale","04/01/2026 2:18 PM",1,1,"1xÁgua sem gás ","4",0,0,0,"4",0,"Pix","","Lucas",""
"14273-2","Sale","04/01/2026 2:19 PM",1,1,"1xCasquinha ","7",0,0,0,"7","6","Efectivo","","Lucas",""
"14274-2","Sale","04/01/2026 2:24 PM",2,2,"1xCascão , 1xMilkshake 400ml","23",0,0,0,"23","8.8","Efectivo","","Lucas",""
"14275-2","Sale","04/01/2026 2:38 PM",2,2,"1xCopo 200ml, 1xCasquinha ","16",0,0,0,"16","7","Efectivo","","Lucas",""
"14276-2","Sale","04/01/2026 2:39 PM",1,1,"1xMilkshake 300ml","11",0,0,0,"11","1","Efectivo","","Lucas",""
"14277-2","Sale","04/01/2026 2:51 PM",3,4,"2xCascão , 1xMilkshake 300ml, 1xÁgua sem gás ","33",0,0,0,"33","16.6","Efectivo","","Lucas",""
"14278-2","Sale","04/01/2026 2:53 PM",1,1,"1xMilkshake 300ml","11",0,0,0,"11","1","Efectivo","","Lucas",""
"14279-2","Sale","04/01/2026 2:53 PM",2,3,"2xChurros doce de leite , 1xChurros de chocolate ","30",0,0,0,"30","6","Tarjeta Débito","","Lucas",""
"14280-2","Sale","04/01/2026 3:03 PM",1,1,"1xMilkshake 300ml","11",0,0,0,"11","1","Tarjeta Débito","","Lucas",""
"14281-2","Sale","04/01/2026 3:06 PM",1,1,"1xCascão ","9",0,0,0,"9","7.8","Efectivo","","Lucas",""
"14282-2","Sale","04/01/2026 3:08 PM",1,1,"1xMilkshake 300ml","11",0,0,0,"11","1","Tarjeta Débito","","Lucas",""
"14283-2","Sale","04/01/2026 3:09 PM",1,1,"1xCascão ","9",0,0,0,"9","7.8","Tarjeta Débito","","Lucas",""
"14284-2","Sale","04/01/2026 3:12 PM",2,2,"1xMilkshake 500ml, 1xCascão ","25",0,0,0,"25","7.8","Tarjeta Crédito","","Lucas",""
"14285-2","Sale","04/01/2026 3:15 PM",1,1,"1xCopo 250ml","11",0,0,0,"11","1","Tarjeta Crédito","","Lucas",""
"14286-2","Sale","04/01/2026 3:21 PM",1,1,"1xCopo 200ml","9",0,0,0,"9","1","Efectivo","","Lucas",""
"14287-2","Sale","04/01/2026 3:22 PM",1,2,"2xÁgua sem gás ","8",0,0,0,"8",0,"Pix","","Lucas",""
"14288-2","Sale","04/01/2026 3:48 PM",2,2,"1xCrepe suíço salgado , 1xCrepe suíço doce","21",0,0,0,"21","5","Tarjeta Débito","","Lucas",""
"14289-2","Sale","04/01/2026 3:49 PM",2,2,"1xÁgua sem gás , 1xMilkshake 300ml","15",0,0,0,"15","1","Pix","","Lucas",""
"14290-2","Sale","04/01/2026 3:50 PM",1,1,"1xCascão ","9",0,0,0,"9","7.8","Efectivo","","Lucas",""
"14291-2","Sale","04/01/2026 3:51 PM",1,1,"1xCrepe suíço doce","11",0,0,0,"11","3","Pix","","Lucas",""
"14292-2","Sale","04/01/2026 3:58 PM",1,1,"1xCombo 1","15",0,0,0,"15","1","Otros","","Lucas",""
"14293-2","Sale","04/01/2026 4:05 PM",1,1,"1xCrepe suíço salgado ","10",0,0,0,"10","2","Tarjeta Crédito","","Lucas",""
"14294-2","Sale","04/01/2026 4:09 PM",1,1,"1xMilkshake 500ml","16",0,0,0,"16",0,"Tarjeta Débito","","Lucas",""
"14295-2","Sale","04/01/2026 4:12 PM",2,2,"1xCasquinha , 1xRefri 310ml","14",0,0,0,"14","7","Otros","","Lucas",""
"14296-2","Sale","04/01/2026 4:36 PM",1,2,"2xCasquinha ","14",0,0,0,"14","12","Tarjeta Débito","","Lucas",""
"14297-2","Sale","04/01/2026 4:36 PM",1,1,"1xCasquinha ","7",0,0,0,"7","6","Tarjeta Débito","","Lucas",""
"14298-2","Sale","04/01/2026 4:41 PM",1,1,"1xCrepe suíço doce","11",0,0,0,"11","3","Efectivo","","Lucas",""
"14299-2","Sale","04/01/2026 4:51 PM",1,1,"1xMilkshake 300ml","11",1,0,0,"10",0,"Efectivo","","Lucas",""
"14300-2","Sale","04/01/2026 4:54 PM",1,2,"2xCascão ","18",0,0,0,"18","15.6","Efectivo","","Lucas",""
"14301-2","Sale","04/01/2026 5:07 PM",1,1,"1xCasquinha ","7",0,0,0,"7","6","Efectivo","","Lucas",""
"14302-2","Sale","04/01/2026 5:12 PM",1,2,"2xCascão ","18",0,0,0,"18","15.6","Tarjeta Débito","","Lucas",""
"14303-2","Sale","04/01/2026 5:15 PM",1,1,"1xCrepe suíço salgado ","10",0,0,0,"10","2","Otros","","Lucas",""
"14304-2","Sale","04/01/2026 5:25 PM",1,1,"1xCombo 2","16",0,0,0,"16","1","Otros","","Lucas",""
"14305-2","Sale","04/01/2026 5:27 PM",1,1,"1xRefri 310ml","7",0,0,0,"7","1","Pix","","Lucas",""
"14306-2","Sale","04/01/2026 5:37 PM",1,1,"1xCascão ","9",0,0,0,"9","7.8","Efectivo","","Lucas",""
"14307-2","Sale","04/01/2026 5:38 PM",1,1,"1xCopo 150ml","7",0,0,0,"7","1","Otros","","Lucas",""
"14308-2","Sale","04/01/2026 5:42 PM",2,2,"1xCopo 200ml, 1xCasquinha ","16",0,0,0,"16","7","Efectivo","","Lucas",""
"14309-2","Sale","04/01/2026 5:50 PM",1,1,"1xÁgua sem gás ","4",0,0,0,"4",0,"Tarjeta Débito","","Lucas",""
"14310-2","Sale","04/01/2026 5:51 PM",1,2,"2xCrepe suíço salgado ","20",0,0,0,"20","4","Tarjeta Crédito","","Lucas",""
"14311-2","Sale","04/01/2026 6:10 PM",1,1,"1xMilkshake 300ml","11",0,0,0,"11","1","Efectivo","","Lucas",""
"14312-2","Sale","04/01/2026 6:14 PM",1,1,"1xCrepe suíço salgado ","10",0,0,0,"10","2","Pix","","Lucas",""
"14313-2","Sale","04/01/2026 6:18 PM",1,1,"1xCascão ","9",0,0,0,"9","7.8","Tarjeta Débito","","Lucas",""
"14314-2","Sale","04/01/2026 7:10 PM",2,2,"1xChurros de chocolate , 1xMilkshake 300ml","21",0,0,0,"21","3","Tarjeta Débito","","Lucas",""
"14315-2","Sale","04/01/2026 7:24 PM",1,2,"2xCascão ","18",0,0,0,"18","15.6","Pix","","Lucas",""
"14316-2","Sale","04/02/2026 1:35 PM",1,3,"3xCasquinha ","21",0,0,0,"21","18","Efectivo","","Lucas",""
"14317-2","Sale","04/02/2026 1:48 PM",1,1,"1xCasquinha ","7",0,0,0,"7","6","Efectivo","","Lucas",""
"14318-2","Sale","04/02/2026 2:19 PM",1,1,"1xCasquinha ","7",0,0,0,"7","6","Efectivo","","Lucas",""
"14319-2","Sale","04/02/2026 2:35 PM",1,1,"1xChurros doce de leite ","10",0,0,0,"10","2","Tarjeta Débito","","Lucas",""
"14320-2","Sale","04/02/2026 2:44 PM",1,1,"1xMilkshake 300ml","11",1,0,0,"10",0,"Efectivo","","Lucas",""
"14321-2","Sale","04/02/2026 2:53 PM",1,1,"1xCopo 150ml","7",0,0,0,"7","1","Efectivo","","Lucas",""
"14322-2","Sale","04/02/2026 2:54 PM",1,1,"1xCascão ","9",0,0,0,"9","7.8","Tarjeta Débito","","Lucas",""
"14323-2","Sale","04/02/2026 2:56 PM",1,1,"1xCasquinha ","7",0,0,0,"7","6","Pix","","Lucas",""
"14324-2","Sale","04/02/2026 3:01 PM",1,1,"1xMilkshake 300ml","11",0,0,0,"11","1","Tarjeta Débito","","Lucas",""
"14325-2","Sale","04/02/2026 3:06 PM",1,1,"1xCasquinha ","7",0,0,0,"7","6","Efectivo","","Lucas",""
"14326-2","Sale","04/02/2026 3:08 PM",1,2,"2xÁgua sem gás ","8",0,0,0,"8",0,"Tarjeta Débito","","Lucas",""
"14327-2","Sale","04/02/2026 3:13 PM",1,1,"1xCopo 150ml","7",0,0,0,"7","1","Efectivo","","Lucas",""
"14328-2","Sale","04/02/2026 3:14 PM",1,1,"1xCasquinha ","7",0,0,0,"7","6","Tarjeta Débito","","Lucas",""
"14329-2","Sale","04/02/2026 3:20 PM",1,1,"1xMilkshake 300ml","11",0,0,0,"11","1","Pix","","Lucas",""
"14330-2","Sale","04/02/2026 3:22 PM",1,2,"2xCascão ","18",0,0,0,"18","15.6","Tarjeta Crédito","","Lucas",""
"14331-2","Sale","04/02/2026 3:24 PM",1,1,"1xÁgua com gás ","4.5",0,0,0,"4.5","3.3","Efectivo","","Lucas",""
"14332-2","Sale","04/02/2026 3:32 PM",1,1,"1xMilkshake 500ml","16",0,0,0,"16",0,"Pix","","Lucas",""
"14333-2","Sale","04/02/2026 3:45 PM",1,1,"1xCasquinha ","7",0,0,0,"7","6","Tarjeta Débito","","Lucas",""
"14334-2","Sale","04/02/2026 3:53 PM",1,1,"1xCascão ","9",0,0,0,"9","7.8","Tarjeta Débito","","Lucas",""
"14335-2","Sale","04/02/2026 3:59 PM",2,2,"1xCrepe suíço salgado , 1xChurros doce de leite ","20",3,0,0,"17","1","Tarjeta Débito","","Lucas",""
"14336-2","Sale","04/02/2026 4:07 PM",1,1,"1xChurros doce de leite ","10",0,0,0,"10","2","Tarjeta Débito","","Lucas",""
"14337-2","Sale","04/02/2026 4:13 PM",1,1,"1xCasquinha ","7",0,0,0,"7","6","Tarjeta Débito","","Lucas",""
"14338-2","Sale","04/02/2026 4:18 PM",1,3,"3xCasquinha ","21",0,0,0,"21","18","Tarjeta Débito","","Lucas",""
"14339-2","Sale","04/02/2026 4:20 PM",1,1,"1xCasquinha ","7",0,0,0,"7","6","Efectivo","","Lucas",""
"14340-2","Sale","04/02/2026 4:22 PM",1,1,"1xCrepe suíço salgado ","10",0,0,0,"10","2","Otros","","Lucas",""
"14341-2","Sale","04/02/2026 4:24 PM",1,1,"1xCasquinha ","7",0,0,0,"7","6","Efectivo","","Lucas",""
"14342-2","Sale","04/02/2026 4:30 PM",2,3,"2xMilkshake 300ml, 1xÁgua com gás ","26.5",0,0,0,"26.5","5.3","Pix","","Lucas",""
"14343-2","Sale","04/02/2026 4:33 PM",1,1,"1xCasquinha ","7",0,0,0,"7","6","Efectivo","","Lucas",""
"14344-2","Sale","04/02/2026 4:41 PM",1,1,"1xCascão ","9",0,0,0,"9","7.8","Tarjeta Débito","","Lucas",""
"14345-2","Sale","04/02/2026 4:44 PM",1,1,"1xMilkshake 500ml","16",0,0,0,"16",0,"Efectivo","","Lucas",""
"14346-2","Sale","04/02/2026 4:51 PM",2,2,"1xCopo 150ml, 1xCopo 200ml","16",0,0,0,"16","2","Tarjeta Débito","","Lucas",""
"14347-2","Sale","04/02/2026 4:53 PM",2,2,"1xCombo 3, 1xRefri 310ml","22",0,0,0,"22","2","Pix","","Lucas",""
"14348-2","Sale","04/02/2026 5:03 PM",1,1,"1xCrepe suíço salgado ","10",0,0,0,"10","2","Efectivo","","Lucas",""
"14349-2","Sale","04/02/2026 5:09 PM",1,2,"2xCascão ","18",0,0,0,"18","15.6","Tarjeta Crédito","","Lucas",""
"14350-2","Sale","04/02/2026 5:11 PM",1,2,"2xCascão ","18",0,0,0,"18","15.6","Pix","","Lucas",""
"14351-2","Sale","04/02/2026 5:12 PM",1,1,"1xCascão ","9",0,0,0,"9","7.8","Tarjeta Débito","","Lucas",""
"14352-2","Sale","04/02/2026 5:15 PM",1,1,"1xCopo 200ml","9",0,0,0,"9","1","Tarjeta Débito","","Lucas",""
"14353-2","Sale","04/02/2026 5:18 PM",1,1,"1xChurros de chocolate ","10",0,0,0,"10","2","Efectivo","","Lucas",""
"14354-2","Sale","04/02/2026 5:28 PM",2,2,"1xMilkshake 400ml, 1xCrepe suíço salgado ","24",0,0,0,"24","3","Tarjeta Crédito","","Lucas",""
"14355-2","Sale","04/02/2026 5:31 PM",1,1,"1xMilkshake 300ml","11",0,0,0,"11","1","Pix","","Lucas",""
"14356-2","Sale","04/02/2026 5:32 PM",2,2,"1xCasquinha , 1xCopo 150ml","14",0,0,0,"14","7","Tarjeta Débito","","Lucas",""
"14357-2","Sale","04/02/2026 5:33 PM",1,1,"1xCascão ","9",0,0,0,"9","7.8","Pix","","Lucas",""
"14358-2","Sale","04/02/2026 5:35 PM",3,3,"1xChurros doce de leite , 1xChurros de chocolate , 1xÁgua sem gás ","24",0,0,0,"24","4","Tarjeta Crédito","","Lucas",""
"14359-2","Sale","04/02/2026 5:38 PM",1,2,"2xMilkshake 300ml","22",0,0,0,"22","2","Efectivo","","Lucas",""
"14360-2","Sale","04/02/2026 5:51 PM",1,2,"2xCascão ","18",0,0,0,"18","15.6","Efectivo","","Lucas",""
"14361-2","Sale","04/02/2026 5:55 PM",1,3,"3xCasquinha ","21",0,0,0,"21","18","Efectivo","","Lucas",""
"14362-2","Sale","04/02/2026 6:00 PM",1,1,"1xMilkshake 300ml","11",0,0,0,"11","1","Tarjeta Débito","","Lucas",""
"14363-2","Sale","04/02/2026 6:02 PM",1,1,"1xCascão ","9",0,0,0,"9","7.8","Pix","","Lucas",""
"14364-2","Sale","04/02/2026 6:04 PM",1,1,"1xCrepe suíço doce","11",0,0,0,"11","3","Tarjeta Débito","","Lucas",""
"14365-2","Sale","04/02/2026 6:07 PM",1,1,"1xCopo 150ml","7",0,0,0,"7","1","Tarjeta Débito","","Lucas",""
"14366-2","Sale","04/02/2026 6:14 PM",1,1,"1xCasquinha ","7",0,0,0,"7","6","Pix","","Lucas",""
"14367-2","Sale","04/02/2026 6:15 PM",1,3,"3xCasquinha ","21",0,0,0,"21","18","Pix","","Lucas",""
"14368-2","Sale","04/02/2026 6:16 PM",1,1,"1xChurros de chocolate ","10",0,0,0,"10","2","Pix","","Lucas",""
"14369-2","Sale","04/02/2026 6:21 PM",1,1,"1xCasquinha ","7",0,0,0,"7","6","Tarjeta Débito","","Lucas",""
"14370-2","Sale","04/02/2026 6:51 PM",1,2,"2xRefri 310ml","14",0,0,0,"14","2","Pix","","Lucas",""
"14371-2","Sale","04/02/2026 6:57 PM",1,1,"1xÁgua com gás ","4.5",0,0,0,"4.5","3.3","Tarjeta Débito","","Lucas",""
"14372-2","Sale","04/02/2026 7:02 PM",2,2,"1xChurros doce de leite , 1xChurros de chocolate ","20",0,0,0,"20","4","Tarjeta Débito","","Lucas",""
"14373-2","Sale","04/02/2026 7:05 PM",1,1,"1xMilkshake 300ml","11",0,0,0,"11","1","Efectivo","","Lucas",""
"14374-2","Sale","04/02/2026 7:23 PM",1,1,"1xCombo 1","15",0,0,0,"15","1","Pix","","Lucas",""
"14375-2","Sale","04/02/2026 7:25 PM",3,4,"1xCascão , 2xCrepe suíço salgado , 1xChurros de chocolate ","39",0,0,0,"39","13.8","Efectivo","","Lucas",""
"14376-2","Sale","04/02/2026 7:30 PM",1,1,"1xCombo 1","15",0,0,0,"15","1","Otros","","Lucas",""
"14377-2","Sale","04/03/2026 12:31 PM",2,3,"2xMilkshake 300ml, 1xMilkshake 500ml","38",0,0,0,"38","2","Pix","","Lucas",""
"14378-2","Sale","04/03/2026 12:34 PM",1,2,"2xMilkshake 300ml","22",0,0,0,"22","2","Tarjeta Débito","","Lucas",""
"14379-2","Sale","04/03/2026 12:44 PM",1,1,"1xMilkshake 300ml","11",0,0,0,"11","1","Tarjeta Débito","","Lucas",""
"14380-2","Sale","04/03/2026 12:54 PM",2,2,"1xMilkshake 300ml, 1xCasquinha ","18",0,0,0,"18","7","Tarjeta Débito","","Lucas",""
"14381-2","Sale","04/03/2026 12:54 PM",1,1,"1xÁgua com gás ","4.5",0,0,0,"4.5","3.3","Tarjeta Crédito","","Lucas",""
"14382-2","Sale","04/03/2026 1:06 PM",1,2,"2xCasquinha ","14",0,0,0,"14","12","Tarjeta Débito","","Lucas",""
"14383-2","Sale","04/03/2026 1:31 PM",1,1,"1xMilkshake 500ml","16",0,0,0,"16",0,"Tarjeta Débito","","Lucas",""
"14384-2","Sale","04/03/2026 1:33 PM",1,1,"1xCasquinha ","7",0,0,0,"7","6","Tarjeta Débito","","Lucas",""
"14385-2","Sale","04/03/2026 1:34 PM",1,2,"2xCascão ","18",0,0,0,"18","15.6","Tarjeta Crédito","","Lucas",""
"14386-2","Sale","04/03/2026 1:38 PM",2,2,"1xCopo 150ml, 1xCrepe suíço salgado ","17",0,0,0,"17","3","Pix","","Lucas",""
"14387-2","Sale","04/03/2026 1:38 PM",1,2,"2xÁgua com gás ","9",0,0,0,"9","6.6","Tarjeta Débito","","Lucas",""
"14388-2","Sale","04/03/2026 1:42 PM",1,1,"1xCascão ","9",0,0,0,"9","7.8","Pix","","Lucas",""
"14389-2","Sale","04/03/2026 1:45 PM",1,1,"1xMilkshake 400ml","14",0,0,0,"14","1","Tarjeta Crédito","","Lucas",""
"14390-2","Sale","04/03/2026 1:50 PM",1,2,"2xCopo 150ml","14",0,0,0,"14","2","Efectivo","","Lucas",""
"14391-2","Sale","04/03/2026 1:52 PM",1,2,"2xMilkshake 300ml","22",0,0,0,"22","2","Tarjeta Débito","","Lucas",""
"14392-2","Sale","04/03/2026 1:54 PM",2,2,"1xCascão , 1xCopo 150ml","16",0,0,0,"16","8.8","Tarjeta Débito","","Lucas",""
"14393-2","Sale","04/03/2026 1:58 PM",1,2,"2xCascão ","18",0,0,0,"18","15.6","Tarjeta Débito","","Lucas",""
"14394-2","Sale","04/03/2026 2:13 PM",1,2,"2xMilkshake 300ml","22",0,0,0,"22","2","Pix","","Lucas",""
"14395-2","Sale","04/03/2026 2:18 PM",2,4,"1xCascão , 3xMilkshake 300ml","42",0,0,0,"42","10.8","Pix","","Lucas",""
"14396-2","Sale","04/03/2026 2:19 PM",2,2,"1xCascão , 1xCopo 150ml","16",0,0,0,"16","8.8","Efectivo","","Lucas",""
"14397-2","Sale","04/03/2026 2:25 PM",1,3,"3xCasquinha ","21",0,0,0,"21","18","Tarjeta Débito","","Lucas",""
"14398-2","Sale","04/03/2026 2:30 PM",3,4,"1xCopo 200ml, 2xCascão , 1xÁgua sem gás ","31",0,0,0,"31","16.6","Efectivo, Tarjeta Crédito","","Lucas",""
"14399-2","Sale","04/03/2026 2:34 PM",1,1,"1xCasquinha ","7",0,0,0,"7","6","Pix","","Lucas",""
"14400-2","Sale","04/03/2026 2:36 PM",1,1,"1xChurros de chocolate ","10",0,0,0,"10","2","Efectivo","","Lucas",""
"14401-2","Sale","04/03/2026 2:42 PM",2,2,"1xCascão , 1xMilkshake 300ml","20",0,0,0,"20","8.8","Pix","","Lucas",""
"14402-2","Sale","04/03/2026 2:43 PM",1,1,"1xCopo 150ml","7",0,0,0,"7","1","Pix","","Lucas",""
"14403-2","Sale","04/03/2026 2:47 PM",3,3,"1xCascão , 1xMilkshake 500ml, 1xMilkshake 300ml","36",0,0,0,"36","8.8","Pix","","Lucas",""
"14404-2","Sale","04/03/2026 2:54 PM",1,1,"1xCasquinha ","7",0,0,0,"7","6","Efectivo","","Lucas",""
"14405-2","Sale","04/03/2026 3:00 PM",1,2,"2xCasquinha ","14",0,0,0,"14","12","Efectivo","","Lucas",""
"14406-2","Sale","04/03/2026 3:10 PM",1,1,"1xMilkshake 300ml","11",0,0,0,"11","1","Efectivo","","Lucas",""
"14407-2","Sale","04/03/2026 3:19 PM",3,3,"1xMilkshake 300ml, 1xCasquinha , 1xMilkshake 400ml","32",0,0,0,"32","8","Pix","","Lucas",""
"14408-2","Sale","04/03/2026 3:24 PM",1,2,"2xMilkshake 300ml","22",0,0,0,"22","2","Tarjeta Débito","","Lucas",""
"14409-2","Sale","04/03/2026 3:28 PM",1,1,"1xMilkshake 400ml","14",0,0,0,"14","1","Pix","","Lucas",""
"14410-2","Sale","04/03/2026 3:30 PM",1,2,"2xCasquinha ","14",0,0,0,"14","12","Efectivo","","Lucas",""
"14411-2","Sale","04/03/2026 3:34 PM",1,1,"1xÁgua com gás ","4.5",0,0,0,"4.5","3.3","Pix","","Lucas",""
"14412-2","Sale","04/03/2026 3:36 PM",1,1,"1xCrepe suíço salgado ","10",0,0,0,"10","2","Otros","","Lucas",""
"14413-2","Sale","04/03/2026 3:37 PM",1,1,"1xCombo 2","16",0,0,0,"16","1","Otros","","Lucas",""
"14414-2","Sale","04/03/2026 3:42 PM",2,3,"1xCascão , 2xÁgua sem gás ","17",0,0,0,"17","7.8","Otros","","Lucas",""
"14415-2","Sale","04/03/2026 3:48 PM",3,3,"1xMilkshake 400ml, 1xMilkshake 300ml, 1xCasquinha ","32",0,0,0,"32","8","Tarjeta Débito","","Lucas",""
"14416-2","Sale","04/03/2026 4:01 PM",1,3,"3xCasquinha ","21",0,0,0,"21","18","Otros","","Lucas",""
"14417-2","Sale","04/03/2026 4:03 PM",2,3,"1xCopo 250ml, 2xCopo 150ml","25",0,0,0,"25","3","Tarjeta Crédito","","Lucas",""
"14418-2","Sale","04/03/2026 4:03 PM",2,4,"3xCasquinha , 1xÁgua sem gás ","25",0,0,0,"25","18","Efectivo","","Lucas",""
"14419-2","Sale","04/03/2026 4:06 PM",1,1,"1xChurros de chocolate ","10",0,0,0,"10","2","Tarjeta Débito","","Lucas",""
"14420-2","Sale","04/03/2026 4:10 PM",2,3,"2xCascão , 1xRefri 310ml","25",0,0,0,"25","16.6","Pix","","Lucas",""
"14421-2","Sale","04/03/2026 4:12 PM",1,1,"1xÁgua sem gás ","4",0,0,0,"4",0,"Efectivo","","Lucas",""
"14422-2","Sale","04/03/2026 4:18 PM",2,2,"1xMilkshake 300ml, 1xCascão ","20",0,0,0,"20","8.8","Efectivo","","Lucas",""
"14423-2","Sale","04/03/2026 4:23 PM",3,5,"2xMilkshake 400ml, 2xMilkshake 500ml, 1xCasquinha ","67",0,0,0,"67","8","Tarjeta Débito","","Lucas",""
"14424-2","Sale","04/03/2026 4:31 PM",2,2,"1xMilkshake 500ml, 1xÁgua com gás ","20.5",0,0,0,"20.5","3.3","Tarjeta Débito","","Lucas",""
"14425-2","Sale","04/03/2026 4:45 PM",1,1,"1xÁgua sem gás ","4",0,0,0,"4",0,"Tarjeta Crédito","","Lucas",""
"14426-2","Sale","04/03/2026 4:47 PM",1,1,"1xCasquinha ","7",0,0,0,"7","6","Efectivo","","Lucas",""
"14427-2","Sale","04/03/2026 4:54 PM",1,2,"2xMilkshake 500ml","32",0,0,0,"32",0,"Tarjeta Débito","","Lucas",""
"14428-2","Sale","04/03/2026 4:54 PM",1,1,"1xCopo 150ml","7",0,0,0,"7","1","Tarjeta Débito","","Lucas",""
"14429-2","Sale","04/03/2026 4:55 PM",1,2,"2xCrepe suíço salgado ","20",0,0,0,"20","4","Efectivo","","Lucas",""
"14430-2","Sale","04/03/2026 5:01 PM",1,2,"2xMilkshake 500ml","32",0,0,0,"32",0,"Tarjeta Débito","","Lucas",""
"14431-2","Sale","04/03/2026 5:05 PM",2,4,"2xMilkshake 300ml, 2xCrepe suíço salgado ","42",0,0,0,"42","6","Tarjeta Débito","","Lucas",""
"14432-2","Sale","04/03/2026 5:15 PM",2,2,"1xCrepe suíço salgado , 1xCrepe suíço doce","21",0,0,0,"21","5","Pix","","Lucas",""
"14433-2","Sale","04/03/2026 5:19 PM",1,1,"1xÁgua sem gás ","4",0,0,0,"4",0,"Pix","","Lucas",""
"14434-2","Sale","04/03/2026 5:25 PM",3,5,"1xCopo 150ml, 3xChurros doce de leite , 1xCasquinha ","44",0,0,0,"44","13","Tarjeta Débito","","Lucas",""
"14435-2","Sale","04/03/2026 5:27 PM",1,1,"1xMilkshake 400ml","14",0,0,0,"14","1","Efectivo","","Lucas",""
"14436-2","Sale","04/03/2026 5:31 PM",1,2,"2xCascão ","18",0,0,0,"18","15.6","Efectivo","","Lucas",""
"14437-2","Sale","04/03/2026 5:32 PM",1,2,"2xCascão ","18",0,0,0,"18","15.6","Tarjeta Crédito","","Lucas",""
"14438-2","Sale","04/03/2026 5:42 PM",1,2,"2xCasquinha ","14",0,0,0,"14","12","Efectivo","","Lucas",""
"14439-2","Sale","04/03/2026 5:42 PM",1,2,"2xCasquinha ","14",0,0,0,"14","12","Efectivo","","Lucas",""
"14440-2","Sale","04/03/2026 5:45 PM",1,3,"3xCasquinha ","21",0,0,0,"21","18","Tarjeta Crédito","","Lucas",""
"14441-2","Sale","04/03/2026 5:45 PM",1,2,"2xCascão ","18",0,0,0,"18","15.6","Tarjeta Débito","","Lucas",""
"14442-2","Sale","04/03/2026 5:46 PM",1,1,"1xCascão ","9",0,0,0,"9","7.8","Tarjeta Débito","","Lucas",""
"14443-2","Sale","04/03/2026 5:48 PM",1,1,"1xÁgua sem gás ","4",0,0,0,"4",0,"Pix","","Lucas",""
"14444-2","Sale","04/03/2026 5:51 PM",3,4,"1xMilkshake 400ml, 1xMilkshake 500ml, 2xCascão ","48",0,0,0,"48","16.6","Tarjeta Crédito","","Lucas",""
"14445-2","Sale","04/03/2026 5:53 PM",1,1,"1xCopo 200ml","9",0,0,0,"9","1","Tarjeta Crédito","","Lucas",""
"14446-2","Sale","04/03/2026 6:14 PM",3,4,"1xMilkshake 300ml, 1xCopo 150ml, 2xCasquinha ","32",0,0,0,"32","14","Tarjeta Crédito","","Lucas",""
"14447-2","Sale","04/03/2026 6:15 PM",1,1,"1xÁgua com gás ","4.5",0,0,0,"4.5","3.3","Efectivo","","Lucas",""
"14448-2","Sale","04/03/2026 6:17 PM",2,2,"1xMilkshake 300ml, 1xCasquinha ","18",0,0,0,"18","7","Pix","","Lucas",""
"14449-2","Sale","04/03/2026 6:21 PM",2,2,"1xCasquinha , 1xÁgua sem gás ","11",0,0,0,"11","6","Efectivo","","Lucas",""
"14450-2","Sale","04/03/2026 6:24 PM",1,2,"2xCasquinha ","14",0,0,0,"14","12","Tarjeta Débito","","Lucas",""
"14451-2","Sale","04/03/2026 6:25 PM",2,2,"1xChurros de chocolate , 1xCascão ","19",0,0,0,"19","9.8","Efectivo","","Lucas",""
"14452-2","Sale","04/03/2026 6:50 PM",1,2,"2xCascão ","18",0,0,0,"18","15.6","Tarjeta Débito","","Lucas",""
"14454-2","Sale","04/03/2026 7:13 PM",1,1,"1xMilkshake 300ml","11",0,0,0,"11","1","Tarjeta Débito","","Lucas",""
"14455-2","Sale","04/03/2026 7:24 PM",1,5,"5xCasquinha ","35",0,0,0,"35","30","Efectivo","","Lucas",""
"14456-2","Sale","04/03/2026 7:28 PM",1,3,"3xCasquinha ","21",0,0,0,"21","18","Efectivo","","Lucas",""
"14457-2","Sale","04/03/2026 7:30 PM",2,2,"1xCopo 150ml, 1xCasquinha ","14",0,0,0,"14","7","Otros","","Lucas",""
"14453-2","Sale","04/03/2026 7:07 PM",1,1,"1xMilkshake 300ml","11",0,0,0,"11","1","Tarjeta Débito","","Lucas",""
"14458-2","Sale","04/04/2026 10:11 AM",1,2,"2xRefri 310ml","14",0,0,0,"14","2","Pix","","Lucas",""
"14459-2","Sale","04/04/2026 10:15 AM",1,2,"2xCasquinha ","14",0,0,0,"14","12","Efectivo","","Lucas",""
"14460-2","Sale","04/04/2026 10:36 AM",1,2,"2xCasquinha ","14",0,0,0,"14","12","Pix","","Lucas",""
"14461-2","Sale","04/04/2026 10:43 AM",1,2,"2xÁgua sem gás ","8",0,0,0,"8",0,"Efectivo","","Lucas",""
"14462-2","Sale","04/04/2026 10:49 AM",2,2,"1xCrepe suíço doce, 1xÁgua com gás ","15.5",0,0,0,"15.5","6.3","Efectivo","","Lucas",""
"14463-2","Sale","04/04/2026 10:52 AM",1,1,"1xÁgua sem gás ","4",0,0,0,"4",0,"Efectivo","","Lucas",""
"14464-2","Sale","04/04/2026 10:54 AM",1,1,"1xChurros de chocolate ","10",0,0,0,"10","2","Efectivo","","Lucas",""
"14465-2","Sale","04/04/2026 11:00 AM",1,1,"1xCombo 3","15",0,0,0,"15","1","Efectivo","","Lucas",""
"14466-2","Sale","04/04/2026 11:04 AM",2,3,"2xCopo 150ml, 1xRefri 310ml","21",0,0,0,"21","3","Tarjeta Débito","","Lucas",""
"14467-2","Sale","04/04/2026 11:06 AM",1,2,"2xCasquinha ","14",0,0,0,"14","12","Tarjeta Crédito","","Lucas",""
"14468-2","Sale","04/04/2026 11:11 AM",2,2,"1xCasquinha , 1xCopo 150ml","14",0,0,0,"14","7","Efectivo","","Lucas",""
"14469-2","Sale","04/04/2026 11:12 AM",1,1,"1xRefri 310ml","7",0,0,0,"7","1","Efectivo","","Lucas",""
"14470-2","Sale","04/04/2026 11:15 AM",1,1,"1xÁgua sem gás ","4",0,0,0,"4",0,"Pix","","Lucas",""
"14471-2","Sale","04/04/2026 11:17 AM",1,2,"2xCasquinha ","14",0,0,0,"14","12","Efectivo","","Lucas",""
"14472-2","Sale","04/04/2026 11:41 AM",2,2,"1xCasquinha , 1xCopo 150ml","14",0,0,0,"14","7","Tarjeta Débito","","Lucas",""
"14473-2","Sale","04/04/2026 12:09 PM",1,1,"1xMilkshake 300ml","11",0,0,0,"11","1","Tarjeta Débito","","Lucas",""
"14474-2","Sale","04/04/2026 12:12 PM",2,2,"1xMilkshake 300ml, 1xCopo 200ml","20",0,0,0,"20","2","Efectivo","","Lucas",""
"14475-2","Sale","04/04/2026 12:22 PM",1,4,"4xMilkshake 300ml","44",0,0,0,"44","4","Pix","","Lucas",""
"14476-2","Sale","04/04/2026 12:29 PM",1,2,"2xCascão ","18",0,0,0,"18","15.6","Tarjeta Débito","","Lucas",""
"14477-2","Sale","04/04/2026 12:30 PM",1,1,"1xÁgua sem gás ","4",0,0,0,"4",0,"Tarjeta Débito","","Lucas",""
"14478-2","Sale","04/04/2026 12:31 PM",1,1,"1xRefri 310ml","7",0,0,0,"7","1","Tarjeta Crédito","","Lucas",""
"14479-2","Sale","04/04/2026 12:31 PM",1,1,"1xCopo 150ml","7",0,0,0,"7","1","Tarjeta Débito","","Lucas",""
"14480-2","Sale","04/04/2026 12:35 PM",1,2,"2xCopo 150ml","14",0,0,0,"14","2","Pix","","Lucas",""
"14481-2","Sale","04/04/2026 12:38 PM",2,3,"2xCascão , 1xMilkshake 300ml","29",0,0,0,"29","16.6","Efectivo","","Lucas",""
"14482-2","Sale","04/04/2026 12:45 PM",2,3,"2xRefri 310ml, 1xCascão ","23",0,0,0,"23","9.8","Pix","","Lucas",""
"14483-2","Sale","04/04/2026 12:56 PM",3,3,"1xMilkshake 300ml, 1xCascão , 1xCasquinha ","27",0,0,0,"27","14.8","Efectivo","","Lucas",""
"14484-2","Sale","04/04/2026 12:56 PM",2,3,"2xCasquinha , 1xÁgua sem gás ","18",0,0,0,"18","12","Efectivo","","Lucas",""
"14485-2","Sale","04/04/2026 12:58 PM",1,1,"1xCasquinha ","7",0,0,0,"7","6","Tarjeta Débito","","Lucas",""
"14486-2","Sale","04/04/2026 1:03 PM",1,1,"1xÁgua com gás ","4.5",0,0,0,"4.5","3.3","Tarjeta Débito","","Lucas",""
"14487-2","Sale","04/04/2026 1:04 PM",1,1,"1xCasquinha ","7",0,0,0,"7","6","Efectivo","","Lucas",""
"14488-2","Sale","04/04/2026 1:05 PM",1,1,"1xCasquinha ","7",0,0,0,"7","6","Tarjeta Débito","","Lucas",""
"14489-2","Sale","04/04/2026 1:10 PM",2,2,"1xCascão , 1xCasquinha ","16",0,0,0,"16","13.8","Tarjeta Débito","","Lucas",""
"14490-2","Sale","04/04/2026 1:14 PM",2,2,"1xCombo 1, 1xCrepe suíço doce","26",11,0,0,"15","-7","Efectivo","","Lucas",""
"14491-2","Sale","04/04/2026 1:17 PM",2,2,"1xÁgua sem gás , 1xÁgua com gás ","8.5",0,0,0,"8.5","3.3","Tarjeta Débito","","Lucas",""
"14492-2","Sale","04/04/2026 1:22 PM",1,2,"2xÁgua com gás ","9",0,0,0,"9","6.6","Tarjeta Crédito","","Lucas",""
"14493-2","Sale","04/04/2026 1:28 PM",1,1,"1xMilkshake 300ml","11",0,0,0,"11","1","Pix","","Lucas",""
"14494-2","Sale","04/04/2026 1:28 PM",1,1,"1xÁgua sem gás ","4",0,0,0,"4",0,"Pix","","Lucas",""
"14495-2","Sale","04/04/2026 1:30 PM",1,2,"2xCasquinha ","14",0,0,0,"14","12","Tarjeta Crédito","","Lucas",""
"14496-2","Sale","04/04/2026 1:32 PM",1,1,"1xMilkshake 400ml","14",0,0,0,"14","1","Tarjeta Débito","","Lucas",""
"14497-2","Sale","04/04/2026 1:52 PM",1,2,"2xMilkshake 500ml","32",0,0,0,"32",0,"Efectivo","","Lucas",""
"14498-2","Sale","04/04/2026 1:52 PM",1,1,"1xRefri 310ml","7",0,0,0,"7","1","Pix","","Lucas",""
"14499-2","Sale","04/04/2026 1:52 PM",1,1,"1xRefri 310ml","7",0,0,0,"7","1","Pix","","Lucas",""
"14500-2","Sale","04/04/2026 1:54 PM",1,2,"2xCasquinha ","14",0,0,0,"14","12","Efectivo","","Lucas",""
"14501-2","Sale","04/04/2026 1:56 PM",1,1,"1xMilkshake 300ml","11",0,0,0,"11","1","Efectivo","","Lucas",""
"14502-2","Sale","04/04/2026 1:56 PM",1,1,"1xMilkshake 400ml","14",0,0,0,"14","1","Pix","","Lucas",""
"14503-2","Sale","04/04/2026 1:59 PM",1,1,"1xÁgua sem gás ","4",0,0,0,"4",0,"Tarjeta Débito","","Lucas",""
"14504-2","Sale","04/04/2026 2:10 PM",1,1,"1xCasquinha ","7",0,0,0,"7","6","Tarjeta Débito","","Lucas",""
"14505-2","Sale","04/04/2026 2:20 PM",3,3,"1xMilkshake 400ml, 1xCasquinha , 1xMilkshake 500ml","37",0,0,0,"37","7","Pix","","Lucas",""
"14506-2","Sale","04/04/2026 2:22 PM",1,1,"1xMilkshake 300ml","11",0,0,0,"11","1","Tarjeta Débito","","Lucas",""
"14507-2","Sale","04/04/2026 2:28 PM",1,2,"2xCasquinha ","14",0,0,0,"14","12","Efectivo","","Lucas",""
"14508-2","Sale","04/04/2026 2:29 PM",1,1,"1xÁgua sem gás ","4",0,0,0,"4",0,"Tarjeta Débito","","Lucas",""
"14509-2","Sale","04/04/2026 2:34 PM",1,3,"3xCascão ","27",0,0,0,"27","23.4","Tarjeta Débito","","Lucas",""
"14510-2","Sale","04/04/2026 2:39 PM",1,1,"1xCasquinha ","7",0,0,0,"7","6","Efectivo","","Lucas",""
"14511-2","Sale","04/04/2026 2:43 PM",1,1,"1xCascão ","9",0,0,0,"9","7.8","Efectivo","","Lucas",""
"14512-2","Sale","04/04/2026 2:46 PM",1,1,"1xCascão ","9",0,0,0,"9","7.8","Efectivo","","Lucas",""
"14513-2","Sale","04/04/2026 2:48 PM",1,1,"1xMilkshake 400ml","14",0,0,0,"14","1","Tarjeta Débito","","Lucas",""
"14514-2","Sale","04/04/2026 2:49 PM",2,2,"1xCascão , 1xÁgua com gás ","13.5",0,0,0,"13.5","11.1","Tarjeta Débito","","Lucas",""
"14515-2","Sale","04/04/2026 2:52 PM",1,1,"1xCopo 200ml","9",4,0,0,"5","-3","Efectivo","","Lucas",""
"14516-2","Sale","04/04/2026 3:00 PM",1,1,"1xMilkshake 500ml","16",0,0,0,"16",0,"Tarjeta Crédito","","Lucas",""
"14517-2","Sale","04/04/2026 3:11 PM",1,1,"1xRefri 310ml","7",0,0,0,"7","1","Efectivo","","Lucas",""
"14518-2","Sale","04/04/2026 3:12 PM",1,1,"1xCasquinha ","7",0,0,0,"7","6","Pix","","Lucas",""
"14519-2","Sale","04/04/2026 3:14 PM",2,3,"2xÁgua sem gás , 1xÁgua com gás ","12.5",0.5,0,0,"12","3.12","Efectivo","","Lucas",""
"14520-2","Sale","04/04/2026 3:15 PM",1,1,"1xMilkshake 300ml","11",0,0,0,"11","1","Pix","","Lucas",""
"14521-2","Sale","04/04/2026 3:16 PM",1,1,"1xMilkshake 400ml","14",0,0,0,"14","1","Pix","","Lucas",""
"14522-2","Sale","04/04/2026 3:25 PM",1,2,"2xCasquinha ","14",0,0,0,"14","12","Efectivo","","Lucas",""
"14523-2","Sale","04/04/2026 3:33 PM",1,2,"2xCasquinha ","14",0,0,0,"14","12","Tarjeta Débito","","Lucas",""
"14524-2","Sale","04/04/2026 3:35 PM",1,1,"1xCascão ","9",0,0,0,"9","7.8","Efectivo","","Lucas",""
"14525-2","Sale","04/04/2026 3:40 PM",1,2,"2xCopo 150ml","14",0,0,0,"14","2","Pix","","Lucas",""
"14526-2","Sale","04/04/2026 3:41 PM",1,3,"3xCascão ","27",0,0,0,"27","23.4","Tarjeta Débito","","Lucas",""
"14527-2","Sale","04/04/2026 3:46 PM",1,1,"1xCascão ","9",0,0,0,"9","7.8","Tarjeta Débito","","Lucas",""
"14528-2","Sale","04/04/2026 3:51 PM",2,2,"1xCascão , 1xMilkshake 300ml","20",0,0,0,"20","8.8","Efectivo","","Lucas",""
"14529-2","Sale","04/04/2026 3:53 PM",1,1,"1xMilkshake 400ml","14",0,0,0,"14","1","Tarjeta Débito","","Lucas",""
"14530-2","Sale","04/04/2026 3:54 PM",1,1,"1xMilkshake 300ml","11",0,0,0,"11","1","Efectivo","","Lucas",""
"14531-2","Sale","04/04/2026 3:54 PM",1,1,"1xCasquinha ","7",0,0,0,"7","6","Tarjeta Débito","","Lucas",""
"14532-2","Sale","04/04/2026 3:58 PM",1,2,"2xChurros doce de leite ","20",0,0,0,"20","4","Tarjeta Débito","","Lucas",""
"14533-2","Sale","04/04/2026 4:04 PM",1,1,"1xChurros doce de leite ","10",0,0,0,"10","2","Tarjeta Crédito","","Lucas",""
"14534-2","Sale","04/04/2026 4:10 PM",1,1,"1xCascão ","9",0,0,0,"9","7.8","Pix","","Lucas",""
"14535-2","Sale","04/04/2026 4:12 PM",2,2,"1xCascão , 1xCasquinha ","16",0,0,0,"16","13.8","Tarjeta Crédito","","Lucas",""
"14536-2","Sale","04/04/2026 4:19 PM",2,3,"1xCasquinha , 2xCascão ","25",0,0,0,"25","21.6","Efectivo","","Lucas",""
"14537-2","Sale","04/04/2026 4:22 PM",1,1,"1xRefri 310ml","7",0,0,0,"7","1","Efectivo","","Lucas",""
"14538-2","Sale","04/04/2026 4:23 PM",2,3,"2xMilkshake 500ml, 1xChurros de chocolate ","42",0,0,0,"42","2","Efectivo","","Lucas",""
"14539-2","Sale","04/04/2026 4:32 PM",1,2,"2xMilkshake 300ml","22",0,0,0,"22","2","Tarjeta Débito","","Lucas",""
"14540-2","Sale","04/04/2026 4:35 PM",2,2,"1xChurros doce de leite , 1xMilkshake 300ml","21",0,0,0,"21","3","Tarjeta Crédito","","Lucas",""
"14541-2","Sale","04/04/2026 4:37 PM",2,2,"1xCasquinha , 1xCopo 150ml","14",0,0,0,"14","7","Tarjeta Crédito","","Lucas",""
"14542-2","Sale","04/04/2026 4:39 PM",2,2,"1xChurros doce de leite , 1xMilkshake 400ml","24",0,0,0,"24","3","Pix","","Lucas",""
"14543-2","Sale","04/04/2026 4:45 PM",1,1,"1xMilkshake 400ml","14",0,0,0,"14","1","Pix","","Lucas",""
"14544-2","Sale","04/04/2026 4:46 PM",2,2,"1xÁgua sem gás , 1xÁgua com gás ","8.5",0,0,0,"8.5","3.3","Tarjeta Débito","","Lucas",""
"14545-2","Sale","04/04/2026 4:50 PM",3,4,"1xMilkshake 500ml, 1xMilkshake 300ml, 2xCasquinha ","41",0,0,0,"41","13","Pix","","Lucas",""
"14546-2","Sale","04/04/2026 4:55 PM",3,4,"2xMilkshake 300ml, 1xMilkshake 400ml, 1xÁgua com gás ","40.5",1,0,0,"39.5","5.3","Tarjeta Crédito","","Lucas",""
"14547-2","Sale","04/04/2026 4:57 PM",1,1,"1xMilkshake 400ml","14",0,0,0,"14","1","Pix","","Lucas",""
"14548-2","Sale","04/04/2026 4:58 PM",1,1,"1xCasquinha ","7",0,0,0,"7","6","Tarjeta Débito","","Lucas",""
"14549-2","Sale","04/04/2026 5:00 PM",1,1,"1xMilkshake 300ml","11",0,0,0,"11","1","Pix","","Lucas",""
"14550-2","Sale","04/04/2026 5:12 PM",2,2,"1xMilkshake 500ml, 1xMilkshake 300ml","27",0,0,0,"27","1","Efectivo","","Lucas",""
"14551-2","Sale","04/04/2026 5:13 PM",1,1,"1xCopo 150ml","7",0,0,0,"7","1","Pix","","Lucas",""
"14552-2","Sale","04/04/2026 5:15 PM",1,1,"1xMilkshake 500ml","16",0,0,0,"16",0,"Tarjeta Crédito","","Lucas",""
"14553-2","Sale","04/04/2026 5:17 PM",1,1,"1xMilkshake 500ml","16",0,0,0,"16",0,"Efectivo","","Lucas",""
"14554-2","Sale","04/04/2026 5:23 PM",1,1,"1xÁgua sem gás ","4",0,0,0,"4",0,"Efectivo","","Lucas",""
"14555-2","Sale","04/04/2026 5:28 PM",1,1,"1xMilkshake 300ml","11",0,0,0,"11","1","Pix","","Lucas",""
"14556-2","Sale","04/04/2026 5:33 PM",1,1,"1xRefri 310ml","7",0,0,0,"7","1","Otros","","Lucas",""
"14557-2","Sale","04/04/2026 5:41 PM",2,4,"2xMilkshake 400ml, 2xCasquinha ","42",0,0,0,"42","14","Efectivo","","Lucas",""
"14558-2","Sale","04/04/2026 5:44 PM",1,3,"3xMilkshake 300ml","33",0,0,0,"33","3","Pix","","Lucas",""
"14559-2","Sale","04/04/2026 5:44 PM",2,3,"1xChurros de chocolate , 2xÁgua sem gás ","18",0,0,0,"18","2","Efectivo","","Lucas",""
"14560-2","Sale","04/04/2026 5:54 PM",1,3,"3xÁgua com gás ","13.5",0,0,0,"13.5","9.9","Efectivo","","Lucas",""
"14561-2","Sale","04/04/2026 5:56 PM",1,2,"2xCasquinha ","14",0,0,0,"14","12","Tarjeta Crédito","","Lucas",""
"14562-2","Sale","04/04/2026 5:56 PM",1,1,"1xChurros de chocolate ","10",0,0,0,"10","2","Tarjeta Débito","","Lucas",""
"14563-2","Sale","04/04/2026 6:02 PM",1,2,"2xCascão ","18",0,0,0,"18","15.6","Tarjeta Crédito","","Lucas",""
"14564-2","Sale","04/04/2026 6:03 PM",2,2,"1xCascão , 1xCopo 200ml","18",0,0,0,"18","8.8","Pix","","Lucas",""
"14565-2","Sale","04/04/2026 6:33 PM",2,4,"2xMilkshake 500ml, 2xMilkshake 300ml","54",0,0,0,"54","2","Efectivo","","Lucas",""
"14566-2","Sale","04/04/2026 6:33 PM",2,2,"1xCasquinha , 1xChurros de chocolate ","17",0,0,0,"17","8","Tarjeta Débito","","Lucas",""
"14567-2","Sale","04/04/2026 6:37 PM",1,3,"3xMilkshake 300ml","33",0,0,0,"33","3","Efectivo","","Lucas",""
"14568-2","Sale","04/04/2026 7:04 PM",1,2,"2xCasquinha ","14",0,0,0,"14","12","Tarjeta Débito","","Lucas",""
"14569-2","Sale","04/04/2026 7:06 PM",1,3,"3xCasquinha ","21",0,0,0,"21","18","Tarjeta Débito","","Lucas",""
"14571-2","Sale","04/06/2026 1:50 PM",1,1,"1xMilkshake 400ml","14",0,0,0,"14","1","Pix","","Lucas",""
"14572-2","Sale","04/06/2026 1:55 PM",2,2,"1xCascão , 1xRefri 310ml","16",6,0,0,"10","2.79","Efectivo","","Lucas",""
"14573-2","Sale","04/06/2026 2:01 PM",1,2,"2xCascão ","18",0,0,0,"18","15.6","Tarjeta Débito","","Lucas",""
"14574-2","Sale","04/06/2026 2:22 PM",2,2,"1xCopo 150ml, 1xCasquinha ","14",0,0,0,"14","7","Pix","","Lucas",""
"14575-2","Sale","04/06/2026 2:38 PM",2,2,"1xCascão , 1xMilkshake 400ml","23",0,0,0,"23","8.8","Efectivo","","Lucas",""
"14576-2","Sale","04/06/2026 2:45 PM",2,4,"1xÁgua com gás , 3xMilkshake 300ml","37.5",0,0,0,"37.5","6.3","Efectivo","","Lucas",""
"14577-2","Sale","04/06/2026 3:18 PM",2,2,"1xÁgua sem gás , 1xCasquinha ","11",0,0,0,"11","6","Efectivo","","Lucas",""
"14578-2","Sale","04/06/2026 3:32 PM",1,1,"1xCopo 150ml","7",0,0,0,"7","1","Tarjeta Débito","","Lucas",""
"14579-2","Sale","04/06/2026 3:42 PM",1,1,"1xMilkshake 300ml","11",0,0,0,"11","1","Otros","","Lucas",""
"14580-2","Sale","04/06/2026 3:45 PM",1,2,"2xCascão ","18",0,0,0,"18","15.6","Efectivo","","Lucas",""
"14581-2","Sale","04/06/2026 3:51 PM",1,1,"1xCasquinha ","7",0,0,0,"7","6","Tarjeta Crédito","","Lucas",""
"14582-2","Sale","04/06/2026 4:03 PM",2,3,"2xCopo 150ml, 1xMilkshake 400ml","28",0,0,0,"28","3","Tarjeta Crédito","","Lucas",""
"14583-2","Sale","04/06/2026 4:04 PM",1,1,"1xMilkshake 300ml","11",0,0,0,"11","1","Tarjeta Débito","","Lucas",""
"14584-2","Sale","04/06/2026 4:17 PM",1,1,"1xCascão ","9",0,0,0,"9","7.8","Tarjeta Crédito","","Lucas",""
"14585-2","Sale","04/06/2026 4:24 PM",1,1,"1xCascão ","9",0,0,0,"9","7.8","Efectivo","","Lucas",""
"14586-2","Sale","04/06/2026 4:25 PM",2,2,"1xÁgua sem gás , 1xRefri 310ml","11",0,0,0,"11","1","Efectivo","","Lucas",""
"14587-2","Sale","04/06/2026 4:30 PM",1,1,"1xCascão ","9",0,0,0,"9","7.8","Pix","","Lucas",""
"14588-2","Sale","04/06/2026 4:34 PM",1,1,"1xCasquinha ","7",0,0,0,"7","6","Pix","","Lucas",""
"14589-2","Sale","04/06/2026 4:38 PM",1,1,"1xCascão ","9",0,0,0,"9","7.8","Tarjeta Crédito","","Lucas",""
"14590-2","Sale","04/06/2026 4:44 PM",2,4,"1xCasquinha , 3xCascão ","34",0,0,0,"34","29.4","Pix","","Lucas",""
"14591-2","Sale","04/06/2026 4:48 PM",1,2,"2xCasquinha ","14",0,0,0,"14","12","Efectivo","","Lucas",""
"14592-2","Sale","04/06/2026 4:48 PM",1,1,"1xCombo 1","15",0,0,0,"15","1","Otros","","Lucas",""
"14593-2","Sale","04/06/2026 4:52 PM",1,1,"1xRefri 310ml","7",0,0,0,"7","1","Otros","","Lucas",""
"14594-2","Sale","04/06/2026 4:52 PM",1,4,"4xCascão ","36",0,0,0,"36","31.2","Tarjeta Débito","","Lucas",""
"14595-2","Sale","04/06/2026 4:58 PM",1,1,"1xCasquinha ","7",0,0,0,"7","6","Tarjeta Débito","","Lucas",""
"14596-2","Sale","04/06/2026 5:14 PM",1,1,"1xCrepe suíço salgado ","10",0,0,0,"10","2","Pix","","Lucas",""
"14597-2","Sale","04/06/2026 5:29 PM",1,2,"2xMilkshake 300ml","22",0,0,0,"22","2","Efectivo","","Lucas",""
"14598-2","Sale","04/06/2026 5:47 PM",1,1,"1xCopo 200ml","9",0,0,0,"9","1","Efectivo","","Lucas",""
"14599-2","Sale","04/06/2026 5:49 PM",2,2,"1xCombo 1, 1xCrepe suíço salgado ","25",0,0,0,"25","3","Tarjeta Débito","","Lucas",""
"14600-2","Sale","04/06/2026 5:55 PM",1,1,"1xCasquinha ","7",0,0,0,"7","6","Pix","","Lucas",""
"14601-2","Sale","04/06/2026 6:02 PM",1,1,"1xRefri 310ml","7",0,0,0,"7","1","Pix","","Lucas",""
"14602-2","Sale","04/06/2026 6:09 PM",1,1,"1xRefri 310ml","7",0,0,0,"7","1","Pix","","Lucas",""
"14603-2","Sale","04/06/2026 6:12 PM",1,1,"1xMilkshake 500ml","16",0,0,0,"16",0,"Tarjeta Débito","","Lucas",""
"14604-2","Sale","04/06/2026 6:29 PM",1,1,"1xMilkshake 400ml","14",0,0,0,"14","1","Pix","","Lucas",""
"14605-2","Sale","04/06/2026 6:41 PM",1,1,"1xChurros doce de leite ","10",0,0,0,"10","2","Tarjeta Débito","","Lucas",""
"14606-2","Sale","04/06/2026 6:54 PM",1,1,"1xMilkshake 500ml","16",6,0,0,"10",0,"Efectivo","","Lucas",""
"14607-2","Sale","04/06/2026 7:02 PM",1,3,"3xCasquinha ","21",0,0,0,"21","18","Efectivo","","Lucas",""
"14608-2","Sale","04/06/2026 7:07 PM",1,1,"1xCascão ","9",0,0,0,"9","7.8","Efectivo","","Lucas",""
"14609-2","Sale","04/06/2026 7:11 PM",1,1,"1xCrepe suíço salgado ","10",0,0,0,"10","2","Tarjeta Débito","","Lucas",""
"14610-2","Sale","04/07/2026 1:24 PM",1,1,"1xCasquinha ","7",0,0,0,"7","6","Efectivo","","Lucas",""
"14611-2","Sale","04/07/2026 1:35 PM",1,1,"1xMilkshake 500ml","16",0,0,0,"16",0,"Tarjeta Crédito","","Lucas",""
"14612-2","Sale","04/07/2026 1:45 PM",1,1,"1xCasquinha ","7",0,0,0,"7","6","Efectivo","","Lucas",""
"14613-2","Sale","04/07/2026 2:13 PM",1,2,"2xCasquinha ","14",0,0,0,"14","12","Efectivo","","Lucas",""
"14614-2","Sale","04/07/2026 2:13 PM",1,3,"3xChurros de chocolate ","30",0,0,0,"30","6","Tarjeta Crédito","","Lucas",""
"14615-2","Sale","04/07/2026 2:37 PM",1,1,"1xMilkshake 300ml","11",0,0,0,"11","1","Efectivo","","Lucas",""
"14616-2","Sale","04/07/2026 2:47 PM",1,1,"1xCasquinha ","7",0,0,0,"7","6","Efectivo","","Lucas",""
"14617-2","Sale","04/07/2026 2:48 PM",1,1,"1xCasquinha ","7",0,0,0,"7","6","Efectivo","","Lucas",""
"14618-2","Sale","04/07/2026 3:27 PM",1,2,"2xCasquinha ","14",0,0,0,"14","12","Efectivo","","Lucas",""
"14619-2","Sale","04/07/2026 3:30 PM",2,3,"2xCasquinha , 1xMilkshake 300ml","25",0,0,0,"25","13","Pix","","Lucas",""
"14620-2","Sale","04/07/2026 3:32 PM",1,2,"2xCopo 150ml","14",0,0,0,"14","2","Tarjeta Débito","","Lucas",""
"14621-2","Sale","04/07/2026 3:38 PM",1,1,"1xCasquinha ","7",0,0,0,"7","6","Otros","","Lucas",""
"14622-2","Sale","04/07/2026 3:41 PM",1,2,"2xMilkshake 300ml","22",0,0,0,"22","2","Pix","","Lucas",""
"14623-2","Sale","04/07/2026 3:44 PM",1,1,"1xChurros doce de leite ","10",0,0,0,"10","2","Efectivo","","Lucas",""
"14624-2","Sale","04/07/2026 3:45 PM",2,2,"1xCasquinha , 1xÁgua sem gás ","11",0,0,0,"11","6","Tarjeta Crédito","","Lucas",""
"14625-2","Sale","04/07/2026 3:51 PM",2,2,"1xChurros doce de leite , 1xMilkshake 300ml","21",0,0,0,"21","3","Pix","","Lucas",""
"14626-2","Sale","04/07/2026 4:07 PM",1,1,"1xChurros doce de leite ","10",0,0,0,"10","2","Tarjeta Débito","","Lucas",""
"14627-2","Sale","04/07/2026 4:18 PM",1,2,"2xCasquinha ","14",0,0,0,"14","12","Efectivo","","Lucas",""
"14628-2","Sale","04/07/2026 4:35 PM",1,1,"1xCrepe suíço salgado ","10",0,0,0,"10","2","Tarjeta Crédito","","Lucas",""
"14629-2","Sale","04/07/2026 4:40 PM",1,1,"1xMilkshake 400ml","14",0,0,0,"14","1","Pix","","Lucas",""
"14630-2","Sale","04/07/2026 4:46 PM",1,1,"1xMilkshake 400ml","14",0,0,0,"14","1","Efectivo","","Lucas",""
"14631-2","Sale","04/07/2026 4:47 PM",1,1,"1xMilkshake 300ml","11",0,0,0,"11","1","Pix","","Lucas",""
"14632-2","Sale","04/07/2026 4:50 PM",1,1,"1xMilkshake 500ml","16",0,0,0,"16",0,"Efectivo","","Lucas",""
"14633-2","Sale","04/07/2026 4:52 PM",1,2,"2xCasquinha ","14",0,0,0,"14","12","Pix","","Lucas",""
"14634-2","Sale","04/07/2026 4:54 PM",1,1,"1xÁgua com gás ","4.5",0,0,0,"4.5","3.3","Pix","","Lucas",""
"14636-2","Sale","04/07/2026 5:52 PM",3,5,"3xChurros doce de leite , 1xÁgua sem gás , 1xÁgua com gás ","38.5",0,0,0,"38.5","9.3","Pix","","Lucas",""
"14637-2","Sale","04/08/2026 1:38 PM",1,1,"1xCascão ","9",0,0,0,"9","7.8","Pix","","Lucas",""
"14638-2","Sale","04/08/2026 2:09 PM",1,1,"1xCrepe suíço doce","11",0,0,0,"11","3","Efectivo","","Lucas",""
"14639-2","Sale","04/08/2026 2:10 PM",1,1,"1xÁgua sem gás ","4",0,0,0,"4",0,"Tarjeta Débito","","Lucas",""
"14640-2","Sale","04/08/2026 2:11 PM",2,2,"1xCrepe suíço salgado , 1xChurros doce de leite ","20",0,0,0,"20","4","Efectivo","","Lucas",""
"14641-2","Sale","04/08/2026 2:17 PM",1,1,"1xCasquinha ","7",0,0,0,"7","6","Pix","","Lucas",""
"14642-2","Sale","04/08/2026 2:21 PM",1,1,"1xÁgua sem gás ","4",0,0,0,"4",0,"Efectivo","","Lucas",""
"14643-2","Sale","04/08/2026 2:37 PM",1,1,"1xÁgua sem gás ","4",0,0,0,"4",0,"Efectivo","","Lucas",""
"14644-2","Sale","04/08/2026 2:48 PM",1,2,"2xÁgua sem gás ","8",0,0,0,"8",0,"Tarjeta Débito","","Lucas",""
"14645-2","Sale","04/08/2026 2:48 PM",1,1,"1xCrepe suíço salgado ","10",0,0,0,"10","2","Efectivo","","Lucas",""
"14646-2","Sale","04/08/2026 2:54 PM",1,2,"2xCasquinha ","14",0,0,0,"14","12","Efectivo","","Lucas",""
"14647-2","Sale","04/08/2026 3:01 PM",1,1,"1xCrepe suíço doce","11",0,0,0,"11","3","Tarjeta Débito","","Lucas",""
"14648-2","Sale","04/08/2026 3:11 PM",1,1,"1xMilkshake 300ml","11",0,0,0,"11","1","Pix","","Lucas",""
"14649-2","Sale","04/08/2026 3:15 PM",2,2,"1xMilkshake 300ml, 1xCascão ","20",0,0,0,"20","8.8","Tarjeta Débito","","Lucas",""
"14650-2","Sale","04/08/2026 3:24 PM",1,1,"1xMilkshake 300ml","11",0,0,0,"11","1","Tarjeta Débito","","Lucas",""
"14651-2","Sale","04/08/2026 3:25 PM",1,1,"1xChurros de chocolate ","10",0,0,0,"10","2","Pix","","Lucas",""
"14652-2","Sale","04/08/2026 3:29 PM",1,3,"3xCascão ","27",0,0,0,"27","23.4","Efectivo","","Lucas",""
"14653-2","Sale","04/08/2026 3:31 PM",1,1,"1xCasquinha ","7",0,0,0,"7","6","Efectivo","","Lucas",""
"14654-2","Sale","04/08/2026 3:34 PM",1,1,"1xCasquinha ","7",0,0,0,"7","6","Tarjeta Débito","","Lucas",""
"14655-2","Sale","04/08/2026 3:38 PM",1,1,"1xMilkshake 400ml","14",0,0,0,"14","1","Efectivo","","Lucas",""
"14656-2","Sale","04/08/2026 3:43 PM",2,2,"1xChurros doce de leite , 1xCasquinha ","17",0,0,0,"17","8","Pix","","Lucas",""
"14657-2","Sale","04/08/2026 3:49 PM",1,1,"1xÁgua sem gás ","4",0,0,0,"4",0,"Pix","","Lucas",""
"14658-2","Sale","04/08/2026 3:52 PM",1,1,"1xMilkshake 300ml","11",0,0,0,"11","1","Tarjeta Crédito","","Lucas",""
"14659-2","Sale","04/08/2026 3:55 PM",1,2,"2xMilkshake 500ml","32",0,0,0,"32",0,"Efectivo","","Lucas",""
"14660-2","Sale","04/08/2026 3:56 PM",1,1,"1xMilkshake 500ml","16",0,0,0,"16",0,"Efectivo","","Lucas",""
"14661-2","Sale","04/08/2026 4:31 PM",1,1,"1xCascão ","9",0,0,0,"9","7.8","Efectivo","","Lucas",""
"14662-2","Sale","04/08/2026 5:08 PM",1,1,"1xCascão ","9",0,0,0,"9","7.8","Tarjeta Débito","","Lucas",""
"14663-2","Sale","04/08/2026 5:12 PM",1,1,"1xMilkshake 300ml","11",0,0,0,"11","1","Efectivo","","Lucas",""
"14664-2","Sale","04/08/2026 5:29 PM",1,1,"1xRefri 310ml","7",0,0,0,"7","1","Otros","","Lucas",""
"14665-2","Sale","04/08/2026 5:29 PM",1,2,"2xRefri 310ml","14",0,0,0,"14","2","Pix","","Lucas",""
"14666-2","Sale","04/08/2026 5:31 PM",1,2,"2xRefri 310ml","14",0,0,0,"14","2","Otros","","Lucas",""
"14667-2","Sale","04/08/2026 5:50 PM",1,1,"1xCombo 1","15",0,0,0,"15","1","Otros","","Lucas",""
"14668-2","Sale","04/08/2026 5:53 PM",1,1,"1xChurros doce de leite ","10",0,0,0,"10","2","Tarjeta Débito","","Lucas",""
"14669-2","Sale","04/08/2026 5:54 PM",1,1,"1xChurros de chocolate ","10",0,0,0,"10","2","Tarjeta Débito","","Lucas",""
"14670-2","Sale","04/08/2026 5:55 PM",2,2,"1xChurros de chocolate , 1xÁgua sem gás ","14",0,0,0,"14","2","Tarjeta Crédito","","Lucas",""
"14671-2","Sale","04/08/2026 6:15 PM",1,1,"1xCasquinha ","7",0,0,0,"7","6","Tarjeta Crédito","","Lucas",""
"14672-2","Sale","04/08/2026 6:22 PM",1,1,"1xCascão ","9",0,0,0,"9","7.8","Tarjeta Débito","","Lucas",""
"14673-2","Sale","04/08/2026 6:31 PM",1,2,"2xCrepe suíço salgado ","20",0,0,0,"20","4","Tarjeta Débito","","Lucas",""
"14674-2","Sale","04/08/2026 6:46 PM",1,1,"1xÁgua sem gás ","4",0,0,0,"4",0,"Efectivo","","Lucas",""
"14675-2","Sale","04/08/2026 7:01 PM",1,1,"1xCasquinha ","7",0,0,0,"7","6","Tarjeta Débito","","Lucas",""
"14676-2","Sale","04/08/2026 7:06 PM",1,1,"1xCasquinha ","7",0,0,0,"7","6","Tarjeta Débito","","Lucas",""
"14677-2","Sale","04/09/2026 1:29 PM",1,1,"1xCascão ","9",0,0,0,"9","7.8","Efectivo","","Lucas",""
"14678-2","Sale","04/09/2026 1:43 PM",1,1,"1xCasquinha ","7",0,0,0,"7","6","Tarjeta Débito","","Lucas",""
"14679-2","Sale","04/09/2026 2:26 PM",1,1,"1xRefri 310ml","7",0,0,0,"7","1","Tarjeta Crédito","","Lucas",""
"14680-2","Sale","04/09/2026 2:52 PM",1,1,"1xMilkshake 500ml","16",0,0,0,"16",0,"Tarjeta Débito","","Lucas",""
"14681-2","Sale","04/09/2026 2:53 PM",1,1,"1xCasquinha ","7",0,0,0,"7","6","Efectivo","","Lucas",""
"14682-2","Sale","04/09/2026 2:59 PM",2,2,"1xMilkshake 500ml, 1xCopo 200ml","25",0,0,0,"25","1","Efectivo","","Lucas",""
"14683-2","Sale","04/09/2026 3:15 PM",1,1,"1xCopo 150ml","7",0,0,0,"7","1","Pix","","Lucas",""
"14684-2","Sale","04/09/2026 3:35 PM",1,2,"2xCrepe suíço salgado ","20",10,0,0,"10","-6","Venta a crédito","Ademir","Lucas",""
"14685-2","Sale","04/09/2026 3:36 PM",2,2,"1xRefri 310ml, 1xÁgua sem gás ","11",0,0,0,"11","1","Pix","","Lucas",""
"14686-2","Sale","04/09/2026 3:44 PM",1,2,"2xCascão ","18",0,0,0,"18","15.6","Pix","","Lucas",""
"14687-2","Sale","04/09/2026 3:48 PM",1,1,"1xCascão ","9",0,0,0,"9","7.8","Efectivo","","Lucas",""
"14688-2","Sale","04/09/2026 3:49 PM",2,2,"1xÁgua sem gás , 1xRefri 310ml","11",0,0,0,"11","1","Efectivo","","Lucas",""
"14689-2","Sale","04/09/2026 3:52 PM",1,1,"1xCascão ","9",0,0,0,"9","7.8","Tarjeta Débito","","Lucas",""
"14690-2","Sale","04/09/2026 4:07 PM",1,1,"1xÁgua sem gás ","4",0,0,0,"4",0,"Pix","","Lucas",""
"14691-2","Sale","04/09/2026 4:09 PM",1,1,"1xCasquinha ","7",0,0,0,"7","6","Efectivo","","Lucas",""
"14692-2","Sale","04/09/2026 4:22 PM",2,2,"1xCrepe suíço salgado , 1xMilkshake 400ml","24",0,0,0,"24","3","Tarjeta Débito","","Lucas",""
"14693-2","Sale","04/09/2026 4:23 PM",1,1,"1xÁgua sem gás ","4",0,0,0,"4",0,"Efectivo","","Lucas",""
"14694-2","Sale","04/09/2026 4:25 PM",1,1,"1xCasquinha ","7",0,0,0,"7","6","Efectivo","","Lucas",""
"14695-2","Sale","04/09/2026 4:26 PM",1,1,"1xCascão ","9",0,0,0,"9","7.8","Tarjeta Débito","","Lucas",""
"14696-2","Sale","04/09/2026 4:31 PM",1,1,"1xCrepe suíço salgado ","10",0,0,0,"10","2","Tarjeta Débito","","Lucas",""
"14697-2","Sale","04/09/2026 4:38 PM",1,1,"1xCasquinha ","7",0,0,0,"7","6","Pix","","Lucas",""
"14698-2","Sale","04/09/2026 4:51 PM",2,2,"1xÁgua sem gás , 1xRefri 310ml","11",2,0,0,"9","-0.27","Tarjeta Crédito","","Lucas",""
"14699-2","Sale","04/09/2026 4:53 PM",1,1,"1xRefri 310ml","7",0,0,0,"7","1","Efectivo","","Lucas",""
"14700-2","Sale","04/09/2026 5:03 PM",1,1,"1xChurros doce de leite ","10",0,0,0,"10","2","Pix","","Lucas",""
"14701-2","Sale","04/09/2026 5:13 PM",2,2,"1xCasquinha , 1xCascão ","16",0,0,0,"16","13.8","Pix","","Lucas",""
"14702-2","Sale","04/09/2026 5:18 PM",1,1,"1xCascão ","9",0,0,0,"9","7.8","Pix","","Lucas",""
"14703-2","Sale","04/09/2026 5:35 PM",1,1,"1xCasquinha ","7",0,0,0,"7","6","Tarjeta Crédito","","Lucas",""
"14704-2","Sale","04/09/2026 5:39 PM",1,1,"1xCrepe suíço salgado ","10",0,0,0,"10","2","Tarjeta Crédito","","Lucas",""
"14705-2","Sale","04/09/2026 5:49 PM",1,1,"1xChurros de chocolate ","10",0,0,0,"10","2","Efectivo","","Lucas",""
"14706-2","Sale","04/09/2026 5:53 PM",1,1,"1xCrepe suíço salgado ","10",0,0,0,"10","2","Efectivo","","Lucas",""
"14707-2","Sale","04/09/2026 5:57 PM",1,1,"1xCascão ","9",0,0,0,"9","7.8","Efectivo","","Lucas",""
"14708-2","Sale","04/09/2026 6:10 PM",2,2,"1xCopo 150ml, 1xCascão ","16",0,0,0,"16","8.8","Efectivo","","Lucas",""
"14709-2","Sale","04/09/2026 6:12 PM",1,2,"2xChurros de chocolate ","20",0,0,0,"20","4","Tarjeta Débito","","Lucas",""
"14710-2","Sale","04/09/2026 6:47 PM",1,2,"2xChurros de chocolate ","20",0,0,0,"20","4","Efectivo","","Lucas",""
"14711-2","Sale","04/09/2026 6:52 PM",1,3,"3xCascão ","27",0,0,0,"27","23.4","Pix","","Lucas",""
"14712-2","Sale","04/09/2026 7:00 PM",1,1,"1xÁgua com gás ","4.5",0,0,0,"4.5","3.3","Tarjeta Débito","","Lucas",""
"14713-2","Sale","04/10/2026 1:39 PM",1,1,"1xCopo 150ml","7",0,0,0,"7","1","Efectivo","","Lucas",""
"14714-2","Sale","04/10/2026 1:43 PM",1,1,"1xÁgua sem gás ","4",0,0,0,"4",0,"Tarjeta Crédito","","Lucas",""
"14715-2","Sale","04/10/2026 2:02 PM",1,1,"1xRefri 310ml","7",0,0,0,"7","1","Tarjeta Débito","","Lucas",""
"14716-2","Sale","04/10/2026 2:12 PM",2,2,"1xMilkshake 400ml, 1xÁgua sem gás ","18",0,0,0,"18","1","Pix","","Lucas",""
"14717-2","Sale","04/10/2026 2:23 PM",1,1,"1xCopo 150ml","7",0,0,0,"7","1","Tarjeta Crédito","","Lucas",""
"14718-2","Sale","04/10/2026 2:36 PM",1,1,"1xCascão ","9",0,0,0,"9","7.8","Tarjeta Débito","","Lucas",""
"14719-2","Sale","04/10/2026 2:49 PM",2,2,"1xCasquinha , 1xCascão ","16",0,0,0,"16","13.8","Pix","","Lucas",""
"14720-2","Sale","04/10/2026 2:50 PM",1,2,"2xCrepe suíço salgado ","20",0,0,0,"20","4","Efectivo","","Lucas",""
"14721-2","Sale","04/10/2026 2:55 PM",1,2,"2xCasquinha ","14",0,0,0,"14","12","Efectivo","","Lucas",""
"14722-2","Sale","04/10/2026 3:03 PM",2,3,"1xCrepe suíço doce, 2xCasquinha ","25",0,0,0,"25","15","Tarjeta Débito","","Lucas",""
"14723-2","Sale","04/10/2026 3:04 PM",1,1,"1xCascão ","9",0,0,0,"9","7.8","Tarjeta Débito","","Lucas",""
"14724-2","Sale","04/10/2026 3:04 PM",1,1,"1xRefri 310ml","7",0,0,0,"7","1","Tarjeta Débito","","Lucas",""
"14725-2","Sale","04/10/2026 3:22 PM",1,1,"1xMilkshake 300ml","11",0,0,0,"11","1","Tarjeta Débito","","Lucas",""
"14726-2","Sale","04/10/2026 3:35 PM",1,1,"1xMilkshake 500ml","16",0,0,0,"16",0,"Efectivo","","Lucas",""
"14727-2","Sale","04/10/2026 3:37 PM",2,2,"1xCopo 150ml, 1xCopo 200ml","16",0,0,0,"16","2","Efectivo","","Lucas",""
"14728-2","Sale","04/10/2026 3:43 PM",1,1,"1xÁgua sem gás ","4",0,0,0,"4",0,"Efectivo","","Lucas",""
"14729-2","Sale","04/10/2026 3:48 PM",1,1,"1xÁgua sem gás ","4",0,0,0,"4",0,"Efectivo","","Lucas",""
"14730-2","Sale","04/10/2026 3:50 PM",1,1,"1xCasquinha ","7",0,0,0,"7","6","Efectivo","","Lucas",""
"14731-2","Sale","04/10/2026 3:53 PM",1,3,"3xCasquinha ","21",0,0,0,"21","18","Tarjeta Débito","","Lucas",""
"14732-2","Sale","04/10/2026 3:54 PM",1,1,"1xCombo 3","15",0,0,0,"15","1","Tarjeta Débito","","Lucas",""
"14733-2","Sale","04/10/2026 3:55 PM",1,2,"2xCasquinha ","14",0,0,0,"14","12","Tarjeta Débito","","Lucas",""
"14734-2","Sale","04/10/2026 3:57 PM",1,1,"1xChurros doce de leite ","10",0,0,0,"10","2","Efectivo","","Lucas",""
"14735-2","Sale","04/10/2026 3:59 PM",1,1,"1xÁgua sem gás ","4",0,0,0,"4",0,"Efectivo","","Lucas",""
"14736-2","Sale","04/10/2026 4:02 PM",1,1,"1xCascão ","9",0,0,0,"9","7.8","Pix","","Lucas",""
"14737-2","Sale","04/10/2026 4:12 PM",1,1,"1xCrepe suíço doce","11",0,0,0,"11","3","Efectivo","","Lucas",""
"14738-2","Sale","04/10/2026 4:31 PM",2,4,"3xChurros doce de leite , 1xCopo 150ml","37",0,0,0,"37","7","Efectivo","","Lucas",""
"14739-2","Sale","04/10/2026 4:36 PM",1,1,"1xCascão ","9",0,0,0,"9","7.8","Efectivo","","Lucas",""
"14740-2","Sale","04/10/2026 4:55 PM",1,2,"2xCopo 150ml","14",0,0,0,"14","2","Pix","","Lucas",""
"14741-2","Sale","04/10/2026 4:57 PM",2,2,"1xMilkshake 500ml, 1xCasquinha ","23",0,0,0,"23","6","Pix","","Lucas",""
"14742-2","Sale","04/10/2026 5:05 PM",1,2,"2xCombo 1","30",0,0,0,"30","2","Efectivo","","Lucas",""
"14743-2","Sale","04/10/2026 5:07 PM",1,2,"2xCascão ","18",0,0,0,"18","15.6","Efectivo","","Lucas",""
"14744-2","Sale","04/10/2026 5:20 PM",1,1,"1xMilkshake 500ml","16",0,0,0,"16",0,"Pix","","Lucas",""
"14745-2","Sale","04/10/2026 5:21 PM",1,1,"1xÁgua sem gás ","4",0,0,0,"4",0,"Efectivo","","Lucas",""
"14746-2","Sale","04/10/2026 5:35 PM",1,1,"1xMilkshake 500ml","16",0,0,0,"16",0,"Pix","","Lucas",""
"14747-2","Sale","04/10/2026 5:43 PM",1,2,"2xMilkshake 400ml","28",0,0,0,"28","2","Tarjeta Débito","","Lucas",""
"14748-2","Sale","04/10/2026 5:51 PM",1,1,"1xCopo 200ml","9",0,0,0,"9","1","Efectivo","","Lucas",""
"14749-2","Sale","04/10/2026 5:59 PM",2,4,"1xCascão , 3xChurros doce de leite ","39",0,0,0,"39","13.8","Efectivo","","Lucas",""
"14750-2","Sale","04/10/2026 6:14 PM",1,1,"1xCascão ","9",0,0,0,"9","7.8","Efectivo","","Lucas",""
"14751-2","Sale","04/10/2026 6:18 PM",1,1,"1xChurros doce de leite ","10",0,0,0,"10","2","Tarjeta Débito","","Lucas",""
"14752-2","Sale","04/10/2026 6:21 PM",1,1,"1xMilkshake 400ml","14",0,0,0,"14","1","Tarjeta Débito","","Lucas",""
"14753-2","Sale","04/10/2026 6:21 PM",2,2,"1xCrepe suíço salgado , 1xChurros de chocolate ","20",0,0,0,"20","4","Tarjeta Débito","","Lucas",""
"14754-2","Sale","04/10/2026 6:39 PM",1,1,"1xMilkshake 500ml","16",0,0,0,"16",0,"Efectivo","","Lucas",""
"14755-2","Sale","04/10/2026 6:42 PM",2,3,"1xChurros doce de leite , 2xCrepe suíço salgado ","30",0,0,0,"30","6","Tarjeta Débito","","Lucas",""
"14756-2","Sale","04/10/2026 7:03 PM",3,3,"1xChurros de chocolate , 1xCasquinha , 1xCrepe suíço doce","28",0,0,0,"28","11","Pix","","Lucas",""
"14757-2","Sale","04/10/2026 7:05 PM",1,2,"2xRefri 310ml","14",0,0,0,"14","2","Pix","","Lucas",""
"14758-2","Sale","04/11/2026 11:49 AM",1,1,"1xMilkshake 300ml","11",0,0,0,"11","1","Efectivo","","Lucas",""
"14759-2","Sale","04/11/2026 11:51 AM",1,1,"1xCasquinha ","7",0,0,0,"7","6","Tarjeta Débito","","Lucas",""
"14760-2","Sale","04/11/2026 12:04 PM",1,1,"1xRefri 310ml","7",0,0,0,"7","1","Tarjeta Débito","","Lucas",""
"14761-2","Sale","04/11/2026 12:11 PM",2,2,"1xChurros doce de leite , 1xÁgua sem gás ","14",0,0,0,"14","2","Tarjeta Crédito","","Lucas",""
"14762-2","Sale","04/11/2026 12:17 PM",1,1,"1xMilkshake 300ml","11",0,0,0,"11","1","Tarjeta Crédito","","Lucas",""
"14763-2","Sale","04/11/2026 12:24 PM",1,2,"2xCascão ","18",0,0,0,"18","15.6","Pix","","Lucas",""
"14764-2","Sale","04/11/2026 12:25 PM",1,1,"1xÁgua sem gás ","4",0,0,0,"4",0,"Tarjeta Débito","","Lucas",""
"14765-2","Sale","04/11/2026 12:25 PM",1,1,"1xChurros doce de leite ","10",0,0,0,"10","2","Tarjeta Crédito","","Lucas",""
"14766-2","Sale","04/11/2026 12:32 PM",1,1,"1xRefri 310ml","7",0,0,0,"7","1","Tarjeta Débito","","Lucas",""
"14767-2","Sale","04/11/2026 12:35 PM",1,3,"3xMilkshake 400ml","42",0,0,0,"42","3","Tarjeta Crédito","","Lucas",""
"14768-2","Sale","04/11/2026 12:39 PM",1,2,"2xMilkshake 500ml","32",0,0,0,"32",0,"Efectivo","","Lucas",""
"14769-2","Sale","04/11/2026 12:40 PM",1,1,"1xCasquinha ","7",0,0,0,"7","6","Pix","","Lucas",""
"14770-2","Sale","04/11/2026 12:52 PM",1,1,"1xÁgua sem gás ","4",0,0,0,"4",0,"Efectivo","","Lucas",""
"14771-2","Sale","04/11/2026 12:55 PM",1,1,"1xMilkshake 400ml","14",0,0,0,"14","1","Tarjeta Débito","","Lucas",""
"14772-2","Sale","04/11/2026 1:05 PM",1,1,"1xMilkshake 300ml","11",0,0,0,"11","1","Efectivo","","Lucas",""
"14773-2","Sale","04/11/2026 1:15 PM",2,2,"1xCopo 150ml, 1xCasquinha ","14",0,0,0,"14","7","Efectivo","","Lucas",""
"14774-2","Sale","04/11/2026 1:32 PM",1,2,"2xCascão ","18",0,0,0,"18","15.6","Pix","","Lucas",""
"14775-2","Sale","04/11/2026 1:34 PM",3,4,"1xMilkshake 400ml, 2xCascão , 1xCasquinha ","39",0,0,0,"39","22.6","Efectivo","","Lucas",""
"14776-2","Sale","04/11/2026 1:36 PM",1,1,"1xCrepe suíço doce","11",0,0,0,"11","3","Pix","","Lucas",""
"14777-2","Sale","04/11/2026 2:07 PM",1,1,"1xCasquinha ","7",0,0,0,"7","6","Tarjeta Débito","","Lucas",""
"14778-2","Sale","04/11/2026 2:14 PM",1,1,"1xRefri 310ml","7",0,0,0,"7","1","Efectivo","","Lucas",""
"14779-2","Sale","04/11/2026 2:17 PM",1,1,"1xCasquinha ","7",0,0,0,"7","6","Tarjeta Débito","","Lucas",""
"14780-2","Sale","04/11/2026 2:18 PM",2,3,"2xCopo 150ml, 1xÁgua sem gás ","18",0,0,0,"18","2","Tarjeta Débito","","Lucas",""
"14781-2","Sale","04/11/2026 2:21 PM",1,2,"2xCasquinha ","14",0,0,0,"14","12","Tarjeta Débito","","Lucas",""
"14782-2","Sale","04/11/2026 2:31 PM",1,2,"2xCasquinha ","14",0,0,0,"14","12","Tarjeta Débito","","Lucas",""
"14783-2","Sale","04/11/2026 2:36 PM",3,3,"1xCombo 3, 1xCombo 1, 1xChurros de chocolate ","40",0,0,0,"40","4","Pix","","Lucas",""
"14784-2","Sale","04/11/2026 2:44 PM",2,2,"1xCasquinha , 1xÁgua sem gás ","11",0,0,0,"11","6","Efectivo","","Lucas",""
"14785-2","Sale","04/11/2026 2:51 PM",1,4,"4xCasquinha ","28",0,0,0,"28","24","Tarjeta Débito","","Lucas",""
"14786-2","Sale","04/11/2026 2:53 PM",1,3,"3xCasquinha ","21",0,0,0,"21","18","Tarjeta Débito","","Lucas",""
"14787-2","Sale","04/11/2026 3:04 PM",2,2,"1xMilkshake 300ml, 1xCopo 250ml","22",0,0,0,"22","2","Tarjeta Crédito","","Lucas",""
"14788-2","Sale","04/11/2026 3:12 PM",1,2,"2xMilkshake 300ml","22",0,0,0,"22","2","Tarjeta Débito","","Lucas",""
"14789-2","Sale","04/11/2026 3:14 PM",1,1,"1xMilkshake 300ml","11",0,0,0,"11","1","Pix","","Lucas",""
"14790-2","Sale","04/11/2026 3:23 PM",2,3,"2xCasquinha , 1xCopo 150ml","21",0,0,0,"21","13","Efectivo","","Lucas",""
"14791-2","Sale","04/11/2026 3:27 PM",1,1,"1xCombo 1","15",0,0,0,"15","1","Tarjeta Débito","","Lucas",""
"14792-2","Sale","04/11/2026 3:31 PM",1,1,"1xÁgua sem gás ","4",0,0,0,"4",0,"Tarjeta Crédito","","Lucas",""
"14793-2","Sale","04/11/2026 3:32 PM",1,1,"1xÁgua sem gás ","4",0,0,0,"4",0,"Tarjeta Crédito","","Lucas",""
"14794-2","Sale","04/11/2026 3:32 PM",1,1,"1xRefri 310ml","7",0,0,0,"7","1","Tarjeta Débito","","Lucas",""
"14795-2","Sale","04/11/2026 3:36 PM",1,1,"1xRefri 310ml","7",0,0,0,"7","1","Tarjeta Crédito","","Lucas",""
"14796-2","Sale","04/11/2026 3:39 PM",1,1,"1xCasquinha ","7",0,0,0,"7","6","Efectivo","","Lucas",""
"14797-2","Sale","04/11/2026 3:46 PM",1,1,"1xMilkshake 500ml","16",0,0,0,"16",0,"Tarjeta Débito","","Lucas",""
"14798-2","Sale","04/11/2026 3:53 PM",1,1,"1xCasquinha ","7",0,0,0,"7","6","Efectivo","","Lucas",""
"14799-2","Sale","04/11/2026 4:00 PM",2,3,"2xCrepe suíço salgado , 1xMilkshake 500ml","36",0,0,0,"36","4","Pix","","Lucas",""
"14800-2","Sale","04/11/2026 4:01 PM",1,1,"1xMilkshake 300ml","11",0,0,0,"11","1","Efectivo","","Lucas",""
"14801-2","Sale","04/11/2026 4:03 PM",1,1,"1xMilkshake 400ml","14",0,0,0,"14","1","Tarjeta Débito","","Lucas",""
"14802-2","Sale","04/11/2026 4:04 PM",1,1,"1xCombo 2","16",0,0,0,"16","1","Pix","","Lucas",""
"14803-2","Sale","04/11/2026 4:07 PM",1,1,"1xÁgua sem gás ","4",0,0,0,"4",0,"Tarjeta Débito","","Lucas",""
"14804-2","Sale","04/11/2026 4:11 PM",1,1,"1xCasquinha ","7",0,0,0,"7","6","Tarjeta Débito","","Lucas",""
"14805-2","Sale","04/11/2026 4:15 PM",1,2,"2xMilkshake 400ml","28",0,0,0,"28","2","Tarjeta Crédito","","Lucas",""
"14806-2","Sale","04/11/2026 4:17 PM",1,1,"1xMilkshake 300ml","11",0,0,0,"11","1","Tarjeta Crédito","","Lucas",""
"14807-2","Sale","04/11/2026 4:18 PM",1,1,"1xChurros de chocolate ","10",0,0,0,"10","2","Tarjeta Crédito","","Lucas",""
"14808-2","Sale","04/11/2026 4:18 PM",1,1,"1xCopo 150ml","7",0,0,0,"7","1","Tarjeta Débito","","Lucas",""
"14809-2","Sale","04/11/2026 4:21 PM",1,3,"3xCasquinha ","21",0,0,0,"21","18","Tarjeta Débito","","Lucas",""
"14810-2","Sale","04/11/2026 4:23 PM",1,1,"1xCrepe suíço doce","11",0,0,0,"11","3","Pix","","Lucas",""
"14811-2","Sale","04/11/2026 4:27 PM",1,1,"1xCascão ","9",0,0,0,"9","7.8","Efectivo","","Lucas",""
"14812-2","Sale","04/11/2026 4:27 PM",1,2,"2xCombo 3","30",0,0,0,"30","2","Tarjeta Débito","","Lucas",""
"14813-2","Sale","04/11/2026 4:35 PM",1,1,"1xMilkshake 400ml","14",0,0,0,"14","1","Tarjeta Débito","","Lucas",""
"14814-2","Sale","04/11/2026 4:37 PM",1,1,"1xMilkshake 500ml","16",0,0,0,"16",0,"Pix","","Lucas",""
"14815-2","Sale","04/11/2026 4:38 PM",1,2,"2xCasquinha ","14",0,0,0,"14","12","Efectivo","","Lucas",""
"14816-2","Sale","04/11/2026 4:39 PM",1,1,"1xRefri 310ml","7",0,0,0,"7","1","Pix","","Lucas",""
"14817-2","Sale","04/11/2026 4:46 PM",1,1,"1xCrepe suíço salgado ","10",0,0,0,"10","2","Tarjeta Débito","","Lucas",""
"14818-2","Sale","04/11/2026 4:47 PM",1,2,"2xCascão ","18",0,0,0,"18","15.6","Efectivo","","Lucas",""
"14819-2","Sale","04/11/2026 4:50 PM",2,3,"1xCascão , 2xCasquinha ","23",0,0,0,"23","19.8","Tarjeta Crédito","","Lucas",""
"14820-2","Sale","04/11/2026 4:51 PM",1,2,"2xMilkshake 500ml","32",0,0,0,"32",0,"Efectivo","","Lucas",""
"14821-2","Sale","04/11/2026 4:56 PM",1,2,"2xMilkshake 300ml","22",0,0,0,"22","2","Pix","","Lucas",""
"14822-2","Sale","04/11/2026 4:57 PM",1,1,"1xCasquinha ","7",0,0,0,"7","6","Pix","","Lucas",""
"14823-2","Sale","04/11/2026 5:00 PM",1,1,"1xMilkshake 300ml","11",0,0,0,"11","1","Pix","","Lucas",""
"14824-2","Sale","04/11/2026 5:00 PM",1,1,"1xCrepe suíço salgado ","10",0,0,0,"10","2","Efectivo","","Lucas",""
"14825-2","Sale","04/11/2026 5:04 PM",1,1,"1xMilkshake 300ml","11",0,0,0,"11","1","Tarjeta Crédito","","Lucas",""
"14826-2","Sale","04/11/2026 5:06 PM",1,1,"1xMilkshake 500ml","16",0,0,0,"16",0,"Tarjeta Débito","","Lucas",""
"14827-2","Sale","04/11/2026 5:08 PM",1,4,"4xCopo 150ml","28",0,0,0,"28","4","Tarjeta Débito","","Lucas",""
"14828-2","Sale","04/11/2026 5:12 PM",2,3,"1xCopo 150ml, 2xCrepe suíço salgado ","27",0,0,0,"27","5","Efectivo","","Lucas",""
"14829-2","Sale","04/11/2026 5:16 PM",1,1,"1xÁgua com gás ","4.5",0,0,0,"4.5","3.3","Efectivo","","Lucas",""
"14830-2","Sale","04/11/2026 5:24 PM",2,3,"2xCasquinha , 1xCopo 200ml","23",0,0,0,"23","13","Efectivo","","Lucas",""
"14831-2","Sale","04/11/2026 5:25 PM",2,3,"2xCrepe suíço salgado , 1xCascão ","29",0,0,0,"29","11.8","Pix","","Lucas",""
"14832-2","Sale","04/11/2026 5:30 PM",1,2,"2xMilkshake 400ml","28",0,0,0,"28","2","Efectivo","","Lucas",""
"14833-2","Sale","04/11/2026 5:30 PM",1,1,"1xMilkshake 300ml","11",0,0,0,"11","1","Pix","","Lucas",""
"14834-2","Sale","04/11/2026 5:36 PM",1,2,"2xCascão ","18",0,0,0,"18","15.6","Tarjeta Débito","","Lucas",""
"14835-2","Sale","04/11/2026 5:42 PM",2,2,"1xCascão , 1xCrepe suíço doce","20",0,0,0,"20","10.8","Tarjeta Crédito","","Lucas",""
"14836-2","Sale","04/11/2026 5:47 PM",1,1,"1xCopo 150ml","7",0,0,0,"7","1","Tarjeta Débito","","Lucas",""
"14837-2","Sale","04/11/2026 5:47 PM",1,1,"1xRefri 310ml","7",0,0,0,"7","1","Pix","","Lucas",""
"14838-2","Sale","04/11/2026 5:58 PM",1,1,"1xMilkshake 300ml","11",0,0,0,"11","1","Tarjeta Crédito","","Lucas",""
"14839-2","Sale","04/11/2026 5:59 PM",1,1,"1xRefri 310ml","7",0,0,0,"7","1","Efectivo","","Lucas",""
"14840-2","Sale","04/11/2026 6:22 PM",1,4,"4xCasquinha ","28",0,0,0,"28","24","Tarjeta Débito","","Lucas",""
"14841-2","Sale","04/11/2026 6:24 PM",1,2,"2xCasquinha ","14",0,0,0,"14","12","Tarjeta Crédito","","Lucas",""
"14842-2","Sale","04/11/2026 6:36 PM",1,1,"1xMilkshake 400ml","14",0,0,0,"14","1","Pix","","Lucas",""
"14843-2","Sale","04/11/2026 6:39 PM",1,1,"1xCrepe suíço salgado ","10",0,0,0,"10","2","Efectivo","","Lucas",""
"14844-2","Sale","04/11/2026 6:43 PM",1,1,"1xCasquinha ","7",0,0,0,"7","6","Efectivo","","Lucas",""
"14845-2","Sale","04/11/2026 6:43 PM",1,1,"1xCopo 150ml","7",0,0,0,"7","1","Pix","","Lucas",""
"14846-2","Sale","04/11/2026 6:45 PM",1,1,"1xCombo 1","15",0,0,0,"15","1","Tarjeta Débito","","Lucas",""
"14847-2","Sale","04/11/2026 6:58 PM",1,1,"1xRefri 310ml","7",0,0,0,"7","1","Tarjeta Débito","","Lucas",""
"14848-2","Sale","04/13/2026 2:30 PM",1,1,"1xMilkshake 300ml","11",0,0,0,"11","1","Efectivo","","Lucas",""
"14849-2","Sale","04/13/2026 2:30 PM",1,1,"1xCasquinha ","7",0,0,0,"7","6","Pix","","Lucas",""
"14850-2","Sale","04/13/2026 2:33 PM",1,4,"4xCasquinha ","28",0,0,0,"28","24","Tarjeta Débito","","Lucas",""
"14851-2","Sale","04/13/2026 2:40 PM",1,1,"1xCopo 200ml","9",0,0,0,"9","1","Pix","","Lucas",""
"14852-2","Sale","04/13/2026 2:44 PM",1,2,"2xCasquinha ","14",0,0,0,"14","12","Tarjeta Débito","","Lucas",""
"14853-2","Sale","04/13/2026 2:55 PM",1,1,"1xChurros de chocolate ","10",0,0,0,"10","2","Tarjeta Crédito","","Lucas",""
"14854-2","Sale","04/13/2026 3:04 PM",2,2,"1xCasquinha , 1xÁgua sem gás ","11",0,0,0,"11","6","Efectivo","","Lucas",""
"14855-2","Sale","04/13/2026 3:09 PM",1,1,"1xCasquinha ","7",0,0,0,"7","6","Pix","","Lucas",""
"14856-2","Sale","04/13/2026 3:19 PM",1,1,"1xCasquinha ","7",0,0,0,"7","6","Efectivo","","Lucas",""
"14857-2","Sale","04/13/2026 3:24 PM",1,1,"1xChurros doce de leite ","10",0,0,0,"10","2","Efectivo","","Lucas",""
"14858-2","Sale","04/13/2026 3:25 PM",1,1,"1xCascão ","9",0,0,0,"9","7.8","Efectivo","","Lucas",""
"14859-2","Sale","04/13/2026 3:26 PM",1,2,"2xCopo 200ml","18",0,0,0,"18","2","Tarjeta Débito","","Lucas",""
"14860-2","Sale","04/13/2026 3:32 PM",1,2,"2xMilkshake 400ml","28",0,0,0,"28","2","Pix","","Lucas",""
"14861-2","Sale","04/13/2026 3:42 PM",1,2,"2xMilkshake 300ml","22",0,0,0,"22","2","Efectivo","","Lucas",""
"14862-2","Sale","04/13/2026 3:42 PM",1,2,"2xCascão ","18",0,0,0,"18","15.6","Tarjeta Crédito","","Lucas",""
"14863-2","Sale","04/13/2026 4:01 PM",1,2,"2xMilkshake 400ml","28",0,0,0,"28","2","Pix","","Lucas",""
"14864-2","Sale","04/13/2026 4:03 PM",1,1,"1xMilkshake 300ml","11",0,0,0,"11","1","Pix","","Lucas",""
"14865-2","Sale","04/13/2026 4:04 PM",1,1,"1xCrepe suíço doce","11",0,0,0,"11","3","Efectivo","","Lucas",""
"14866-2","Sale","04/13/2026 4:08 PM",1,2,"2xCasquinha ","14",0,0,0,"14","12","Efectivo","","Lucas",""
"14867-2","Sale","04/13/2026 4:10 PM",1,1,"1xCascão ","9",0,0,0,"9","7.8","Pix","","Lucas",""
"14868-2","Sale","04/13/2026 4:12 PM",1,3,"3xCascão ","27",0,0,0,"27","23.4","Efectivo","","Lucas",""
"14869-2","Sale","04/13/2026 4:18 PM",1,1,"1xRefri 310ml","7",0,0,0,"7","1","Tarjeta Débito","","Lucas",""
"14870-2","Sale","04/13/2026 4:23 PM",1,1,"1xCasquinha ","7",0,0,0,"7","6","Efectivo","","Lucas",""
"14871-2","Sale","04/13/2026 4:29 PM",3,5,"3xMilkshake 500ml, 1xCrepe suíço salgado , 1xCascão ","67",0,0,0,"67","9.8","Pix","","Lucas",""
"14872-2","Sale","04/13/2026 4:34 PM",1,1,"1xCascão ","9",0,0,0,"9","7.8","Pix","","Lucas",""
"14873-2","Sale","04/13/2026 4:36 PM",1,1,"1xCasquinha ","7",0,0,0,"7","6","Efectivo","","Lucas",""
"14874-2","Sale","04/13/2026 4:40 PM",1,1,"1xMilkshake 500ml","16",0,0,0,"16",0,"Tarjeta Débito","","Lucas",""
"14875-2","Sale","04/13/2026 4:54 PM",1,2,"2xCascão ","18",0,0,0,"18","15.6","Efectivo","","Lucas",""
"14876-2","Sale","04/13/2026 4:57 PM",1,3,"3xCascão ","27",0,0,0,"27","23.4","Tarjeta Débito","","Lucas",""
"14877-2","Sale","04/13/2026 4:58 PM",1,1,"1xCasquinha ","7",0,0,0,"7","6","Efectivo","","Lucas",""
"14878-2","Sale","04/13/2026 5:00 PM",1,1,"1xCasquinha ","7",0,0,0,"7","6","Efectivo","","Lucas",""
"14879-2","Sale","04/13/2026 5:03 PM",1,2,"2xCasquinha ","14",0,0,0,"14","12","Pix","","Lucas",""
"14880-2","Sale","04/13/2026 5:04 PM",1,1,"1xCasquinha ","7",0,0,0,"7","6","Pix","","Lucas",""
"14881-2","Sale","04/13/2026 5:12 PM",1,1,"1xCopo 250ml","11",0,0,0,"11","1","Efectivo","","Lucas",""
"14882-2","Sale","04/13/2026 5:27 PM",1,1,"1xMilkshake 400ml","14",0,0,0,"14","1","Tarjeta Débito","","Lucas",""
"14883-2","Sale","04/13/2026 5:28 PM",1,1,"1xMilkshake 400ml","14",0,0,0,"14","1","Efectivo","","Lucas",""
"14884-2","Sale","04/13/2026 5:34 PM",1,1,"1xCasquinha ","7",0,0,0,"7","6","Efectivo","","Lucas",""
"14885-2","Sale","04/13/2026 5:45 PM",1,1,"1xCasquinha ","7",0,0,0,"7","6","Tarjeta Débito","","Lucas",""
"14886-2","Sale","04/13/2026 5:55 PM",1,1,"1xCascão ","9",0,0,0,"9","7.8","Tarjeta Débito","","Lucas",""
"14887-2","Sale","04/13/2026 5:56 PM",1,1,"1xCascão ","9",0,0,0,"9","7.8","Tarjeta Crédito","","Lucas",""
"14888-2","Sale","04/13/2026 5:59 PM",1,1,"1xMilkshake 300ml","11",0,0,0,"11","1","Tarjeta Débito","","Lucas",""
"14889-2","Sale","04/13/2026 6:07 PM",1,1,"1xCasquinha ","7",0,0,0,"7","6","Pix","","Lucas",""
"14890-2","Sale","04/13/2026 6:11 PM",1,2,"2xCasquinha ","14",0,0,0,"14","12","Tarjeta Débito","","Lucas",""
"14892-2","Sale","04/13/2026 6:26 PM",1,1,"1xCasquinha ","7",0,0,0,"7","6","Tarjeta Débito","","Lucas",""
"14893-2","Sale","04/13/2026 6:29 PM",1,2,"2xCopo 150ml","14",0,0,0,"14","2","Tarjeta Débito","","Lucas",""
"14891-2","Sale","04/13/2026 6:25 PM",1,1,"1xÁgua com gás ","4.5",0,0,0,"4.5","3.3","Tarjeta Débito","","Lucas",""
"14894-2","Sale","04/13/2026 6:40 PM",1,1,"1xChurros doce de leite ","10",0,0,0,"10","2","Efectivo","","Lucas",""
"14895-2","Sale","04/13/2026 6:44 PM",1,1,"1xRefri 310ml","7",2,0,0,"5","-1","Efectivo","","Lucas",""
"14896-2","Sale","04/13/2026 6:46 PM",1,1,"1xMilkshake 400ml","14",0,0,0,"14","1","Efectivo","","Lucas",""
"14897-2","Sale","04/13/2026 6:46 PM",1,1,"1xChurros doce de leite ","10",0,0,0,"10","2","Tarjeta Débito","","Lucas",""
"14898-2","Sale","04/13/2026 6:51 PM",1,1,"1xChurros doce de leite ","10",0,0,0,"10","2","Efectivo","","Lucas",""
"14900-2","Sale","04/13/2026 6:59 PM",1,2,"2xChurros doce de leite ","20",0,0,0,"20","4","Tarjeta Débito","","Lucas",""
"14901-2","Sale","04/13/2026 7:03 PM",2,2,"1xMilkshake 400ml, 1xCrepe suíço salgado ","24",0,0,0,"24","3","Tarjeta Crédito","","Lucas",""
"14902-2","Sale","04/13/2026 7:21 PM",3,3,"1xCasquinha , 1xCascão , 1xMilkshake 300ml","27",0,0,0,"27","14.8","Tarjeta Débito","","Lucas",""
"14903-2","Sale","04/14/2026 1:38 PM",1,1,"1xCascão ","9",0,0,0,"9","7.8","Efectivo","","Lucas",""
"14904-2","Sale","04/14/2026 3:09 PM",1,1,"1xCopo 200ml","9",4,0,0,"5","-3","Efectivo","","Lucas",""
"14905-2","Sale","04/14/2026 3:10 PM",1,1,"1xCascão ","9",0,0,0,"9","7.8","Efectivo","","Lucas",""
"14906-2","Sale","04/14/2026 3:11 PM",1,1,"1xChurros doce de leite ","10",0,0,0,"10","2","Tarjeta Débito","","Lucas",""
"14907-2","Sale","04/14/2026 3:22 PM",1,1,"1xCascão ","9",0,0,0,"9","7.8","Efectivo","","Lucas",""
"14908-2","Sale","04/14/2026 3:37 PM",1,1,"1xCasquinha ","7",0,0,0,"7","6","Efectivo","","Lucas",""
"14909-2","Sale","04/14/2026 3:55 PM",2,3,"2xCasquinha , 1xMilkshake 300ml","25",0,0,0,"25","13","Tarjeta Crédito","","Lucas",""
"14910-2","Sale","04/14/2026 3:55 PM",1,1,"1xCasquinha ","7",0,0,0,"7","6","Tarjeta Débito","","Lucas",""
"14911-2","Sale","04/14/2026 4:05 PM",1,2,"2xMilkshake 500ml","32",0,0,0,"32",0,"Pix","","Lucas",""
"14912-2","Sale","04/14/2026 4:10 PM",1,2,"2xCasquinha ","14",0,0,0,"14","12","Pix","","Lucas",""
"14913-2","Sale","04/14/2026 4:16 PM",1,2,"2xCrepe suíço salgado ","20",0,0,0,"20","4","Efectivo","","Lucas",""
"14914-2","Sale","04/14/2026 4:30 PM",1,1,"1xMilkshake 300ml","11",0,0,0,"11","1","Pix","","Lucas",""
"14915-2","Sale","04/14/2026 4:31 PM",1,1,"1xMilkshake 500ml","16",0,0,0,"16",0,"Tarjeta Débito","","Lucas",""
"14916-2","Sale","04/14/2026 4:32 PM",1,1,"1xRefri 310ml","7",0,0,0,"7","1","Otros","","Lucas",""
"14917-2","Sale","04/14/2026 4:33 PM",1,1,"1xCombo 1","15",0,0,0,"15","1","Pix","","Lucas",""
"14918-2","Sale","04/14/2026 4:35 PM",1,1,"1xCombo 1","15",0,0,0,"15","1","Pix","","Lucas",""
"14919-2","Sale","04/14/2026 4:48 PM",1,1,"1xCrepe suíço doce","11",0,0,0,"11","3","Efectivo","","Lucas",""
"14920-2","Sale","04/14/2026 4:53 PM",2,2,"1xChurros de chocolate , 1xChurros doce de leite ","20",0,0,0,"20","4","Efectivo","","Lucas",""
"14921-2","Sale","04/14/2026 4:57 PM",2,2,"1xCrepe suíço salgado , 1xCascão ","19",0,0,0,"19","9.8","Pix","","Lucas",""
"14922-2","Sale","04/14/2026 5:13 PM",1,2,"2xCrepe suíço doce","22",0,0,0,"22","6","Efectivo","","Lucas",""
"14923-2","Sale","04/14/2026 5:30 PM",1,1,"1xCascão ","9",0,0,0,"9","7.8","Tarjeta Crédito","","Lucas",""
"14924-2","Sale","04/14/2026 5:47 PM",1,1,"1xCasquinha ","7",0,0,0,"7","6","Tarjeta Crédito","","Lucas",""
"14925-2","Sale","04/14/2026 5:48 PM",1,1,"1xÁgua sem gás ","4",0,0,0,"4",0,"Efectivo","","Lucas",""
"14926-2","Sale","04/14/2026 6:11 PM",1,4,"4xChurros de chocolate ","40",0,0,0,"40","8","Tarjeta Débito","","Lucas",""
"14927-2","Sale","04/14/2026 6:30 PM",1,1,"1xCascão ","9",0,0,0,"9","7.8","Pix","","Lucas",""
"14928-2","Sale","04/14/2026 6:47 PM",1,1,"1xCascão ","9",0,0,0,"9","7.8","Pix","","Lucas",""
"14929-2","Sale","04/14/2026 6:54 PM",1,3,"3xCasquinha ","21",0,0,0,"21","18","Efectivo","","Lucas",""
"14930-2","Sale","04/14/2026 6:59 PM",1,1,"1xCasquinha ","7",0,0,0,"7","6","Tarjeta Débito","","Lucas",""
"14931-2","Sale","04/14/2026 7:01 PM",1,1,"1xMilkshake 300ml","11",0,0,0,"11","1","Efectivo","","Lucas",""
"14932-2","Sale","04/14/2026 7:05 PM",2,2,"1xMilkshake 400ml, 1xCasquinha ","21",0,0,0,"21","7","Tarjeta Débito","","Lucas",""
"14933-2","Sale","04/14/2026 7:13 PM",1,3,"3xCascão ","27",0,0,0,"27","23.4","Efectivo","","Lucas",""
"14934-2","Sale","04/14/2026 7:15 PM",1,2,"2xCascão ","18",0,0,0,"18","15.6","Efectivo","","Lucas",""
"14935-2","Sale","04/15/2026 1:43 PM",1,2,"2xCasquinha ","14",0,0,0,"14","12","Pix","","Lucas",""
"14936-2","Sale","04/15/2026 2:19 PM",1,1,"1xCopo 150ml","7",0,0,0,"7","1","Tarjeta Débito","","Lucas",""
"14937-2","Sale","04/15/2026 2:35 PM",1,1,"1xCasquinha ","7",0,0,0,"7","6","Efectivo","","Lucas",""
"14938-2","Sale","04/15/2026 2:53 PM",1,2,"2xCascão ","18",0,0,0,"18","15.6","Pix","","Lucas",""
"14939-2","Sale","04/15/2026 3:03 PM",1,3,"3xCasquinha ","21",0,0,0,"21","18","Tarjeta Débito","","Lucas",""
"14940-2","Sale","04/15/2026 3:05 PM",1,1,"1xCasquinha ","7",0,0,0,"7","6","Tarjeta Crédito","","Lucas",""
"14941-2","Sale","04/15/2026 3:09 PM",1,2,"2xCasquinha ","14",0,0,0,"14","12","Tarjeta Débito","","Lucas",""
"14942-2","Sale","04/15/2026 3:51 PM",1,1,"1xÁgua sem gás ","4",0,0,0,"4",0,"Pix","","Lucas",""
"14943-2","Sale","04/15/2026 3:51 PM",1,1,"1xChurros doce de leite ","10",0,0,0,"10","2","Pix","","Lucas",""
"14944-2","Sale","04/15/2026 4:00 PM",1,2,"2xChurros de chocolate ","20",0,0,0,"20","4","Tarjeta Débito","","Lucas",""
"14945-2","Sale","04/15/2026 4:02 PM",2,3,"1xChurros de chocolate , 2xCascão ","28",0,0,0,"28","17.6","Efectivo","","Lucas",""
"14946-2","Sale","04/15/2026 4:11 PM",2,2,"1xCascão , 1xCopo 150ml","16",0,0,0,"16","8.8","Tarjeta Crédito","","Lucas",""
"14947-2","Sale","04/15/2026 4:18 PM",1,1,"1xChurros doce de leite ","10",0,0,0,"10","2","Tarjeta Débito","","Lucas",""
"14948-2","Sale","04/15/2026 4:18 PM",1,1,"1xÁgua sem gás ","4",0,0,0,"4",0,"Efectivo","","Lucas",""
"14949-2","Sale","04/15/2026 4:20 PM",2,2,"1xMilkshake 300ml, 1xCopo 200ml","20",0,0,0,"20","2","Pix","","Lucas",""
"14950-2","Sale","04/15/2026 4:45 PM",1,2,"2xCrepe suíço salgado ","20",0,0,0,"20","4","Efectivo","","Lucas",""
"14951-2","Sale","04/15/2026 4:50 PM",1,1,"1xCrepe suíço salgado ","10",0,0,0,"10","2","Efectivo","","Lucas",""
"14952-2","Sale","04/15/2026 6:04 PM",1,1,"1xChurros de chocolate ","10",0,0,0,"10","2","Tarjeta Débito","","Lucas",""
"14953-2","Sale","04/15/2026 6:13 PM",2,2,"1xCasquinha , 1xÁgua com gás ","11.5",0,0,0,"11.5","9.3","Efectivo","","Lucas",""
"14954-2","Sale","04/15/2026 6:21 PM",1,1,"1xChurros de chocolate ","10",0,0,0,"10","2","Efectivo","","Lucas",""
"14955-2","Sale","04/16/2026 1:48 PM",1,1,"1xMilkshake 500ml","16",0,0,0,"16",0,"Efectivo","","Lucas",""
"14956-2","Sale","04/16/2026 1:58 PM",1,2,"2xCasquinha ","14",0,0,0,"14","12","Pix","","Lucas",""
"14957-2","Sale","04/16/2026 2:17 PM",1,2,"2xCasquinha ","14",0,0,0,"14","12","Tarjeta Crédito","","Lucas",""
"14958-2","Sale","04/16/2026 2:23 PM",1,1,"1xMilkshake 400ml","14",0,0,0,"14","1","Pix","","Lucas",""
"14959-2","Sale","04/16/2026 3:31 PM",1,1,"1xCascão ","9",0,0,0,"9","7.8","Tarjeta Débito","","Lucas",""
"14960-2","Sale","04/16/2026 3:37 PM",1,1,"1xCascão ","9",0,0,0,"9","7.8","Pix","","Lucas",""
"14961-2","Sale","04/16/2026 3:53 PM",2,4,"2xCombo 1, 2xCasquinha ","44",0,0,0,"44","14","Pix","","Lucas",""
"14962-2","Sale","04/16/2026 4:11 PM",1,1,"1xChurros de chocolate ","10",0,0,0,"10","2","Efectivo","","Lucas",""
"14963-2","Sale","04/16/2026 4:16 PM",1,2,"2xCasquinha ","14",0,0,0,"14","12","Tarjeta Crédito","","Lucas",""
"14964-2","Sale","04/16/2026 4:33 PM",1,1,"1xChurros de chocolate ","10",0,0,0,"10","2","Pix","","Lucas",""
"14965-2","Sale","04/16/2026 4:54 PM",1,1,"1xMilkshake 500ml","16",0,0,0,"16",0,"Tarjeta Crédito","","Lucas",""
"14966-2","Sale","04/16/2026 5:20 PM",1,1,"1xCasquinha ","7",0,0,0,"7","6","Efectivo","","Lucas",""
"14967-2","Sale","04/16/2026 5:22 PM",1,2,"2xCasquinha ","14",0,0,0,"14","12","Efectivo","","Lucas",""
"14968-2","Sale","04/16/2026 5:22 PM",1,1,"1xCrepe suíço salgado ","10",0,0,0,"10","2","Tarjeta Débito","","Lucas",""
"14969-2","Sale","04/16/2026 5:22 PM",1,1,"1xCrepe suíço salgado ","10",0,0,0,"10","2","Pix","","Lucas",""
"14970-2","Sale","04/16/2026 5:29 PM",1,1,"1xMilkshake 400ml","14",0,0,0,"14","1","Pix","","Lucas",""
"14971-2","Sale","04/16/2026 5:39 PM",2,2,"1xCrepe suíço salgado , 1xCombo 1","25",0,0,0,"25","3","Otros","","Lucas",""
"14972-2","Sale","04/16/2026 5:42 PM",1,1,"1xCascão ","9",0,0,0,"9","7.8","Efectivo","","Lucas",""
"14973-2","Sale","04/16/2026 6:14 PM",2,2,"1xCrepe suíço doce, 1xCrepe suíço salgado ","21",0,0,0,"21","5","Efectivo","","Lucas",""
"14974-2","Sale","04/16/2026 6:30 PM",3,3,"1xCasquinha , 1xCascão , 1xMilkshake 400ml","30",0,0,0,"30","14.8","Tarjeta Crédito","","Lucas",""
"14975-2","Sale","04/16/2026 6:35 PM",1,1,"1xCascão ","9",0,0,0,"9","7.8","Efectivo","","Lucas",""
"14976-2","Sale","04/16/2026 6:40 PM",1,1,"1xCasquinha ","7",0,0,0,"7","6","Tarjeta Débito","","Lucas",""
"14977-2","Sale","04/16/2026 6:45 PM",1,2,"2xMilkshake 300ml","22",0,0,0,"22","2","Tarjeta Débito","","Lucas",""
"14978-2","Sale","04/17/2026 1:51 PM",1,1,"1xCasquinha ","7",0,0,0,"7","6","Efectivo","","Lucas",""
"14979-2","Sale","04/17/2026 1:51 PM",1,1,"1xÁgua sem gás ","4",0,0,0,"4",0,"Tarjeta Débito","","Lucas",""
"14980-2","Sale","04/17/2026 2:30 PM",1,1,"1xMilkshake 300ml","11",0,0,0,"11","1","Pix","","Lucas",""
"14981-2","Sale","04/17/2026 2:34 PM",1,2,"2xCasquinha ","14",0,0,0,"14","12","Efectivo","","Lucas",""
"14982-2","Sale","04/17/2026 2:56 PM",1,4,"4xChurros de chocolate ","40",0,0,0,"40","8","Tarjeta Crédito","","Lucas",""
"14983-2","Sale","04/17/2026 3:03 PM",1,3,"3xMilkshake 300ml","33",0,0,0,"33","3","Efectivo","","Lucas",""
"14984-2","Sale","04/17/2026 3:04 PM",1,1,"1xCasquinha ","7",0,0,0,"7","6","Tarjeta Crédito","","Lucas",""
"14985-2","Sale","04/17/2026 3:16 PM",1,1,"1xCascão ","9",0,0,0,"9","7.8","Efectivo","","Lucas",""
"14986-2","Sale","04/17/2026 3:17 PM",2,2,"1xChurros doce de leite , 1xÁgua sem gás ","14",0,0,0,"14","2","Tarjeta Débito","","Lucas",""
"14987-2","Sale","04/17/2026 3:26 PM",1,1,"1xCrepe suíço doce","11",0,0,0,"11","3","Tarjeta Crédito","","Lucas",""
"14988-2","Sale","04/17/2026 3:28 PM",1,1,"1xMilkshake 300ml","11",0,0,0,"11","1","Efectivo","","Lucas",""
"14989-2","Sale","04/17/2026 3:43 PM",1,1,"1xRefri 310ml","7",0,0,0,"7","1","Tarjeta Débito","","Lucas",""
"14990-2","Sale","04/17/2026 3:45 PM",1,1,"1xCascão ","9",0,0,0,"9","7.8","Efectivo","","Lucas",""
"14991-2","Sale","04/17/2026 3:53 PM",1,1,"1xCopo 150ml","7",0,0,0,"7","1","Tarjeta Crédito","","Lucas",""
"14992-2","Sale","04/17/2026 4:16 PM",2,2,"1xCasquinha , 1xRefri 310ml","14",0,0,0,"14","7","Pix","","Lucas",""
"14993-2","Sale","04/17/2026 4:30 PM",1,1,"1xCopo 150ml","7",0,0,0,"7","1","Efectivo","","Lucas",""
"14994-2","Sale","04/17/2026 4:30 PM",1,1,"1xCrepe suíço doce","11",0,0,0,"11","3","Otros","","Lucas",""
"14995-2","Sale","04/17/2026 4:33 PM",1,1,"1xMilkshake 300ml","11",0,0,0,"11","1","Tarjeta Débito","","Lucas",""
"14996-2","Sale","04/17/2026 4:38 PM",2,4,"2xChurros de chocolate , 2xChurros doce de leite ","40",0,0,0,"40","8","Pix","","Lucas",""
"14997-2","Sale","04/17/2026 4:46 PM",2,2,"1xCombo 1, 1xCrepe suíço salgado ","25",0,0,0,"25","3","Pix","","Lucas",""
"14998-2","Sale","04/17/2026 5:03 PM",1,2,"2xMilkshake 300ml","22",0,0,0,"22","2","Pix","","Lucas",""
"14999-2","Sale","04/17/2026 5:06 PM",1,2,"2xMilkshake 400ml","28",0,0,0,"28","2","Efectivo","","Lucas",""
"15000-2","Sale","04/17/2026 5:10 PM",1,3,"3xMilkshake 300ml","33",0,0,0,"33","3","Tarjeta Débito","","Lucas",""
"15001-2","Sale","04/17/2026 5:13 PM",1,1,"1xCasquinha ","7",0,0,0,"7","6","Tarjeta Débito","","Lucas",""
"15002-2","Sale","04/17/2026 5:20 PM",1,1,"1xMilkshake 300ml","11",0,0,0,"11","1","Efectivo","","Lucas",""
"15003-2","Sale","04/17/2026 5:49 PM",1,3,"3xCascão ","27",0,0,0,"27","23.4","Pix","","Lucas",""
"15004-2","Sale","04/17/2026 6:00 PM",1,1,"1xChurros doce de leite ","10",0,0,0,"10","2","Pix","","Lucas",""
"15005-2","Sale","04/17/2026 6:03 PM",1,1,"1xChurros de chocolate ","10",0,0,0,"10","2","Efectivo","","Lucas",""
"15006-2","Sale","04/17/2026 6:12 PM",1,1,"1xCasquinha ","7",0,0,0,"7","6","Tarjeta Débito","","Lucas",""
"15007-2","Sale","04/17/2026 6:16 PM",1,2,"2xChurros doce de leite ","20",0,0,0,"20","4","Efectivo","","Lucas",""
"15008-2","Sale","04/17/2026 6:17 PM",1,1,"1xChurros de chocolate ","10",0,0,0,"10","2","Efectivo","","Lucas",""
"15009-2","Sale","04/17/2026 6:18 PM",1,2,"2xCasquinha ","14",0,0,0,"14","12","Tarjeta Débito","","Lucas",""
"15010-2","Sale","04/17/2026 6:20 PM",2,2,"1xChurros doce de leite , 1xChurros de chocolate ","20",0,0,0,"20","4","Pix","","Lucas",""
"15011-2","Sale","04/17/2026 6:52 PM",1,2,"2xCascão ","18",0,0,0,"18","15.6","Efectivo","","Lucas",""
"15012-2","Sale","04/17/2026 6:53 PM",1,1,"1xMilkshake 500ml","16",0,0,0,"16",0,"Pix","","Lucas",""
"15013-2","Sale","04/17/2026 7:06 PM",1,1,"1xÁgua com gás ","4.5",0,0,0,"4.5","3.3","Tarjeta Débito","","Lucas",""
"15014-2","Sale","04/18/2026 10:26 AM",1,1,"1xCasquinha ","7",0,0,0,"7","6","Tarjeta Crédito","","Lucas",""
"15015-2","Sale","04/18/2026 10:28 AM",1,2,"2xCasquinha ","14",0,0,0,"14","12","Tarjeta Crédito","","Lucas",""
"15016-2","Sale","04/18/2026 10:32 AM",1,3,"3xCopo 200ml","27",0,0,0,"27","3","Pix","","Lucas",""
"15017-2","Sale","04/18/2026 10:43 AM",1,1,"1xMilkshake 300ml","11",0,0,0,"11","1","Tarjeta Crédito","","Lucas",""
"15019-2","Sale","04/18/2026 10:49 AM",3,3,"1xÁgua sem gás , 1xÁgua com gás , 1xMilkshake 300ml","19.5",0.5,0,0,"19","3.9","Efectivo","","Lucas",""
"15020-2","Sale","04/18/2026 11:00 AM",1,1,"1xCombo 1","15",0,0,0,"15","1","Efectivo","","Lucas",""
"15021-2","Sale","04/18/2026 11:07 AM",1,1,"1xCrepe suíço salgado ","10",0,0,0,"10","2","Efectivo","","Lucas",""
"15022-2","Sale","04/18/2026 11:07 AM",1,1,"1xCascão ","9",0,0,0,"9","7.8","Efectivo","","Lucas",""
"15023-2","Sale","04/18/2026 11:17 AM",2,2,"1xCasquinha , 1xMilkshake 300ml","18",0,0,0,"18","7","Efectivo","","Lucas",""
"15024-2","Sale","04/18/2026 11:18 AM",1,1,"1xMilkshake 300ml","11",0,0,0,"11","1","Tarjeta Crédito","","Lucas",""
"15025-2","Sale","04/18/2026 11:19 AM",1,1,"1xChurros doce de leite ","10",0,0,0,"10","2","Tarjeta Crédito","","Lucas",""
"15026-2","Sale","04/18/2026 11:21 AM",3,5,"2xÁgua com gás , 2xCascão , 1xÁgua sem gás ","31",0,0,0,"31","22.2","Efectivo","","Lucas",""
"15027-2","Sale","04/18/2026 11:46 AM",2,2,"1xÁgua sem gás , 1xCopo 150ml","11",0,0,0,"11","1","Tarjeta Débito","","Lucas",""
"15028-2","Sale","04/18/2026 12:07 PM",1,2,"2xÁgua sem gás ","8",0,0,0,"8",0,"Tarjeta Crédito","","Lucas",""
"15029-2","Sale","04/18/2026 12:08 PM",1,1,"1xÁgua sem gás ","4",0,0,0,"4",0,"Efectivo","","Lucas",""
"15030-2","Sale","04/18/2026 12:17 PM",1,2,"2xCascão ","18",0,0,0,"18","15.6","Tarjeta Débito","","Lucas",""
"15031-2","Sale","04/18/2026 12:23 PM",1,1,"1xCasquinha ","7",0,0,0,"7","6","Pix","","Lucas",""
"15032-2","Sale","04/18/2026 12:53 PM",2,2,"1xCrepe suíço doce, 1xCombo 1","26",11,0,0,"15","-7","Efectivo","","Lucas",""
"15033-2","Sale","04/18/2026 1:33 PM",2,2,"1xCascão , 1xCopo 200ml","18",0,0,0,"18","8.8","Efectivo","","Lucas",""
"15034-2","Sale","04/18/2026 1:35 PM",2,2,"1xCopo 150ml, 1xCascão ","16",0,0,0,"16","8.8","Tarjeta Débito","","Lucas",""
"15035-2","Sale","04/18/2026 1:42 PM",1,2,"2xCasquinha ","14",0,0,0,"14","12","Pix","","Lucas",""
"15036-2","Sale","04/18/2026 1:44 PM",1,1,"1xCopo 200ml","9",4,0,0,"5","-3","Efectivo","","Lucas",""
"15037-2","Sale","04/18/2026 1:47 PM",1,1,"1xMilkshake 500ml","16",0,0,0,"16",0,"Tarjeta Crédito","","Lucas",""
"15038-2","Sale","04/18/2026 1:51 PM",1,3,"3xCasquinha ","21",0,0,0,"21","18","Tarjeta Débito","","Lucas",""
"15039-2","Sale","04/18/2026 2:09 PM",1,1,"1xCasquinha ","7",0,0,0,"7","6","Tarjeta Crédito","","Lucas",""
"15040-2","Sale","04/18/2026 2:12 PM",2,2,"1xCopo 150ml, 1xCasquinha ","14",0,0,0,"14","7","Tarjeta Crédito","","Lucas",""
"15041-2","Sale","04/18/2026 2:20 PM",1,2,"2xCasquinha ","14",0,0,0,"14","12","Tarjeta Débito","","Lucas",""
"15042-2","Sale","04/18/2026 2:26 PM",1,1,"1xCascão ","9",0,0,0,"9","7.8","Efectivo","","Lucas",""
"15043-2","Sale","04/18/2026 2:35 PM",1,1,"1xCopo 150ml","7",0,0,0,"7","1","Tarjeta Crédito","","Lucas",""
"15044-2","Sale","04/18/2026 2:38 PM",1,1,"1xCopo 150ml","7",0,0,0,"7","1","Tarjeta Crédito","","Lucas",""
"15045-2","Sale","04/18/2026 2:45 PM",1,1,"1xCasquinha ","7",0,0,0,"7","6","Tarjeta Crédito","","Lucas",""
"15046-2","Sale","04/18/2026 2:52 PM",1,1,"1xCasquinha ","7",0,0,0,"7","6","Efectivo","","Lucas",""
"15047-2","Sale","04/18/2026 2:53 PM",1,1,"1xCascão ","9",0,0,0,"9","7.8","Tarjeta Débito","","Lucas",""
"15048-2","Sale","04/18/2026 2:53 PM",2,2,"1xCascão , 1xMilkshake 300ml","20",0,0,0,"20","8.8","Tarjeta Débito","","Lucas",""
"15049-2","Sale","04/18/2026 2:58 PM",2,3,"2xMilkshake 500ml, 1xÁgua sem gás ","36",0,0,0,"36",0,"Pix","","Lucas",""
"15050-2","Sale","04/18/2026 3:08 PM",1,1,"1xChurros de chocolate ","10",0,0,0,"10","2","Tarjeta Débito","","Lucas",""
"15051-2","Sale","04/18/2026 3:24 PM",1,2,"2xChurros doce de leite ","20",0,0,0,"20","4","Tarjeta Débito","","Lucas",""
"15052-2","Sale","04/18/2026 3:39 PM",2,3,"1xCascão , 2xCasquinha ","23",0,0,0,"23","19.8","Tarjeta Crédito, Pix","","Lucas",""
"15053-2","Sale","04/18/2026 3:50 PM",1,1,"1xÁgua sem gás ","4",0,0,0,"4",0,"Efectivo","","Lucas",""
"15054-2","Sale","04/18/2026 3:53 PM",2,2,"1xMilkshake 400ml, 1xCasquinha ","21",0,0,0,"21","7","Tarjeta Débito","","Lucas",""
"15055-2","Sale","04/18/2026 3:54 PM",1,2,"2xCasquinha ","14",0,0,0,"14","12","Tarjeta Débito","","Lucas",""
"15056-2","Sale","04/18/2026 3:56 PM",2,2,"1xCascão , 1xCopo 150ml","16",0,0,0,"16","8.8","Efectivo","","Lucas",""
"15057-2","Sale","04/18/2026 3:59 PM",3,4,"2xCasquinha , 1xCopo 150ml, 1xMilkshake 300ml","32",0,0,0,"32","14","Tarjeta Débito","","Lucas",""
"15058-2","Sale","04/18/2026 4:01 PM",1,2,"2xCascão ","18",0,0,0,"18","15.6","Tarjeta Débito","","Lucas",""
"15059-2","Sale","04/18/2026 4:04 PM",1,3,"3xCasquinha ","21",0,0,0,"21","18","Tarjeta Débito","","Lucas",""
"15060-2","Sale","04/18/2026 4:07 PM",1,1,"1xCopo 150ml","7",0,0,0,"7","1","Efectivo","","Lucas",""
"15061-2","Sale","04/18/2026 4:13 PM",1,3,"3xMilkshake 500ml","48",0,0,0,"48",0,"Pix","","Lucas",""
"15062-2","Sale","04/18/2026 4:14 PM",1,1,"1xCasquinha ","7",0,0,0,"7","6","Efectivo","","Lucas",""
"15063-2","Sale","04/18/2026 4:25 PM",1,2,"2xCopo 200ml","18",0,0,0,"18","2","Tarjeta Débito","","Lucas",""
"15064-2","Sale","04/18/2026 4:27 PM",1,2,"2xCasquinha ","14",0,0,0,"14","12","Pix","","Lucas",""
"15065-2","Sale","04/18/2026 4:29 PM",1,1,"1xCasquinha ","7",0,0,0,"7","6","Efectivo","","Lucas",""
"15066-2","Sale","04/18/2026 4:41 PM",1,1,"1xCasquinha ","7",0,0,0,"7","6","Pix","","Lucas",""
"15067-2","Sale","04/18/2026 4:46 PM",1,1,"1xMilkshake 300ml","11",0,0,0,"11","1","Tarjeta Débito","","Lucas",""
"15068-2","Sale","04/18/2026 4:48 PM",1,2,"2xRefri 310ml","14",0,0,0,"14","2","Tarjeta Débito","","Lucas",""
"15069-2","Sale","04/18/2026 4:50 PM",1,1,"1xCasquinha ","7",0,0,0,"7","6","Tarjeta Débito","","Lucas",""
"15070-2","Sale","04/18/2026 4:53 PM",1,2,"2xCasquinha ","14",0,0,0,"14","12","Pix","","Lucas",""
"15071-2","Sale","04/18/2026 4:59 PM",1,2,"2xCascão ","18",0,0,0,"18","15.6","Pix","","Lucas",""
"15072-2","Sale","04/18/2026 5:03 PM",1,1,"1xCopo 250ml","11",0,0,0,"11","1","Efectivo","","Lucas",""
"15073-2","Sale","04/18/2026 5:09 PM",1,1,"1xÁgua sem gás ","4",0,0,0,"4",0,"Pix","","Lucas",""
"15074-2","Sale","04/18/2026 5:13 PM",1,2,"2xCasquinha ","14",0,0,0,"14","12","Pix","","Lucas",""
"15076-2","Sale","04/18/2026 5:25 PM",1,1,"1xMilkshake 400ml","14",0,0,0,"14","1","Tarjeta Débito","","Lucas",""
"15077-2","Sale","04/18/2026 5:28 PM",1,2,"2xCascão ","18",0,0,0,"18","15.6","Tarjeta Crédito","","Lucas",""
"15078-2","Sale","04/18/2026 5:35 PM",1,2,"2xCrepe suíço salgado ","20",10,0,0,"10","-6","Efectivo","","Lucas",""
"15079-2","Sale","04/18/2026 5:39 PM",2,2,"1xChurros de chocolate , 1xMilkshake 300ml","21",0,0,0,"21","3","Tarjeta Crédito","","Lucas",""
"15080-2","Sale","04/18/2026 5:42 PM",1,2,"2xCasquinha ","14",0,0,0,"14","12","Pix","","Lucas",""
"15081-2","Sale","04/18/2026 5:44 PM",1,2,"2xCascão ","18",0,0,0,"18","15.6","Efectivo","","Lucas",""
"15082-2","Sale","04/18/2026 5:47 PM",1,2,"2xCasquinha ","14",0,0,0,"14","12","Tarjeta Débito","","Lucas",""
"15083-2","Sale","04/18/2026 5:49 PM",1,2,"2xCascão ","18",0,0,0,"18","15.6","Tarjeta Débito","","Lucas",""
"15084-2","Sale","04/18/2026 5:55 PM",1,1,"1xChurros de chocolate ","10",0,0,0,"10","2","Efectivo","","Lucas",""
"15085-2","Sale","04/18/2026 6:01 PM",1,1,"1xMilkshake 300ml","11",0,0,0,"11","1","Pix","","Lucas",""
"15086-2","Sale","04/18/2026 6:02 PM",1,1,"1xChurros de chocolate ","10",0,0,0,"10","2","Efectivo","","Lucas",""
"15087-2","Sale","04/18/2026 6:05 PM",2,5,"3xChurros doce de leite , 2xChurros de chocolate ","50",0,0,0,"50","10","Efectivo","","Lucas",""
"15088-2","Sale","04/18/2026 6:20 PM",1,1,"1xMilkshake 500ml","16",0,0,0,"16",0,"Tarjeta Débito","","Lucas",""
"15089-2","Sale","04/18/2026 6:30 PM",2,2,"1xChurros de chocolate , 1xÁgua sem gás ","14",0,0,0,"14","2","Efectivo","","Lucas",""
"15090-2","Sale","04/18/2026 6:57 PM",1,1,"1xChurros de chocolate ","10",0,0,0,"10","2","Tarjeta Crédito","","Lucas",""
"15091-2","Sale","04/18/2026 7:12 PM",1,1,"1xCascão ","9",0,0,0,"9","7.8","Efectivo","","Lucas",""
"15092-2","Sale","04/19/2026 2:56 PM",2,3,"2xCasquinha , 1xCascão ","23",0,0,0,"23","19.8","Tarjeta Crédito","","Lucas",""
"15093-2","Sale","04/19/2026 2:59 PM",1,2,"2xMilkshake 300ml","22",0,0,0,"22","2","Tarjeta Crédito","","Lucas",""
"15094-2","Sale","04/19/2026 3:05 PM",2,2,"1xCrepe suíço salgado , 1xÁgua com gás ","14.5",0,0,0,"14.5","5.3","Tarjeta Crédito","","Lucas",""
"15095-2","Sale","04/19/2026 3:06 PM",1,1,"1xCasquinha ","7",0,0,0,"7","6","Tarjeta Débito","","Lucas",""
"15096-2","Sale","04/19/2026 3:08 PM",1,1,"1xMilkshake 400ml","14",0,0,0,"14","1","Pix","","Lucas",""
"15097-2","Sale","04/19/2026 3:08 PM",2,2,"1xRefri 310ml, 1xÁgua com gás ","11.5",0,0,0,"11.5","4.3","Tarjeta Débito","","Lucas",""
"15098-2","Sale","04/19/2026 3:10 PM",1,2,"2xÁgua sem gás ","8",0,0,0,"8",0,"Tarjeta Crédito","","Lucas",""
"15099-2","Sale","04/19/2026 3:19 PM",1,3,"3xMilkshake 300ml","33",0,0,0,"33","3","Tarjeta Crédito","","Lucas",""
"15100-2","Sale","04/19/2026 3:23 PM",4,7,"1xMilkshake 500ml, 2xMilkshake 300ml, 3xÁgua sem gás , 1xÁgua com gás ","54.5",0,0,0,"54.5","5.3","Pix","","Lucas",""
"15101-2","Sale","04/19/2026 3:28 PM",1,2,"2xMilkshake 400ml","28",0,0,0,"28","2","Tarjeta Débito","","Lucas",""
"15102-2","Sale","04/19/2026 3:30 PM",1,1,"1xCopo 250ml","11",0,0,0,"11","1","Efectivo","","Lucas",""
"15103-2","Sale","04/19/2026 3:31 PM",1,1,"1xCasquinha ","7",0,0,0,"7","6","Efectivo","","Lucas",""
"15104-2","Sale","04/19/2026 3:38 PM",1,1,"1xCasquinha ","7",0,0,0,"7","6","Tarjeta Débito","","Lucas",""
"15105-2","Sale","04/19/2026 3:50 PM",1,1,"1xMilkshake 300ml","11",0,0,0,"11","1","Tarjeta Débito","","Lucas",""
"15106-2","Sale","04/19/2026 3:53 PM",2,2,"1xMilkshake 400ml, 1xCascão ","23",0,0,0,"23","8.8","Efectivo","","Lucas",""
"15107-2","Sale","04/19/2026 3:57 PM",2,4,"1xCascão , 3xMilkshake 300ml","42",0,0,0,"42","10.8","Tarjeta Débito","","Lucas",""
"15108-2","Sale","04/19/2026 4:00 PM",1,3,"3xCopo 150ml","21",0,0,0,"21","3","Efectivo","","Lucas",""
"15109-2","Sale","04/19/2026 4:08 PM",1,2,"2xCopo 150ml","14",0,0,0,"14","2","Pix","","Lucas",""
"15110-2","Sale","04/19/2026 4:13 PM",2,2,"1xMilkshake 500ml, 1xÁgua com gás ","20.5",0.5,0,0,"20","3.19","Efectivo","","Lucas",""
"15111-2","Sale","04/19/2026 4:24 PM",3,4,"1xMilkshake 300ml, 2xMilkshake 400ml, 1xCasquinha ","46",0,0,0,"46","9","Tarjeta Crédito","","Lucas",""
"15112-2","Sale","04/19/2026 4:25 PM",1,2,"2xCascão ","18",0,0,0,"18","15.6","Efectivo","","Lucas",""
"15113-2","Sale","04/19/2026 4:31 PM",2,2,"1xMilkshake 400ml, 1xMilkshake 300ml","25",0,0,0,"25","2","Pix","","Lucas",""
"15114-2","Sale","04/19/2026 4:41 PM",1,2,"2xCasquinha ","14",0,0,0,"14","12","Efectivo","","Lucas",""
"15115-2","Sale","04/19/2026 4:41 PM",1,1,"1xCasquinha ","7",0,0,0,"7","6","Tarjeta Débito","","Lucas",""
"15116-2","Sale","04/19/2026 4:46 PM",1,1,"1xCasquinha ","7",0,0,0,"7","6","Efectivo","","Lucas",""
"15117-2","Sale","04/19/2026 4:47 PM",1,1,"1xÁgua sem gás ","4",0,0,0,"4",0,"Efectivo","","Lucas",""
"15118-2","Sale","04/19/2026 4:52 PM",1,1,"1xCasquinha ","7",0,0,0,"7","6","Tarjeta Débito","","Lucas",""
"15119-2","Sale","04/19/2026 5:24 PM",2,2,"1xMilkshake 400ml, 1xMilkshake 500ml","30",0,0,0,"30","1","Tarjeta Débito","","Lucas",""
"15120-2","Sale","04/19/2026 5:27 PM",1,2,"2xMilkshake 500ml","32",0,0,0,"32",0,"Efectivo","","Lucas",""
"15121-2","Sale","04/19/2026 5:40 PM",2,3,"1xCopo 150ml, 2xCasquinha ","21",0,0,0,"21","13","Pix","","Lucas",""
"15122-2","Sale","04/19/2026 5:40 PM",1,1,"1xCasquinha ","7",0,0,0,"7","6","Pix","","Lucas",""
"15123-2","Sale","04/19/2026 5:53 PM",1,1,"1xCopo 150ml","7",0,0,0,"7","1","Efectivo","","Lucas",""
"15124-2","Sale","04/19/2026 5:54 PM",1,2,"2xCasquinha ","14",0,0,0,"14","12","Efectivo","","Lucas",""
"15125-2","Sale","04/19/2026 5:56 PM",1,2,"2xCasquinha ","14",0,0,0,"14","12","Tarjeta Débito","","Lucas",""
"15126-2","Sale","04/19/2026 5:58 PM",1,1,"1xCascão ","9",0,0,0,"9","7.8","Tarjeta Débito","","Lucas",""
"15127-2","Sale","04/19/2026 6:04 PM",1,1,"1xCopo 200ml","9",0,0,0,"9","1","Efectivo","","Lucas",""
"15128-2","Sale","04/19/2026 6:07 PM",1,1,"1xCascão ","9",0,0,0,"9","7.8","Efectivo","","Lucas",""
"15129-2","Sale","04/19/2026 6:09 PM",1,1,"1xÁgua sem gás ","4",0,0,0,"4",0,"Pix","","Lucas",""
"15130-2","Sale","04/19/2026 6:12 PM",1,2,"2xMilkshake 400ml","28",0,0,0,"28","2","Tarjeta Débito","","Lucas",""
"15131-2","Sale","04/19/2026 6:13 PM",1,2,"2xCasquinha ","14",0,0,0,"14","12","Efectivo","","Lucas",""
"15132-2","Sale","04/19/2026 6:15 PM",1,1,"1xCascão ","9",0,0,0,"9","7.8","Efectivo","","Lucas",""
"15133-2","Sale","04/19/2026 6:18 PM",1,1,"1xCascão ","9",0,0,0,"9","7.8","Efectivo","","Lucas",""
"15134-2","Sale","04/19/2026 6:21 PM",2,2,"1xMilkshake 400ml, 1xCascão ","23",0,0,0,"23","8.8","Tarjeta Crédito","","Lucas",""
"15135-2","Sale","04/19/2026 6:22 PM",2,2,"1xCopo 150ml, 1xCasquinha ","14",0,0,0,"14","7","Pix","","Lucas",""
"15136-2","Sale","04/19/2026 6:35 PM",2,4,"3xCascão , 1xCopo 150ml","34",0,0,0,"34","24.4","Efectivo","","Lucas",""
"15137-2","Sale","04/19/2026 6:52 PM",1,1,"1xMilkshake 500ml","16",0,0,0,"16",0,"Efectivo","","Lucas",""
"15139-2","Sale","04/19/2026 7:01 PM",1,2,"2xCasquinha ","14",0,0,0,"14","12","Pix","","Lucas",""
"15140-2","Sale","04/20/2026 1:55 PM",1,1,"1xCascão ","9",0,0,0,"9","7.8","Efectivo","","Lucas",""
"15141-2","Sale","04/20/2026 1:58 PM",3,3,"1xÁgua sem gás , 1xÁgua com gás , 1xMilkshake 500ml","24.5",0,0,0,"24.5","3.3","Tarjeta Crédito","","Lucas",""
"15142-2","Sale","04/20/2026 1:59 PM",1,1,"1xÁgua com gás ","4.5",0,0,0,"4.5","3.3","Tarjeta Débito","","Lucas",""
"15143-2","Sale","04/20/2026 2:02 PM",1,2,"2xMilkshake 300ml","22",0,0,0,"22","2","Pix","","Lucas",""
"15144-2","Sale","04/20/2026 2:04 PM",1,2,"2xCascão ","18",0,0,0,"18","15.6","Efectivo","","Lucas",""
"15145-2","Sale","04/20/2026 2:34 PM",2,3,"2xMilkshake 300ml, 1xMilkshake 400ml","36",0,0,0,"36","3","Pix","","Lucas",""
"15146-2","Sale","04/20/2026 2:36 PM",1,3,"3xCascão ","27",0,0,0,"27","23.4","Tarjeta Crédito","","Lucas",""
"15147-2","Sale","04/20/2026 2:40 PM",1,2,"2xMilkshake 300ml","22",0,0,0,"22","2","Tarjeta Crédito","","Lucas",""
"15148-2","Sale","04/20/2026 2:42 PM",1,1,"1xÁgua sem gás ","4",0,0,0,"4",0,"Tarjeta Débito","","Lucas",""
"15149-2","Sale","04/20/2026 2:46 PM",1,2,"2xCasquinha ","14",0,0,0,"14","12","Tarjeta Débito","","Lucas",""
"15150-2","Sale","04/20/2026 2:49 PM",1,1,"1xChurros de chocolate ","10",0,0,0,"10","2","Tarjeta Débito","","Lucas",""
"15151-2","Sale","04/20/2026 2:52 PM",1,1,"1xCopo 250ml","11",0,0,0,"11","1","Efectivo","","Lucas",""
"15152-2","Sale","04/20/2026 3:06 PM",3,5,"1xCascão , 1xMilkshake 400ml, 3xCasquinha ","44",0,0,0,"44","26.8","Tarjeta Débito","","Lucas",""
"15153-2","Sale","04/20/2026 3:16 PM",2,2,"1xMilkshake 300ml, 1xCascão ","20",0,0,0,"20","8.8","Pix","","Lucas",""
"15154-2","Sale","04/20/2026 3:26 PM",1,2,"2xCasquinha ","14",0,0,0,"14","12","Efectivo","","Lucas",""
"15155-2","Sale","04/20/2026 3:27 PM",1,1,"1xCopo 200ml","9",4,0,0,"5","-3","Efectivo","","Lucas",""
"15156-2","Sale","04/20/2026 3:30 PM",1,1,"1xRefri 310ml","7",0,0,0,"7","1","Efectivo","","Lucas",""
"15157-2","Sale","04/20/2026 3:34 PM",1,1,"1xÁgua com gás ","4.5",0,0,0,"4.5","3.3","Efectivo","","Lucas",""
"15158-2","Sale","04/20/2026 3:46 PM",3,3,"1xMilkshake 500ml, 1xMilkshake 300ml, 1xChurros doce de leite ","37",0,0,0,"37","3","Pix","","Lucas",""
"15159-2","Sale","04/20/2026 4:00 PM",1,1,"1xCasquinha ","7",0,0,0,"7","6","Tarjeta Débito","","Lucas",""
"15160-2","Sale","04/20/2026 4:05 PM",1,1,"1xCombo 2","16",0,0,0,"16","1","Otros","","Lucas",""
"15161-2","Sale","04/20/2026 4:11 PM",2,2,"1xCrepe suíço salgado , 1xÁgua sem gás ","14",0,0,0,"14","2","Tarjeta Débito","","Lucas",""
"15162-2","Sale","04/20/2026 4:21 PM",1,1,"1xMilkshake 400ml","14",0,0,0,"14","1","Tarjeta Débito","","Lucas",""
"15163-2","Sale","04/20/2026 4:26 PM",1,1,"1xCombo 1","15",0,0,0,"15","1","Tarjeta Crédito","","Lucas",""
"15164-2","Sale","04/20/2026 4:33 PM",1,1,"1xMilkshake 300ml","11",0,0,0,"11","1","Pix","","Lucas",""
"15165-2","Sale","04/20/2026 4:37 PM",1,2,"2xMilkshake 400ml","28",0,0,0,"28","2","Tarjeta Débito","","Lucas",""
"15166-2","Sale","04/20/2026 4:45 PM",1,1,"1xMilkshake 500ml","16",0,0,0,"16",0,"Efectivo","","Lucas",""
"15167-2","Sale","04/20/2026 4:45 PM",1,1,"1xCrepe suíço salgado ","10",0,0,0,"10","2","Tarjeta Débito","","Lucas",""
"15168-2","Sale","04/20/2026 4:47 PM",2,3,"2xCasquinha , 1xCopo 150ml","21",0,0,0,"21","13","Efectivo","","Lucas",""
"15169-2","Sale","04/20/2026 4:49 PM",1,1,"1xCombo 2","16",0,0,0,"16","1","Otros","","Lucas",""
"15170-2","Sale","04/20/2026 4:50 PM",1,1,"1xMilkshake 300ml","11",0,0,0,"11","1","Efectivo","","Lucas",""
"15171-2","Sale","04/20/2026 4:51 PM",1,1,"1xCascão ","9",0,0,0,"9","7.8","Pix","","Lucas",""
"15172-2","Sale","04/20/2026 4:52 PM",1,1,"1xCasquinha ","7",0,0,0,"7","6","Efectivo","","Lucas",""
"15173-2","Sale","04/20/2026 5:12 PM",1,1,"1xCascão ","9",0,0,0,"9","7.8","Pix","","Lucas",""
"15174-2","Sale","04/20/2026 5:13 PM",1,1,"1xCascão ","9",0,0,0,"9","7.8","Efectivo","","Lucas",""
"15175-2","Sale","04/20/2026 5:18 PM",1,1,"1xCopo 150ml","7",0,0,0,"7","1","Efectivo","","Lucas",""
"15176-2","Sale","04/20/2026 5:21 PM",3,6,"3xCasquinha , 1xCrepe suíço salgado , 2xMilkshake 300ml","53",0,0,0,"53","22","Tarjeta Débito","","Lucas",""
"15177-2","Sale","04/20/2026 5:35 PM",1,1,"1xCasquinha ","7",0,0,0,"7","6","Efectivo","","Lucas",""
"15178-2","Sale","04/20/2026 5:35 PM",2,2,"1xChurros doce de leite , 1xÁgua sem gás ","14",0,0,0,"14","2","Tarjeta Débito","","Lucas",""
"15179-2","Sale","04/20/2026 5:37 PM",1,1,"1xÁgua com gás ","4.5",0,0,0,"4.5","3.3","Tarjeta Débito","","Lucas",""
"15180-2","Sale","04/20/2026 5:59 PM",2,2,"1xCasquinha , 1xMilkshake 300ml","18",0,0,0,"18","7","Tarjeta Crédito","","Lucas",""
"15181-2","Sale","04/20/2026 6:02 PM",1,1,"1xMilkshake 300ml","11",0,0,0,"11","1","Tarjeta Crédito","","Lucas",""
"15182-2","Sale","04/20/2026 6:02 PM",1,1,"1xCasquinha ","7",0,0,0,"7","6","Pix","","Lucas",""
"15183-2","Sale","04/20/2026 6:13 PM",1,3,"3xCasquinha ","21",0,0,0,"21","18","Tarjeta Crédito","","Lucas",""
"15184-2","Sale","04/20/2026 6:20 PM",1,1,"1xCascão ","9",0,0,0,"9","7.8","Efectivo","","Lucas",""
"15185-2","Sale","04/20/2026 6:21 PM",1,1,"1xChurros de chocolate ","10",0,0,0,"10","2","Tarjeta Crédito","","Lucas",""
"15186-2","Sale","04/20/2026 6:26 PM",1,1,"1xCrepe suíço doce","11",0,0,0,"11","3","Pix","","Lucas",""
"15187-2","Sale","04/20/2026 6:29 PM",2,3,"2xCasquinha , 1xCopo 150ml","21",0,0,0,"21","13","Pix","","Lucas",""
"15188-2","Sale","04/20/2026 6:34 PM",1,1,"1xCrepe suíço salgado ","10",0,0,0,"10","2","Venta a crédito","Gabrieli","Lucas",""
"15189-2","Sale","04/20/2026 6:56 PM",1,2,"2xRefri 310ml","14",0,0,0,"14","2","Tarjeta Crédito","","Lucas",""
"15192-2","Sale","04/20/2026 7:17 PM",1,1,"1xCascão ","9",0,0,0,"9","7.8","Tarjeta Débito","","Lucas",""
"15193-2","Sale","04/20/2026 7:18 PM",4,6,"1xChurros de chocolate , 1xCombo 1, 1xCrepe suíço salgado , 3xCrepe suíço doce","68",0,0,0,"68","14","Pix","","Lucas",""
"15194-2","Sale","04/21/2026 1:57 PM",1,2,"2xÁgua sem gás ","8",0,0,0,"8",0,"Tarjeta Débito","","Lucas",""
"15195-2","Sale","04/21/2026 2:00 PM",1,1,"1xÁgua sem gás ","4",0,0,0,"4",0,"Pix","","Lucas",""
"15196-2","Sale","04/21/2026 2:29 PM",1,1,"1xMilkshake 400ml","14",0,0,0,"14","1","Tarjeta Crédito","","Lucas",""
"15197-2","Sale","04/21/2026 2:44 PM",1,1,"1xCasquinha ","7",0,0,0,"7","6","Efectivo","","Lucas",""
"15198-2","Sale","04/21/2026 2:51 PM",2,3,"2xCopo 150ml, 1xMilkshake 300ml","25",0,0,0,"25","3","Tarjeta Débito","","Lucas",""
"15199-2","Sale","04/21/2026 2:57 PM",1,1,"1xCopo 150ml","7",0,0,0,"7","1","Tarjeta Débito","","Lucas",""
"15200-2","Sale","04/21/2026 3:01 PM",1,1,"1xCasquinha ","7",0,0,0,"7","6","Efectivo","","Lucas",""
"15201-2","Sale","04/21/2026 3:05 PM",1,1,"1xÁgua sem gás ","4",0,0,0,"4",0,"Efectivo","","Lucas",""
"15202-2","Sale","04/21/2026 3:06 PM",1,1,"1xCopo 150ml","7",0,0,0,"7","1","Tarjeta Débito","","Lucas",""
"15203-2","Sale","04/21/2026 3:18 PM",2,2,"1xMilkshake 400ml, 1xMilkshake 300ml","25",0,0,0,"25","2","Pix","","Lucas",""
"15204-2","Sale","04/21/2026 3:20 PM",2,2,"1xCasquinha , 1xCascão ","16",0,0,0,"16","13.8","Efectivo","","Lucas",""
"15205-2","Sale","04/21/2026 3:21 PM",1,1,"1xCasquinha ","7",0,0,0,"7","6","Efectivo","","Lucas",""
"15206-2","Sale","04/21/2026 3:25 PM",2,5,"1xMilkshake 300ml, 4xCasquinha ","39",0,0,0,"39","25","Tarjeta Crédito","","Lucas",""
"15207-2","Sale","04/21/2026 3:30 PM",1,1,"1xCasquinha ","7",0,0,0,"7","6","Tarjeta Crédito","","Lucas",""
"15208-2","Sale","04/21/2026 3:35 PM",1,1,"1xCopo 150ml","7",0,0,0,"7","1","Tarjeta Débito","","Lucas",""
"15209-2","Sale","04/21/2026 3:49 PM",1,1,"1xCombo 1","15",0,0,0,"15","1","Tarjeta Débito","","Lucas",""
"15210-2","Sale","04/21/2026 3:49 PM",1,3,"3xRefri 310ml","21",0,0,0,"21","3","Efectivo","","Lucas",""
"15211-2","Sale","04/21/2026 4:07 PM",1,1,"1xMilkshake 400ml","14",0,0,0,"14","1","Pix","","Lucas",""
"15212-2","Sale","04/21/2026 4:13 PM",1,3,"3xCasquinha ","21",0,0,0,"21","18","Tarjeta Débito","","Lucas",""
"15213-2","Sale","04/21/2026 4:24 PM",1,2,"2xCrepe suíço salgado ","20",0,0,0,"20","4","Tarjeta Débito","","Lucas",""
"15214-2","Sale","04/21/2026 4:37 PM",1,2,"2xCopo 250ml","22",0,0,0,"22","2","Tarjeta Crédito","","Lucas",""
"15215-2","Sale","04/21/2026 4:39 PM",1,1,"1xMilkshake 300ml","11",0,0,0,"11","1","Tarjeta Débito","","Lucas",""
"15216-2","Sale","04/21/2026 4:41 PM",1,4,"4xRefri 310ml","28",0,0,0,"28","4","Efectivo","","Lucas",""
"15217-2","Sale","04/21/2026 4:41 PM",1,3,"3xÁgua sem gás ","12",0,0,0,"12",0,"Efectivo","","Lucas",""
"15218-2","Sale","04/21/2026 4:43 PM",2,2,"1xCrepe suíço salgado , 1xMilkshake 300ml","21",0,0,0,"21","3","Tarjeta Débito","","Lucas",""
"15219-2","Sale","04/21/2026 4:46 PM",1,2,"2xCascão ","18",0,0,0,"18","15.6","Pix","","Lucas",""
"15220-2","Sale","04/21/2026 4:59 PM",1,2,"2xÁgua sem gás ","8",0,0,0,"8",0,"Tarjeta Débito","","Lucas",""
"15221-2","Sale","04/21/2026 5:03 PM",1,1,"1xCascão ","9",0,0,0,"9","7.8","Tarjeta Débito","","Lucas",""
"15222-2","Sale","04/21/2026 5:11 PM",2,2,"1xCopo 200ml, 1xMilkshake 300ml","20",0,0,0,"20","2","Efectivo","","Lucas",""
"15223-2","Sale","04/21/2026 5:16 PM",2,2,"1xMilkshake 500ml, 1xMilkshake 300ml","27",0,0,0,"27","1","Tarjeta Débito","","Lucas",""
"15224-2","Sale","04/21/2026 5:19 PM",3,4,"1xMilkshake 400ml, 2xCascão , 1xCasquinha ","39",0,0,0,"39","22.6","Efectivo","","Lucas",""
"15225-2","Sale","04/21/2026 5:31 PM",1,1,"1xMilkshake 500ml","16",0,0,0,"16",0,"Tarjeta Débito","","Lucas",""
"15226-2","Sale","04/21/2026 5:33 PM",1,1,"1xCopo 150ml","7",0,0,0,"7","1","Tarjeta Débito","","Lucas",""
"15227-2","Sale","04/21/2026 6:06 PM",1,1,"1xCasquinha ","7",0,0,0,"7","6","Pix","","Lucas",""
"15228-2","Sale","04/21/2026 6:22 PM",1,1,"1xCasquinha ","7",0,0,0,"7","6","Tarjeta Débito","","Lucas",""
"15229-2","Sale","04/21/2026 6:50 PM",1,2,"2xChurros de chocolate ","20",0,0,0,"20","4","Tarjeta Crédito","","Lucas",""
"15230-2","Sale","04/21/2026 6:54 PM",2,2,"1xMilkshake 400ml, 1xCascão ","23",0,0,0,"23","8.8","Pix","","Lucas",""
"15231-2","Sale","04/21/2026 6:54 PM",1,2,"2xChurros de chocolate ","20",0,0,0,"20","4","Pix","","Lucas",""
"15232-2","Sale","04/21/2026 7:06 PM",2,2,"1xCopo 150ml, 1xCasquinha ","14",0,0,0,"14","7","Efectivo","","Lucas",""
"15233-2","Sale","04/21/2026 7:14 PM",1,1,"1xMilkshake 300ml","11",0,0,0,"11","1","Tarjeta Débito","","Lucas",""
"15234-2","Sale","04/22/2026 1:51 PM",1,2,"2xMilkshake 300ml","22",0,0,0,"22","2","Pix","","Lucas",""
"15235-2","Sale","04/22/2026 1:53 PM",1,1,"1xCopo 150ml","7",2,0,0,"5","-1","Efectivo","","Lucas",""
"15236-2","Sale","04/22/2026 2:46 PM",1,1,"1xÁgua sem gás ","4",0,0,0,"4",0,"Efectivo","","Lucas",""
"15237-2","Sale","04/22/2026 2:47 PM",1,1,"1xCasquinha ","7",0,0,0,"7","6","Pix","","Lucas",""
"15238-2","Sale","04/22/2026 2:48 PM",1,1,"1xCascão ","9",0,0,0,"9","7.8","Efectivo","","Lucas",""
"15239-2","Sale","04/22/2026 3:16 PM",1,2,"2xMilkshake 400ml","28",0,0,0,"28","2","Efectivo","","Lucas",""
"15240-2","Sale","04/22/2026 3:16 PM",1,1,"1xCascão ","9",0,0,0,"9","7.8","Efectivo","","Lucas",""
"15241-2","Sale","04/22/2026 3:18 PM",2,2,"1xCopo 150ml, 1xCasquinha ","14",0,0,0,"14","7","Tarjeta Débito","","Lucas",""
"15242-2","Sale","04/22/2026 3:28 PM",1,2,"2xCascão ","18",0,0,0,"18","15.6","Pix","","Lucas",""
"15243-2","Sale","04/22/2026 3:29 PM",1,2,"2xCasquinha ","14",0,0,0,"14","12","Pix","","Lucas",""
"15244-2","Sale","04/22/2026 3:30 PM",1,1,"1xRefri 310ml","7",0,0,0,"7","1","Pix","","Lucas",""
"15245-2","Sale","04/22/2026 3:36 PM",1,1,"1xCopo 150ml","7",0,0,0,"7","1","Pix","","Lucas",""
"15246-2","Sale","04/22/2026 3:47 PM",1,1,"1xCascão ","9",0,0,0,"9","7.8","Tarjeta Débito","","Lucas",""
"15247-2","Sale","04/22/2026 3:53 PM",1,1,"1xMilkshake 300ml","11",0,0,0,"11","1","Pix","","Lucas",""
"15248-2","Sale","04/22/2026 4:01 PM",1,1,"1xÁgua sem gás ","4",0,0,0,"4",0,"Efectivo","","Lucas",""
"15249-2","Sale","04/22/2026 4:02 PM",1,1,"1xÁgua sem gás ","4",0,0,0,"4",0,"Efectivo","","Lucas",""
"15250-2","Sale","04/22/2026 4:04 PM",1,1,"1xRefri 310ml","7",2,0,0,"5","-1","Efectivo","","Lucas",""
"15251-2","Sale","04/22/2026 4:07 PM",1,1,"1xCasquinha ","7",0,0,0,"7","6","Efectivo","","Lucas",""
"15252-2","Sale","04/22/2026 4:19 PM",1,1,"1xCasquinha ","7",0,0,0,"7","6","Efectivo","","Lucas",""
"15253-2","Sale","04/22/2026 4:22 PM",2,2,"1xMilkshake 500ml, 1xCascão ","25",0,0,0,"25","7.8","Pix","","Lucas",""
"15254-2","Sale","04/22/2026 4:22 PM",2,2,"1xChurros de chocolate , 1xChurros doce de leite ","20",0,0,0,"20","4","Tarjeta Débito","","Lucas",""
"15255-2","Sale","04/22/2026 4:47 PM",2,2,"1xÁgua sem gás , 1xÁgua com gás ","8.5",0,0,0,"8.5","3.3","Pix","","Lucas",""
"15256-2","Sale","04/22/2026 5:01 PM",1,1,"1xCascão ","9",0,0,0,"9","7.8","Efectivo","","Lucas",""
"15257-2","Sale","04/22/2026 5:03 PM",2,2,"1xCasquinha , 1xMilkshake 400ml","21",0,0,0,"21","7","Tarjeta Débito","","Lucas",""
"15260-2","Sale","04/22/2026 5:22 PM",2,2,"1xChurros de chocolate , 1xChurros doce de leite ","20",0,0,0,"20","4","Tarjeta Débito","","Lucas",""
"15261-2","Sale","04/22/2026 5:58 PM",2,3,"1xMilkshake 400ml, 2xCasquinha ","28",0,0,0,"28","13","Pix","","Lucas",""
"15262-2","Sale","04/22/2026 6:01 PM",1,1,"1xMilkshake 300ml","11",0,0,0,"11","1","Efectivo","","Lucas",""
"15263-2","Sale","04/22/2026 6:02 PM",1,1,"1xCopo 150ml","7",0,0,0,"7","1","Tarjeta Débito","","Lucas",""
"15264-2","Sale","04/22/2026 6:04 PM",1,1,"1xCascão ","9",0,0,0,"9","7.8","Tarjeta Crédito","","Lucas",""
"15265-2","Sale","04/22/2026 6:04 PM",1,2,"2xChurros doce de leite ","20",0,0,0,"20","4","Pix","","Lucas",""
"15266-2","Sale","04/22/2026 6:17 PM",1,1,"1xCascão ","9",0,0,0,"9","7.8","Pix","","Lucas",""
"15267-2","Sale","04/22/2026 6:38 PM",1,1,"1xMilkshake 300ml","11",0,0,0,"11","1","Tarjeta Débito","","Lucas",""
"15268-2","Sale","04/22/2026 6:57 PM",1,1,"1xCombo 1","15",0,0,0,"15","1","Efectivo","","Lucas",""
"15269-2","Sale","04/22/2026 7:07 PM",1,1,"1xCrepe suíço salgado ","10",5,0,0,"5","-3","Efectivo","","Lucas",""
"15259-2","Sale","04/22/2026 5:21 PM",1,1,"1xCascão ","9",0,0,0,"9","7.8","Pix","","Lucas",""
"15258-2","Sale","04/22/2026 5:17 PM",1,1,"1xÁgua sem gás ","4",0,0,0,"4",0,"Pix","","Lucas",""
"15270-2","Sale","04/23/2026 1:47 PM",1,1,"1xCasquinha ","7",0,0,0,"7","6","Pix","","Lucas",""
"15272-2","Sale","04/23/2026 1:58 PM",1,2,"2xCasquinha ","14",0,0,0,"14","12","Efectivo","","Lucas",""
"15271-2","Sale","04/23/2026 1:55 PM",1,1,"1xCascão ","9",0,0,0,"9","7.8","Pix","","Lucas",""
"15273-2","Sale","04/23/2026 2:06 PM",3,3,"1xÁgua com gás , 1xChurros de chocolate , 1xCopo 150ml","21.5",0,0,0,"21.5","6.3","Efectivo","","Lucas",""
"15274-2","Sale","04/23/2026 2:11 PM",1,1,"1xCopo 250ml","11",0,0,0,"11","1","Efectivo","","Lucas",""
"15275-2","Sale","04/23/2026 2:18 PM",1,2,"2xCopo 150ml","14",0,0,0,"14","2","Tarjeta Débito","","Lucas",""
"15276-2","Sale","04/23/2026 2:29 PM",2,2,"1xCascão , 1xMilkshake 500ml","25",11,0,0,"14","3.84","Efectivo","","Lucas",""
"15277-2","Sale","04/23/2026 2:31 PM",1,1,"1xMilkshake 300ml","11",0,0,0,"11","1","Pix","","Lucas",""
"15278-2","Sale","04/23/2026 2:42 PM",2,3,"2xCascão , 1xCasquinha ","25",0,0,0,"25","21.6","Efectivo","","Lucas",""
"15279-2","Sale","04/23/2026 2:45 PM",1,3,"3xCascão ","27",0,0,0,"27","23.4","Tarjeta Crédito","","Lucas",""
"15280-2","Sale","04/23/2026 2:57 PM",1,2,"2xCascão ","18",0,0,0,"18","15.6","Efectivo","","Lucas",""
"15281-2","Sale","04/23/2026 3:00 PM",1,1,"1xCasquinha ","7",0,0,0,"7","6","Efectivo","","Lucas",""
"15282-2","Sale","04/23/2026 3:03 PM",1,2,"2xCasquinha ","14",0,0,0,"14","12","Tarjeta Crédito","","Lucas",""
"15283-2","Sale","04/23/2026 3:13 PM",1,1,"1xCopo 150ml","7",0,0,0,"7","1","Efectivo","","Lucas",""
"15284-2","Sale","04/23/2026 3:16 PM",1,2,"2xCascão ","18",0,0,0,"18","15.6","Efectivo","","Lucas",""
"15285-2","Sale","04/23/2026 3:19 PM",1,2,"2xCascão ","18",0,0,0,"18","15.6","Efectivo","","Lucas",""
"15291-2","Sale","04/23/2026 3:55 PM",1,1,"1xMilkshake 300ml","11",0,0,0,"11","1","Pix","","Lucas",""
"15293-2","Sale","04/23/2026 4:01 PM",1,3,"3xCasquinha ","21",0,0,0,"21","18","Tarjeta Débito","","Lucas",""
"15295-2","Sale","04/23/2026 4:27 PM",1,1,"1xCasquinha ","7",0,0,0,"7","6","Tarjeta Débito","","Lucas",""
"15296-2","Sale","04/23/2026 4:31 PM",1,1,"1xMilkshake 400ml","14",0,0,0,"14","1","Efectivo","","Lucas",""
"15297-2","Sale","04/23/2026 5:02 PM",1,1,"1xCasquinha ","7",0,0,0,"7","6","Tarjeta Débito","","Lucas",""
"15298-2","Sale","04/23/2026 5:21 PM",1,1,"1xCopo 150ml","7",0,0,0,"7","1","Pix","","Lucas",""
"15299-2","Sale","04/23/2026 5:22 PM",1,1,"1xCasquinha ","7",0,0,0,"7","6","Efectivo","","Lucas",""
"15301-2","Sale","04/23/2026 5:32 PM",2,2,"1xChurros doce de leite , 1xCasquinha ","17",0,0,0,"17","8","Tarjeta Débito","","Lucas",""
"15302-2","Sale","04/23/2026 5:42 PM",1,1,"1xCrepe suíço salgado ","10",0,0,0,"10","2","Efectivo","","Lucas",""
"15303-2","Sale","04/23/2026 6:10 PM",1,1,"1xCasquinha ","7",0,0,0,"7","6","Tarjeta Crédito","","Lucas",""
"15304-2","Sale","04/23/2026 6:11 PM",1,1,"1xChurros doce de leite ","10",0,0,0,"10","2","Efectivo","","Lucas",""
"15305-2","Sale","04/23/2026 6:15 PM",1,1,"1xCopo 150ml","7",0,0,0,"7","1","Efectivo","","Lucas",""
"15306-2","Sale","04/23/2026 6:16 PM",2,3,"1xCrepe suíço salgado , 2xCascão ","28",0,0,0,"28","17.6","Efectivo","","Lucas",""
"15309-2","Sale","04/23/2026 6:26 PM",1,1,"1xChurros de chocolate ","10",0,0,0,"10","2","Efectivo","","Lucas",""
"15307-2","Sale","04/23/2026 6:20 PM",1,1,"1xMilkshake 300ml","11",0,0,0,"11","1","Tarjeta Crédito","","Lucas",""
"15288-2","Sale","04/23/2026 3:35 PM",1,1,"1xÁgua sem gás ","4",0,0,0,"4",0,"Efectivo","","Lucas",""
"15287-2","Sale","04/23/2026 3:26 PM",1,1,"1xCrepe suíço salgado ","10",0,0,0,"10","2","Tarjeta Crédito","","Lucas",""
"15289-2","Sale","04/23/2026 3:45 PM",2,2,"1xRefri 310ml, 1xÁgua sem gás ","11",0,0,0,"11","1","Efectivo","","Lucas",""
"15290-2","Sale","04/23/2026 3:46 PM",1,1,"1xCasquinha ","7",0,0,0,"7","6","Efectivo","","Lucas",""
"15294-2","Sale","04/23/2026 4:11 PM",1,2,"2xChurros doce de leite ","20",0,0,0,"20","4","Efectivo","","Lucas",""
"15292-2","Sale","04/23/2026 3:58 PM",1,1,"1xCasquinha ","7",0,0,0,"7","6","Tarjeta Crédito","","Lucas",""
"15286-2","Sale","04/23/2026 3:26 PM",1,2,"2xCasquinha ","14",0,0,0,"14","12","Tarjeta Crédito","","Lucas",""
"15310-2","Sale","04/27/2026 2:40 PM",1,1,"1xCrepe suíço salgado ","10",0,0,0,"10","2","Tarjeta Débito","","Lucas",""
"15311-2","Sale","04/27/2026 3:35 PM",1,1,"1xCascão ","9",0,0,0,"9","7.8","Efectivo","","Lucas",""
"15312-2","Sale","04/27/2026 3:37 PM",1,1,"1xCrepe suíço salgado ","10",0,0,0,"10","2","Efectivo","","Lucas",""
"15313-2","Sale","04/27/2026 3:37 PM",1,1,"1xCrepe suíço doce","11",0,0,0,"11","3","Efectivo","","Lucas",""
"15314-2","Sale","04/27/2026 3:52 PM",1,1,"1xCombo 1","15",0,0,0,"15","1","Tarjeta Débito","","Lucas",""
"15315-2","Sale","04/27/2026 4:01 PM",1,1,"1xMilkshake 500ml","16",0,0,0,"16",0,"Efectivo","","Lucas",""
"15316-2","Sale","04/27/2026 4:31 PM",1,2,"2xCasquinha ","14",0,0,0,"14","12","Efectivo","","Lucas",""
"15317-2","Sale","04/27/2026 4:35 PM",1,1,"1xCasquinha ","7",0,0,0,"7","6","Efectivo","","Lucas",""
"15318-2","Sale","04/27/2026 4:49 PM",1,1,"1xÁgua sem gás ","4",0,0,0,"4",0,"Tarjeta Débito","","Lucas",""
"15319-2","Sale","04/27/2026 5:52 PM",2,3,"1xCrepe suíço doce, 2xCrepe suíço salgado ","31",0,0,0,"31","7","Otros","","Lucas",""
"15320-2","Sale","04/27/2026 6:15 PM",1,2,"2xCasquinha ","14",0,0,0,"14","12","Tarjeta Débito","","Lucas",""
"15321-2","Sale","04/27/2026 6:53 PM",1,1,"1xChurros doce de leite ","10",0,0,0,"10","2","Tarjeta Débito","","Lucas",""
"15322-2","Sale","04/27/2026 6:59 PM",3,3,"1xChurros doce de leite , 1xCascão , 1xMilkshake 400ml","33",8,0,0,"25","2.8","Pix","","Lucas",""
"15323-2","Sale","04/28/2026 3:53 PM",1,2,"2xCascão ","18",0,0,0,"18","15.6","Pix","","Lucas",""
"15324-2","Sale","04/28/2026 3:54 PM",1,1,"1xCascão ","9",0,0,0,"9","7.8","Efectivo","","Lucas",""
"15325-2","Sale","04/28/2026 4:02 PM",1,2,"2xCasquinha ","14",0,0,0,"14","12","Efectivo","","Lucas",""
"15326-2","Sale","04/28/2026 4:03 PM",1,3,"3xChurros de chocolate ","30",0,0,0,"30","6","Efectivo","","Lucas",""
"15327-2","Sale","04/28/2026 4:05 PM",1,2,"2xChurros doce de leite ","20",0,0,0,"20","4","Pix","","Lucas",""
"15328-2","Sale","04/28/2026 4:09 PM",1,1,"1xCrepe suíço salgado ","10",0,0,0,"10","2","Tarjeta Débito","","Lucas",""
"15329-2","Sale","04/28/2026 4:27 PM",2,2,"1xCasquinha , 1xÁgua com gás ","11.5",0,0,0,"11.5","9.3","Tarjeta Débito","","Lucas",""
"15330-2","Sale","04/28/2026 4:55 PM",2,2,"1xCasquinha , 1xChurros doce de leite ","17",0,0,0,"17","8","Pix","","Lucas",""
"15331-2","Sale","04/28/2026 5:36 PM",1,2,"2xCrepe suíço salgado ","20",0,0,0,"20","4","Otros","","Lucas",""
"15332-2","Sale","04/28/2026 5:59 PM",1,1,"1xCrepe suíço salgado ","10",0,0,0,"10","2","Tarjeta Débito","","Lucas",""
"15333-2","Sale","04/28/2026 6:00 PM",2,3,"1xChurros doce de leite , 2xCrepe suíço salgado ","30",0,0,0,"30","6","Efectivo","","Lucas",""
"15334-2","Sale","04/28/2026 6:04 PM",1,2,"2xChurros doce de leite ","20",0,0,0,"20","4","Efectivo","","Lucas",""
"15335-2","Sale","04/30/2026 2:38 PM",1,1,"1xCasquinha ","7",0,0,0,"7","6","Efectivo","","Lucas",""
"15336-2","Sale","04/30/2026 2:42 PM",2,3,"1xCopo 250ml, 2xCopo 200ml","29",0,0,0,"29","3","Tarjeta Débito","","Lucas",""
"15337-2","Sale","04/30/2026 2:52 PM",1,2,"2xCasquinha ","14",0,0,0,"14","12","Efectivo","","Lucas",""
"15338-2","Sale","04/30/2026 2:53 PM",1,1,"1xCasquinha ","7",0,0,0,"7","6","Tarjeta Débito","","Lucas",""
"15339-2","Sale","04/30/2026 2:54 PM",1,1,"1xCasquinha ","7",0,0,0,"7","6","Efectivo","","Lucas",""
"15340-2","Sale","04/30/2026 3:01 PM",1,1,"1xCascão ","9",0,0,0,"9","7.8","Tarjeta Débito","","Lucas",""
"15341-2","Sale","04/30/2026 3:02 PM",1,1,"1xCascão ","9",0,0,0,"9","7.8","Tarjeta Crédito","","Lucas",""
"15342-2","Sale","04/30/2026 3:04 PM",1,2,"2xCasquinha ","14",0,0,0,"14","12","Pix","","Lucas",""
"15343-2","Sale","04/30/2026 3:07 PM",1,1,"1xCopo 200ml","9",0,0,0,"9","1","Efectivo","","Lucas",""
"15344-2","Sale","04/30/2026 3:10 PM",2,3,"1xÁgua sem gás , 2xChurros doce de leite ","24",0,0,0,"24","4","Tarjeta Crédito","","Lucas",""
"15345-2","Sale","04/30/2026 3:16 PM",1,1,"1xÁgua sem gás ","4",0,0,0,"4",0,"Tarjeta Débito","","Lucas",""
"15346-2","Sale","04/30/2026 3:20 PM",1,1,"1xMilkshake 500ml","16",0,0,0,"16",0,"Tarjeta Débito","","Lucas",""
"15347-2","Sale","04/30/2026 3:32 PM",1,1,"1xCasquinha ","7",0,0,0,"7","6","Efectivo","","Lucas",""
"15348-2","Sale","04/30/2026 3:38 PM",1,2,"2xCasquinha ","14",0,0,0,"14","12","Tarjeta Débito","","Lucas",""
"15349-2","Sale","04/30/2026 3:40 PM",1,1,"1xCasquinha ","7",0,0,0,"7","6","Efectivo","","Lucas",""
"15350-2","Sale","04/30/2026 3:43 PM",1,3,"3xChurros de chocolate ","30",0,0,0,"30","6","Tarjeta Débito","","Lucas",""
"15351-2","Sale","04/30/2026 3:58 PM",2,2,"1xCasquinha , 1xCascão ","16",0,0,0,"16","13.8","Tarjeta Crédito","","Lucas",""
"15352-2","Sale","04/30/2026 4:00 PM",1,3,"3xCopo 150ml","21",0,0,0,"21","3","Tarjeta Débito","","Lucas",""
"15353-2","Sale","04/30/2026 4:02 PM",1,1,"1xCopo 150ml","7",0,0,0,"7","1","Efectivo","","Lucas",""
"15354-2","Sale","04/30/2026 4:03 PM",1,2,"2xChurros doce de leite ","20",0,0,0,"20","4","Efectivo","","Lucas",""
"15355-2","Sale","04/30/2026 4:14 PM",2,2,"1xCasquinha , 1xMilkshake 400ml","21",0,0,0,"21","7","Pix","","Lucas",""
"15356-2","Sale","04/30/2026 4:25 PM",2,3,"2xCombo 3, 1xCascão ","39",0,0,0,"39","9.8","Efectivo","","Lucas",""
"15357-2","Sale","04/30/2026 4:28 PM",1,2,"2xCasquinha ","14",0,0,0,"14","12","Efectivo","","Lucas",""
"15358-2","Sale","04/30/2026 4:29 PM",1,1,"1xCasquinha ","7",0,0,0,"7","6","Tarjeta Débito","","Lucas",""
"15359-2","Sale","04/30/2026 4:40 PM",1,1,"1xCascão ","9",0,0,0,"9","7.8","Tarjeta Débito","","Lucas",""
"15360-2","Sale","04/30/2026 4:42 PM",1,1,"1xCascão ","9",0,0,0,"9","7.8","Pix","","Lucas",""
"15361-2","Sale","04/30/2026 4:42 PM",1,1,"1xCasquinha ","7",0,0,0,"7","6","Tarjeta Débito","","Lucas",""
"15362-2","Sale","04/30/2026 5:18 PM",2,2,"1xRefri 310ml, 1xÁgua com gás ","11.5",0,0,0,"11.5","4.3","Tarjeta Crédito","","Lucas",""
"15363-2","Sale","04/30/2026 5:22 PM",1,2,"2xChurros doce de leite ","20",0,0,0,"20","4","Tarjeta Débito","","Lucas",""
"15364-2","Sale","04/30/2026 5:27 PM",1,2,"2xRefri 310ml","14",0,0,0,"14","2","Pix","","Lucas",""
"15365-2","Sale","04/30/2026 5:32 PM",1,1,"1xCasquinha ","7",0,0,0,"7","6","Tarjeta Débito","","Lucas",""
"15366-2","Sale","04/30/2026 5:33 PM",1,1,"1xRefri 310ml","7",0,0,0,"7","1","Efectivo","","Lucas",""
"15367-2","Sale","04/30/2026 5:40 PM",2,3,"2xCrepe suíço doce, 1xCrepe suíço salgado ","32",0,0,0,"32","8","Efectivo","","Lucas",""
"15368-2","Sale","04/30/2026 5:51 PM",1,2,"2xMilkshake 300ml","22",0,0,0,"22","2","Pix","","Lucas",""
"15369-2","Sale","04/30/2026 5:53 PM",1,2,"2xCrepe suíço salgado ","20",0,0,0,"20","4","Efectivo","","Lucas",""
"15370-2","Sale","04/30/2026 6:06 PM",1,1,"1xChurros de chocolate ","10",0,0,0,"10","2","Tarjeta Débito","","Lucas",""
"15371-2","Sale","04/30/2026 6:14 PM",1,1,"1xCopo 150ml","7",0,0,0,"7","1","Efectivo","","Lucas",""
"15372-2","Sale","04/30/2026 6:17 PM",1,2,"2xMilkshake 500ml","32",0,0,0,"32",0,"Tarjeta Débito","","Lucas",""
"15373-2","Sale","04/30/2026 6:19 PM",1,1,"1xChurros de chocolate ","10",0,0,0,"10","2","Tarjeta Débito","","Lucas",""
"15374-2","Sale","04/30/2026 6:34 PM",1,1,"1xCopo 150ml","7",0,0,0,"7","1","Tarjeta Crédito","","Lucas",""
"15375-2","Sale","05/01/2026 12:29 PM",1,1,"1xCopo 150ml","7",0,0,0,"7","1","Efectivo","","Lucas",""
"15376-2","Sale","05/01/2026 1:23 PM",1,1,"1xCasquinha ","7",0,0,0,"7","6","Pix","","Lucas",""
"15377-2","Sale","05/01/2026 1:31 PM",2,2,"1xCasquinha , 1xÁgua com gás ","11.5",0,0,0,"11.5","9.3","Efectivo","","Lucas",""
"15378-2","Sale","05/01/2026 1:39 PM",2,2,"1xCasquinha , 1xCrepe suíço salgado ","17",0,0,0,"17","8","Efectivo","","Lucas",""
"15379-2","Sale","05/01/2026 2:01 PM",1,3,"3xMilkshake 300ml","33",0,0,0,"33","3","Efectivo","","Lucas",""
"15380-2","Sale","05/01/2026 2:07 PM",2,3,"1xMilkshake 400ml, 2xMilkshake 300ml","36",0,0,0,"36","3","Tarjeta Débito","","Lucas",""
"15381-2","Sale","05/01/2026 2:09 PM",1,2,"2xCasquinha ","14",0,0,0,"14","12","Tarjeta Débito","","Lucas",""
"15382-2","Sale","05/01/2026 2:13 PM",3,3,"1xMilkshake 500ml, 1xMilkshake 400ml, 1xÁgua sem gás ","34",0,0,0,"34","1","Efectivo","","Lucas",""
"15383-2","Sale","05/01/2026 2:13 PM",1,1,"1xCasquinha ","7",0,0,0,"7","6","Tarjeta Débito","","Lucas",""
"15384-2","Sale","05/01/2026 2:14 PM",1,2,"2xCasquinha ","14",0,0,0,"14","12","Tarjeta Débito","","Lucas",""
"15385-2","Sale","05/01/2026 2:16 PM",1,1,"1xCopo 150ml","7",0,0,0,"7","1","Tarjeta Crédito","","Lucas",""
"15386-2","Sale","05/01/2026 2:18 PM",1,1,"1xMilkshake 300ml","11",0,0,0,"11","1","Tarjeta Débito","","Lucas",""
"15387-2","Sale","05/01/2026 2:38 PM",4,5,"1xChurros de chocolate , 2xCrepe suíço salgado , 1xCascão , 1xMilkshake 400ml","53",0,0,0,"53","14.8","Tarjeta Débito","","Lucas",""
"15388-2","Sale","05/01/2026 2:39 PM",1,1,"1xÁgua sem gás ","4",0,0,0,"4",0,"Efectivo","","Lucas",""
"15389-2","Sale","05/01/2026 2:42 PM",1,2,"2xRefri 310ml","14",4,0,0,"10","-2","Pix","","Lucas",""
"15390-2","Sale","05/01/2026 2:46 PM",2,2,"1xChurros de chocolate , 1xChurros doce de leite ","20",0,0,0,"20","4","Efectivo","","Lucas",""
"15391-2","Sale","05/01/2026 2:54 PM",3,3,"1xCasquinha , 1xÁgua sem gás , 1xCascão ","20",0,0,0,"20","13.8","Efectivo","","Lucas",""
"15392-2","Sale","05/01/2026 3:34 PM",2,3,"2xMilkshake 300ml, 1xCasquinha ","29",0,0,0,"29","8","Tarjeta Crédito","","Lucas",""
"15393-2","Sale","05/01/2026 3:35 PM",1,1,"1xCascão ","9",0,0,0,"9","7.8","Efectivo","","Lucas",""
"15394-2","Sale","05/01/2026 3:39 PM",1,1,"1xCascão ","9",0,0,0,"9","7.8","Tarjeta Crédito","","Lucas",""
"15395-2","Sale","05/01/2026 4:02 PM",2,3,"1xCasquinha , 2xCascão ","25",0,0,0,"25","21.6","Tarjeta Débito","","Lucas",""
"15396-2","Sale","05/01/2026 4:06 PM",1,1,"1xChurros de chocolate ","10",0,0,0,"10","2","Efectivo","","Lucas",""
"15397-2","Sale","05/01/2026 4:07 PM",1,1,"1xCasquinha ","7",0,0,0,"7","6","Efectivo","","Lucas",""
"15398-2","Sale","05/01/2026 4:10 PM",1,1,"1xMilkshake 500ml","16",0,0,0,"16",0,"Tarjeta Débito","","Lucas",""
"15399-2","Sale","05/01/2026 4:14 PM",1,2,"2xCasquinha ","14",0,0,0,"14","12","Pix","","Lucas",""
"15400-2","Sale","05/01/2026 4:18 PM",2,4,"1xCascão , 3xCrepe suíço doce","42",0,0,0,"42","16.8","Pix","","Lucas",""
"15401-2","Sale","05/01/2026 4:21 PM",1,1,"1xCasquinha ","7",0,0,0,"7","6","Tarjeta Débito","","Lucas",""
"15402-2","Sale","05/01/2026 4:27 PM",1,1,"1xMilkshake 500ml","16",0,0,0,"16",0,"Efectivo","","Lucas",""
"15403-2","Sale","05/01/2026 4:31 PM",2,3,"2xMilkshake 300ml, 1xCasquinha ","29",0,0,0,"29","8","Pix","","Lucas",""
"15404-2","Sale","05/01/2026 4:31 PM",1,1,"1xÁgua sem gás ","4",0,0,0,"4",0,"Efectivo","","Lucas",""
"15405-2","Sale","05/01/2026 4:33 PM",2,2,"1xMilkshake 500ml, 1xCasquinha ","23",0,0,0,"23","6","Tarjeta Débito","","Lucas",""
"15406-2","Sale","05/01/2026 4:37 PM",1,2,"2xMilkshake 400ml","28",0,0,0,"28","2","Tarjeta Débito","","Lucas",""
"15407-2","Sale","05/01/2026 4:48 PM",2,3,"2xMilkshake 500ml, 1xMilkshake 400ml","46",0,0,0,"46","1","Tarjeta Débito","","Lucas",""
"15408-2","Sale","05/01/2026 4:52 PM",2,3,"2xCasquinha , 1xMilkshake 300ml","25",0,0,0,"25","13","Efectivo","","Lucas",""
"15409-2","Sale","05/01/2026 4:52 PM",1,1,"1xRefri 310ml","7",0,0,0,"7","1","Tarjeta Débito","","Lucas",""
"15410-2","Sale","05/01/2026 4:53 PM",2,2,"1xChurros de chocolate , 1xChurros doce de leite ","20",0,0,0,"20","4","Efectivo","","Lucas",""
"15411-2","Sale","05/01/2026 4:57 PM",1,1,"1xCascão ","9",0,0,0,"9","7.8","Pix","","Lucas",""
"15412-2","Sale","05/01/2026 5:07 PM",1,1,"1xCascão ","9",0,0,0,"9","7.8","Tarjeta Crédito","","Lucas",""
"15413-2","Sale","05/01/2026 5:08 PM",1,1,"1xRefri 310ml","7",0,0,0,"7","1","Tarjeta Débito","","Lucas",""
"15414-2","Sale","05/01/2026 5:09 PM",1,1,"1xÁgua com gás ","4.5",0,0,0,"4.5","3.3","Efectivo","","Lucas",""
"15415-2","Sale","05/01/2026 5:09 PM",4,4,"1xChurros de chocolate , 1xChurros doce de leite , 1xCasquinha , 1xÁgua sem gás ","31",0,0,0,"31","10","Pix","","Lucas",""
"15416-2","Sale","05/01/2026 5:20 PM",3,4,"1xChurros doce de leite , 1xCopo 150ml, 2xCasquinha ","31",0,0,0,"31","15","Efectivo","","Lucas",""
"15417-2","Sale","05/01/2026 5:24 PM",1,2,"2xMilkshake 400ml","28",0,0,0,"28","2","Pix","","Lucas",""
"15418-2","Sale","05/01/2026 5:28 PM",3,3,"1xCasquinha , 1xCascão , 1xChurros doce de leite ","26",0,0,0,"26","15.8","Tarjeta Débito","","Lucas",""
"15419-2","Sale","05/01/2026 5:49 PM",1,1,"1xChurros doce de leite ","10",0,0,0,"10","2","Efectivo","","Lucas",""
"15420-2","Sale","05/01/2026 5:54 PM",1,1,"1xCasquinha ","7",0,0,0,"7","6","Efectivo","","Lucas",""
"15421-2","Sale","05/01/2026 5:56 PM",1,2,"2xChurros doce de leite ","20",0,0,0,"20","4","Tarjeta Crédito","","Lucas",""
"15422-2","Sale","05/01/2026 5:59 PM",1,2,"2xMilkshake 300ml","22",0,0,0,"22","2","Tarjeta Crédito","","Lucas",""
"15423-2","Sale","05/01/2026 6:04 PM",1,1,"1xChurros doce de leite ","10",0,0,0,"10","2","Efectivo","","Lucas",""
"15424-2","Sale","05/01/2026 6:10 PM",1,1,"1xMilkshake 300ml","11",0,0,0,"11","1","Efectivo","","Lucas",""
"15425-2","Sale","05/01/2026 6:19 PM",1,1,"1xMilkshake 300ml","11",0,0,0,"11","1","Tarjeta Crédito","","Lucas",""
"15426-2","Sale","05/01/2026 6:42 PM",1,1,"1xCasquinha ","7",0,0,0,"7","6","Efectivo","","Lucas",""
"15427-2","Sale","05/02/2026 10:43 AM",1,1,"1xChurros de chocolate ","10",0,0,0,"10","2","Efectivo","","Lucas",""
"15428-2","Sale","05/02/2026 10:45 AM",2,2,"1xCrepe suíço salgado , 1xChurros doce de leite ","20",0,0,0,"20","4","Pix","","Lucas",""
"15429-2","Sale","05/02/2026 2:23 PM",1,2,"2xÁgua com gás ","9",0,0,0,"9","6.6","Pix","","Lucas",""
"15430-2","Sale","05/02/2026 2:25 PM",1,3,"3xCasquinha ","21",0,0,0,"21","18","Efectivo","","Lucas",""
"15431-2","Sale","05/02/2026 2:27 PM",1,2,"2xCascão ","18",0,0,0,"18","15.6","Pix","","Lucas",""
"15432-2","Sale","05/02/2026 2:31 PM",1,1,"1xCascão ","9",0,0,0,"9","7.8","Tarjeta Débito","","Lucas",""
"15433-2","Sale","05/02/2026 2:36 PM",2,2,"1xMilkshake 500ml, 1xCopo 200ml","25",0,0,0,"25","1","Tarjeta Crédito","","Lucas",""
"15434-2","Sale","05/02/2026 3:02 PM",1,2,"2xCopo 250ml","22",0,0,0,"22","2","Tarjeta Crédito","","Lucas",""
"15435-2","Sale","05/02/2026 3:45 PM",2,3,"2xCasquinha , 1xMilkshake 300ml","25",0,0,0,"25","13","Tarjeta Crédito","","Lucas",""
"15436-2","Sale","05/02/2026 3:58 PM",1,1,"1xCasquinha ","7",0,0,0,"7","6","Tarjeta Débito","","Lucas",""
"15437-2","Sale","05/03/2026 2:55 PM",1,1,"1xMilkshake 500ml","16",0,0,0,"16",0,"Tarjeta Débito","","Lucas",""
"15438-2","Sale","05/03/2026 3:07 PM",1,1,"1xCasquinha ","7",0,0,0,"7","6","Tarjeta Crédito","","Lucas",""
"15439-2","Sale","05/03/2026 3:12 PM",1,1,"1xCopo 200ml","9",0,0,0,"9","1","Pix","","Lucas",""
"15440-2","Sale","05/03/2026 3:22 PM",1,1,"1xCascão ","9",0,0,0,"9","7.8","Efectivo","","Lucas",""
"15441-2","Sale","05/03/2026 3:23 PM",1,2,"2xCasquinha ","14",0,0,0,"14","12","Tarjeta Crédito","","Lucas",""
"15444-2","Sale","05/03/2026 3:34 PM",2,2,"1xMilkshake 500ml, 1xMilkshake 300ml","27",0,0,0,"27","1","Tarjeta Débito","","Lucas",""
"15445-2","Sale","05/03/2026 3:36 PM",1,2,"2xChurros doce de leite ","20",0,0,0,"20","4","Otros","","Lucas",""
"15446-2","Sale","05/03/2026 3:37 PM",1,1,"1xMilkshake 300ml","11",0,0,0,"11","1","Tarjeta Crédito","","Lucas",""
"15447-2","Sale","05/03/2026 3:39 PM",1,1,"1xCombo 1","15",0,0,0,"15","1","Otros","","Lucas",""
"15448-2","Sale","05/03/2026 3:43 PM",1,1,"1xMilkshake 300ml","11",0,0,0,"11","1","Tarjeta Débito","","Lucas",""
"15449-2","Sale","05/03/2026 3:47 PM",2,3,"2xChurros de chocolate , 1xMilkshake 400ml","34",0,0,0,"34","5","Tarjeta Crédito","","Lucas",""
"15450-2","Sale","05/03/2026 3:49 PM",2,2,"1xMilkshake 300ml, 1xCasquinha ","18",0,0,0,"18","7","Efectivo","","Lucas",""
"15451-2","Sale","05/03/2026 3:50 PM",1,1,"1xCrepe suíço salgado ","10",0,0,0,"10","2","Efectivo","","Lucas",""
"15453-2","Sale","05/03/2026 4:02 PM",1,1,"1xCopo 150ml","7",0,0,0,"7","1","Tarjeta Débito","","Lucas",""
"15454-2","Sale","05/03/2026 4:02 PM",1,1,"1xChurros doce de leite ","10",0,0,0,"10","2","Pix","","Lucas",""
"15455-2","Sale","05/03/2026 4:11 PM",1,2,"2xCrepe suíço salgado ","20",0,0,0,"20","4","Pix","","Lucas",""
"15456-2","Sale","05/03/2026 4:27 PM",1,2,"2xCopo 200ml","18",0,0,0,"18","2","Tarjeta Débito","","Lucas",""
"15457-2","Sale","05/03/2026 4:32 PM",1,2,"2xCasquinha ","14",0,0,0,"14","12","Tarjeta Crédito","","Lucas",""
"15458-2","Sale","05/03/2026 4:36 PM",2,3,"1xCopo 150ml, 2xCasquinha ","21",0,0,0,"21","13","Tarjeta Débito","","Lucas",""
"15459-2","Sale","05/03/2026 4:37 PM",1,1,"1xCasquinha ","7",0,0,0,"7","6","Tarjeta Débito","","Lucas",""
"15460-2","Sale","05/03/2026 4:41 PM",1,2,"2xCasquinha ","14",0,0,0,"14","12","Tarjeta Débito","","Lucas",""
"15461-2","Sale","05/03/2026 4:49 PM",1,2,"2xCasquinha ","14",0,0,0,"14","12","Pix","","Lucas",""
"15462-2","Sale","05/03/2026 5:11 PM",2,3,"1xChurros de chocolate , 2xChurros doce de leite ","30",0,0,0,"30","6","Tarjeta Crédito","","Lucas",""
"15463-2","Sale","05/03/2026 5:21 PM",2,2,"1xChurros doce de leite , 1xChurros de chocolate ","20",0,0,0,"20","4","Pix","","Lucas",""
"15464-2","Sale","05/03/2026 5:21 PM",1,2,"2xChurros de chocolate ","20",0,0,0,"20","4","Tarjeta Crédito","","Lucas",""
"15465-2","Sale","05/03/2026 5:35 PM",2,2,"1xChurros de chocolate , 1xMilkshake 300ml","21",0,0,0,"21","3","Pix","","Lucas",""
"15466-2","Sale","05/03/2026 5:36 PM",1,2,"2xMilkshake 400ml","28",0,0,0,"28","2","Tarjeta Crédito","","Lucas",""
"15467-2","Sale","05/03/2026 5:46 PM",3,5,"1xMilkshake 400ml, 2xChurros doce de leite , 2xCascão ","52",0,0,0,"52","20.6","Tarjeta Débito","","Lucas",""
"15468-2","Sale","05/03/2026 5:46 PM",1,2,"2xChurros doce de leite ","20",0,0,0,"20","4","Tarjeta Crédito","","Lucas",""
"15469-2","Sale","05/03/2026 6:01 PM",2,2,"1xCrepe suíço salgado , 1xCasquinha ","17",0,0,0,"17","8","Efectivo","","Lucas",""
"15470-2","Sale","05/03/2026 6:06 PM",1,1,"1xCascão ","9",0,0,0,"9","7.8","Efectivo","","Lucas",""
"15471-2","Sale","05/03/2026 6:13 PM",1,1,"1xCascão ","9",0,0,0,"9","7.8","Efectivo","","Lucas",""
"15472-2","Sale","05/03/2026 6:35 PM",1,1,"1xCasquinha ","7",0,0,0,"7","6","Efectivo","","Lucas",""
"15443-2","Sale","05/03/2026 3:30 PM",1,1,"1xMilkshake 400ml","14",0,0,0,"14","1","Pix","","Lucas",""
"15442-2","Sale","05/03/2026 3:28 PM",2,3,"2xCascão , 1xCasquinha ","25",0,0,0,"25","21.6","Efectivo","","Lucas",""
"15473-2","Sale","05/04/2026 2:04 PM",1,1,"1xÁgua com gás ","4.5",0,0,0,"4.5","3.3","Efectivo","","Lucas",""
"15474-2","Sale","05/04/2026 2:11 PM",1,1,"1xCasquinha ","7",0,0,0,"7","6","Tarjeta Crédito","","Lucas",""
"15475-2","Sale","05/04/2026 2:12 PM",1,1,"1xCasquinha ","7",0,0,0,"7","6","Tarjeta Débito","","Lucas",""
"15476-2","Sale","05/04/2026 2:14 PM",1,2,"2xÁgua sem gás ","8",0,0,0,"8",0,"Tarjeta Débito","","Lucas",""
"15477-2","Sale","05/04/2026 2:28 PM",1,1,"1xCasquinha ","7",0,0,0,"7","6","Tarjeta Crédito","","Lucas",""
"15478-2","Sale","05/04/2026 2:53 PM",1,1,"1xCasquinha ","7",0,0,0,"7","6","Efectivo","","Lucas",""
"15479-2","Sale","05/04/2026 2:54 PM",1,1,"1xRefri 310ml","7",0,0,0,"7","1","Efectivo","","Lucas",""
"15480-2","Sale","05/04/2026 3:01 PM",1,1,"1xCascão ","9",0,0,0,"9","7.8","Efectivo","","Lucas",""
"15481-2","Sale","05/04/2026 3:17 PM",1,1,"1xMilkshake 400ml","14",0,0,0,"14","1","Tarjeta Crédito","","Lucas",""
"15482-2","Sale","05/04/2026 3:25 PM",1,1,"1xMilkshake 500ml","16",0,0,0,"16",0,"Efectivo","","Lucas",""
"15483-2","Sale","05/04/2026 3:27 PM",1,2,"2xCascão ","18",0,0,0,"18","15.6","Tarjeta Débito","","Lucas",""
"15484-2","Sale","05/04/2026 3:49 PM",2,2,"1xChurros doce de leite , 1xChurros de chocolate ","20",0,0,0,"20","4","Pix","","Lucas",""
"15485-2","Sale","05/04/2026 3:59 PM",1,1,"1xCasquinha ","7",0,0,0,"7","6","Tarjeta Débito","","Lucas",""
"15486-2","Sale","05/04/2026 4:04 PM",2,3,"1xMilkshake 400ml, 2xCasquinha ","28",0,0,0,"28","13","Tarjeta Débito","","Lucas",""
"15487-2","Sale","05/04/2026 4:06 PM",1,2,"2xCopo 250ml","22",0,0,0,"22","2","Tarjeta Crédito","","Lucas",""
"15488-2","Sale","05/04/2026 4:08 PM",1,2,"2xCasquinha ","14",0,0,0,"14","12","Tarjeta Crédito","","Lucas",""
"15489-2","Sale","05/04/2026 4:09 PM",1,2,"2xCasquinha ","14",0,0,0,"14","12","Tarjeta Débito","","Lucas",""
"15490-2","Sale","05/04/2026 4:11 PM",1,1,"1xÁgua sem gás ","4",0,0,0,"4",0,"Pix","","Lucas",""
"15491-2","Sale","05/04/2026 4:16 PM",1,1,"1xChurros doce de leite ","10",0,0,0,"10","2","Pix","","Lucas",""
"15492-2","Sale","05/04/2026 4:23 PM",1,1,"1xCascão ","9",0,0,0,"9","7.8","Tarjeta Débito","","Lucas",""
"15493-2","Sale","05/04/2026 4:25 PM",1,1,"1xÁgua com gás ","4.5",0,0,0,"4.5","3.3","Tarjeta Débito","","Lucas",""
"15494-2","Sale","05/04/2026 4:31 PM",3,4,"1xRefri 310ml, 1xChurros de chocolate , 2xMilkshake 300ml","39",0,0,0,"39","5","Pix","","Lucas",""
"15495-2","Sale","05/04/2026 4:34 PM",1,1,"1xCascão ","9",0,0,0,"9","7.8","Efectivo","","Lucas",""
"15496-2","Sale","05/04/2026 4:36 PM",2,3,"1xCopo 200ml, 2xCascão ","27",0,0,0,"27","16.6","Efectivo","","Lucas",""
"15497-2","Sale","05/04/2026 4:55 PM",2,2,"1xCrepe suíço salgado , 1xCombo 3","25",0,0,0,"25","3","Tarjeta Crédito","","Lucas",""
"15498-2","Sale","05/04/2026 5:01 PM",1,1,"1xCascão ","9",0,0,0,"9","7.8","Tarjeta Débito","","Lucas",""
"15499-2","Sale","05/04/2026 5:09 PM",1,1,"1xRefri 310ml","7",0,0,0,"7","1","Efectivo","","Lucas",""
"15500-2","Sale","05/04/2026 5:11 PM",1,1,"1xCasquinha ","7",0,0,0,"7","6","Pix","","Lucas",""
"15501-2","Sale","05/04/2026 5:43 PM",3,4,"1xChurros de chocolate , 2xChurros doce de leite , 1xCasquinha ","37",0,0,0,"37","12","Efectivo","","Lucas",""
"15502-2","Sale","05/04/2026 5:53 PM",1,1,"1xCasquinha ","7",0,0,0,"7","6","Tarjeta Crédito","","Lucas",""
"15503-2","Sale","05/04/2026 6:02 PM",1,1,"1xRefri 310ml","7",0,0,0,"7","1","Efectivo","","Lucas",""
"15504-2","Sale","05/04/2026 6:06 PM",1,1,"1xCombo 1","15",0,0,0,"15","1","Otros","","Lucas",""
"15505-2","Sale","05/04/2026 6:17 PM",1,2,"2xCascão ","18",0,0,0,"18","15.6","Efectivo","","Lucas",""
"15506-2","Sale","05/04/2026 6:23 PM",1,2,"2xCascão ","18",0,0,0,"18","15.6","Pix","","Lucas",""
"15507-2","Sale","05/04/2026 6:26 PM",1,1,"1xCascão ","9",0,0,0,"9","7.8","Pix","","Lucas",""
"15508-2","Sale","05/04/2026 6:34 PM",1,1,"1xCombo 1","15",0,0,0,"15","1","Otros","","Lucas",""
"15509-2","Sale","05/04/2026 6:45 PM",2,2,"1xCrepe suíço doce, 1xÁgua sem gás ","15",0,0,0,"15","3","Efectivo","","Lucas",""
"15511-2","Sale","05/05/2026 1:35 PM",1,1,"1xÁgua sem gás ","4",0,0,0,"4",0,"Efectivo","","Lucas",""
"15512-2","Sale","05/05/2026 2:09 PM",1,1,"1xCascão ","9",0,0,0,"9","7.8","Efectivo","","Lucas",""
"15513-2","Sale","05/05/2026 2:11 PM",1,1,"1xCasquinha ","7",0,0,0,"7","6","Efectivo","","Lucas",""
"15514-2","Sale","05/05/2026 2:19 PM",3,5,"1xMilkshake 400ml, 2xCasquinha , 2xCascão ","46",0,0,0,"46","28.6","Efectivo, Tarjeta Crédito","","Lucas",""
"15515-2","Sale","05/05/2026 2:20 PM",1,1,"1xCascão ","9",0,0,0,"9","7.8","Efectivo","","Lucas",""
"15516-2","Sale","05/05/2026 2:21 PM",1,1,"1xCopo 250ml","11",0,0,0,"11","1","Tarjeta Débito","","Lucas",""
"15517-2","Sale","05/05/2026 2:50 PM",1,1,"1xCombo 1","15",0,0,0,"15","1","Tarjeta Crédito","","Lucas",""
"15518-2","Sale","05/05/2026 2:58 PM",1,1,"1xChurros de chocolate ","10",0,0,0,"10","2","Tarjeta Débito","","Lucas",""
"15519-2","Sale","05/05/2026 3:01 PM",1,2,"2xCascão ","18",0,0,0,"18","15.6","Pix","","Lucas",""
"15520-2","Sale","05/05/2026 3:08 PM",1,1,"1xCopo 200ml","9",0,0,0,"9","1","Pix","","Lucas",""
"15521-2","Sale","05/05/2026 3:11 PM",1,1,"1xCopo 200ml","9",0,0,0,"9","1","Efectivo","","Lucas",""
"15522-2","Sale","05/05/2026 3:15 PM",2,2,"1xÁgua sem gás , 1xCopo 150ml","11",0,0,0,"11","1","Tarjeta Débito","","Lucas",""
"15523-2","Sale","05/05/2026 3:16 PM",1,1,"1xCascão ","9",0,0,0,"9","7.8","Efectivo","","Lucas",""
"15524-2","Sale","05/05/2026 4:03 PM",2,2,"1xÁgua sem gás , 1xCasquinha ","11",0,0,0,"11","6","Tarjeta Crédito","","Lucas",""
"15525-2","Sale","05/05/2026 4:14 PM",1,1,"1xCasquinha ","7",0,0,0,"7","6","Efectivo","","Lucas",""
"15526-2","Sale","05/05/2026 4:15 PM",1,2,"2xCascão ","18",0,0,0,"18","15.6","Pix","","Lucas",""
"15527-2","Sale","05/05/2026 4:19 PM",1,1,"1xCascão ","9",0,0,0,"9","7.8","Efectivo","","Lucas",""
"15528-2","Sale","05/05/2026 5:00 PM",1,1,"1xCopo 250ml","11",0,0,0,"11","1","Tarjeta Débito","","Lucas",""
"15529-2","Sale","05/05/2026 5:25 PM",1,1,"1xCopo 150ml","7",0,0,0,"7","1","Tarjeta Débito","","Lucas",""
"15530-2","Sale","05/05/2026 5:42 PM",1,1,"1xCrepe suíço salgado ","10",0,0,0,"10","2","Tarjeta Crédito","","Lucas",""
"15531-2","Sale","05/05/2026 5:55 PM",1,1,"1xMilkshake 300ml","11",0,0,0,"11","1","Tarjeta Débito","","Lucas",""
"15532-2","Sale","05/05/2026 6:02 PM",1,2,"2xCrepe suíço salgado ","20",0,0,0,"20","4","Tarjeta Débito","","Lucas",""
"15533-2","Sale","05/05/2026 6:02 PM",1,1,"1xChurros de chocolate ","10",0,0,0,"10","2","Tarjeta Débito","","Lucas",""
"15534-2","Sale","05/05/2026 6:04 PM",1,1,"1xChurros doce de leite ","10",0,0,0,"10","2","Pix","","Lucas",""
"15535-2","Sale","05/05/2026 6:10 PM",1,1,"1xCrepe suíço doce","11",0,0,0,"11","3","Otros","","Lucas",""
"15536-2","Sale","05/05/2026 6:15 PM",1,3,"3xChurros doce de leite ","30",0,0,0,"30","6","Efectivo","","Lucas",""
"15537-2","Sale","05/05/2026 6:27 PM",1,2,"2xCopo 250ml","22",0,0,0,"22","2","Tarjeta Débito","","Lucas",""
"15538-2","Sale","05/05/2026 6:44 PM",1,2,"2xCasquinha ","14",0,0,0,"14","12","Tarjeta Débito","","Lucas",""
"15540-2","Sale","05/06/2026 1:58 PM",1,1,"1xCascão ","9",0,0,0,"9","7.8","Efectivo","","Lucas",""
"15541-2","Sale","05/06/2026 2:03 PM",1,1,"1xCasquinha ","7",0,0,0,"7","6","Pix","","Lucas",""
"15542-2","Sale","05/06/2026 2:04 PM",1,1,"1xCasquinha ","7",0,0,0,"7","6","Pix","","Lucas",""
"15543-2","Sale","05/06/2026 2:05 PM",1,2,"2xÁgua sem gás ","8",0,0,0,"8",0,"Tarjeta Crédito","","Lucas",""
"15544-2","Sale","05/06/2026 2:08 PM",2,2,"1xCascão , 1xCasquinha ","16",0,0,0,"16","13.8","Efectivo","","Lucas",""
"15545-2","Sale","05/06/2026 2:10 PM",2,2,"1xCopo 150ml, 1xCasquinha ","14",0,0,0,"14","7","Efectivo","","Lucas",""
"15546-2","Sale","05/06/2026 2:11 PM",1,1,"1xÁgua sem gás ","4",0,0,0,"4",0,"Tarjeta Débito","","Lucas",""
"15547-2","Sale","05/06/2026 2:23 PM",1,1,"1xCasquinha ","7",0,0,0,"7","6","Tarjeta Débito","","Lucas",""
"15548-2","Sale","05/06/2026 2:46 PM",1,1,"1xCrepe suíço salgado ","10",0,0,0,"10","2","Efectivo","","Lucas",""
"15549-2","Sale","05/06/2026 2:53 PM",1,2,"2xCopo 150ml","14",0,0,0,"14","2","Efectivo","","Lucas",""
"15550-2","Sale","05/06/2026 3:14 PM",1,2,"2xCasquinha ","14",0,0,0,"14","12","Efectivo","","Lucas",""
"15551-2","Sale","05/06/2026 3:14 PM",1,1,"1xÁgua sem gás ","4",0,0,0,"4",0,"Tarjeta Débito","","Lucas",""
"15552-2","Sale","05/06/2026 3:26 PM",1,1,"1xCasquinha ","7",0,0,0,"7","6","Efectivo","","Lucas",""
"15553-2","Sale","05/06/2026 3:30 PM",1,2,"2xCascão ","18",0,0,0,"18","15.6","Tarjeta Crédito","","Lucas",""
"15554-2","Sale","05/06/2026 3:33 PM",2,2,"1xCopo 150ml, 1xCopo 250ml","18",0,0,0,"18","2","Tarjeta Débito","","Lucas",""
"15555-2","Sale","05/06/2026 3:34 PM",2,2,"1xCopo 200ml, 1xCopo 150ml","16",0,0,0,"16","2","Tarjeta Crédito","","Lucas",""
"15556-2","Sale","05/06/2026 3:47 PM",1,1,"1xCopo 150ml","7",0,0,0,"7","1","Tarjeta Débito","","Lucas",""
"15557-2","Sale","05/06/2026 4:03 PM",1,2,"2xMilkshake 500ml","32",0,0,0,"32",0,"Otros","","Lucas",""
"15558-2","Sale","05/06/2026 4:04 PM",1,1,"1xRefri 310ml","7",0,0,0,"7","1","Efectivo","","Lucas",""
"15559-2","Sale","05/06/2026 4:12 PM",1,1,"1xCascão ","9",0,0,0,"9","7.8","Tarjeta Crédito","","Lucas",""
"15560-2","Sale","05/06/2026 4:17 PM",1,1,"1xCasquinha ","7",0,0,0,"7","6","Efectivo","","Lucas",""
"15561-2","Sale","05/06/2026 4:28 PM",1,1,"1xCascão ","9",0,0,0,"9","7.8","Pix","","Lucas",""
"15562-2","Sale","05/06/2026 4:30 PM",1,1,"1xMilkshake 300ml","11",0,0,0,"11","1","Efectivo","","Lucas",""
"15563-2","Sale","05/06/2026 4:39 PM",1,1,"1xCombo 1","15",0,0,0,"15","1","Otros","","Lucas",""
"15564-2","Sale","05/06/2026 4:43 PM",1,1,"1xMilkshake 400ml","14",0,0,0,"14","1","Pix","","Lucas",""
"15565-2","Sale","05/06/2026 5:06 PM",1,2,"2xCascão ","18",0,0,0,"18","15.6","Tarjeta Débito","","Lucas",""
"15566-2","Sale","05/06/2026 5:34 PM",2,3,"2xCrepe suíço salgado , 1xÁgua sem gás ","24",0,0,0,"24","4","Efectivo","","Lucas",""
"15567-2","Sale","05/06/2026 5:52 PM",1,1,"1xMilkshake 300ml","11",0,0,0,"11","1","Efectivo","","Lucas",""
"15568-2","Sale","05/06/2026 6:00 PM",2,2,"1xChurros de chocolate , 1xMilkshake 300ml","21",1,0,0,"20","2","Efectivo","","Lucas",""
"15569-2","Sale","05/06/2026 6:17 PM",1,1,"1xCasquinha ","7",0,0,0,"7","6","Pix","","Lucas",""
"15539-2","Sale","05/06/2026 1:45 PM",2,2,"1xÁgua sem gás , 1xMilkshake 300ml","15",0,0,0,"15","1","Efectivo","","Lucas",""
"15570-2","Sale","05/07/2026 2:03 PM",1,3,"3xMilkshake 500ml","48",0,0,0,"48",0,"Pix","","Lucas",""
"15571-2","Sale","05/07/2026 2:16 PM",1,1,"1xMilkshake 400ml","14",0,0,0,"14","1","Efectivo","","Lucas",""
"15572-2","Sale","05/07/2026 2:16 PM",1,1,"1xÁgua sem gás ","4",0,0,0,"4",0,"Efectivo","","Lucas",""
"15573-2","Sale","05/07/2026 2:18 PM",2,3,"2xCrepe suíço salgado , 1xCopo 250ml","31",0,0,0,"31","5","Efectivo","","Lucas",""
"15574-2","Sale","05/07/2026 2:23 PM",1,1,"1xCasquinha ","7",0,0,0,"7","6","Efectivo","","Lucas",""
"15575-2","Sale","05/07/2026 2:26 PM",1,1,"1xCasquinha ","7",0,0,0,"7","6","Tarjeta Crédito","","Lucas",""
"15576-2","Sale","05/07/2026 2:31 PM",1,1,"1xMilkshake 500ml","16",6,0,0,"10",0,"Efectivo","","Lucas",""
"15577-2","Sale","05/07/2026 2:39 PM",1,1,"1xÁgua com gás ","4.5",0,0,0,"4.5","3.3","Tarjeta Crédito","","Lucas",""
"15578-2","Sale","05/07/2026 2:50 PM",1,1,"1xCascão ","9",0,0,0,"9","7.8","Efectivo","","Lucas",""
"15579-2","Sale","05/07/2026 3:05 PM",1,1,"1xCasquinha ","7",0,0,0,"7","6","Efectivo","","Lucas",""
"15580-2","Sale","05/07/2026 3:07 PM",1,3,"3xCasquinha ","21",0,0,0,"21","18","Efectivo","","Lucas",""
"15581-2","Sale","05/07/2026 3:17 PM",1,1,"1xMilkshake 300ml","11",0,0,0,"11","1","Efectivo","","Lucas",""
"15582-2","Sale","05/07/2026 3:19 PM",1,1,"1xMilkshake 500ml","16",0,0,0,"16",0,"Efectivo","","Lucas",""
"15583-2","Sale","05/07/2026 3:19 PM",1,1,"1xCasquinha ","7",0,0,0,"7","6","Efectivo","","Lucas",""
"15584-2","Sale","05/07/2026 3:20 PM",1,2,"2xCasquinha ","14",0,0,0,"14","12","Pix","","Lucas",""
"15585-2","Sale","05/07/2026 3:22 PM",1,1,"1xCasquinha ","7",0,0,0,"7","6","Efectivo","","Lucas",""
"15586-2","Sale","05/07/2026 3:24 PM",2,2,"1xCasquinha , 1xÁgua com gás ","11.5",0,0,0,"11.5","9.3","Efectivo","","Lucas",""
"15587-2","Sale","05/07/2026 3:35 PM",2,3,"2xCasquinha , 1xÁgua sem gás ","18",0,0,0,"18","12","Efectivo","","Lucas",""
"15588-2","Sale","05/07/2026 3:36 PM",1,3,"3xChurros de chocolate ","30",0,0,0,"30","6","Tarjeta Débito","","Lucas",""
"15589-2","Sale","05/07/2026 4:06 PM",1,1,"1xCasquinha ","7",0,0,0,"7","6","Tarjeta Crédito","","Lucas",""
"15590-2","Sale","05/07/2026 4:07 PM",1,2,"2xCascão ","18",0,0,0,"18","15.6","Pix","","Lucas",""
"15591-2","Sale","05/07/2026 4:09 PM",1,1,"1xCasquinha ","7",0,0,0,"7","6","Efectivo","","Lucas",""
"15592-2","Sale","05/07/2026 4:14 PM",2,2,"1xMilkshake 300ml, 1xRefri 310ml","18",0,0,0,"18","2","Pix","","Lucas",""
"15593-2","Sale","05/07/2026 4:16 PM",2,2,"1xCasquinha , 1xCascão ","16",0,0,0,"16","13.8","Efectivo","","Lucas",""
"15594-2","Sale","05/07/2026 4:17 PM",1,1,"1xCasquinha ","7",0,0,0,"7","6","Tarjeta Débito","","Lucas",""
"15595-2","Sale","05/07/2026 4:28 PM",1,1,"1xMilkshake 300ml","11",0,0,0,"11","1","Efectivo","","Lucas",""
"15596-2","Sale","05/07/2026 4:29 PM",1,1,"1xMilkshake 500ml","16",0,0,0,"16",0,"Pix","","Lucas",""
"15597-2","Sale","05/07/2026 4:30 PM",1,1,"1xCasquinha ","7",0,0,0,"7","6","Efectivo","","Lucas",""
"15598-2","Sale","05/07/2026 4:33 PM",1,1,"1xMilkshake 500ml","16",0,0,0,"16",0,"Pix","","Lucas",""
"15599-2","Sale","05/07/2026 4:38 PM",1,2,"2xÁgua sem gás ","8",0,0,0,"8",0,"Efectivo","","Lucas",""
"15600-2","Sale","05/07/2026 4:39 PM",1,1,"1xCasquinha ","7",0,0,0,"7","6","Efectivo","","Lucas",""
"15601-2","Sale","05/07/2026 4:43 PM",1,1,"1xChurros doce de leite ","10",0,0,0,"10","2","Pix","","Lucas",""
"15602-2","Sale","05/07/2026 4:44 PM",1,2,"2xCasquinha ","14",0,0,0,"14","12","Tarjeta Débito","","Lucas",""
"15603-2","Sale","05/07/2026 4:50 PM",1,1,"1xChurros doce de leite ","10",0,0,0,"10","2","Efectivo","","Lucas",""
"15604-2","Sale","05/07/2026 4:52 PM",1,1,"1xMilkshake 300ml","11",0,0,0,"11","1","Efectivo","","Lucas",""
"15605-2","Sale","05/07/2026 4:53 PM",1,1,"1xCascão ","9",0,0,0,"9","7.8","Efectivo","","Lucas",""
"15606-2","Sale","05/07/2026 4:55 PM",1,1,"1xMilkshake 400ml","14",0,0,0,"14","1","Tarjeta Débito","","Lucas",""
"15607-2","Sale","05/07/2026 4:57 PM",1,1,"1xRefri 310ml","7",0,0,0,"7","1","Efectivo","","Lucas",""
"15608-2","Sale","05/07/2026 4:59 PM",1,2,"2xCopo 150ml","14",0,0,0,"14","2","Efectivo","","Lucas",""
"15609-2","Sale","05/07/2026 5:03 PM",2,2,"1xCrepe suíço doce, 1xCrepe suíço salgado ","21",0,0,0,"21","5","Tarjeta Débito","","Lucas",""
"15610-2","Sale","05/07/2026 5:03 PM",1,1,"1xCrepe suíço doce","11",0,0,0,"11","3","Tarjeta Crédito","","Lucas",""
"15611-2","Sale","05/07/2026 5:51 PM",1,1,"1xMilkshake 500ml","16",0,0,0,"16",0,"Pix","","Lucas",""
"15612-2","Sale","05/07/2026 6:04 PM",2,2,"1xCrepe suíço doce, 1xCombo 1","26",0,0,0,"26","4","Otros","","Lucas",""
"15613-2","Sale","05/07/2026 6:06 PM",1,1,"1xChurros doce de leite ","10",0,0,0,"10","2","Efectivo","","Lucas",""
"15614-2","Sale","05/07/2026 6:14 PM",1,1,"1xMilkshake 400ml","14",0,0,0,"14","1","Pix","","Lucas",""
"15615-2","Sale","05/07/2026 6:15 PM",2,2,"1xChurros de chocolate , 1xChurros doce de leite ","20",0,0,0,"20","4","Efectivo","","Lucas",""
"15616-2","Sale","05/07/2026 6:16 PM",2,2,"1xChurros doce de leite , 1xCrepe suíço salgado ","20",0,0,0,"20","4","Pix","","Lucas",""
"15617-2","Sale","05/07/2026 6:31 PM",2,2,"1xMilkshake 300ml, 1xChurros doce de leite ","21",0,0,0,"21","3","Efectivo","","Lucas",""
"15618-2","Sale","05/07/2026 6:35 PM",2,3,"2xCopo 150ml, 1xCascão ","23",0,0,0,"23","9.8","Efectivo","","Lucas",""
"15619-2","Sale","05/07/2026 6:49 PM",1,2,"2xCopo 150ml","14",0,0,0,"14","2","Efectivo","","Lucas",""
"15620-2","Sale","05/07/2026 6:57 PM",1,1,"1xCasquinha ","7",0,0,0,"7","6","Pix","","Lucas",""
"15621-2","Sale","05/09/2026 11:56 AM",1,1,"1xChurros doce de leite ","10",0,0,0,"10","2","Tarjeta Débito","","Lucas",""
"15622-2","Sale","05/09/2026 1:08 PM",1,2,"2xCasquinha ","14",0,0,0,"14","12","Efectivo","","Lucas",""
"15623-2","Sale","05/09/2026 1:15 PM",1,1,"1xChurros doce de leite ","10",0,0,0,"10","2","Tarjeta Crédito","","Lucas",""
"15624-2","Sale","05/09/2026 1:24 PM",2,2,"1xChurros de chocolate , 1xChurros doce de leite ","20",0,0,0,"20","4","Pix","","Lucas",""
"15625-2","Sale","05/09/2026 1:52 PM",1,1,"1xChurros de chocolate ","10",0,0,0,"10","2","Pix","","Lucas",""
"15626-2","Sale","05/09/2026 2:00 PM",2,2,"1xChurros doce de leite , 1xCrepe suíço salgado ","20",0,0,0,"20","4","Efectivo","","Lucas",""
"15627-2","Sale","05/09/2026 2:25 PM",1,2,"2xCrepe suíço doce","22",0,0,0,"22","6","Pix","","Lucas",""
"15628-2","Sale","05/09/2026 2:43 PM",1,1,"1xChocolate quente 180ml","8",0,0,0,"8","3","Efectivo","","Lucas",""
"15629-2","Sale","05/09/2026 2:43 PM",1,1,"1xÁgua com gás ","4.5",0,0,0,"4.5","3.3","Efectivo","","Lucas",""
"15630-2","Sale","05/09/2026 3:10 PM",2,5,"2xChurros doce de leite , 3xMilkshake 300ml","53",0,0,0,"53","7","Tarjeta Débito","","Lucas",""
"15631-2","Sale","05/09/2026 3:43 PM",1,1,"1xCrepe suíço salgado ","10",0,0,0,"10","2","Tarjeta Crédito","","Lucas",""
"15632-2","Sale","05/09/2026 4:03 PM",2,3,"2xChurros doce de leite , 1xÁgua sem gás ","24",0,0,0,"24","4","Tarjeta Crédito","","Lucas",""
"15633-2","Sale","05/09/2026 4:13 PM",1,1,"1xChurros doce de leite ","10",0,0,0,"10","2","Pix","","Lucas",""
"15634-2","Sale","05/09/2026 4:51 PM",2,2,"1xChurros doce de leite , 1xChocolate quente 180ml","18",0,0,0,"18","5","Efectivo","","Lucas",""
"15635-1","Sale","05/09/2026 8:09 PM",1,4,"4xCasquinha ","28",6,0,0,"22","18","Cash","","Lucas",""
"15636-1","Sale","05/10/2026 3:36 PM",2,2,"1xCasquinha , 1xCascão ","16",0,0,0,"16","13.8","Cash","","Lucas",""
"15637-1","Sale","05/10/2026 3:37 PM",1,1,"1xChurros de chocolate ","10",0,0,0,"10","2","Pix","","Lucas",""
"15638-1","Sale","05/10/2026 3:41 PM",2,2,"1xCrepe suíço salgado , 1xCombo 1","25",0,0,0,"25","3","Cash","","Lucas",""
"15639-1","Sale","05/10/2026 3:44 PM",1,2,"2xChurros de chocolate ","20",0,0,0,"20","4","Debit Card","","Lucas",""
"15640-1","Sale","05/10/2026 3:54 PM",1,2,"2xCrepe suíço salgado ","20",0,0,0,"20","4","Cash","","Lucas",""
"15641-1","Sale","05/10/2026 3:54 PM",1,1,"1xÁgua sem gás ","4",0,0,0,"4",0,"Cash","","Lucas",""
"15642-1","Sale","05/10/2026 3:58 PM",1,1,"1xMilkshake 300ml","11",0,0,0,"11","1","Debit Card","","Lucas",""
"15643-1","Sale","05/10/2026 4:01 PM",1,1,"1xMilkshake 300ml","11",0,0,0,"11","1","Pix","","Lucas",""
"15644-1","Sale","05/10/2026 4:03 PM",2,2,"1xMilkshake 300ml, 1xCopo 250ml","22",0,0,0,"22","2","Pix","","Lucas",""
"15645-1","Sale","05/10/2026 4:06 PM",1,1,"1xCasquinha ","7",0,0,0,"7","6","Credit Card","","Lucas",""
"15646-1","Sale","05/10/2026 4:18 PM",1,1,"1xChurros doce de leite ","10",0,0,0,"10","2","Pix","","Lucas",""
"15647-1","Sale","05/10/2026 4:34 PM",2,2,"1xCrepe suíço doce, 1xCasquinha ","18",0,0,0,"18","9","Pix","","Lucas",""
"15648-1","Sale","05/10/2026 5:11 PM",1,1,"1xCasquinha ","7",0,0,0,"7","6","Pix","","Lucas",""
"15649-1","Sale","05/10/2026 5:18 PM",1,1,"1xÁgua sem gás ","4",0,0,0,"4",0,"Cash","","Lucas",""
"15650-1","Sale","05/10/2026 5:25 PM",1,2,"2xCopo 150ml","14",0,0,0,"14","2","Debit Card","","Lucas",""
"15651-1","Sale","05/10/2026 5:34 PM",2,2,"1xCrepe suíço doce, 1xChocolate quente 180ml","21",0,0,0,"21","8","Pix","","Lucas",""
"15652-1","Sale","05/10/2026 5:46 PM",1,1,"1xCascão ","9",0,0,0,"9","7.8","Pix","","Lucas",""
"15653-1","Sale","05/10/2026 5:47 PM",1,1,"1xCascão ","9",0,0,0,"9","7.8","Pix","","Lucas",""
"15654-1","Sale","05/10/2026 5:50 PM",2,2,"1xCasquinha , 1xCopo 150ml","14",0,0,0,"14","7","Cash","","Lucas",""
"15655-1","Sale","05/10/2026 6:03 PM",1,1,"1xChocolate quente 180ml","10",0,0,0,"10","5","Pix","","Lucas",""
"15656-1","Sale","05/10/2026 6:22 PM",3,7,"1xCafe com Leite 180ml, 2xChocolate quente 180ml, 4xCrepe suíço salgado ","67",0,0,0,"67","18","Credit Card","","Lucas",""
"15657-2","Sale","05/11/2026 2:05 PM",2,2,"1xChurros doce de leite , 1xCasquinha ","17",0,0,0,"17","8","Pix","","Lucas",""
"15658-2","Sale","05/11/2026 2:08 PM",1,1,"1xÁgua com gás ","4.5",0,0,0,"4.5","3.3","Tarjeta Débito","","Lucas",""
"15659-2","Sale","05/11/2026 2:13 PM",2,2,"1xCrepe suíço doce, 1xCombo 2","27",12,0,0,"15","-8","Efectivo","","Lucas",""
"15660-2","Sale","05/11/2026 2:26 PM",1,1,"1xChurros doce de leite ","10",0,0,0,"10","2","Pix","","Lucas",""
"15661-2","Sale","05/11/2026 2:42 PM",1,2,"2xÁgua sem gás ","8",0,0,0,"8",0,"Efectivo","","Lucas",""
"15662-2","Sale","05/11/2026 3:02 PM",1,1,"1xMilkshake 300ml","11",0,0,0,"11","1","Pix","","Lucas",""
"15663-2","Sale","05/11/2026 3:15 PM",1,1,"1xCrepe suíço doce","11",0,0,0,"11","3","Efectivo","","Lucas",""
"15664-2","Sale","05/11/2026 3:24 PM",1,1,"1xRefri 310ml","7",0,0,0,"7","1","Pix","","Lucas",""
"15665-2","Sale","05/11/2026 3:35 PM",1,1,"1xChurros de chocolate ","10",0,0,0,"10","2","Efectivo","","Lucas",""
"15666-2","Sale","05/11/2026 3:37 PM",1,1,"1xChurros doce de leite ","10",0,0,0,"10","2","Pix","","Lucas",""
"15667-2","Sale","05/11/2026 3:38 PM",2,2,"1xCrepe suíço doce, 1xChocolate quente 180ml","21",0,0,0,"21","8","Tarjeta Débito","","Lucas",""
"15668-2","Sale","05/11/2026 3:49 PM",1,1,"1xRefri 310ml","7",0,0,0,"7","1","Pix","","Lucas",""
"15669-2","Sale","05/11/2026 3:54 PM",1,1,"1xCrepe suíço doce","11",0,0,0,"11","3","Tarjeta Crédito","","Lucas",""
"15670-2","Sale","05/11/2026 4:20 PM",1,1,"1xMilkshake 300ml","11",0,0,0,"11","1","Pix","","Lucas",""
"15671-2","Sale","05/11/2026 4:29 PM",1,1,"1xChurros de chocolate ","10",0,0,0,"10","2","Efectivo","","Lucas",""
"15672-2","Sale","05/11/2026 4:30 PM",1,1,"1xÁgua sem gás ","4",0,0,0,"4",0,"Efectivo","","Lucas",""
"15673-2","Sale","05/11/2026 4:33 PM",1,3,"3xChurros de chocolate ","30",0,0,0,"30","6","Pix","","Lucas",""
"15674-2","Sale","05/11/2026 4:37 PM",1,1,"1xRefri 310ml","7",0,0,0,"7","1","Tarjeta Débito","","Lucas",""
"15675-2","Sale","05/11/2026 4:43 PM",1,1,"1xCrepe suíço doce","11",0,0,0,"11","3","Pix","","Lucas",""
"15676-2","Sale","05/11/2026 4:47 PM",1,4,"4xRefri 310ml","28",0,0,0,"28","4","Pix","","Lucas",""
"15677-2","Sale","05/11/2026 4:56 PM",1,1,"1xChurros de chocolate ","10",0,0,0,"10","2","Pix","","Lucas",""
"15678-2","Sale","05/11/2026 5:10 PM",2,2,"1xCrepe suíço salgado , 1xChocolate quente 180ml","20",0,0,0,"20","7","Otros","","Lucas",""
"15679-2","Sale","05/11/2026 5:11 PM",1,1,"1xChurros de chocolate ","10",0,0,0,"10","2","Efectivo","","Lucas",""
"15680-2","Sale","05/11/2026 5:17 PM",1,1,"1xChurros doce de leite ","10",0,0,0,"10","2","Efectivo","","Lucas",""
"15681-2","Sale","05/11/2026 5:19 PM",1,1,"1xCopo 200ml","9",0,0,0,"9","1","Efectivo","","Lucas",""
"15682-2","Sale","05/11/2026 5:33 PM",1,1,"1xMilkshake 300ml","11",0,0,0,"11","1","Tarjeta Débito","","Lucas",""
"15683-2","Sale","05/11/2026 5:38 PM",2,2,"1xChurros doce de leite , 1xCascão ","19",0,0,0,"19","9.8","Efectivo","","Lucas",""
"15684-2","Sale","05/11/2026 6:01 PM",1,1,"1xCombo 1","15",0,0,0,"15","1","Pix","","Lucas",""
"15685-2","Sale","05/11/2026 6:05 PM",2,2,"1xCafe com Leite 180ml, 1xChocolate quente 180ml","17",0,0,0,"17","5","Tarjeta Débito","","Lucas",""
"15686-2","Sale","05/11/2026 6:15 PM",1,1,"1xChurros doce de leite ","10",0,0,0,"10","2","Pix","","Lucas",""
"15687-2","Sale","05/11/2026 6:42 PM",1,2,"2xCrepe suíço salgado ","20",0,0,0,"20","4","Pix","","Lucas",""
"15688-2","Sale","05/11/2026 6:43 PM",2,2,"1xChurros de chocolate , 1xChurros doce de leite ","20",0,0,0,"20","4","Pix","","Lucas",""
"15689-2","Sale","05/11/2026 6:51 PM",2,4,"3xCrepe suíço salgado , 1xChurros de chocolate ","40",0,0,0,"40","8","Efectivo","","Lucas",""
"15690-2","Sale","05/11/2026 6:59 PM",1,1,"1xCopo 200ml","9",0,0,0,"9","1","Tarjeta Crédito","","Lucas",""
"15691-2","Sale","05/11/2026 7:04 PM",1,1,"1xÁgua sem gás ","4",0,0,0,"4",0,"Efectivo","","Lucas",""
"15692-2","Sale","05/11/2026 7:04 PM",2,5,"1xChurros de chocolate , 4xChurros doce de leite ","50",0,0,0,"50","10","Efectivo","","Lucas",""
"15693-2","Sale","05/12/2026 2:09 PM",3,3,"1xCrepe suíço doce, 1xCombo 1, 1xCopo 200ml","35",15,0,0,"20","-10","Efectivo","","Lucas",""
"15694-2","Sale","05/12/2026 2:24 PM",1,1,"1xÁgua sem gás ","4",0,0,0,"4",0,"Tarjeta Débito","","Lucas",""
"15695-2","Sale","05/12/2026 2:40 PM",1,2,"2xCasquinha ","14",0,0,0,"14","12","Efectivo","","Lucas",""
"15696-2","Sale","05/12/2026 2:57 PM",1,1,"1xRefri 310ml","7",0,0,0,"7","1","Pix","","Lucas",""
"15697-2","Sale","05/12/2026 3:05 PM",1,1,"1xCrepe suíço doce","11",0,0,0,"11","3","Pix","","Lucas",""
"15698-2","Sale","05/12/2026 3:14 PM",1,1,"1xÁgua com gás ","4.5",0,0,0,"4.5","3.3","Tarjeta Débito","","Lucas",""
"15699-2","Sale","05/12/2026 3:24 PM",3,4,"2xCombo 1, 1xCrepe suíço doce, 1xChurros de chocolate ","51",0,0,0,"51","7","Pix","","Lucas",""
"15700-2","Sale","05/12/2026 3:44 PM",2,2,"1xCascão , 1xCasquinha ","16",0,0,0,"16","13.8","Tarjeta Débito","","Lucas",""
"15701-2","Sale","05/12/2026 3:45 PM",1,1,"1xCascão ","9",0,0,0,"9","7.8","Efectivo","","Lucas",""
"15702-2","Sale","05/12/2026 3:51 PM",2,2,"1xCopo 150ml, 1xÁgua sem gás ","11",0,0,0,"11","1","Tarjeta Débito","","Lucas",""
"15703-2","Sale","05/12/2026 3:51 PM",1,1,"1xChurros de chocolate ","10",0,0,0,"10","2","Tarjeta Débito","","Lucas",""
"15704-2","Sale","05/12/2026 3:52 PM",1,1,"1xChurros doce de leite ","10",0,0,0,"10","2","Otros","","Lucas",""
"15705-2","Sale","05/12/2026 4:07 PM",1,1,"1xCopo 250ml","11",0,0,0,"11","1","Tarjeta Débito","","Lucas",""
"15706-2","Sale","05/12/2026 4:13 PM",4,5,"1xChurros de chocolate , 1xCrepe suíço salgado , 2xCasquinha , 1xCascão ","43",0,0,0,"43","23.8","Tarjeta Crédito","","Lucas",""
"15707-2","Sale","05/12/2026 4:22 PM",1,1,"1xÁgua sem gás ","4",0,0,0,"4",0,"Efectivo","","Lucas",""
"15708-2","Sale","05/12/2026 4:22 PM",1,2,"2xChurros doce de leite ","20",0,0,0,"20","4","Tarjeta Débito","","Lucas",""
"15709-2","Sale","05/12/2026 4:24 PM",1,1,"1xChurros de chocolate ","10",0,0,0,"10","2","Efectivo","","Lucas",""
"15710-2","Sale","05/12/2026 4:29 PM",1,1,"1xRefri 310ml","7",0,0,0,"7","1","Pix","","Lucas",""
"15711-2","Sale","05/12/2026 4:33 PM",3,3,"1xMilkshake 300ml, 1xCrepe suíço salgado , 1xChurros doce de leite ","31",0,0,0,"31","5","Tarjeta Crédito","","Lucas",""
"15712-2","Sale","05/12/2026 4:42 PM",1,1,"1xCopo 200ml","9",0,0,0,"9","1","Tarjeta Débito","","Lucas",""
"15713-2","Sale","05/12/2026 4:51 PM",1,1,"1xCrepe suíço salgado ","10",0,0,0,"10","2","Efectivo","","Lucas",""
"15714-2","Sale","05/12/2026 4:51 PM",1,1,"1xMilkshake 300ml","11",0,0,0,"11","1","Pix","","Lucas",""
"15715-2","Sale","05/12/2026 4:54 PM",2,3,"2xCopo 150ml, 1xÁgua sem gás ","18",0,0,0,"18","2","Efectivo","","Lucas",""
"15716-2","Sale","05/12/2026 4:58 PM",1,2,"2xCasquinha ","14",0,0,0,"14","12","Efectivo","","Lucas",""
"15717-2","Sale","05/12/2026 4:58 PM",1,1,"1xCrepe suíço salgado ","10",0,0,0,"10","2","Efectivo","","Lucas",""
"15718-2","Sale","05/12/2026 5:03 PM",1,2,"2xMilkshake 500ml","32",0,0,0,"32",0,"Tarjeta Débito","","Lucas",""
"15719-2","Sale","05/12/2026 5:05 PM",1,1,"1xChocolate quente 180ml","10",5,0,0,"5",0,"Efectivo","","Lucas",""
"15720-2","Sale","05/12/2026 5:06 PM",1,1,"1xÁgua sem gás ","4",0,0,0,"4",0,"Efectivo","","Lucas",""
"15721-2","Sale","05/12/2026 5:06 PM",1,1,"1xChocolate quente 180ml","10",0,0,0,"10","5","Pix","","Lucas",""
"15722-2","Sale","05/12/2026 5:20 PM",1,1,"1xCombo 3","15",0,0,0,"15","1","Pix","","Lucas",""
"15723-2","Sale","05/12/2026 5:20 PM",2,2,"1xCrepe suíço salgado , 1xCrepe suíço doce","21",0,0,0,"21","5","Efectivo","","Lucas",""
"15724-2","Sale","05/12/2026 5:29 PM",1,1,"1xÁgua sem gás ","4",0,0,0,"4",0,"Efectivo","","Lucas",""
"15725-2","Sale","05/12/2026 5:44 PM",1,1,"1xChurros de chocolate ","10",0,0,0,"10","2","Efectivo","","Lucas",""
"15726-2","Sale","05/12/2026 5:54 PM",2,2,"1xChurros de chocolate , 1xChurros doce de leite ","20",0,0,0,"20","4","Pix, Efectivo","","Lucas",""
"15727-2","Sale","05/12/2026 5:58 PM",2,2,"1xCrepe suíço doce, 1xCrepe suíço salgado ","21",0,0,0,"21","5","Efectivo","","Lucas",""
"15728-2","Sale","05/12/2026 6:05 PM",1,1,"1xRefri 310ml","7",0,0,0,"7","1","Tarjeta Débito","","Lucas",""
"15729-2","Sale","05/12/2026 6:06 PM",1,1,"1xCasquinha ","7",0,0,0,"7","6","Pix","","Lucas",""
"15730-2","Sale","05/13/2026 2:02 PM",1,1,"1xMilkshake 300ml","11",0,0,0,"11","1","Tarjeta Crédito","","Lucas",""
"15731-2","Sale","05/13/2026 2:33 PM",1,1,"1xChurros de chocolate ","10",0,0,0,"10","2","Efectivo","","Lucas",""
"15732-2","Sale","05/13/2026 2:37 PM",1,1,"1xRefri 310ml","7",0,0,0,"7","1","Pix","","Lucas",""
"15733-2","Sale","05/13/2026 2:48 PM",1,1,"1xCasquinha ","7",0,0,0,"7","6","Efectivo","","Lucas",""
"15734-2","Sale","05/13/2026 2:53 PM",2,3,"1xCasquinha , 2xMilkshake 300ml","29",0,0,0,"29","8","Efectivo","","Lucas",""
"15735-2","Sale","05/13/2026 2:54 PM",1,1,"1xChurros de chocolate ","10",0,0,0,"10","2","Tarjeta Débito","","Lucas",""
"15736-2","Sale","05/13/2026 2:57 PM",1,1,"1xÁgua com gás ","4.5",0,0,0,"4.5","3.3","Tarjeta Débito","","Lucas",""
"15737-2","Sale","05/13/2026 2:57 PM",1,1,"1xMilkshake 300ml","11",0,0,0,"11","1","Efectivo","","Lucas",""
"15738-2","Sale","05/13/2026 2:58 PM",1,1,"1xCasquinha ","7",0,0,0,"7","6","Tarjeta Débito","","Lucas",""
"15739-2","Sale","05/13/2026 3:00 PM",2,2,"1xMilkshake 300ml, 1xÁgua sem gás ","15",0,0,0,"15","1","Efectivo","","Lucas",""
"15740-2","Sale","05/13/2026 3:09 PM",1,2,"2xRefri 310ml","14",0,0,0,"14","2","Efectivo","","Lucas",""
"15741-2","Sale","05/13/2026 3:23 PM",2,2,"1xMilkshake 500ml, 1xMilkshake 400ml","30",0,0,0,"30","1","Tarjeta Débito","","Lucas",""
"15742-2","Sale","05/13/2026 3:28 PM",2,2,"1xChurros doce de leite , 1xÁgua sem gás ","14",0,0,0,"14","2","Tarjeta Débito","","Lucas",""
"15743-2","Sale","05/13/2026 3:41 PM",2,2,"1xCopo 150ml, 1xCasquinha ","14",0,0,0,"14","7","Efectivo","","Lucas",""
"15744-2","Sale","05/13/2026 3:41 PM",2,2,"1xÁgua sem gás , 1xÁgua com gás ","8.5",0,0,0,"8.5","3.3","Tarjeta Débito","","Lucas",""
"15745-2","Sale","05/13/2026 3:45 PM",1,2,"2xChocolate quente 180ml","20",10,0,0,"10",0,"Efectivo","","Lucas",""
"15746-2","Sale","05/13/2026 3:47 PM",2,2,"1xChurros de chocolate , 1xChurros doce de leite ","20",0,0,0,"20","4","Efectivo","","Lucas",""
"15747-2","Sale","05/13/2026 3:53 PM",1,1,"1xCasquinha ","7",0,0,0,"7","6","Efectivo","","Lucas",""
"15748-2","Sale","05/13/2026 3:55 PM",1,1,"1xCrepe suíço salgado ","10",5,0,0,"5","-3","Efectivo","","Lucas",""
"15749-2","Sale","05/13/2026 4:01 PM",3,3,"1xÁgua sem gás , 1xÁgua com gás , 1xMilkshake 300ml","19.5",0,0,0,"19.5","4.3","Tarjeta Débito","","Lucas",""
"15750-2","Sale","05/13/2026 4:03 PM",1,1,"1xÁgua com gás ","4.5",0,0,0,"4.5","3.3","Tarjeta Débito","","Lucas",""
"15751-2","Sale","05/13/2026 4:10 PM",1,1,"1xMilkshake 500ml","16",0,0,0,"16",0,"Tarjeta Crédito","","Lucas",""
"15752-2","Sale","05/13/2026 4:12 PM",1,1,"1xCasquinha ","7",0,0,0,"7","6","Tarjeta Crédito","","Lucas",""
"15753-2","Sale","05/13/2026 4:15 PM",1,1,"1xMilkshake 300ml","11",0,0,0,"11","1","Efectivo","","Lucas",""
"15754-2","Sale","05/13/2026 4:36 PM",1,1,"1xCasquinha ","7",0,0,0,"7","6","Efectivo","","Lucas",""
"15755-2","Sale","05/13/2026 4:47 PM",1,1,"1xCombo 1","15",0,0,0,"15","1","Otros","","Lucas",""
"15756-2","Sale","05/13/2026 4:58 PM",1,1,"1xChurros de chocolate ","10",0,0,0,"10","2","Efectivo","","Lucas",""
"15757-2","Sale","05/13/2026 5:01 PM",1,1,"1xCombo 1","15",0,0,0,"15","1","Pix","","Lucas",""
"15758-2","Sale","05/13/2026 5:09 PM",1,1,"1xCrepe suíço salgado ","10",0,0,0,"10","2","Tarjeta Débito","","Lucas",""
"15759-2","Sale","05/13/2026 5:13 PM",1,1,"1xCascão ","9",0,0,0,"9","7.8","Tarjeta Crédito","","Lucas",""
"15760-2","Sale","05/13/2026 5:15 PM",1,1,"1xMilkshake 400ml","14",0,0,0,"14","1","Tarjeta Débito","","Lucas",""
"15761-2","Sale","05/13/2026 5:25 PM",1,1,"1xCrepe suíço salgado ","10",0,0,0,"10","2","Otros","","Lucas",""
"15762-2","Sale","05/13/2026 5:37 PM",1,1,"1xMilkshake 300ml","11",0,0,0,"11","1","Efectivo","","Lucas",""
"15763-2","Sale","05/13/2026 5:41 PM",1,1,"1xCasquinha ","7",0,0,0,"7","6","Otros","","Lucas",""
"15764-2","Sale","05/13/2026 5:47 PM",1,1,"1xChurros de chocolate ","10",0,0,0,"10","2","Pix","","Lucas",""
"15765-2","Sale","05/13/2026 5:50 PM",1,1,"1xChurros doce de leite ","10",0,0,0,"10","2","Efectivo","","Lucas",""
"15766-2","Sale","05/13/2026 5:52 PM",1,1,"1xMilkshake 300ml","11",0,0,0,"11","1","Pix","","Lucas",""
"15767-2","Sale","05/13/2026 6:03 PM",1,1,"1xCrepe suíço salgado ","10",0,0,0,"10","2","Pix","","Lucas",""
"15768-2","Sale","05/13/2026 6:29 PM",1,1,"1xCrepe suíço salgado ","10",0,0,0,"10","2","Pix","","Lucas",""
"15769-2","Sale","05/14/2026 2:16 PM",1,1,"1xChocolate quente 180ml","10",5,0,0,"5",0,"Efectivo","","Lucas",""
"15770-2","Sale","05/14/2026 2:36 PM",1,1,"1xCrepe suíço salgado ","10",0,0,0,"10","2","Tarjeta Débito","","Lucas",""
"15771-2","Sale","05/14/2026 2:40 PM",1,1,"1xRefri 310ml","7",0,0,0,"7","1","Efectivo","","Lucas",""
"15772-2","Sale","05/14/2026 2:51 PM",1,1,"1xCopo 250ml","11",0,0,0,"11","1","Efectivo","","Lucas",""
"15773-2","Sale","05/14/2026 3:04 PM",1,1,"1xRefri 310ml","7",0,0,0,"7","1","Efectivo","","Lucas",""
"15774-2","Sale","05/14/2026 3:53 PM",2,2,"1xChurros de chocolate , 1xChurros doce de leite ","20",0,0,0,"20","4","Efectivo","","Lucas",""
"15775-2","Sale","05/14/2026 3:59 PM",1,1,"1xCrepe suíço salgado ","10",0,0,0,"10","2","Efectivo","","Lucas",""
"15776-2","Sale","05/14/2026 4:00 PM",1,1,"1xCrepe suíço doce","11",0,0,0,"11","3","Efectivo","","Lucas",""
"15777-2","Sale","05/14/2026 4:17 PM",1,1,"1xCascão ","9",0,0,0,"9","7.8","Efectivo","","Lucas",""
"15778-2","Sale","05/14/2026 4:21 PM",1,1,"1xChurros de chocolate ","10",0,0,0,"10","2","Efectivo","","Lucas",""
"15779-2","Sale","05/14/2026 4:23 PM",1,1,"1xChocolate quente 180ml","10",5,0,0,"5",0,"Efectivo","","Lucas",""
"15780-2","Sale","05/14/2026 4:29 PM",1,1,"1xCasquinha ","7",0,0,0,"7","6","Tarjeta Crédito","","Lucas",""
"15781-2","Sale","05/14/2026 4:35 PM",2,2,"1xChocolate quente 180ml, 1xMilkshake 300ml","21",0,0,0,"21","6","Pix","","Lucas",""
"15782-2","Sale","05/14/2026 4:48 PM",1,1,"1xCasquinha ","7",0,0,0,"7","6","Efectivo","","Lucas",""
"15783-2","Sale","05/14/2026 5:05 PM",1,1,"1xCrepe suíço doce","11",0,0,0,"11","3","Pix","","Lucas",""
"15784-2","Sale","05/14/2026 5:10 PM",1,3,"3xCasquinha ","21",0,0,0,"21","18","Tarjeta Débito","","Lucas",""
"15785-2","Sale","05/14/2026 5:25 PM",3,4,"2xCrepe suíço salgado , 1xChurros de chocolate , 1xChocolate quente 180ml","40",0,0,0,"40","11","Tarjeta Débito","","Lucas",""
"15786-2","Sale","05/14/2026 6:04 PM",2,4,"2xCrepe suíço salgado , 2xCopo 200ml","38",0,0,0,"38","6","Pix","","Lucas",""
"15787-2","Sale","05/14/2026 6:25 PM",2,2,"1xChurros doce de leite , 1xCrepe suíço salgado ","20",0,0,0,"20","4","Tarjeta Crédito","","Lucas",""
"15788-2","Sale","05/14/2026 6:32 PM",1,2,"2xCascão ","18",0,0,0,"18","15.6","Efectivo","","Lucas",""
"15789-2","Sale","05/14/2026 6:34 PM",1,1,"1xMilkshake 300ml","11",0,0,0,"11","1","Pix","","Lucas",""
"15790-2","Sale","05/15/2026 2:55 PM",1,1,"1xMilkshake 400ml","14",0,0,0,"14","1","Efectivo","","Lucas",""
"15791-2","Sale","05/15/2026 3:03 PM",1,1,"1xCasquinha ","7",0,0,0,"7","6","Tarjeta Débito","","Lucas",""
"15792-2","Sale","05/15/2026 3:05 PM",1,1,"1xMilkshake 500ml","16",0,0,0,"16",0,"Efectivo","","Lucas",""
"15793-2","Sale","05/15/2026 3:20 PM",1,1,"1xÁgua sem gás ","4",0,0,0,"4",0,"Pix","","Lucas",""
"15794-2","Sale","05/15/2026 3:38 PM",1,1,"1xMilkshake 300ml","11",0,0,0,"11","1","Efectivo","","Lucas",""
"15795-2","Sale","05/15/2026 4:33 PM",1,1,"1xChurros doce de leite ","10",0,0,0,"10","2","Tarjeta Crédito","","Lucas",""
"15796-2","Sale","05/15/2026 4:53 PM",2,2,"1xCrepe suíço salgado , 1xChocolate quente 180ml","20",0,0,0,"20","7","Efectivo","","Lucas",""
"15797-2","Sale","05/15/2026 5:04 PM",2,2,"1xChurros de chocolate , 1xCafe com Leite 180ml","17",0,0,0,"17","2","Efectivo","","Lucas",""
"15798-2","Sale","05/15/2026 5:14 PM",2,2,"1xChurros de chocolate , 1xCombo 1","25",0,0,0,"25","3","Pix","","Lucas",""
"15799-2","Sale","05/15/2026 5:26 PM",1,1,"1xCrepe suíço doce","11",0,0,0,"11","3","Pix","","Lucas",""
"15800-2","Sale","05/15/2026 5:26 PM",1,1,"1xCombo 2","16",0,0,0,"16","1","Pix","","Lucas",""
"15801-2","Sale","05/15/2026 5:36 PM",1,1,"1xMilkshake 300ml","11",0,0,0,"11","1","Tarjeta Débito","","Lucas",""
"15802-2","Sale","05/15/2026 5:43 PM",1,1,"1xCascão ","9",0,0,0,"9","7.8","Tarjeta Débito","","Lucas",""
"15803-2","Sale","05/15/2026 5:48 PM",1,1,"1xChurros doce de leite ","10",0,0,0,"10","2","Otros","","Lucas",""
"15804-2","Sale","05/15/2026 5:58 PM",3,4,"1xCascão , 2xMilkshake 500ml, 1xCasquinha ","48",3,0,0,"45","12.8","Tarjeta Débito","","Lucas",""
"15805-2","Sale","05/16/2026 10:16 AM",1,1,"1xCopo 200ml","9",0,0,0,"9","1","Tarjeta Débito","","Lucas",""
"15806-2","Sale","05/16/2026 11:17 AM",1,1,"1xÁgua sem gás ","4",0,0,0,"4",0,"Tarjeta Débito","","Lucas",""
"15807-2","Sale","05/16/2026 12:06 PM",1,1,"1xRefri 310ml","7",0,0,0,"7","1","Tarjeta Crédito","","Lucas",""
"15808-2","Sale","05/16/2026 12:09 PM",1,2,"2xCasquinha ","14",0,0,0,"14","12","Tarjeta Débito","","Lucas",""
"15809-2","Sale","05/16/2026 12:44 PM",1,1,"1xCopo 250ml","11",0,0,0,"11","1","Efectivo","","Lucas",""
"15810-2","Sale","05/16/2026 12:49 PM",1,1,"1xCascão ","9",0,0,0,"9","7.8","Pix","","Lucas",""
"15811-2","Sale","05/16/2026 1:17 PM",1,1,"1xRefri 310ml","7",0,0,0,"7","1","Tarjeta Débito","","Lucas",""
"15812-2","Sale","05/16/2026 1:23 PM",1,1,"1xCopo 200ml","9",0,0,0,"9","1","Tarjeta Crédito","","Lucas",""
"15813-2","Sale","05/16/2026 1:27 PM",1,1,"1xMilkshake 300ml","11",0,0,0,"11","1","Tarjeta Débito","","Lucas",""
"15814-2","Sale","05/16/2026 1:29 PM",2,2,"1xCafe com Leite 180ml, 1xChocolate quente 180ml","17",7,0,0,"10","0.88","Efectivo","","Lucas",""
"15815-2","Sale","05/16/2026 1:38 PM",1,1,"1xChocolate quente 180ml","10",5,0,0,"5",0,"Efectivo","","Lucas",""
"15816-2","Sale","05/16/2026 1:44 PM",2,2,"1xChurros de chocolate , 1xChurros doce de leite ","20",0,0,0,"20","4","Tarjeta Débito","","Lucas",""
"15817-2","Sale","05/16/2026 2:20 PM",1,1,"1xCopo 200ml","9",4,0,0,"5","-3","Efectivo","","Lucas",""
"15818-2","Sale","05/16/2026 2:36 PM",2,3,"1xMilkshake 300ml, 2xCasquinha ","25",0,0,0,"25","13","Tarjeta Crédito","","Lucas",""
"15819-2","Sale","05/16/2026 2:54 PM",2,2,"1xMilkshake 300ml, 1xChurros de chocolate ","21",0,0,0,"21","3","Pix","","Lucas",""
"15820-2","Sale","05/16/2026 2:57 PM",1,2,"2xCasquinha ","14",0,0,0,"14","12","Efectivo","","Lucas",""
"15821-2","Sale","05/16/2026 2:58 PM",1,1,"1xCombo 1","15",0,0,0,"15","1","Tarjeta Débito","","Lucas",""
"15822-2","Sale","05/16/2026 3:02 PM",1,2,"2xChurros doce de leite ","20",0,0,0,"20","4","Efectivo","","Lucas",""
"15823-2","Sale","05/16/2026 3:08 PM",1,1,"1xMilkshake 300ml","11",0,0,0,"11","1","Tarjeta Débito","","Lucas",""
"15824-2","Sale","05/16/2026 3:08 PM",1,1,"1xMilkshake 300ml","11",0,0,0,"11","1","Efectivo","","Lucas",""
"15825-2","Sale","05/16/2026 3:13 PM",1,1,"1xMilkshake 300ml","11",0,0,0,"11","1","Efectivo","","Lucas",""
"15826-2","Sale","05/16/2026 3:21 PM",2,4,"2xMilkshake 400ml, 2xCasquinha ","42",0,0,0,"42","14","Efectivo","","Lucas",""
"15827-2","Sale","05/16/2026 3:24 PM",1,1,"1xMilkshake 400ml","14",0,0,0,"14","1","Tarjeta Débito","","Lucas",""
"15828-2","Sale","05/16/2026 3:34 PM",1,1,"1xCasquinha ","7",0,0,0,"7","6","Efectivo","","Lucas",""
"15829-2","Sale","05/16/2026 3:38 PM",2,2,"1xMilkshake 300ml, 1xMilkshake 500ml","27",0,0,0,"27","1","Tarjeta Débito","","Lucas",""
"15830-2","Sale","05/16/2026 3:54 PM",2,2,"1xChurros doce de leite , 1xÁgua sem gás ","14",0,0,0,"14","2","Tarjeta Crédito","","Lucas",""
"15831-2","Sale","05/16/2026 4:17 PM",2,4,"1xCasquinha , 3xMilkshake 300ml","40",0,0,0,"40","9","Tarjeta Crédito","","Lucas",""
"15832-2","Sale","05/16/2026 4:20 PM",3,3,"1xChurros de chocolate , 1xCrepe suíço salgado , 1xMilkshake 400ml","34",0,0,0,"34","5","Tarjeta Crédito","","Lucas",""
"15833-2","Sale","05/16/2026 4:29 PM",1,2,"2xCascão ","18",0,0,0,"18","15.6","Tarjeta Débito","","Lucas",""
"15834-2","Sale","05/16/2026 4:30 PM",1,1,"1xÁgua com gás ","4.5",0,0,0,"4.5","3.3","Efectivo","","Lucas",""
"15835-2","Sale","05/16/2026 4:39 PM",2,4,"3xCasquinha , 1xÁgua com gás ","25.5",0,0,0,"25.5","21.3","Pix","","Lucas",""
"15836-2","Sale","05/16/2026 4:42 PM",1,1,"1xChocolate quente 180ml","10",0,0,0,"10","5","Tarjeta Débito","","Lucas",""
"15837-2","Sale","05/16/2026 4:48 PM",2,3,"1xCopo 150ml, 2xCasquinha ","21",0,0,0,"21","13","Tarjeta Débito","","Lucas",""
"15838-2","Sale","05/16/2026 5:00 PM",1,1,"1xRefri 310ml","7",0,0,0,"7","1","Tarjeta Débito","","Lucas",""
"15839-2","Sale","05/16/2026 5:09 PM",2,4,"2xCrepe suíço salgado , 2xCasquinha ","34",0,0,0,"34","16","Efectivo","","Lucas",""
"15840-2","Sale","05/16/2026 5:17 PM",1,1,"1xCasquinha ","7",0,0,0,"7","6","Efectivo","","Lucas",""
"15841-2","Sale","05/16/2026 5:18 PM",1,1,"1xCascão ","9",0,0,0,"9","7.8","Tarjeta Crédito","","Lucas",""
"15842-2","Sale","05/16/2026 5:20 PM",1,1,"1xCrepe suíço doce","11",0,0,0,"11","3","Efectivo","","Lucas",""
"15843-2","Sale","05/16/2026 5:25 PM",1,2,"2xMilkshake 300ml","22",0,0,0,"22","2","Efectivo","","Lucas",""
"15844-2","Sale","05/16/2026 5:25 PM",1,1,"1xÁgua sem gás ","4",0,0,0,"4",0,"Efectivo","","Lucas",""
"15845-2","Sale","05/16/2026 5:27 PM",1,1,"1xCrepe suíço salgado ","10",0,0,0,"10","2","Tarjeta Débito","","Lucas",""
"15846-2","Sale","05/16/2026 5:36 PM",1,1,"1xCopo 150ml","7",0,0,0,"7","1","Tarjeta Débito","","Lucas",""
"15847-2","Sale","05/16/2026 5:36 PM",3,3,"1xChurros doce de leite , 1xCrepe suíço doce, 1xCrepe suíço salgado ","31",0,0,0,"31","7","Pix","","Lucas",""
"15848-2","Sale","05/16/2026 5:50 PM",1,1,"1xÁgua sem gás ","4",0,0,0,"4",0,"Tarjeta Débito","","Lucas",""
"15849-2","Sale","05/16/2026 6:00 PM",1,2,"2xCrepe suíço salgado ","20",0,0,0,"20","4","Efectivo","","Lucas",""
"15850-2","Sale","05/16/2026 6:12 PM",3,3,"1xCrepe suíço doce, 1xCrepe suíço salgado , 1xChurros de chocolate ","31",0,0,0,"31","7","Pix","","Lucas",""
"15851-2","Sale","05/16/2026 6:14 PM",1,1,"1xCrepe suíço salgado ","10",0,0,0,"10","2","Pix","","Lucas",""
"15852-2","Sale","05/16/2026 6:26 PM",2,2,"1xCombo 1, 1xMilkshake 300ml","26",0,0,0,"26","2","Tarjeta Débito","","Lucas",""
"15853-2","Sale","05/16/2026 6:29 PM",1,2,"2xCascão ","18",0,0,0,"18","15.6","Pix","","Lucas",""
"15854-2","Sale","05/16/2026 6:29 PM",1,1,"1xMilkshake 500ml","16",6,0,0,"10",0,"Pix","","Lucas",""
"15855-2","Sale","05/16/2026 6:42 PM",1,1,"1xCasquinha ","7",0,0,0,"7","6","Tarjeta Crédito","","Lucas",""
"15856-2","Sale","05/18/2026 2:20 PM",1,1,"1xÁgua com gás ","4.5",0,0,0,"4.5","3.3","Efectivo","","Lucas",""
"15857-2","Sale","05/18/2026 2:21 PM",1,1,"1xCasquinha ","7",0,0,0,"7","6","Tarjeta Débito","","Lucas",""
"15858-2","Sale","05/18/2026 2:47 PM",1,1,"1xCasquinha ","7",0,0,0,"7","6","Efectivo","","Lucas",""
"15859-2","Sale","05/18/2026 3:25 PM",1,1,"1xCasquinha ","7",0,0,0,"7","6","Pix","","Lucas",""
"15860-2","Sale","05/18/2026 3:45 PM",1,1,"1xMilkshake 300ml","11",0,0,0,"11","1","Pix","","Lucas",""
"15861-2","Sale","05/18/2026 3:50 PM",2,2,"1xCascão , 1xÁgua sem gás ","13",0,0,0,"13","7.8","Tarjeta Débito","","Lucas",""
"15862-2","Sale","05/18/2026 3:55 PM",2,3,"1xMilkshake 300ml, 2xÁgua sem gás ","19",0,0,0,"19","1","Efectivo","","Lucas",""
"15863-2","Sale","05/18/2026 4:04 PM",1,1,"1xMilkshake 300ml","11",0,0,0,"11","1","Tarjeta Débito","","Lucas",""
"15864-2","Sale","05/18/2026 4:11 PM",1,2,"2xCascão ","18",0,0,0,"18","15.6","Pix","","Lucas",""
"15865-2","Sale","05/18/2026 4:38 PM",1,1,"1xCafe com Leite 180ml","7",2,0,0,"5",0,"Pix","","Lucas",""
"15866-2","Sale","05/18/2026 4:38 PM",2,4,"3xChurros de chocolate , 1xCafe com Leite 180ml","37",0,0,0,"37","6","Pix","","Lucas",""
"15867-2","Sale","05/18/2026 4:49 PM",1,1,"1xCopo 150ml","7",0,0,0,"7","1","Pix","","Lucas",""
"15868-2","Sale","05/18/2026 4:53 PM",1,1,"1xMilkshake 300ml","11",0,0,0,"11","1","Pix","","Lucas",""
"15869-2","Sale","05/18/2026 4:54 PM",2,2,"1xChocolate quente 180ml, 1xCrepe suíço salgado ","20",0,0,0,"20","7","Otros","","Lucas",""
"15870-2","Sale","05/18/2026 5:00 PM",1,1,"1xCasquinha ","7",0,0,0,"7","6","Pix","","Lucas",""
"15871-2","Sale","05/18/2026 5:03 PM",1,1,"1xCrepe suíço doce","11",0,0,0,"11","3","Efectivo","","Lucas",""
"15872-2","Sale","05/18/2026 5:05 PM",1,2,"2xCrepe suíço salgado ","20",0,0,0,"20","4","Tarjeta Débito","","Lucas",""
"15873-2","Sale","05/18/2026 5:06 PM",1,1,"1xÁgua sem gás ","4",0,0,0,"4",0,"Tarjeta Débito","","Lucas",""
"15874-2","Sale","05/18/2026 5:18 PM",1,1,"1xChocolate quente 180ml","10",0,0,0,"10","5","Efectivo","","Lucas",""
"15875-2","Sale","05/18/2026 5:26 PM",1,1,"1xChocolate quente 180ml","10",0,0,0,"10","5","Pix","","Lucas",""
"15876-2","Sale","05/18/2026 5:56 PM",1,1,"1xCombo 1","15",0,0,0,"15","1","Tarjeta Débito","","Lucas",""
"15877-2","Sale","05/18/2026 6:38 PM",1,1,"1xCopo 200ml","9",0,0,0,"9","1","Pix","","Lucas",""
"15878-2","Sale","05/19/2026 2:13 PM",1,1,"1xCascão ","9",0,0,0,"9","7.8","Efectivo","","Lucas",""
"15879-2","Sale","05/19/2026 2:39 PM",1,1,"1xÁgua sem gás ","4",0,0,0,"4",0,"Efectivo","","Lucas",""
"15880-2","Sale","05/19/2026 2:47 PM",2,4,"2xChurros de chocolate , 2xChurros doce de leite ","40",0,0,0,"40","8","Tarjeta Débito","","Lucas",""
"15881-2","Sale","05/19/2026 2:48 PM",1,2,"2xCascão ","18",0,0,0,"18","15.6","Tarjeta Débito","","Lucas",""
"15882-2","Sale","05/19/2026 2:52 PM",3,3,"1xChurros de chocolate , 1xChurros doce de leite , 1xÁgua sem gás ","24",0,0,0,"24","4","Tarjeta Débito","","Lucas",""
"15883-2","Sale","05/19/2026 2:59 PM",1,1,"1xÁgua sem gás ","4",0,0,0,"4",0,"Pix","","Lucas",""
"15884-2","Sale","05/19/2026 3:20 PM",2,2,"1xMilkshake 300ml, 1xCasquinha ","18",0,0,0,"18","7","Tarjeta Débito","","Lucas",""
"15885-2","Sale","05/19/2026 3:23 PM",1,1,"1xMilkshake 400ml","14",0,0,0,"14","1","Efectivo","","Lucas",""
"15886-2","Sale","05/19/2026 3:50 PM",1,1,"1xRefri 310ml","7",0,0,0,"7","1","Efectivo","","Lucas",""
"15887-2","Sale","05/19/2026 4:18 PM",1,1,"1xCasquinha ","7",0,0,0,"7","6","Tarjeta Débito","","Lucas",""
"15888-2","Sale","05/19/2026 4:31 PM",2,2,"1xChurros doce de leite , 1xChurros  + chocolate quente ","28",0,0,0,"28","3","Pix","","Lucas",""
"15890-2","Sale","05/19/2026 4:58 PM",1,1,"1xCombo 1","15",0,0,0,"15","1","Tarjeta Crédito","","Lucas",""
"15891-2","Sale","05/19/2026 5:09 PM",1,1,"1xRefri 310ml","7",0,0,0,"7","1","Tarjeta Débito","","Lucas",""
"15892-2","Sale","05/19/2026 5:34 PM",1,1,"1xMilkshake 300ml","11",0,0,0,"11","1","Pix","","Lucas",""
"15893-2","Sale","05/19/2026 5:50 PM",2,2,"1xCombo 1, 1xCrepe suíço salgado ","25",0,0,0,"25","3","Tarjeta Débito","","Lucas",""
"15894-2","Sale","05/19/2026 5:53 PM",1,1,"1xCascão ","9",0,0,0,"9","7.8","Pix","","Lucas",""
"15895-2","Sale","05/19/2026 6:28 PM",1,1,"1xChurros doce de leite ","10",0,0,0,"10","2","Pix","","Lucas",""
"15896-2","Sale","05/20/2026 4:08 PM",2,3,"2xChurros doce de leite , 1xCrepe suíço doce","31",0,0,0,"31","7","Tarjeta Crédito","","Lucas",""
"15897-2","Sale","05/20/2026 4:20 PM",2,2,"1xÁgua sem gás , 1xÁgua com gás ","8.5",0,0,0,"8.5","3.3","Tarjeta Débito","","Lucas",""
"15898-2","Sale","05/20/2026 4:28 PM",3,5,"1xCrepe suíço doce, 2xChurros de chocolate , 2xCrepe suíço salgado ","51",0,0,0,"51","11","Tarjeta Débito","","Lucas",""
"15899-2","Sale","05/20/2026 4:42 PM",1,1,"1xCrepe suíço salgado ","10",0,0,0,"10","2","Pix","","Lucas",""
"15900-2","Sale","05/20/2026 4:45 PM",1,1,"1xMisto + chocolate quente ","18",0,0,0,"18",0,"Efectivo","","Lucas",""
"15901-2","Sale","05/20/2026 4:52 PM",1,1,"1xChurros de chocolate ","10",0,0,0,"10","2","Tarjeta Débito","","Lucas",""
"15902-2","Sale","05/20/2026 4:56 PM",1,1,"1xCasquinha ","7",0,0,0,"7","6","Efectivo","","Lucas",""
"15903-2","Sale","05/20/2026 5:00 PM",1,1,"1xMilkshake 300ml","11",0,0,0,"11","1","Tarjeta Débito","","Lucas",""
"15904-2","Sale","05/20/2026 5:12 PM",1,2,"2xCasquinha ","14",0,0,0,"14","12","Tarjeta Crédito","","Lucas",""
"15905-2","Sale","05/20/2026 5:16 PM",1,2,"2xCascão ","18",0,0,0,"18","15.6","Tarjeta Débito","","Lucas",""
"15906-2","Sale","05/20/2026 5:16 PM",2,2,"1xChurros doce de leite , 1xCasquinha ","17",0,0,0,"17","8","Tarjeta Débito","","Lucas",""
"15907-2","Sale","05/20/2026 5:35 PM",1,2,"2xMilkshake 300ml","22",0,0,0,"22","2","Pix","","Lucas",""
"15908-2","Sale","05/20/2026 5:50 PM",1,1,"1xMilkshake 300ml","11",0,0,0,"11","1","Pix","","Lucas",""
"15909-2","Sale","05/20/2026 6:14 PM",2,5,"2xCascão , 3xChurros de chocolate ","48",0,0,0,"48","21.6","Otros","","Lucas",""
"15910-2","Sale","05/20/2026 6:18 PM",1,1,"1xChurros de chocolate ","10",0,0,0,"10","2","Tarjeta Débito","","Lucas",""
"15911-2","Sale","05/20/2026 6:42 PM",2,3,"2xChurros doce de leite , 1xChurros de chocolate ","30",0,0,0,"30","6","Tarjeta Crédito","","Lucas",""
"15912-2","Sale","05/20/2026 6:55 PM",1,1,"1xCopo 150ml","7",0,0,0,"7","1","Pix","","Lucas",""
"15913-2","Sale","05/21/2026 1:58 PM",1,1,"1xRefri 310ml","7",2,0,0,"5","-1","Efectivo","","Lucas",""
"15914-2","Sale","05/21/2026 2:09 PM",1,1,"1xÁgua sem gás ","4",0,0,0,"4",0,"Efectivo","","Lucas",""
"15915-2","Sale","05/21/2026 2:17 PM",1,1,"1xMilkshake 300ml","11",0,0,0,"11","1","Efectivo","","Lucas",""
"15916-2","Sale","05/21/2026 2:30 PM",1,1,"1xÁgua sem gás ","4",0,0,0,"4",0,"Efectivo","","Lucas",""
"15917-2","Sale","05/21/2026 2:57 PM",1,2,"2xCasquinha ","14",0,0,0,"14","12","Tarjeta Débito","","Lucas",""
"15920-2","Sale","05/21/2026 4:08 PM",1,2,"2xCasquinha ","14",0,0,0,"14","12","Efectivo","","Lucas",""
"15921-2","Sale","05/21/2026 4:09 PM",1,2,"2xCasquinha ","14",0,0,0,"14","12","Efectivo","","Lucas",""
"15922-2","Sale","05/21/2026 4:21 PM",2,3,"2xChurros de chocolate , 1xChurros doce de leite ","30",0,0,0,"30","6","Tarjeta Débito","","Lucas",""
"15918-1","Sale","05/21/2026 3:35 PM",1,1,"1xCombo 1","15",0,0,0,"15","1","Cash","","Lucas",""
"15924-2","Sale","05/21/2026 4:32 PM",1,1,"1xCascão ","9",0,0,0,"9","7.8","Pix","","Lucas",""
"15926-2","Sale","05/21/2026 4:45 PM",1,1,"1xMilkshake 300ml","11",0,0,0,"11","1","Efectivo","","Lucas",""
"15927-2","Sale","05/21/2026 5:07 PM",1,1,"1xCascão ","9",0,0,0,"9","7.8","Efectivo","","Lucas",""
"15928-2","Sale","05/21/2026 5:09 PM",1,1,"1xMilkshake 400ml","14",0,0,0,"14","1","Pix","","Lucas",""
"15929-2","Sale","05/21/2026 5:39 PM",1,1,"1xMisto quente","8",0,0,0,"8",0,"Tarjeta Débito","","Lucas",""
"15930-2","Sale","05/21/2026 5:40 PM",1,1,"1xCrepe suíço salgado ","10",0,0,0,"10","2","Tarjeta Débito","","Lucas",""
"15931-2","Sale","05/21/2026 5:45 PM",1,1,"1xChocolate quente 180ml","10",0,0,0,"10","5","Tarjeta Débito","","Lucas",""
"15932-1","Sale","05/21/2026 6:05 PM",3,3,"1xCrepe suíço doce, 1xCrepe suíço salgado , 1xCafé preto 180ml","26",0,0,0,"26","5","Cash","","Lucas",""
"15933-2","Sale","05/21/2026 6:48 PM",1,1,"1xChurros de chocolate ","10",0,0,0,"10","2","Pix","","Lucas",""
"15934-2","Sale","05/21/2026 6:50 PM",2,2,"1xChurros de chocolate , 1xCrepe suíço salgado ","20",0,0,0,"20","4","Pix","","Lucas",""
"15935-2","Sale","05/21/2026 6:52 PM",1,1,"1xMisto + café leite","15",0,0,0,"15","2","Pix","","Lucas",""
"15936-2","Sale","05/21/2026 6:55 PM",2,2,"1xÁgua sem gás , 1xRefri 310ml","11",0,0,0,"11","1","Pix","","Lucas",""
"15919-2","Sale","05/21/2026 3:48 PM",1,2,"2xMilkshake 300ml","22",0,0,0,"22","2","Efectivo","","Lucas",""
"15925-2","Sale","05/21/2026 4:41 PM",1,1,"1xCrepe suíço doce","11",0,0,0,"11","3","Efectivo","","Lucas",""
"15923-2","Sale","05/21/2026 4:31 PM",1,1,"1xRefri 310ml","7",0,0,0,"7","1","Tarjeta Débito","","Lucas",""
"15937-2","Sale","05/22/2026 3:05 PM",1,1,"1xMilkshake 300ml","11",0,0,0,"11","1","Tarjeta Débito","","Lucas",""
"15938-2","Sale","05/22/2026 3:05 PM",1,2,"2xÁgua sem gás ","8",0,0,0,"8",0,"Tarjeta Débito","","Lucas",""
"15939-2","Sale","05/23/2026 12:11 PM",2,2,"1xCrepe suíço salgado , 1xCascão ","19",0,0,0,"19","9.8","Pix","","Lucas",""
"15940-2","Sale","05/23/2026 12:40 PM",1,3,"3xCopo 150ml","21",0,0,0,"21","3","Efectivo","","Lucas",""
"15941-2","Sale","05/23/2026 12:45 PM",1,1,"1xCopo 250ml","11",0,0,0,"11","1","Efectivo","","Lucas",""
"15942-2","Sale","05/23/2026 1:08 PM",1,1,"1xCasquinha ","7",0,0,0,"7","6","Efectivo","","Lucas",""
"15943-2","Sale","05/23/2026 1:38 PM",1,1,"1xÁgua sem gás ","4",0,0,0,"4",0,"Efectivo","","Lucas",""
"15944-2","Sale","05/23/2026 2:07 PM",1,2,"2xCascão ","18",0,0,0,"18","15.6","Pix","","Lucas",""
"15945-2","Sale","05/23/2026 2:16 PM",1,2,"2xCasquinha ","14",0,0,0,"14","12","Tarjeta Débito","","Lucas",""
"15946-2","Sale","05/23/2026 2:21 PM",2,4,"2xCopo 150ml, 2xCasquinha ","28",0,0,0,"28","14","Tarjeta Crédito","","Lucas",""
"15947-2","Sale","05/23/2026 2:32 PM",1,1,"1xCascão ","9",0,0,0,"9","7.8","Tarjeta Débito","","Lucas",""
"15948-2","Sale","05/23/2026 2:34 PM",1,2,"2xCasquinha ","14",0,0,0,"14","12","Tarjeta Débito","","Lucas",""
"15949-2","Sale","05/23/2026 2:35 PM",1,1,"1xRefri 310ml","7",0,0,0,"7","1","Pix","","Lucas",""
"15950-2","Sale","05/23/2026 2:37 PM",1,1,"1xCasquinha ","7",0,0,0,"7","6","Efectivo","","Lucas",""
"15951-2","Sale","05/23/2026 2:39 PM",1,1,"1xMilkshake 500ml","16",0,0,0,"16",0,"Pix","","Lucas",""
"15952-2","Sale","05/23/2026 2:41 PM",1,1,"1xCascão ","9",0,0,0,"9","7.8","Pix","","Lucas",""
"15953-2","Sale","05/23/2026 2:49 PM",1,2,"2xMilkshake 400ml","28",0,0,0,"28","2","Tarjeta Débito","","Lucas",""
"15954-2","Sale","05/23/2026 2:49 PM",1,2,"2xChurros doce de leite ","20",0,0,0,"20","4","Pix","","Lucas",""
"15955-2","Sale","05/23/2026 2:51 PM",1,1,"1xChurros de chocolate ","10",0,0,0,"10","2","Tarjeta Débito","","Lucas",""
"15956-2","Sale","05/23/2026 2:52 PM",1,1,"1xRefri 310ml","7",0,0,0,"7","1","Efectivo","","Lucas",""
"15957-2","Sale","05/23/2026 2:58 PM",3,4,"1xChurros de chocolate , 1xCascão , 2xCasquinha ","33",0,0,0,"33","21.8","Pix","","Lucas",""
"15958-2","Sale","05/23/2026 2:59 PM",2,2,"1xChurros doce de leite , 1xChurros de chocolate ","20",0,0,0,"20","4","Tarjeta Crédito","","Lucas",""
"15960-2","Sale","05/23/2026 3:09 PM",1,1,"1xRefri 310ml","7",0,0,0,"7","1","Tarjeta Débito","","Lucas",""
"15961-2","Sale","05/23/2026 3:22 PM",1,2,"2xChurros doce de leite ","20",0,0,0,"20","4","Tarjeta Crédito","","Lucas",""
"15962-2","Sale","05/23/2026 3:22 PM",1,2,"2xChurros de chocolate ","20",0,0,0,"20","4","Efectivo","","Lucas",""
"15963-2","Sale","05/23/2026 3:25 PM",1,1,"1xChurros de chocolate ","10",0,0,0,"10","2","Tarjeta Débito","","Lucas",""
"15964-2","Sale","05/23/2026 3:29 PM",1,2,"2xChurros doce de leite ","20",0,0,0,"20","4","Tarjeta Débito","","Lucas",""
"15965-2","Sale","05/23/2026 3:38 PM",1,1,"1xChurros doce de leite ","10",0,0,0,"10","2","Efectivo","","Lucas",""
"15966-2","Sale","05/23/2026 3:42 PM",1,3,"3xMilkshake 300ml","33",0,0,0,"33","3","Tarjeta Crédito","","Lucas",""
"15967-2","Sale","05/23/2026 3:45 PM",2,2,"1xÁgua sem gás , 1xRefri 310ml","11",0,0,0,"11","1","Efectivo","","Lucas",""
"15968-2","Sale","05/23/2026 3:54 PM",1,1,"1xMilkshake 500ml","16",0,0,0,"16",0,"Tarjeta Débito","","Lucas",""
"15969-2","Sale","05/23/2026 4:05 PM",1,1,"1xCafe com Leite 180ml","7",0,0,0,"7",0,"Tarjeta Débito","","Lucas",""
"15970-2","Sale","05/23/2026 4:14 PM",1,2,"2xCasquinha ","14",0,0,0,"14","12","Pix","","Lucas",""
"15971-2","Sale","05/23/2026 4:49 PM",1,2,"2xCascão ","18",0,0,0,"18","15.6","Tarjeta Débito","","Lucas",""
"15972-2","Sale","05/23/2026 5:05 PM",1,1,"1xCafe com Leite 180ml","7",0,0,0,"7",0,"Efectivo","","Lucas",""
"15973-2","Sale","05/23/2026 5:11 PM",1,2,"2xChurros de chocolate ","20",0,0,0,"20","4","Tarjeta Débito","","Lucas",""
"15974-2","Sale","05/23/2026 5:22 PM",2,3,"1xChurros de chocolate , 2xChurros doce de leite ","30",0,0,0,"30","6","Tarjeta Crédito","","Lucas",""
"15975-2","Sale","05/23/2026 5:30 PM",1,2,"2xChurros doce de leite ","20",0,0,0,"20","4","Tarjeta Débito","","Lucas",""
"15976-2","Sale","05/23/2026 5:36 PM",1,1,"1xChurros doce de leite ","10",0,0,0,"10","2","Tarjeta Crédito","","Lucas",""
"15977-2","Sale","05/23/2026 5:40 PM",3,6,"2xCrepe suíço doce, 2xCasquinha , 2xCombo 1","66",0,0,0,"66","20","Efectivo","","Lucas",""
"15978-2","Sale","05/23/2026 5:47 PM",1,1,"1xCrepe suíço doce","11",0,0,0,"11","3","Pix","","Lucas",""
"15979-2","Sale","05/23/2026 5:47 PM",1,1,"1xRefri 310ml","7",0,0,0,"7","1","Tarjeta Débito","","Lucas",""
"15980-2","Sale","05/23/2026 5:49 PM",2,2,"1xCombo 2, 1xCrepe suíço salgado ","26",0,0,0,"26","3","Efectivo","","Lucas",""
"15981-2","Sale","05/23/2026 5:58 PM",2,2,"1xChurros de chocolate , 1xChurros doce de leite ","20",0,0,0,"20","4","Tarjeta Débito","","Lucas",""
"15982-2","Sale","05/23/2026 6:17 PM",1,1,"1xMilkshake 500ml","16",0,0,0,"16",0,"Tarjeta Crédito","","Lucas",""
"15983-2","Sale","05/23/2026 6:23 PM",1,1,"1xMisto + chocolate quente ","16",0,0,0,"16",0,"Pix","","Lucas",""
"15984-2","Sale","05/24/2026 2:47 PM",2,2,"1xCrepe suíço salgado , 1xÁgua com gás ","14.5",0,0,0,"14.5","5.3","Tarjeta Crédito","","Lucas",""
"15985-2","Sale","05/24/2026 2:53 PM",1,2,"2xMilkshake 300ml","22",0,0,0,"22","2","Efectivo","","Lucas",""
"15986-2","Sale","05/24/2026 2:56 PM",1,1,"1xMilkshake 400ml","14",0,0,0,"14","1","Pix","","Lucas",""
"15987-2","Sale","05/24/2026 2:58 PM",1,1,"1xCrepe suíço doce","11",0,0,0,"11","3","Efectivo","","Lucas",""
"15988-2","Sale","05/24/2026 3:08 PM",2,3,"1xCasquinha , 2xMilkshake 300ml","29",0,0,0,"29","8","Pix","","Lucas",""
"15989-2","Sale","05/24/2026 3:18 PM",1,2,"2xCascão ","18",0,0,0,"18","15.6","Efectivo","","Lucas",""
"15990-2","Sale","05/24/2026 3:21 PM",2,3,"2xChurros doce de leite , 1xCasquinha ","27",0,0,0,"27","10","Tarjeta Crédito","","Lucas",""
"15991-2","Sale","05/24/2026 3:23 PM",2,2,"1xCasquinha , 1xCopo 150ml","14",0,0,0,"14","7","Efectivo","","Lucas",""
"15992-2","Sale","05/24/2026 3:25 PM",1,2,"2xCasquinha ","14",0,0,0,"14","12","Tarjeta Crédito","","Lucas",""
"15993-2","Sale","05/24/2026 3:26 PM",3,3,"1xMilkshake 300ml, 1xCopo 200ml, 1xÁgua sem gás ","24",0,0,0,"24","2","Efectivo","","Lucas",""
"15994-2","Sale","05/24/2026 3:32 PM",1,2,"2xCopo 150ml","14",0,0,0,"14","2","Tarjeta Crédito","","Lucas",""
"15995-2","Sale","05/24/2026 3:43 PM",2,4,"2xCrepe suíço doce, 2xCasquinha ","36",0,0,0,"36","18","Pix","","Lucas",""
"15996-2","Sale","05/24/2026 3:45 PM",1,1,"1xMilkshake 300ml","11",0,0,0,"11","1","Efectivo","","Lucas",""
"15997-2","Sale","05/24/2026 3:48 PM",3,3,"1xCasquinha , 1xMilkshake 300ml, 1xChurros doce de leite ","28",0,0,0,"28","9","Tarjeta Crédito","","Lucas",""
"15998-2","Sale","05/24/2026 3:53 PM",2,2,"1xCrepe suíço salgado , 1xMilkshake 300ml","21",0,0,0,"21","3","Efectivo","","Lucas",""
"15999-2","Sale","05/24/2026 3:55 PM",1,1,"1xMilkshake 300ml","11",0,0,0,"11","1","Tarjeta Crédito","","Lucas",""
"16000-2","Sale","05/24/2026 3:57 PM",1,1,"1xCrepe suíço salgado ","10",0,0,0,"10","2","Efectivo","","Lucas",""
"16001-2","Sale","05/24/2026 4:04 PM",2,4,"2xMilkshake 300ml, 2xCrepe suíço salgado ","42",0,0,0,"42","6","Otros","","Lucas",""
"16002-2","Sale","05/24/2026 4:05 PM",1,1,"1xChurros doce de leite ","10",0,0,0,"10","2","Tarjeta Débito","","Lucas",""
"16003-2","Sale","05/24/2026 4:16 PM",1,1,"1xCascão ","9",0,0,0,"9","7.8","Efectivo","","Lucas",""
"16004-2","Sale","05/24/2026 4:18 PM",1,1,"1xChurros de chocolate ","10",0,0,0,"10","2","Efectivo","","Lucas",""
"16005-2","Sale","05/24/2026 4:28 PM",1,1,"1xCascão ","9",0,0,0,"9","7.8","Tarjeta Débito","","Lucas",""
"16006-2","Sale","05/24/2026 4:41 PM",1,1,"1xCasquinha ","7",0,0,0,"7","6","Pix","","Lucas",""
"16007-2","Sale","05/24/2026 4:43 PM",1,2,"2xCascão ","18",0,0,0,"18","15.6","Pix","","Lucas",""
"16008-2","Sale","05/24/2026 4:57 PM",2,2,"1xChurros de chocolate , 1xChurros doce de leite ","20",0,0,0,"20","4","Tarjeta Crédito","","Lucas",""
"16009-2","Sale","05/24/2026 4:58 PM",1,1,"1xCopo 250ml","11",0,0,0,"11","1","Tarjeta Débito","","Lucas",""
"16010-2","Sale","05/24/2026 5:01 PM",1,1,"1xCrepe suíço salgado ","10",0,0,0,"10","2","Efectivo","","Lucas",""
"16011-2","Sale","05/24/2026 5:09 PM",2,5,"3xCrepe suíço doce, 2xCrepe suíço salgado ","53",0,0,0,"53","13","Tarjeta Débito","","Lucas",""
"16012-2","Sale","05/24/2026 5:14 PM",1,1,"1xÁgua com gás ","4.5",0,0,0,"4.5","3.3","Efectivo","","Lucas",""
"16013-2","Sale","05/24/2026 5:21 PM",2,2,"1xMilkshake 300ml, 1xMilkshake 400ml","25",0,0,0,"25","2","Efectivo","","Lucas",""
"16014-2","Sale","05/24/2026 5:26 PM",2,3,"1xCombo 1, 2xCrepe suíço salgado ","35",0,0,0,"35","5","Tarjeta Débito","","Lucas",""
"16015-2","Sale","05/24/2026 5:33 PM",1,2,"2xMilkshake 300ml","22",0,0,0,"22","2","Pix","","Lucas",""
"16016-2","Sale","05/24/2026 5:34 PM",1,4,"4xCrepe suíço salgado ","40",0,0,0,"40","8","Pix","","Lucas",""
"16017-2","Sale","05/24/2026 5:47 PM",1,2,"2xCascão ","18",0,0,0,"18","15.6","Tarjeta Crédito","","Lucas",""
"16018-2","Sale","05/24/2026 5:49 PM",1,2,"2xCascão ","18",0,0,0,"18","15.6","Tarjeta Crédito","","Lucas",""
"16019-2","Sale","05/24/2026 5:50 PM",1,2,"2xCasquinha ","14",0,0,0,"14","12","Pix","","Lucas",""
"16020-2","Sale","05/24/2026 5:51 PM",2,2,"1xChurros de chocolate , 1xCasquinha ","17",0,0,0,"17","8","Pix","","Lucas",""
"16021-2","Sale","05/24/2026 6:00 PM",1,1,"1xCascão ","9",0,0,0,"9","7.8","Efectivo","","Lucas",""
"16022-2","Sale","05/24/2026 6:01 PM",1,1,"1xMilkshake 400ml","14",0,0,0,"14","1","Pix","","Lucas",""
"16023-2","Sale","05/24/2026 6:03 PM",1,1,"1xÁgua com gás ","4.5",0,0,0,"4.5","3.3","Efectivo","","Lucas",""
"16024-2","Sale","05/24/2026 6:11 PM",3,4,"1xCrepe suíço doce, 1xCasquinha , 2xMilkshake 300ml","40",0,0,0,"40","11","Pix","","Lucas",""
"16025-2","Sale","05/24/2026 6:22 PM",1,1,"1xCascão ","9",0,0,0,"9","7.8","Tarjeta Débito","","Lucas",""
"16026-2","Sale","05/24/2026 6:26 PM",2,3,"1xCasquinha , 2xCascão ","25",0,0,0,"25","21.6","Efectivo","","Lucas",""
"16027-2","Sale","05/24/2026 6:31 PM",1,1,"1xCrepe suíço salgado ","10",0,0,0,"10","2","Efectivo","","Lucas",""
"16028-2","Sale","05/25/2026 2:00 PM",1,2,"2xCasquinha ","14",0,0,0,"14","12","Pix","","Lucas",""
"16029-2","Sale","05/25/2026 2:00 PM",1,1,"1xÁgua com gás ","4.5",0,0,0,"4.5","3.3","Pix","","Lucas",""
"16030-2","Sale","05/25/2026 2:07 PM",1,1,"1xMilkshake 500ml","16",0,0,0,"16",0,"Tarjeta Crédito","","Lucas",""
"16031-2","Sale","05/25/2026 2:16 PM",1,2,"2xCopo 150ml","14",0,0,0,"14","2","Tarjeta Débito","","Lucas",""
"16032-2","Sale","05/25/2026 2:23 PM",1,1,"1xÁgua sem gás ","4",0,0,0,"4",0,"Efectivo","","Lucas",""
"16033-2","Sale","05/25/2026 2:31 PM",1,2,"2xCasquinha ","14",0,0,0,"14","12","Efectivo","","Lucas",""
"16034-2","Sale","05/25/2026 2:34 PM",1,2,"2xCasquinha ","14",0,0,0,"14","12","Pix","","Lucas",""
"16035-2","Sale","05/25/2026 2:34 PM",1,1,"1xCrepe suíço salgado ","10",0,0,0,"10","2","Efectivo","","Lucas",""
"16036-2","Sale","05/25/2026 2:36 PM",1,1,"1xCascão ","9",0,0,0,"9","7.8","Efectivo","","Lucas",""
"16037-2","Sale","05/25/2026 2:37 PM",1,1,"1xCasquinha ","7",0,0,0,"7","6","Efectivo","","Lucas",""
"16038-2","Sale","05/25/2026 2:43 PM",2,2,"1xMilkshake 300ml, 1xMilkshake 400ml","25",0,0,0,"25","2","Efectivo","","Lucas",""
"16039-2","Sale","05/25/2026 2:46 PM",2,2,"1xCascão , 1xMilkshake 500ml","25",0,0,0,"25","7.8","Efectivo","","Lucas",""
"16040-2","Sale","05/25/2026 2:47 PM",1,1,"1xChurros doce de leite ","10",0,0,0,"10","2","Efectivo","","Lucas",""
"16041-2","Sale","05/25/2026 2:48 PM",1,1,"1xCasquinha ","7",0,0,0,"7","6","Efectivo","","Lucas",""
"16042-2","Sale","05/25/2026 2:50 PM",1,2,"2xCasquinha ","14",0,0,0,"14","12","Tarjeta Crédito","","Lucas",""
"16043-2","Sale","05/25/2026 2:54 PM",2,3,"1xCopo 150ml, 2xMilkshake 300ml","29",0,0,0,"29","3","Tarjeta Débito","","Lucas",""
"16044-2","Sale","05/25/2026 3:08 PM",1,3,"3xCascão ","27",0,0,0,"27","23.4","Pix","","Lucas",""
"16045-2","Sale","05/25/2026 3:20 PM",1,1,"1xCrepe suíço doce","11",0,0,0,"11","3","Tarjeta Débito","","Lucas",""
"16046-2","Sale","05/25/2026 3:23 PM",1,1,"1xCasquinha ","7",0,0,0,"7","6","Pix","","Lucas",""
"16047-2","Sale","05/25/2026 3:25 PM",1,1,"1xÁgua sem gás ","4",0,0,0,"4",0,"Pix","","Lucas",""
"16048-2","Sale","05/25/2026 3:25 PM",1,1,"1xChurros doce de leite ","10",0,0,0,"10","2","Tarjeta Crédito","","Lucas",""
"16049-2","Sale","05/25/2026 3:31 PM",1,2,"2xMilkshake 300ml","22",0,0,0,"22","2","Tarjeta Débito","","Lucas",""
"16050-2","Sale","05/25/2026 3:46 PM",2,2,"1xCrepe suíço doce, 1xChurros de chocolate ","21",0,0,0,"21","5","Efectivo","","Lucas",""
"16051-2","Sale","05/25/2026 4:11 PM",1,1,"1xCasquinha ","7",0,0,0,"7","6","Efectivo","","Lucas",""
"16052-2","Sale","05/25/2026 4:27 PM",2,2,"1xMilkshake 400ml, 1xCascão ","23",0,0,0,"23","8.8","Efectivo","","Lucas",""
"16053-2","Sale","05/25/2026 4:34 PM",1,3,"3xCrepe suíço salgado ","30",0,0,0,"30","6","Pix","","Lucas",""
"16054-2","Sale","05/25/2026 4:50 PM",1,2,"2xChurros de chocolate ","20",0,0,0,"20","4","Pix","","Lucas",""
"16055-2","Sale","05/25/2026 4:57 PM",1,1,"1xRefri 310ml","7",0,0,0,"7","1","Tarjeta Débito","","Lucas",""
"16056-2","Sale","05/25/2026 5:13 PM",2,2,"1xCrepe suíço salgado , 1xChurros doce de leite ","20",0,0,0,"20","4","Tarjeta Crédito","","Lucas",""
"16057-2","Sale","05/25/2026 5:15 PM",2,2,"1xCrepe suíço salgado , 1xChurros de chocolate ","20",0,0,0,"20","4","Tarjeta Crédito","","Lucas",""
"16058-2","Sale","05/25/2026 5:32 PM",1,2,"2xCascão ","18",0,0,0,"18","15.6","Pix","","Lucas",""
"16059-2","Sale","05/25/2026 5:56 PM",1,1,"1xMilkshake 300ml","11",0,0,0,"11","1","Tarjeta Débito","","Lucas",""
"16060-2","Sale","05/25/2026 5:57 PM",1,2,"2xCopo 150ml","14",0,0,0,"14","2","Efectivo","","Lucas",""
"16061-2","Sale","05/25/2026 6:11 PM",3,3,"1xChurros de chocolate , 1xChurros doce de leite , 1xCascão ","29",0,0,0,"29","11.8","Otros","","Lucas",""
"16062-2","Sale","05/25/2026 6:14 PM",2,2,"1xMilkshake 400ml, 1xCrepe suíço salgado ","24",0,0,0,"24","3","Efectivo","","Lucas",""
"16063-2","Sale","05/25/2026 6:36 PM",1,3,"3xCrepe suíço salgado ","30",0,0,0,"30","6","Tarjeta Crédito","","Lucas",""
"16064-2","Sale","05/26/2026 3:10 PM",1,2,"2xCascão ","18",0,0,0,"18","15.6","Tarjeta Crédito","","Lucas",""
"16065-2","Sale","05/26/2026 3:13 PM",1,1,"1xMilkshake 400ml","14",0,0,0,"14","1","Pix","","Lucas",""
"16066-2","Sale","05/26/2026 3:28 PM",1,1,"1xCrepe suíço salgado ","10",0,0,0,"10","2","Tarjeta Débito","","Lucas",""
"16067-2","Sale","05/26/2026 3:28 PM",1,1,"1xCasquinha ","7",0,0,0,"7","6","Pix","","Lucas",""
"16068-2","Sale","05/26/2026 3:41 PM",1,2,"2xCasquinha ","14",0,0,0,"14","12","Tarjeta Débito","","Lucas",""
"16069-2","Sale","05/26/2026 3:44 PM",1,2,"2xMilkshake 400ml","28",0,0,0,"28","2","Pix","","Lucas",""
"16070-2","Sale","05/26/2026 3:49 PM",1,2,"2xCrepe suíço salgado ","20",0,0,0,"20","4","Efectivo","","Lucas",""
"16071-2","Sale","05/26/2026 3:59 PM",1,2,"2xCasquinha ","14",0,0,0,"14","12","Efectivo","","Lucas",""
"16072-2","Sale","05/26/2026 4:20 PM",1,1,"1xCasquinha ","7",0,0,0,"7","6","Pix","","Lucas",""
"16073-2","Sale","05/26/2026 4:37 PM",3,7,"1xChurros de chocolate , 2xChurros doce de leite , 4xCasquinha ","58",0,0,0,"58","30","Tarjeta Crédito","","Lucas",""
"16074-2","Sale","05/26/2026 4:37 PM",1,1,"1xCrepe suíço salgado ","10",0,0,0,"10","2","Efectivo","","Lucas",""
"16075-2","Sale","05/26/2026 4:58 PM",1,1,"1xMilkshake 500ml","16",0,0,0,"16",0,"Tarjeta Débito","","Lucas",""
"16076-2","Sale","05/26/2026 5:20 PM",1,1,"1xCopo 250ml","11",0,0,0,"11","1","Efectivo","","Lucas",""
"16077-2","Sale","05/26/2026 5:52 PM",1,1,"1xCombo 1","15",0,0,0,"15","1","Tarjeta Débito","","Lucas",""
"16078-2","Sale","05/26/2026 6:01 PM",2,5,"4xChurros doce de leite , 1xCrepe suíço salgado ","50",0,0,0,"50","10","Efectivo","","Lucas",""
"16079-2","Sale","05/26/2026 6:17 PM",1,2,"2xCopo 250ml","22",0,0,0,"22","2","Tarjeta Débito","","Lucas",""
"16080-2","Sale","05/27/2026 2:24 PM",2,4,"2xChurros de chocolate , 2xÁgua sem gás ","28",0,0,0,"28","4","Tarjeta Débito","","Lucas",""
"16081-2","Sale","05/27/2026 2:24 PM",1,1,"1xCascão ","9",0,0,0,"9","7.8","Efectivo","","Lucas",""
"16082-2","Sale","05/27/2026 2:34 PM",1,1,"1xCascão ","9",0,0,0,"9","7.8","Efectivo","","Lucas",""
"16083-2","Sale","05/27/2026 2:45 PM",1,1,"1xChurros doce de leite ","10",0,0,0,"10","2","Tarjeta Débito","","Lucas",""
"16084-2","Sale","05/27/2026 2:57 PM",1,1,"1xMilkshake 300ml","11",0,0,0,"11","1","Efectivo","","Lucas",""
"16085-2","Sale","05/27/2026 2:59 PM",1,3,"3xCascão ","27",0,0,0,"27","23.4","Efectivo","","Lucas",""
"16086-2","Sale","05/27/2026 3:28 PM",1,2,"2xCasquinha ","14",0,0,0,"14","12","Tarjeta Débito","","Lucas",""
"16087-2","Sale","05/27/2026 3:36 PM",1,2,"2xCasquinha ","14",0,0,0,"14","12","Tarjeta Débito","","Lucas",""
"16088-2","Sale","05/27/2026 3:37 PM",2,3,"1xCasquinha , 2xChurros doce de leite ","27",0,0,0,"27","10","Tarjeta Crédito","","Lucas",""
"16089-2","Sale","05/27/2026 3:43 PM",1,1,"1xCopo 250ml","11",0,0,0,"11","1","Efectivo","","Lucas",""
"16090-2","Sale","05/27/2026 3:49 PM",2,2,"1xÁgua sem gás , 1xÁgua com gás ","8.5",0,0,0,"8.5","3.3","Efectivo","","Lucas",""
"16091-2","Sale","05/27/2026 3:52 PM",1,2,"2xCascão ","18",0,0,0,"18","15.6","Efectivo","","Lucas",""
"16092-2","Sale","05/27/2026 4:01 PM",1,1,"1xMilkshake 300ml","11",0,0,0,"11","1","Pix","","Lucas",""
"16093-2","Sale","05/27/2026 4:10 PM",1,2,"2xCasquinha ","14",0,0,0,"14","12","Pix","","Lucas",""
"16094-2","Sale","05/27/2026 4:16 PM",1,1,"1xCopo 150ml","7",0,0,0,"7","1","Pix","","Lucas",""
"16095-2","Sale","05/27/2026 4:27 PM",1,1,"1xMilkshake 300ml","11",0,0,0,"11","1","Pix","","Lucas",""
"16096-2","Sale","05/27/2026 4:32 PM",2,2,"1xCopo 200ml, 1xMilkshake 300ml","20",0,0,0,"20","2","Tarjeta Débito","","Lucas",""
"16097-2","Sale","05/27/2026 4:35 PM",1,1,"1xCopo 200ml","9",0,0,0,"9","1","Efectivo","","Lucas",""
"16098-2","Sale","05/27/2026 4:37 PM",1,1,"1xMilkshake 300ml","11",0,0,0,"11","1","Tarjeta Crédito","","Lucas",""
"16099-2","Sale","05/27/2026 4:46 PM",1,1,"1xCasquinha ","7",0,0,0,"7","6","Tarjeta Débito","","Lucas",""
"16100-2","Sale","05/27/2026 4:52 PM",2,3,"2xCrepe suíço salgado , 1xCrepe suíço doce","31",0,0,0,"31","7","Efectivo","","Lucas",""
"16101-2","Sale","05/27/2026 5:57 PM",1,1,"1xChurros doce de leite ","10",0,0,0,"10","2","Efectivo","","Lucas",""
"16102-2","Sale","05/27/2026 6:05 PM",1,1,"1xMilkshake 300ml","11",0,0,0,"11","1","Pix","","Lucas",""
"16103-2","Sale","05/27/2026 6:10 PM",1,1,"1xRefri 310ml","7",0,0,0,"7","1","Tarjeta Débito","","Lucas",""
"16104-2","Sale","05/27/2026 6:18 PM",1,2,"2xChurros doce de leite ","20",0,0,0,"20","4","Tarjeta Crédito","","Lucas",""
"16105-2","Sale","05/27/2026 6:26 PM",1,1,"1xRefri 310ml","7",0,0,0,"7","1","Tarjeta Crédito","","Lucas",""
"16106-2","Sale","05/27/2026 6:37 PM",1,2,"2xCasquinha ","14",0,0,0,"14","12","Tarjeta Crédito","","Lucas",""
"16107-2","Sale","05/28/2026 1:58 PM",1,1,"1xÁgua com gás ","4.5",0,0,0,"4.5","3.3","Tarjeta Débito","","Lucas",""
"16108-2","Sale","05/28/2026 2:19 PM",1,1,"1xCasquinha ","7",0,0,0,"7","6","Efectivo","","Lucas",""
"16109-2","Sale","05/28/2026 2:40 PM",1,1,"1xCasquinha ","7",0,0,0,"7","6","Efectivo","","Lucas",""
"16110-2","Sale","05/28/2026 2:41 PM",1,1,"1xCascão ","9",0,0,0,"9","7.8","Tarjeta Débito","","Lucas",""
"16111-2","Sale","05/28/2026 2:42 PM",1,2,"2xCascão ","18",0,0,0,"18","15.6","Pix","","Lucas",""
"16112-2","Sale","05/28/2026 2:47 PM",1,1,"1xÁgua sem gás ","4",0,0,0,"4",0,"Tarjeta Débito","","Lucas",""
"16113-2","Sale","05/28/2026 2:48 PM",2,2,"1xCasquinha , 1xCopo 150ml","14",0,0,0,"14","7","Efectivo","","Lucas",""
"16114-2","Sale","05/28/2026 3:24 PM",1,1,"1xMilkshake 500ml","16",0,0,0,"16",0,"Efectivo","","Lucas",""
"16115-2","Sale","05/28/2026 3:29 PM",1,1,"1xMilkshake 500ml","16",0,0,0,"16",0,"Pix","","Lucas",""
"16116-2","Sale","05/28/2026 3:37 PM",2,2,"1xMilkshake 300ml, 1xCasquinha ","18",0,0,0,"18","7","Pix","","Lucas",""
"16117-2","Sale","05/28/2026 3:40 PM",3,5,"1xCascão , 1xÁgua sem gás , 3xCasquinha ","34",0,0,0,"34","25.8","Tarjeta Crédito","","Lucas",""
"16118-2","Sale","05/28/2026 3:42 PM",1,1,"1xMilkshake 300ml","11",0,0,0,"11","1","Efectivo","","Lucas",""
"16119-2","Sale","05/28/2026 4:09 PM",1,1,"1xMilkshake 500ml","16",0,0,0,"16",0,"Tarjeta Débito","","Lucas",""
"16120-2","Sale","05/28/2026 4:12 PM",1,1,"1xÁgua sem gás ","4",0,0,0,"4",0,"Efectivo","","Lucas",""
"16121-2","Sale","05/28/2026 4:16 PM",1,2,"2xCasquinha ","14",0,0,0,"14","12","Pix","","Lucas",""
"16122-2","Sale","05/28/2026 4:24 PM",2,3,"2xChurros de chocolate , 1xChurros doce de leite ","30",0,0,0,"30","6","Tarjeta Débito","","Lucas",""
"16123-2","Sale","05/28/2026 4:28 PM",1,2,"2xMilkshake 300ml","22",0,0,0,"22","2","Efectivo","","Lucas",""
"16124-2","Sale","05/28/2026 4:30 PM",1,2,"2xCascão ","18",0,0,0,"18","15.6","Tarjeta Débito","","Lucas",""
"16125-2","Sale","05/28/2026 4:35 PM",1,1,"1xMilkshake 500ml","16",0,0,0,"16",0,"Tarjeta Débito","","Lucas",""
"16126-2","Sale","05/28/2026 4:38 PM",1,2,"2xCascão ","18",0,0,0,"18","15.6","Efectivo","","Lucas",""
"16127-2","Sale","05/28/2026 4:43 PM",1,1,"1xChurros doce de leite ","10",0,0,0,"10","2","Pix","","Lucas",""
"16128-2","Sale","05/28/2026 4:55 PM",1,1,"1xMilkshake 300ml","11",0,0,0,"11","1","Tarjeta Crédito","","Lucas",""
"16129-2","Sale","05/28/2026 4:58 PM",1,1,"1xCrepe suíço salgado ","10",0,0,0,"10","2","Efectivo","","Lucas",""
"16130-2","Sale","05/28/2026 4:59 PM",1,1,"1xÁgua sem gás ","4",0,0,0,"4",0,"Efectivo","","Lucas",""
"16131-2","Sale","05/28/2026 5:00 PM",1,1,"1xMilkshake 400ml","14",0,0,0,"14","1","Tarjeta Débito","","Lucas",""
"16132-2","Sale","05/28/2026 5:32 PM",3,3,"1xCrepe suíço doce, 1xCombo 1, 1xCrepe suíço salgado ","36",1,0,0,"35","4.99","Efectivo","","Lucas",""
"16133-2","Sale","05/28/2026 5:37 PM",1,1,"1xCrepe suíço salgado ","10",0,0,0,"10","2","Efectivo","","Lucas",""
"16134-2","Sale","05/28/2026 5:40 PM",2,2,"1xRefri 310ml, 1xMisto quente","15",2,0,0,"13","0.07","Efectivo","","Lucas",""
"16135-2","Sale","05/28/2026 5:54 PM",1,1,"1xCrepe suíço doce","11",0,0,0,"11","3","Efectivo","","Lucas",""
"16136-2","Sale","05/28/2026 6:02 PM",1,1,"1xCrepe suíço doce","11",0,0,0,"11","3","Pix","","Lucas",""
"16137-2","Sale","05/28/2026 6:17 PM",1,1,"1xRefri 310ml","7",0,0,0,"7","1","Efectivo","","Lucas",""
"16138-2","Sale","05/28/2026 6:19 PM",1,1,"1xÁgua sem gás ","4",0,0,0,"4",0,"Tarjeta Débito","","Lucas",""
"16139-2","Sale","05/28/2026 6:35 PM",1,1,"1xChurros de chocolate ","10",0,0,0,"10","2","Tarjeta Débito","","Lucas",""
"16140-2","Sale","05/28/2026 6:56 PM",1,1,"1xRefri 310ml","7",0,0,0,"7","1","Tarjeta Débito","","Lucas",""
"16141-2","Sale","05/28/2026 6:58 PM",1,1,"1xMilkshake 300ml","11",0,0,0,"11","1","Efectivo","","Lucas",""
"16142-2","Sale","05/28/2026 7:03 PM",2,2,"1xChurros de chocolate , 1xChurros doce de leite ","20",0,0,0,"20","4","Tarjeta Débito","","Lucas",""
"16143-2","Sale","05/29/2026 1:59 PM",2,2,"1xCombo 1, 1xCrepe suíço doce","26",11,0,0,"15","-7","Efectivo","","Lucas",""
"16144-2","Sale","05/29/2026 2:19 PM",1,1,"1xÁgua com gás ","4.5",0,0,0,"4.5","3.3","Efectivo","","Lucas",""
"16145-2","Sale","05/29/2026 2:22 PM",2,2,"1xMilkshake 300ml, 1xCascão ","20",0,0,0,"20","8.8","Pix","","Lucas",""
"16146-2","Sale","05/29/2026 2:26 PM",1,2,"2xCrepe suíço salgado ","20",0,0,0,"20","4","Pix","","Lucas",""
"16147-2","Sale","05/29/2026 2:39 PM",1,1,"1xCascão ","9",0,0,0,"9","7.8","Pix","","Lucas",""
"16148-2","Sale","05/29/2026 2:47 PM",1,1,"1xCascão ","9",0,0,0,"9","7.8","Pix","","Lucas",""
"16149-2","Sale","05/29/2026 2:49 PM",1,1,"1xCascão ","9",0,0,0,"9","7.8","Pix","","Lucas",""
"16150-2","Sale","05/29/2026 2:55 PM",1,2,"2xCascão ","18",0,0,0,"18","15.6","Tarjeta Débito","","Lucas",""
"16151-2","Sale","05/29/2026 2:58 PM",1,1,"1xMilkshake 300ml","11",0,0,0,"11","1","Tarjeta Débito","","Lucas",""
"16152-2","Sale","05/29/2026 3:14 PM",1,1,"1xCopo 200ml","9",4,0,0,"5","-3","Efectivo","","Lucas",""
"16153-2","Sale","05/29/2026 3:31 PM",2,3,"1xCascão , 2xCasquinha ","23",0,0,0,"23","19.8","Efectivo","","Lucas",""
"16154-2","Sale","05/29/2026 3:47 PM",1,1,"1xÁgua sem gás ","4",0,0,0,"4",0,"Efectivo","","Lucas",""
"16155-2","Sale","05/29/2026 3:52 PM",1,1,"1xRefri 310ml","7",0,0,0,"7","1","Tarjeta Débito","","Lucas",""
"16156-2","Sale","05/29/2026 3:53 PM",1,1,"1xCombo 2","16",0,0,0,"16","1","Pix","","Lucas",""
"16157-2","Sale","05/29/2026 3:56 PM",1,1,"1xÁgua sem gás ","4",0,0,0,"4",0,"Pix","","Lucas",""
"16158-2","Sale","05/29/2026 4:08 PM",1,1,"1xChurros doce de leite ","10",0,0,0,"10","2","Tarjeta Crédito","","Lucas",""
"16159-2","Sale","05/29/2026 4:34 PM",2,2,"1xMilkshake 500ml, 1xCasquinha ","23",0,0,0,"23","6","Tarjeta Débito","","Lucas",""
"16160-2","Sale","05/29/2026 4:39 PM",1,1,"1xChurros doce de leite ","10",0,0,0,"10","2","Pix","","Lucas",""
"16161-2","Sale","05/29/2026 4:41 PM",1,1,"1xCasquinha ","7",0,0,0,"7","6","Tarjeta Débito","","Lucas",""
"16162-2","Sale","05/29/2026 4:47 PM",1,1,"1xChurros de chocolate ","10",0,0,0,"10","2","Pix","","Lucas",""
"16163-2","Sale","05/29/2026 5:01 PM",2,2,"1xCasquinha , 1xMilkshake 300ml","18",0,0,0,"18","7","Efectivo","","Lucas",""
"16164-2","Sale","05/29/2026 5:03 PM",1,1,"1xChocolate quente 180ml","10",0,0,0,"10","5","Venta a crédito","Moca Havan ","Lucas",""
"16165-2","Sale","05/29/2026 5:07 PM",1,1,"1xChurros de chocolate ","10",0,0,0,"10","2","Tarjeta Débito","","Lucas",""
"16166-2","Sale","05/29/2026 5:12 PM",1,1,"1xMilkshake 400ml","14",0,0,0,"14","1","Tarjeta Débito","","Lucas",""
"16167-2","Sale","05/29/2026 5:26 PM",2,4,"2xChurros doce de leite , 2xChurros de chocolate ","40",0,0,0,"40","8","Tarjeta Débito","","Lucas",""
"16168-2","Sale","05/30/2026 10:48 AM",2,2,"1xChurros de chocolate , 1xChurros doce de leite ","20",0,0,0,"20","4","Tarjeta Crédito","","Lucas",""
"16169-2","Sale","05/30/2026 11:17 AM",1,1,"1xMilkshake 300ml","11",0,0,0,"11","1","Efectivo","","Lucas",""
"16170-2","Sale","05/30/2026 11:53 AM",2,2,"1xMilkshake 300ml, 1xCasquinha ","18",0,0,0,"18","7","Efectivo","","Lucas",""
"16171-2","Sale","05/30/2026 11:56 AM",1,1,"1xCasquinha ","7",0,0,0,"7","6","Tarjeta Débito","","Lucas",""
"16172-2","Sale","05/30/2026 11:57 AM",1,1,"1xRefri 310ml","7",0,0,0,"7","1","Pix","","Lucas",""
"16173-2","Sale","05/30/2026 12:45 PM",1,2,"2xCopo 150ml","14",0,0,0,"14","2","Tarjeta Débito","","Lucas",""
"16174-2","Sale","05/30/2026 1:00 PM",1,1,"1xCasquinha ","7",0,0,0,"7","6","Pix","","Lucas",""
"16175-2","Sale","05/30/2026 1:11 PM",1,1,"1xÁgua sem gás ","4",0,0,0,"4",0,"Efectivo","","Lucas",""
"16176-2","Sale","05/30/2026 1:11 PM",1,1,"1xÁgua sem gás ","4",0,0,0,"4",0,"Efectivo","","Lucas",""
"16177-2","Sale","05/30/2026 1:32 PM",1,1,"1xCasquinha ","7",0,0,0,"7","6","Efectivo","","Lucas",""
"16178-2","Sale","05/30/2026 1:33 PM",1,1,"1xChocolate quente 180ml","10",5,0,0,"5",0,"Efectivo","","Lucas",""
"16179-2","Sale","05/30/2026 1:37 PM",1,1,"1xChurros doce de leite ","10",0,0,0,"10","2","Efectivo","","Lucas",""
"16180-2","Sale","05/30/2026 1:38 PM",1,1,"1xCrepe suíço salgado ","10",0,0,0,"10","2","Tarjeta Crédito","","Lucas",""
"16181-2","Sale","05/30/2026 1:42 PM",1,1,"1xCopo 200ml","9",0,0,0,"9","1","Efectivo","","Lucas",""
"16182-2","Sale","05/30/2026 1:47 PM",1,1,"1xCasquinha ","7",0,0,0,"7","6","Tarjeta Débito","","Lucas",""
"16183-2","Sale","05/30/2026 1:48 PM",1,1,"1xÁgua sem gás ","4",0,0,0,"4",0,"Efectivo","","Lucas",""
"16184-2","Sale","05/30/2026 1:56 PM",1,1,"1xCasquinha ","7",0,0,0,"7","6","Pix","","Lucas",""
"16185-2","Sale","05/30/2026 1:56 PM",1,1,"1xCascão ","9",0,0,0,"9","7.8","Pix","","Lucas",""
"16186-2","Sale","05/30/2026 2:08 PM",1,1,"1xCasquinha ","7",0,0,0,"7","6","Pix","","Lucas",""
"16187-2","Sale","05/30/2026 2:16 PM",2,3,"1xCasquinha , 2xCopo 150ml","21",0,0,0,"21","8","Efectivo","","Lucas",""
"16188-2","Sale","05/30/2026 2:17 PM",1,1,"1xÁgua sem gás ","4",0,0,0,"4",0,"Efectivo","","Lucas",""
"16189-2","Sale","05/30/2026 2:23 PM",1,1,"1xMilkshake 300ml","11",0,0,0,"11","1","Tarjeta Débito","","Lucas",""
"16190-2","Sale","05/30/2026 2:26 PM",1,1,"1xCasquinha ","7",0,0,0,"7","6","Efectivo","","Lucas",""
"16191-2","Sale","05/30/2026 2:44 PM",1,1,"1xMilkshake 300ml","11",0,0,0,"11","1","Tarjeta Crédito","","Lucas",""
"16192-2","Sale","05/30/2026 2:47 PM",1,1,"1xÁgua sem gás ","4",0,0,0,"4",0,"Tarjeta Débito","","Lucas",""
"16193-2","Sale","05/30/2026 2:55 PM",1,2,"2xCasquinha ","14",0,0,0,"14","12","Efectivo","","Lucas",""
"16194-2","Sale","05/30/2026 2:57 PM",1,1,"1xCasquinha ","7",0,0,0,"7","6","Tarjeta Débito","","Lucas",""
"16195-2","Sale","05/30/2026 2:58 PM",1,2,"2xCasquinha ","14",0,0,0,"14","12","Efectivo","","Lucas",""
"16196-2","Sale","05/30/2026 2:59 PM",1,1,"1xÁgua sem gás ","4",0,0,0,"4",0,"Tarjeta Débito","","Lucas",""
"16197-2","Sale","05/30/2026 3:03 PM",2,3,"1xCopo 150ml, 2xCasquinha ","21",0,0,0,"21","13","Efectivo","","Lucas",""
"16198-2","Sale","05/30/2026 3:04 PM",1,1,"1xCasquinha ","7",0,0,0,"7","6","Tarjeta Débito","","Lucas",""
"16199-2","Sale","05/30/2026 3:29 PM",1,2,"2xMilkshake 500ml","32",0,0,0,"32",0,"Tarjeta Débito","","Lucas",""
"16200-2","Sale","05/30/2026 3:34 PM",1,2,"2xMilkshake 300ml","22",0,0,0,"22","2","Efectivo","","Lucas",""
"16201-2","Sale","05/30/2026 3:38 PM",1,2,"2xMilkshake 300ml","22",0,0,0,"22","2","Tarjeta Crédito","","Lucas",""
"16202-2","Sale","05/30/2026 3:44 PM",1,3,"3xCrepe suíço salgado ","30",0,0,0,"30","6","Efectivo","","Lucas",""
"16203-2","Sale","05/30/2026 3:51 PM",1,1,"1xCrepe suíço salgado ","10",0,0,0,"10","2","Efectivo","","Lucas",""
"16204-2","Sale","05/30/2026 4:01 PM",3,3,"1xCopo 250ml, 1xMilkshake 400ml, 1xCasquinha ","32",0,0,0,"32","8","Tarjeta Débito","","Lucas",""
"16205-2","Sale","05/30/2026 4:03 PM",1,1,"1xMilkshake 500ml","16",0,0,0,"16",0,"Tarjeta Débito","","Lucas",""
"16206-2","Sale","05/30/2026 4:08 PM",2,5,"4xCasquinha , 1xCrepe suíço salgado ","38",0,0,0,"38","26","Efectivo","","Lucas",""
"16207-2","Sale","05/30/2026 4:19 PM",2,2,"1xCrepe suíço salgado , 1xCrepe suíço doce","21",0,0,0,"21","5","Efectivo","","Lucas",""
"16208-2","Sale","05/30/2026 4:26 PM",1,3,"3xMilkshake 300ml","33",0,0,0,"33","3","Efectivo","","Lucas",""
"16209-2","Sale","05/30/2026 4:45 PM",2,4,"3xCasquinha , 1xCopo 150ml","28",0,0,0,"28","19","Pix","","Lucas",""
"16210-2","Sale","05/30/2026 5:19 PM",2,2,"1xCrepe suíço salgado , 1xChurros doce de leite ","20",0,0,0,"20","4","Otros","","Lucas",""
"16211-2","Sale","05/30/2026 5:20 PM",1,1,"1xCasquinha ","7",0,0,0,"7","6","Tarjeta Débito","","Lucas",""
"16212-2","Sale","05/30/2026 5:35 PM",1,2,"2xCasquinha ","14",0,0,0,"14","12","Tarjeta Débito","","Lucas",""
"16213-2","Sale","05/30/2026 5:44 PM",1,1,"1xChurros doce de leite ","10",0,0,0,"10","2","Tarjeta Crédito","","Lucas",""
"16214-2","Sale","05/30/2026 5:59 PM",1,3,"3xChurros doce de leite ","30",0,0,0,"30","6","Pix","","Lucas",""
"16215-2","Sale","05/30/2026 6:53 PM",3,4,"1xCasquinha , 2xCrepe suíço salgado , 1xChurros doce de leite ","37",0,0,0,"37","12","Pix","","Lucas",""
"16216-2","Sale","05/31/2026 2:40 PM",1,1,"1xMilkshake 400ml","14",0,0,0,"14","1","Efectivo","","Lucas",""
"16217-2","Sale","05/31/2026 3:14 PM",1,1,"1xMilkshake 400ml","14",0,0,0,"14","1","Efectivo","","Lucas",""
"16218-2","Sale","05/31/2026 3:14 PM",2,2,"1xChurros doce de leite , 1xCrepe suíço salgado ","20",0,0,0,"20","4","Tarjeta Débito","","Lucas",""
"16219-2","Sale","05/31/2026 3:17 PM",2,3,"2xChurros doce de leite , 1xChurros de chocolate ","30",0,0,0,"30","6","Tarjeta Débito","","Lucas",""
"16220-2","Sale","05/31/2026 3:37 PM",2,3,"2xCopo 150ml, 1xMilkshake 300ml","25",0,0,0,"25","3","Efectivo","","Lucas",""
"16221-2","Sale","05/31/2026 3:37 PM",1,1,"1xCombo 3","15",0,0,0,"15","1","Otros","","Lucas",""
"16222-2","Sale","05/31/2026 3:50 PM",2,2,"1xMilkshake 300ml, 1xCopo 200ml","20",0,0,0,"20","2","Tarjeta Débito","","Lucas",""
"16223-2","Sale","05/31/2026 3:50 PM",1,1,"1xCascão ","9",0,0,0,"9","7.8","Efectivo","","Lucas",""
"16224-2","Sale","05/31/2026 3:52 PM",2,2,"1xÁgua sem gás , 1xMilkshake 300ml","15",0,0,0,"15","1","Pix","","Lucas",""
"16225-2","Sale","05/31/2026 3:56 PM",2,2,"1xMilkshake 400ml, 1xCasquinha ","21",0,0,0,"21","7","Efectivo","","Lucas",""
"16226-2","Sale","05/31/2026 3:59 PM",3,3,"1xCasquinha , 1xChurros de chocolate , 1xÁgua sem gás ","21",0,0,0,"21","8","Tarjeta Débito","","Lucas",""
"16227-2","Sale","05/31/2026 4:02 PM",2,2,"1xMilkshake 300ml, 1xMilkshake 500ml","27",0,0,0,"27","1","Tarjeta Débito","","Lucas",""
"16228-2","Sale","05/31/2026 4:07 PM",1,2,"2xCasquinha ","14",0,0,0,"14","12","Tarjeta Débito","","Lucas",""
"16229-2","Sale","05/31/2026 4:09 PM",1,2,"2xCasquinha ","14",0,0,0,"14","12","Tarjeta Débito","","Lucas",""
"16230-2","Sale","05/31/2026 4:15 PM",3,3,"1xChurros doce de leite , 1xChurros de chocolate , 1xMilkshake 400ml","34",0,0,0,"34","5","Tarjeta Débito","","Lucas",""
"16231-2","Sale","05/31/2026 4:16 PM",1,1,"1xCascão ","9",0,0,0,"9","7.8","Efectivo","","Lucas",""
"16232-2","Sale","05/31/2026 4:17 PM",1,1,"1xCascão ","9",0,0,0,"9","7.8","Pix","","Lucas",""
"16233-2","Sale","05/31/2026 4:17 PM",3,3,"1xChurros de chocolate , 1xCasquinha , 1xMilkshake 500ml","33",0,0,0,"33","8","Pix","","Lucas",""
"16234-2","Sale","05/31/2026 4:27 PM",1,3,"3xCasquinha ","21",0,0,0,"21","18","Efectivo","","Lucas",""
"16235-2","Sale","05/31/2026 4:33 PM",3,4,"2xChurros de chocolate , 1xCrepe suíço salgado , 1xCasquinha ","37",0,0,0,"37","12","Pix","","Lucas",""
"16236-2","Sale","05/31/2026 4:33 PM",1,3,"3xCrepe suíço salgado ","30",0,0,0,"30","6","Efectivo","","Lucas",""
"16237-2","Sale","05/31/2026 4:38 PM",1,1,"1xCascão ","9",0,0,0,"9","7.8","Tarjeta Crédito","","Lucas",""
"16238-2","Sale","05/31/2026 4:48 PM",1,1,"1xCasquinha ","7",0,0,0,"7","6","Efectivo","","Lucas",""
"16239-2","Sale","05/31/2026 4:48 PM",1,2,"2xMilkshake 300ml","22",0,0,0,"22","2","Tarjeta Crédito","","Lucas",""
"16240-2","Sale","05/31/2026 4:52 PM",1,1,"1xMilkshake 500ml","16",0,0,0,"16",0,"Tarjeta Crédito","","Lucas",""
"16241-2","Sale","05/31/2026 4:56 PM",2,2,"1xMilkshake 400ml, 1xMilkshake 300ml","25",0,0,0,"25","2","Tarjeta Débito","","Lucas",""
"16242-2","Sale","05/31/2026 4:59 PM",1,1,"1xRefri 310ml","7",2,0,0,"5","-1","Efectivo","","Lucas",""
"16243-2","Sale","05/31/2026 5:20 PM",1,1,"1xChurros de chocolate ","10",0,0,0,"10","2","Pix","","Lucas",""
"16244-2","Sale","05/31/2026 5:20 PM",1,1,"1xÁgua sem gás ","4",0,0,0,"4",0,"Pix","","Lucas",""
"16245-2","Sale","05/31/2026 5:21 PM",2,2,"1xCrepe suíço salgado , 1xCrepe suíço doce","21",0,0,0,"21","5","Tarjeta Crédito","","Lucas",""
"16246-2","Sale","05/31/2026 5:34 PM",2,3,"2xChurros doce de leite , 1xChurros de chocolate ","30",0,0,0,"30","6","Tarjeta Crédito","","Lucas",""
"16247-2","Sale","05/31/2026 5:37 PM",1,1,"1xMilkshake 300ml","11",0,0,0,"11","1","Tarjeta Débito","","Lucas",""
"16248-2","Sale","05/31/2026 5:45 PM",2,2,"1xMilkshake 300ml, 1xCasquinha ","18",0,0,0,"18","7","Efectivo","","Lucas",""
"16250-2","Sale","05/31/2026 5:59 PM",1,1,"1xCasquinha ","7",0,0,0,"7","6","Pix","","Lucas",""
"16251-2","Sale","05/31/2026 6:27 PM",1,1,"1xMilkshake 300ml","11",0,0,0,"11","1","Pix","","Lucas",""
"16249-2","Sale","05/31/2026 5:46 PM",1,1,"1xCascão ","9",0,0,0,"9","7.8","Pix","","Lucas",""
"16252-2","Sale","06/01/2026 1:57 PM",1,2,"2xCasquinha ","14",0,0,0,"14","12","Efectivo","","Lucas",""
"16253-2","Sale","06/01/2026 2:26 PM",1,1,"1xÁgua sem gás ","4",0,0,0,"4",0,"Efectivo","","Lucas",""
"16254-2","Sale","06/01/2026 2:44 PM",1,1,"1xCopo 150ml","7",0,0,0,"7","1","Efectivo","","Lucas",""
"16255-2","Sale","06/01/2026 2:51 PM",1,2,"2xCasquinha ","14",0,0,0,"14","12","Efectivo","","Lucas",""
"16256-2","Sale","06/01/2026 3:00 PM",2,2,"1xCasquinha , 1xCascão ","16",0,0,0,"16","13.8","Efectivo","","Lucas",""
"16257-2","Sale","06/01/2026 3:03 PM",2,3,"1xCopo 200ml, 2xCascão ","27",0,0,0,"27","16.6","Pix","","Lucas",""
"16258-2","Sale","06/01/2026 3:07 PM",3,3,"1xChurros doce de leite , 1xCrepe suíço doce, 1xÁgua sem gás ","25",0,0,0,"25","5","Tarjeta Débito","","Lucas",""
"16259-2","Sale","06/01/2026 3:15 PM",1,1,"1xRefri 310ml","7",0,0,0,"7","1","Efectivo","","Lucas",""
"16260-2","Sale","06/01/2026 3:19 PM",1,2,"2xChurros doce de leite ","20",0,0,0,"20","4","Pix","","Lucas",""
"16261-2","Sale","06/01/2026 3:21 PM",1,2,"2xÁgua sem gás ","8",0,0,0,"8",0,"Tarjeta Débito","","Lucas",""
"16262-2","Sale","06/01/2026 3:32 PM",2,2,"1xChurros de chocolate , 1xCombo 1","25",0,0,0,"25","3","Efectivo","","Lucas",""
"16263-2","Sale","06/01/2026 3:34 PM",1,1,"1xChurros doce de leite ","10",0,0,0,"10","2","Efectivo","","Lucas",""
"16264-2","Sale","06/01/2026 3:41 PM",1,1,"1xCrepe suíço salgado ","10",0,0,0,"10","2","Efectivo","","Lucas",""
"16265-2","Sale","06/01/2026 3:54 PM",1,1,"1xCrepe suíço salgado ","10",0,0,0,"10","2","Pix","","Lucas",""
"16266-2","Sale","06/01/2026 4:10 PM",1,1,"1xCasquinha ","7",0,0,0,"7","6","Efectivo","","Lucas",""
"16267-2","Sale","06/01/2026 4:24 PM",1,2,"2xCasquinha ","14",0,0,0,"14","12","Efectivo","","Lucas",""
"16268-2","Sale","06/01/2026 4:26 PM",1,1,"1xCasquinha ","7",0,0,0,"7","6","Tarjeta Débito","","Lucas",""
"16269-2","Sale","06/01/2026 4:32 PM",1,1,"1xCasquinha ","7",0,0,0,"7","6","Efectivo","","Lucas",""
"16270-2","Sale","06/01/2026 4:33 PM",1,1,"1xMisto quente","8",0,0,0,"8",0,"Tarjeta Débito","","Lucas",""
"16271-2","Sale","06/01/2026 4:37 PM",1,2,"2xCrepe suíço salgado ","20",0,0,0,"20","4","Efectivo","","Lucas",""
"16272-2","Sale","06/01/2026 4:41 PM",1,1,"1xChurros de chocolate ","10",0,0,0,"10","2","Tarjeta Débito","","Lucas",""
"16273-2","Sale","06/01/2026 4:53 PM",1,1,"1xRefri 310ml","7",0,0,0,"7","1","Tarjeta Crédito","","Lucas",""
"16274-2","Sale","06/01/2026 5:08 PM",3,3,"1xÁgua sem gás , 1xCombo 3, 1xChurros doce de leite ","29",0,0,0,"29","3","Pix","","Lucas",""
"16275-2","Sale","06/01/2026 5:40 PM",1,1,"1xCasquinha ","7",0,0,0,"7","6","Tarjeta Débito","","Lucas",""
"16276-2","Sale","06/01/2026 5:48 PM",1,1,"1xÁgua sem gás ","4",0,0,0,"4",0,"Tarjeta Débito","","Lucas",""
"16277-2","Sale","06/01/2026 5:51 PM",1,2,"2xÁgua sem gás ","8",0,0,0,"8",0,"Tarjeta Crédito","","Lucas",""
"16278-2","Sale","06/01/2026 6:00 PM",1,1,"1xMisto quente","8",0,0,0,"8",0,"Otros","","Lucas",""
"16279-2","Sale","06/01/2026 6:09 PM",2,3,"1xChocolate quente 180ml, 2xCasquinha ","24",0,0,0,"24","17","Pix","","Lucas",""
"16280-2","Sale","06/01/2026 6:26 PM",1,2,"2xMilkshake 300ml","22",0,0,0,"22","2","Pix","","Lucas",""
"16281-2","Sale","06/01/2026 6:26 PM",1,1,"1xÁgua com gás ","4.5",0,0,0,"4.5","3.3","Efectivo","","Lucas",""
"16282-2","Sale","06/01/2026 6:52 PM",1,1,"1xChurros de chocolate ","10",0,0,0,"10","2","Efectivo","","Lucas",""
"16283-2","Sale","06/02/2026 2:22 PM",1,1,"1xMilkshake 300ml","11",0,0,0,"11","1","Efectivo","","Lucas",""
"16284-2","Sale","06/02/2026 2:25 PM",1,2,"2xMilkshake 500ml","32",0,0,0,"32",0,"Pix","","Lucas",""
"16285-2","Sale","06/02/2026 2:43 PM",1,1,"1xMilkshake 300ml","11",0,0,0,"11","1","Pix","","Lucas",""
"16286-2","Sale","06/02/2026 2:47 PM",2,4,"1xCascão , 3xMilkshake 400ml","51",0,0,0,"51","10.8","Pix","","Lucas",""
"16287-2","Sale","06/02/2026 2:52 PM",1,2,"2xMilkshake 300ml","22",0,0,0,"22","2","Pix","","Lucas",""
"16288-2","Sale","06/02/2026 2:56 PM",2,4,"3xMilkshake 300ml, 1xCasquinha ","40",0,0,0,"40","9","Efectivo","","Lucas",""
"16289-2","Sale","06/02/2026 3:01 PM",1,1,"1xCascão ","9",0,0,0,"9","7.8","Efectivo","","Lucas",""
"16290-2","Sale","06/02/2026 3:04 PM",2,2,"1xCopo 150ml, 1xCascão ","16",0,0,0,"16","8.8","Efectivo","","Lucas",""
"16291-2","Sale","06/02/2026 3:06 PM",2,2,"1xCasquinha , 1xMilkshake 400ml","21",0,0,0,"21","7","Tarjeta Débito","","Lucas",""
"16292-2","Sale","06/02/2026 3:07 PM",1,2,"2xCasquinha ","14",0,0,0,"14","12","Pix","","Lucas",""
"16293-2","Sale","06/02/2026 3:21 PM",1,1,"1xCasquinha ","7",0,0,0,"7","6","Efectivo","","Lucas",""
"16294-2","Sale","06/02/2026 3:27 PM",1,1,"1xChurros de chocolate ","10",0,0,0,"10","2","Efectivo","","Lucas",""
"16295-2","Sale","06/02/2026 3:37 PM",2,2,"1xÁgua com gás , 1xCasquinha ","11.5",0,0,0,"11.5","9.3","Pix","","Lucas",""
"16296-2","Sale","06/02/2026 3:38 PM",2,2,"1xCasquinha , 1xCascão ","16",0,0,0,"16","13.8","Efectivo","","Lucas",""
"16297-2","Sale","06/02/2026 3:39 PM",1,1,"1xCombo 2","16",0,0,0,"16","1","Otros","","Lucas",""
"16298-2","Sale","06/02/2026 4:09 PM",2,2,"1xCasquinha , 1xCascão ","16",0,0,0,"16","13.8","Efectivo","","Lucas",""
"16299-2","Sale","06/02/2026 4:10 PM",1,1,"1xChurros de chocolate ","10",0,0,0,"10","2","Tarjeta Débito","","Lucas",""
"16300-2","Sale","06/02/2026 4:16 PM",1,1,"1xMilkshake 400ml","14",0,0,0,"14","1","Pix","","Lucas",""
"16301-2","Sale","06/02/2026 4:21 PM",1,1,"1xCrepe suíço doce","11",0,0,0,"11","3","Venta a crédito","Carol","Lucas",""
"16302-2","Sale","06/02/2026 4:26 PM",1,1,"1xMilkshake 500ml","16",0,0,0,"16",0,"Efectivo","","Lucas",""
"16303-2","Sale","06/02/2026 4:28 PM",2,2,"1xCrepe suíço salgado , 1xChurros  + chocolate quente ","28",0,0,0,"28","3","Tarjeta Crédito","","Lucas",""
"16304-2","Sale","06/02/2026 4:38 PM",1,1,"1xChurros de chocolate ","10",0,0,0,"10","2","Tarjeta Débito","","Lucas",""
"16305-2","Sale","06/02/2026 4:38 PM",1,1,"1xCrepe suíço salgado ","10",0,0,0,"10","2","Efectivo","","Lucas",""
"16306-2","Sale","06/02/2026 4:43 PM",1,1,"1xCafe com Leite 180ml","7",0,0,0,"7",0,"Pix","","Lucas",""
"16307-2","Sale","06/02/2026 5:16 PM",1,1,"1xChurros de chocolate ","10",0,0,0,"10","2","Efectivo","","Lucas",""
"16308-2","Sale","06/02/2026 5:24 PM",1,1,"1xChurros doce de leite ","10",0,0,0,"10","2","Efectivo","","Lucas",""
"16309-2","Sale","06/02/2026 5:25 PM",1,1,"1xRefri 310ml","7",0,0,0,"7","1","Tarjeta Crédito","","Lucas",""
"16310-2","Sale","06/02/2026 5:47 PM",1,1,"1xCascão ","9",0,0,0,"9","7.8","Efectivo","","Lucas",""
"16311-2","Sale","06/02/2026 5:49 PM",1,1,"1xMilkshake 400ml","14",0,0,0,"14","1","Tarjeta Débito","","Lucas",""
"16312-2","Sale","06/02/2026 5:54 PM",1,1,"1xÁgua com gás ","4.5",0,0,0,"4.5","3.3","Pix","","Lucas",""
"16313-2","Sale","06/02/2026 6:16 PM",1,1,"1xMilkshake 300ml","11",0,0,0,"11","1","Tarjeta Crédito","","Lucas",""
"16319-2","Sale","06/03/2026 2:56 PM",1,1,"1xCasquinha ","7",0,0,0,"7","6","Tarjeta Débito","","Lucas",""
"16314-2","Sale","06/03/2026 2:12 PM",1,1,"1xRefri 310ml","7",0,0,0,"7","1","Pix","","Lucas",""
"16315-2","Sale","06/03/2026 2:21 PM",1,1,"1xÁgua sem gás ","4",0,0,0,"4",0,"Pix","","Lucas",""
"16317-2","Sale","06/03/2026 2:53 PM",1,1,"1xChurros doce de leite ","10",0,0,0,"10","2","Tarjeta Débito","","Lucas",""
"16318-2","Sale","06/03/2026 2:55 PM",1,1,"1xCasquinha ","7",0,0,0,"7","6","Pix","","Lucas",""
"16322-2","Sale","06/03/2026 3:50 PM",1,1,"1xCascão ","9",0,0,0,"9","7.8","Efectivo","","Lucas",""
"16323-2","Sale","06/03/2026 4:06 PM",1,1,"1xChocolate quente 180ml","10",5,0,0,"5",0,"Efectivo","","Lucas",""
"16324-2","Sale","06/03/2026 4:20 PM",1,2,"2xCascão ","18",0,0,0,"18","15.6","Tarjeta Débito","","Lucas",""
"16325-2","Sale","06/03/2026 4:22 PM",1,3,"3xCrepe suíço salgado ","30",0,0,0,"30","6","Efectivo","","Lucas",""
"16326-2","Sale","06/03/2026 4:28 PM",1,1,"1xRefri 310ml","7",0,0,0,"7","1","Pix","","Lucas",""
"16327-2","Sale","06/03/2026 4:36 PM",2,2,"1xCrepe suíço salgado , 1xCrepe suíço doce","21",0,0,0,"21","5","Efectivo","","Lucas",""
"16328-2","Sale","06/03/2026 5:27 PM",1,1,"1xMilkshake 300ml","11",0,0,0,"11","1","Tarjeta Débito","","Lucas",""
"16329-2","Sale","06/03/2026 5:54 PM",1,1,"1xCrepe suíço salgado ","10",0,0,0,"10","2","Otros","","Lucas",""
"16330-2","Sale","06/03/2026 5:57 PM",2,2,"1xChurros de chocolate , 1xChurros doce de leite ","20",0,0,0,"20","4","Tarjeta Crédito","","Lucas",""
"16331-2","Sale","06/03/2026 5:59 PM",1,2,"2xCrepe suíço salgado ","20",0,0,0,"20","4","Pix","","Lucas",""
"16332-2","Sale","06/03/2026 6:14 PM",1,1,"1xChurros de chocolate ","10",0,0,0,"10","2","Pix","","Lucas",""
"16334-2","Sale","06/03/2026 6:34 PM",1,2,"2xMilkshake 300ml","22",0,0,0,"22","2","Pix","","Lucas",""
"16335-2","Sale","06/03/2026 6:42 PM",1,1,"1xCrepe suíço doce","11",0,0,0,"11","3","Tarjeta Débito","","Lucas",""
"16336-2","Sale","06/03/2026 7:03 PM",1,1,"1xMilkshake 300ml","11",0,0,0,"11","1","Efectivo","","Lucas",""
"16321-2","Sale","06/03/2026 3:33 PM",1,1,"1xCasquinha ","7",0,0,0,"7","6","Efectivo","","Lucas",""
"16316-2","Sale","06/03/2026 2:52 PM",1,1,"1xMilkshake 500ml","16",0,0,0,"16",0,"Efectivo","","Lucas",""
"16320-2","Sale","06/03/2026 3:30 PM",1,1,"1xChurros doce de leite ","10",0,0,0,"10","2","Efectivo","","Lucas",""
"16337-2","Sale","06/04/2026 10:44 AM",1,1,"1xCopo 200ml","9",0,0,0,"9","1","Tarjeta Débito","","Lucas",""
"16338-2","Sale","06/04/2026 10:49 AM",1,1,"1xCasquinha ","7",0,0,0,"7","6","Tarjeta Débito","","Lucas",""
"16339-2","Sale","06/04/2026 11:25 AM",1,1,"1xCasquinha ","7",0,0,0,"7","6","Efectivo","","Lucas",""
"16340-2","Sale","06/04/2026 12:05 PM",1,1,"1xCopo 150ml","7",0,0,0,"7","1","Efectivo","","Lucas",""
"16341-2","Sale","06/04/2026 12:12 PM",1,1,"1xMilkshake 500ml","16",0,0,0,"16",0,"Tarjeta Crédito","","Lucas",""
"16342-2","Sale","06/04/2026 12:17 PM",1,1,"1xÁgua sem gás ","4",0,0,0,"4",0,"Pix","","Lucas",""
"16343-2","Sale","06/04/2026 12:17 PM",1,1,"1xÁgua sem gás ","4",0,0,0,"4",0,"Efectivo","","Lucas",""
"16344-2","Sale","06/04/2026 12:18 PM",1,1,"1xRefri 310ml","7",0,0,0,"7","1","Efectivo","","Lucas",""
"16345-2","Sale","06/04/2026 12:20 PM",1,1,"1xMilkshake 300ml","11",0,0,0,"11","1","Efectivo","","Lucas",""
"16346-2","Sale","06/04/2026 12:37 PM",1,2,"2xCasquinha ","14",1,0,0,"13","11","Efectivo","","Lucas",""
"16348-2","Sale","06/04/2026 12:55 PM",1,1,"1xMilkshake 500ml","16",0,0,0,"16",0,"Tarjeta Crédito","","Lucas",""
"16349-2","Sale","06/04/2026 1:27 PM",1,1,"1xCasquinha ","7",0,0,0,"7","6","Pix","","Lucas",""
"16350-2","Sale","06/04/2026 1:38 PM",1,1,"1xMilkshake 500ml","16",0,0,0,"16",0,"Tarjeta Débito","","Lucas",""
"16351-2","Sale","06/04/2026 1:47 PM",1,2,"2xChurros de chocolate ","20",0,0,0,"20","4","Efectivo","","Lucas",""
"16352-2","Sale","06/04/2026 1:50 PM",2,4,"2xCasquinha , 2xCascão ","32",0,0,0,"32","27.6","Pix","","Lucas",""
"16353-2","Sale","06/04/2026 1:56 PM",1,1,"1xÁgua sem gás ","4",0,0,0,"4",0,"Pix","","Lucas",""
"16354-2","Sale","06/04/2026 1:57 PM",2,2,"1xCasquinha , 1xÁgua com gás ","11.5",0,0,0,"11.5","9.3","Tarjeta Débito","","Lucas",""
"16355-2","Sale","06/04/2026 2:04 PM",1,2,"2xÁgua sem gás ","8",0,0,0,"8",0,"Tarjeta Débito","","Lucas",""
"16356-2","Sale","06/04/2026 2:10 PM",2,2,"1xMilkshake 300ml, 1xChurros doce de leite ","21",0,0,0,"21","3","Tarjeta Crédito","","Lucas",""
"16357-2","Sale","06/04/2026 2:11 PM",2,2,"1xCasquinha , 1xCascão ","16",0,0,0,"16","13.8","Tarjeta Crédito","","Lucas",""
"16358-2","Sale","06/04/2026 2:36 PM",1,1,"1xÁgua sem gás ","4",0,0,0,"4",0,"Tarjeta Débito","","Lucas",""
"16360-2","Sale","06/04/2026 2:42 PM",1,1,"1xÁgua sem gás ","4",0,0,0,"4",0,"Efectivo","","Lucas",""
"16359-2","Sale","06/04/2026 2:37 PM",1,1,"1xChurros doce de leite ","10",0,0,0,"10","2","Tarjeta Crédito","","Lucas",""
"16361-2","Sale","06/04/2026 2:48 PM",1,1,"1xÁgua sem gás ","4",0,0,0,"4",0,"Efectivo","","Lucas",""
"16362-2","Sale","06/04/2026 3:07 PM",1,2,"2xÁgua com gás ","9",0,0,0,"9","6.6","Efectivo","","Lucas",""
"16363-2","Sale","06/04/2026 3:15 PM",1,2,"2xCasquinha ","14",0,0,0,"14","12","Tarjeta Crédito","","Lucas",""
"16364-2","Sale","06/04/2026 3:23 PM",3,4,"2xMilkshake 300ml, 1xCasquinha , 1xÁgua sem gás ","33",0,0,0,"33","8","Tarjeta Crédito","","Lucas",""
"16365-2","Sale","06/04/2026 3:23 PM",1,1,"1xRefri 310ml","7",0,0,0,"7","1","Efectivo","","Lucas",""
"16366-2","Sale","06/04/2026 3:26 PM",1,1,"1xMilkshake 500ml","16",0,0,0,"16",0,"Efectivo","","Lucas",""
"16367-2","Sale","06/04/2026 3:37 PM",1,2,"2xRefri 310ml","14",0,0,0,"14","2","Tarjeta Débito","","Lucas",""
"16368-2","Sale","06/04/2026 3:38 PM",1,1,"1xCasquinha ","7",0,0,0,"7","6","Tarjeta Débito","","Lucas",""
"16369-2","Sale","06/04/2026 3:40 PM",1,1,"1xChurros de chocolate ","10",0,0,0,"10","2","Pix","","Lucas",""
"16370-2","Sale","06/04/2026 3:41 PM",1,1,"1xÁgua sem gás ","4",0,0,0,"4",0,"Tarjeta Débito","","Lucas",""
"16371-2","Sale","06/04/2026 3:44 PM",1,4,"4xCasquinha ","28",0,0,0,"28","24","Tarjeta Débito","","Lucas",""
"16372-2","Sale","06/04/2026 3:50 PM",1,4,"4xCasquinha ","28",0,0,0,"28","24","Pix","","Lucas",""
"16373-2","Sale","06/04/2026 3:56 PM",1,1,"1xMilkshake 500ml","16",0,0,0,"16",0,"Tarjeta Débito","","Lucas",""
"16374-2","Sale","06/04/2026 4:01 PM",1,2,"2xCasquinha ","14",0,0,0,"14","12","Pix","","Lucas",""
"16376-2","Sale","06/04/2026 4:05 PM",2,3,"2xCasquinha , 1xMilkshake 500ml","30",0,0,0,"30","12","Tarjeta Débito","","Lucas",""
"16377-2","Sale","06/04/2026 4:09 PM",1,3,"3xCasquinha ","21",0,0,0,"21","18","Pix","","Lucas",""
"16378-2","Sale","06/04/2026 4:10 PM",1,2,"2xCasquinha ","14",0,0,0,"14","12","Tarjeta Crédito","","Lucas",""
"16379-2","Sale","06/04/2026 4:11 PM",1,1,"1xCascão ","9",0,0,0,"9","7.8","Pix","","Lucas",""
"16380-2","Sale","06/04/2026 4:15 PM",2,3,"2xMilkshake 300ml, 1xCasquinha ","29",0,0,0,"29","8","Tarjeta Débito","","Lucas",""
"16381-2","Sale","06/04/2026 4:15 PM",2,4,"2xCasquinha , 2xÁgua com gás ","23",0,0,0,"23","18.6","Tarjeta Débito","","Lucas",""
"16382-2","Sale","06/04/2026 4:17 PM",2,2,"1xCombo 1, 1xCasquinha ","22",0,0,0,"22","7","Otros","","Lucas",""
"16383-2","Sale","06/04/2026 4:24 PM",2,2,"1xCascão , 1xCasquinha ","16",0,0,0,"16","13.8","Efectivo","","Lucas",""
"16384-2","Sale","06/04/2026 4:26 PM",1,1,"1xMilkshake 500ml","16",0,0,0,"16",0,"Tarjeta Débito","","Lucas",""
"16385-2","Sale","06/04/2026 4:28 PM",2,3,"1xMilkshake 300ml, 2xÁgua sem gás ","19",0,0,0,"19","1","Tarjeta Crédito","","Lucas",""
"16386-2","Sale","06/04/2026 4:33 PM",1,1,"1xCasquinha ","7",0,0,0,"7","6","Otros","","Lucas",""
"16387-2","Sale","06/04/2026 4:35 PM",1,1,"1xCasquinha ","7",0,0,0,"7","6","Pix","","Lucas",""
"16388-2","Sale","06/04/2026 4:36 PM",1,2,"2xCasquinha ","14",0,0,0,"14","12","Tarjeta Crédito","","Lucas",""
"16389-2","Sale","06/04/2026 4:38 PM",2,2,"1xCombo 3, 1xCascão ","24",0,0,0,"24","8.8","Efectivo","","Lucas",""
"16390-2","Sale","06/04/2026 4:44 PM",1,2,"2xCasquinha ","14",0,0,0,"14","12","Pix","","Lucas",""
"16391-2","Sale","06/04/2026 4:45 PM",1,1,"1xRefri 310ml","7",0,0,0,"7","1","Efectivo","","Lucas",""
"16392-2","Sale","06/04/2026 4:47 PM",1,1,"1xMilkshake 400ml","14",0,0,0,"14","1","Efectivo","","Lucas",""
"16393-2","Sale","06/04/2026 4:51 PM",1,1,"1xÁgua sem gás ","4",0,0,0,"4",0,"Pix","","Lucas",""
"16394-2","Sale","06/04/2026 5:00 PM",2,3,"2xMilkshake 300ml, 1xCrepe suíço doce","33",0,0,0,"33","5","Pix","","Lucas",""
"16395-2","Sale","06/04/2026 5:05 PM",1,2,"2xMilkshake 300ml","22",0,0,0,"22","2","Tarjeta Débito","","Lucas",""
"16396-2","Sale","06/04/2026 5:05 PM",1,1,"1xChurros de chocolate ","10",0,0,0,"10","2","Tarjeta Débito","","Lucas",""
"16397-2","Sale","06/04/2026 5:06 PM",2,3,"1xCrepe suíço salgado , 2xCrepe suíço doce","32",0,0,0,"32","8","Pix","","Lucas",""
"16398-2","Sale","06/04/2026 5:10 PM",1,1,"1xRefri 310ml","7",0,0,0,"7","1","Efectivo","","Lucas",""
"16399-2","Sale","06/04/2026 5:17 PM",2,3,"2xCascão , 1xMilkshake 300ml","29",0,0,0,"29","16.6","Efectivo","","Lucas",""
"16400-2","Sale","06/04/2026 5:20 PM",2,3,"2xCopo 150ml, 1xCasquinha ","21",0,0,0,"21","8","Tarjeta Débito","","Lucas",""
"16401-2","Sale","06/04/2026 5:22 PM",1,1,"1xCrepe suíço doce","11",0,0,0,"11","3","Efectivo","","Lucas",""
"16402-2","Sale","06/04/2026 5:25 PM",1,1,"1xCrepe suíço salgado ","10",0,0,0,"10","2","Tarjeta Crédito","","Lucas",""
"16403-2","Sale","06/04/2026 5:30 PM",1,1,"1xMilkshake 300ml","11",0,0,0,"11","1","Tarjeta Débito","","Lucas",""
"16404-2","Sale","06/04/2026 5:31 PM",1,1,"1xCopo 150ml","7",0,0,0,"7","1","Efectivo","","Lucas",""
"16405-2","Sale","06/04/2026 5:34 PM",1,1,"1xCrepe suíço salgado ","10",0,0,0,"10","2","Tarjeta Débito","","Lucas",""
"16406-2","Sale","06/04/2026 5:38 PM",1,1,"1xCascão ","9",0,0,0,"9","7.8","Efectivo","","Lucas",""
"16407-2","Sale","06/04/2026 5:38 PM",1,1,"1xMilkshake 400ml","14",0,0,0,"14","1","Efectivo","","Lucas",""
"16408-2","Sale","06/04/2026 5:50 PM",2,2,"1xCrepe suíço salgado , 1xChurros de chocolate ","20",0,0,0,"20","4","Efectivo","","Lucas",""
"16409-2","Sale","06/04/2026 5:58 PM",1,2,"2xChurros doce de leite ","20",0,0,0,"20","4","Efectivo","","Lucas",""
"16410-2","Sale","06/04/2026 6:09 PM",1,1,"1xChurros de chocolate ","10",0,0,0,"10","2","Pix","","Lucas",""
"16411-2","Sale","06/04/2026 6:11 PM",2,2,"1xCasquinha , 1xCascão ","16",0,0,0,"16","13.8","Tarjeta Débito","","Lucas",""
"16412-2","Sale","06/04/2026 6:12 PM",2,2,"1xCrepe suíço salgado , 1xChocolate quente 180ml","20",10,0,0,"10","-3","Pix","","Lucas",""
"16413-2","Sale","06/04/2026 6:12 PM",1,1,"1xChurros doce de leite ","10",0,0,0,"10","2","Tarjeta Crédito","","Lucas",""
"16414-2","Sale","06/04/2026 6:26 PM",1,1,"1xMilkshake 300ml","11",0,0,0,"11","1","Pix","","Lucas",""
"16415-2","Sale","06/05/2026 1:21 PM",1,2,"2xChurros doce de leite ","20",0,0,0,"20","4","Efectivo","","Lucas",""
"16416-2","Sale","06/05/2026 1:21 PM",1,1,"1xRefri 310ml","7",0,0,0,"7","1","Efectivo","","Lucas",""
"16417-2","Sale","06/05/2026 1:35 PM",1,2,"2xCasquinha ","14",0,0,0,"14","12","Tarjeta Débito","","Lucas",""
"16418-2","Sale","06/05/2026 1:41 PM",1,1,"1xÁgua sem gás ","4",0,0,0,"4",0,"Tarjeta Débito","","Lucas",""
"16419-2","Sale","06/05/2026 1:45 PM",1,1,"1xCascão ","9",0,0,0,"9","7.8","Tarjeta Crédito","","Lucas",""
"16420-2","Sale","06/05/2026 1:56 PM",1,1,"1xÁgua com gás ","4.5",0,0,0,"4.5","3.3","Tarjeta Crédito","","Lucas",""
"16421-2","Sale","06/05/2026 2:15 PM",1,1,"1xCasquinha ","7",0,0,0,"7","6","Efectivo","","Lucas",""
"16422-2","Sale","06/05/2026 2:32 PM",1,1,"1xChurros doce de leite ","10",0,0,0,"10","2","Efectivo","","Lucas",""
"16423-2","Sale","06/05/2026 2:35 PM",1,1,"1xRefri 310ml","7",0,0,0,"7","1","Tarjeta Débito","","Lucas",""
"16424-2","Sale","06/05/2026 2:39 PM",2,2,"1xChurros de chocolate , 1xCasquinha ","17",0,0,0,"17","8","Pix","","Lucas",""
"16425-2","Sale","06/05/2026 2:41 PM",2,2,"1xCombo 1, 1xCrepe suíço salgado ","25",0,0,0,"25","3","Efectivo","","Lucas",""
"16426-2","Sale","06/05/2026 2:45 PM",1,1,"1xCascão ","9",0,0,0,"9","7.8","Tarjeta Crédito","","Lucas",""
"16427-2","Sale","06/05/2026 2:51 PM",1,1,"1xCrepe suíço doce","11",0,0,0,"11","3","Efectivo","","Lucas",""
"16428-2","Sale","06/05/2026 3:03 PM",1,1,"1xChurros de chocolate ","10",0,0,0,"10","2","Otros","","Lucas",""
"16429-2","Sale","06/05/2026 3:09 PM",1,1,"1xRefri 310ml","7",0,0,0,"7","1","Tarjeta Débito","","Lucas",""
"16430-2","Sale","06/05/2026 3:17 PM",1,3,"3xÁgua sem gás ","12",0,0,0,"12",0,"Efectivo","","Lucas",""
"16431-2","Sale","06/05/2026 3:26 PM",1,1,"1xMilkshake 500ml","16",0,0,0,"16",0,"Tarjeta Débito","","Lucas",""
"16432-2","Sale","06/05/2026 3:34 PM",1,1,"1xMilkshake 500ml","16",0,0,0,"16",0,"Efectivo","","Lucas",""
"16433-2","Sale","06/05/2026 3:37 PM",2,2,"1xCasquinha , 1xMilkshake 500ml","23",0,0,0,"23","6","Pix","","Lucas",""
"16434-2","Sale","06/05/2026 3:37 PM",1,1,"1xCrepe suíço doce","11",0,0,0,"11","3","Otros","","Lucas",""
"16435-2","Sale","06/05/2026 3:45 PM",1,2,"2xChurros de chocolate ","20",0,0,0,"20","4","Pix","","Lucas",""
"16436-2","Sale","06/05/2026 3:48 PM",1,1,"1xChurros doce de leite ","10",0,0,0,"10","2","Pix","","Lucas",""
"16437-2","Sale","06/05/2026 3:56 PM",1,1,"1xCasquinha ","7",0,0,0,"7","6","Efectivo","","Lucas",""
"16438-2","Sale","06/05/2026 3:57 PM",1,2,"2xÁgua sem gás ","8",0,0,0,"8",0,"Efectivo","","Lucas",""
"16439-2","Sale","06/05/2026 3:57 PM",1,1,"1xChurros de chocolate ","10",0,0,0,"10","2","Tarjeta Crédito","","Lucas",""
"16440-2","Sale","06/05/2026 3:58 PM",1,1,"1xCrepe suíço salgado ","10",0,0,0,"10","2","Otros","","Lucas",""
"16441-2","Sale","06/05/2026 4:04 PM",1,1,"1xMilkshake 300ml","11",0,0,0,"11","1","Efectivo","","Lucas",""
"16442-2","Sale","06/05/2026 4:05 PM",1,1,"1xCasquinha ","7",0,0,0,"7","6","Efectivo","","Lucas",""
"16443-2","Sale","06/05/2026 4:12 PM",1,1,"1xÁgua sem gás ","4",0,0,0,"4",0,"Pix","","Lucas",""
"16444-2","Sale","06/05/2026 4:17 PM",1,1,"1xRefri 310ml","7",2,0,0,"5","-1","Otros","","Lucas",""
"16445-2","Sale","06/05/2026 4:20 PM",1,1,"1xÁgua com gás ","4.5",0,0,0,"4.5","3.3","Efectivo","","Lucas",""
"16446-2","Sale","06/05/2026 4:26 PM",1,1,"1xCascão ","9",0,0,0,"9","7.8","Efectivo","","Lucas",""
"16447-2","Sale","06/05/2026 4:28 PM",3,3,"1xCasquinha , 1xÁgua sem gás , 1xCascão ","20",0,0,0,"20","13.8","Tarjeta Crédito","","Lucas",""
"16448-2","Sale","06/05/2026 4:31 PM",1,2,"2xCasquinha ","14",0,0,0,"14","12","Efectivo","","Lucas",""
"16449-2","Sale","06/05/2026 4:34 PM",2,2,"1xCopo 150ml, 1xMilkshake 400ml","21",0,0,0,"21","2","Tarjeta Débito","","Lucas",""
"16450-2","Sale","06/05/2026 4:34 PM",1,1,"1xCombo 2","16",0,0,0,"16","1","Otros","","Lucas",""
"16451-2","Sale","06/05/2026 4:37 PM",1,2,"2xChurros doce de leite ","20",0,0,0,"20","4","Tarjeta Débito","","Lucas",""
"16452-2","Sale","06/05/2026 4:56 PM",1,1,"1xCasquinha ","7",0,0,0,"7","6","Efectivo","","Lucas",""
"16453-2","Sale","06/05/2026 5:02 PM",2,2,"1xMilkshake 400ml, 1xÁgua sem gás ","18",0,0,0,"18","1","Pix","","Lucas",""
"16454-2","Sale","06/05/2026 5:07 PM",1,2,"2xChurros doce de leite ","20",0,0,0,"20","4","Efectivo","","Lucas",""
"16455-2","Sale","06/05/2026 5:15 PM",1,1,"1xChurros de chocolate ","10",0,0,0,"10","2","Pix","","Lucas",""
"16456-2","Sale","06/05/2026 5:47 PM",2,3,"2xChurros doce de leite , 1xCasquinha ","27",0,0,0,"27","10","Tarjeta Débito","","Lucas",""
"16457-2","Sale","06/05/2026 6:03 PM",1,1,"1xCrepe suíço doce","11",0,0,0,"11","3","Tarjeta Débito","","Lucas",""
"16458-2","Sale","06/05/2026 6:12 PM",2,2,"1xCombo 1, 1xCombo 3","30",0,0,0,"30","2","Tarjeta Crédito","","Lucas",""
"16459-2","Sale","06/05/2026 6:30 PM",3,3,"1xChurros doce de leite , 1xCombo 3, 1xChurros de chocolate ","35",0,0,0,"35","5","Tarjeta Crédito","","Lucas",""
"16460-2","Sale","06/05/2026 6:39 PM",1,2,"2xCrepe suíço salgado ","20",2,0,0,"18","2","Tarjeta Crédito","","Lucas",""
"16461-2","Sale","06/06/2026 10:41 AM",2,2,"1xChurros doce de leite , 1xChurros de chocolate ","20",0,0,0,"20","4","Efectivo","","Lucas",""
"16462-2","Sale","06/06/2026 10:43 AM",1,2,"2xChocolate quente 180ml","20",10,0,0,"10",0,"Efectivo","","Lucas",""
"16463-2","Sale","06/06/2026 10:57 AM",2,2,"1xCrepe suíço salgado , 1xCrepe suíço doce","21",0,0,0,"21","5","Pix","","Lucas",""
"16464-2","Sale","06/06/2026 11:14 AM",1,2,"2xÁgua sem gás ","8",0,0,0,"8",0,"Tarjeta Débito","","Lucas",""
"16465-2","Sale","06/06/2026 11:24 AM",1,1,"1xÁgua sem gás ","4",0,0,0,"4",0,"Efectivo","","Lucas",""
"16466-2","Sale","06/06/2026 11:26 AM",1,1,"1xMilkshake 300ml","11",0,0,0,"11","1","Tarjeta Débito","","Lucas",""
"16467-2","Sale","06/06/2026 12:36 PM",1,1,"1xÁgua com gás ","4.5",0,0,0,"4.5","3.3","Tarjeta Crédito","","Lucas",""
"16468-2","Sale","06/06/2026 12:39 PM",2,2,"1xMilkshake 300ml, 1xChurros de chocolate ","21",0,0,0,"21","3","Pix","","Lucas",""
"16469-2","Sale","06/06/2026 12:44 PM",1,1,"1xChurros de chocolate ","10",0,0,0,"10","2","Efectivo","","Lucas",""
"16470-2","Sale","06/06/2026 12:55 PM",1,2,"2xCascão ","18",0,0,0,"18","15.6","Tarjeta Débito","","Lucas",""
"16471-2","Sale","06/06/2026 12:59 PM",1,1,"1xCasquinha ","7",0,0,0,"7","6","Tarjeta Crédito","","Lucas",""
"16472-2","Sale","06/06/2026 1:02 PM",1,2,"2xCrepe suíço doce","22",0,0,0,"22","6","Pix","","Lucas",""
"16473-2","Sale","06/06/2026 1:22 PM",2,2,"1xMilkshake 300ml, 1xCasquinha ","18",0,0,0,"18","7","Tarjeta Crédito","","Lucas",""
"16474-2","Sale","06/06/2026 1:24 PM",1,1,"1xChurros de chocolate ","10",0,0,0,"10","2","Efectivo","","Lucas",""
"16475-2","Sale","06/06/2026 1:27 PM",1,2,"2xCasquinha ","14",0,0,0,"14","12","Efectivo","","Lucas",""
"16476-2","Sale","06/06/2026 1:51 PM",1,1,"1xCopo 200ml","9",0,0,0,"9","1","Efectivo","","Lucas",""
"16477-2","Sale","06/06/2026 1:54 PM",1,3,"3xCasquinha ","21",0,0,0,"21","18","Tarjeta Débito","","Lucas",""
"16478-2","Sale","06/06/2026 2:00 PM",1,2,"2xCasquinha ","14",0,0,0,"14","12","Tarjeta Débito","","Lucas",""
"16479-2","Sale","06/06/2026 2:05 PM",2,5,"4xCascão , 1xÁgua sem gás ","40",0,0,0,"40","31.2","Tarjeta Crédito","","Lucas",""
"16480-2","Sale","06/06/2026 2:05 PM",1,2,"2xÁgua sem gás ","8",0,0,0,"8",0,"Efectivo","","Lucas",""
"16481-2","Sale","06/06/2026 2:08 PM",1,1,"1xÁgua com gás ","4.5",0,0,0,"4.5","3.3","Tarjeta Débito","","Lucas",""
"16482-2","Sale","06/06/2026 2:10 PM",1,1,"1xCascão ","9",0,0,0,"9","7.8","Tarjeta Débito","","Lucas",""
"16483-2","Sale","06/06/2026 2:11 PM",2,3,"2xCasquinha , 1xCascão ","23",0,0,0,"23","19.8","Tarjeta Débito","","Lucas",""
"16484-2","Sale","06/06/2026 2:16 PM",1,1,"1xCasquinha ","7",0,0,0,"7","6","Efectivo","","Lucas",""
"16485-2","Sale","06/06/2026 2:20 PM",2,2,"1xMilkshake 400ml, 1xCascão ","23",0,0,0,"23","8.8","Pix","","Lucas",""
"16486-2","Sale","06/06/2026 2:22 PM",1,2,"2xCascão ","18",0,0,0,"18","15.6","Tarjeta Débito","","Lucas",""
"16487-2","Sale","06/06/2026 2:27 PM",1,1,"1xÁgua sem gás ","4",0,0,0,"4",0,"Efectivo","","Lucas",""
"16488-2","Sale","06/06/2026 2:45 PM",1,2,"2xMilkshake 400ml","28",0,0,0,"28","2","Efectivo","","Lucas",""
"16489-2","Sale","06/06/2026 2:46 PM",1,1,"1xCasquinha ","7",0,0,0,"7","6","Efectivo","","Lucas",""
"16490-2","Sale","06/06/2026 3:03 PM",1,2,"2xCascão ","18",0,0,0,"18","15.6","Efectivo","","Lucas",""
"16491-2","Sale","06/06/2026 3:11 PM",1,1,"1xÁgua com gás ","4.5",0,0,0,"4.5","3.3","Efectivo","","Lucas",""
"16492-2","Sale","06/06/2026 3:15 PM",1,1,"1xCopo 150ml","7",0,0,0,"7","1","Tarjeta Crédito","","Lucas",""
"16493-2","Sale","06/06/2026 3:17 PM",1,1,"1xMilkshake 500ml","16",0,0,0,"16",0,"Pix","","Lucas",""
"16494-2","Sale","06/06/2026 3:17 PM",1,1,"1xChurros doce de leite ","10",0,0,0,"10","2","Pix","","Lucas",""
"16495-2","Sale","06/06/2026 3:22 PM",1,1,"1xChurros de chocolate ","10",0,0,0,"10","2","Tarjeta Crédito","","Lucas",""
"16496-2","Sale","06/06/2026 3:30 PM",1,1,"1xMilkshake 500ml","16",0,0,0,"16",0,"Pix","","Lucas",""
"16497-2","Sale","06/06/2026 3:31 PM",1,1,"1xCascão ","9",0,0,0,"9","7.8","Efectivo","","Lucas",""
"16498-2","Sale","06/06/2026 3:32 PM",2,4,"3xCopo 150ml, 1xÁgua sem gás ","25",0,0,0,"25","3","Pix","","Lucas",""
"16499-2","Sale","06/06/2026 3:36 PM",1,2,"2xCascão ","18",0,0,0,"18","15.6","Otros","","Lucas",""
"16500-2","Sale","06/06/2026 3:40 PM",2,2,"1xMilkshake 300ml, 1xMilkshake 500ml","27",0,0,0,"27","1","Tarjeta Crédito","","Lucas",""
"16501-2","Sale","06/06/2026 3:53 PM",1,3,"3xCrepe suíço salgado ","30",0,0,0,"30","6","Tarjeta Débito","","Lucas",""
"16502-2","Sale","06/06/2026 4:02 PM",1,2,"2xCascão ","18",0,0,0,"18","15.6","Pix","","Lucas",""
"16503-2","Sale","06/06/2026 4:11 PM",1,2,"2xCopo 150ml","14",0,0,0,"14","2","Tarjeta Débito","","Lucas",""
"16504-2","Sale","06/06/2026 4:12 PM",1,2,"2xCopo 150ml","14",0,0,0,"14","2","Tarjeta Débito","","Lucas",""
"16506-2","Sale","06/06/2026 4:33 PM",1,1,"1xCasquinha ","7",0,0,0,"7","6","Tarjeta Débito","","Lucas",""
"16507-2","Sale","06/06/2026 4:36 PM",1,4,"4xCopo 150ml","28",0,0,0,"28","4","Tarjeta Débito","","Lucas",""
"16508-2","Sale","06/06/2026 4:57 PM",1,1,"1xMilkshake 300ml","11",0,0,0,"11","1","Pix","","Lucas",""
"16509-2","Sale","06/06/2026 5:04 PM",2,2,"1xCopo 150ml, 1xMilkshake 300ml","18",0,0,0,"18","2","Tarjeta Débito","","Lucas",""
"16510-2","Sale","06/06/2026 5:07 PM",1,3,"3xCasquinha ","21",0,0,0,"21","18","Efectivo","","Lucas",""
"16511-2","Sale","06/06/2026 5:08 PM",1,3,"3xCasquinha ","21",0,0,0,"21","18","Tarjeta Crédito","","Lucas",""
"16512-2","Sale","06/06/2026 5:10 PM",1,1,"1xCopo 150ml","7",0,0,0,"7","1","Otros","","Lucas",""
"16513-2","Sale","06/06/2026 5:12 PM",1,2,"2xCascão ","18",0,0,0,"18","15.6","Tarjeta Débito","","Lucas",""
"16514-2","Sale","06/06/2026 5:13 PM",1,1,"1xCasquinha ","7",0,0,0,"7","6","Tarjeta Crédito","","Lucas",""
"16515-2","Sale","06/06/2026 5:14 PM",1,1,"1xCascão ","9",0,0,0,"9","7.8","Tarjeta Débito","","Lucas",""
"16516-2","Sale","06/06/2026 5:14 PM",1,1,"1xCasquinha ","7",0,0,0,"7","6","Tarjeta Débito","","Lucas",""
"16517-2","Sale","06/06/2026 5:17 PM",1,1,"1xCasquinha ","7",0,0,0,"7","6","Tarjeta Débito","","Lucas",""
"16518-2","Sale","06/06/2026 5:34 PM",1,1,"1xCopo 150ml","7",0,0,0,"7","1","Tarjeta Crédito","","Lucas",""
"16519-2","Sale","06/06/2026 5:36 PM",1,1,"1xMisto + refri ","13",0,0,0,"13",0,"Tarjeta Débito","","Lucas",""
"16520-2","Sale","06/06/2026 5:53 PM",1,1,"1xRefri 310ml","7",0,0,0,"7","1","Tarjeta Crédito","","Lucas",""
"16521-2","Sale","06/06/2026 6:40 PM",1,1,"1xCasquinha ","7",0,0,0,"7","6","Efectivo","","Lucas",""
"16522-2","Sale","06/06/2026 6:44 PM",1,1,"1xMilkshake 500ml","16",0,0,0,"16",0,"Pix","","Lucas",""
"16523-2","Sale","06/07/2026 2:52 PM",1,1,"1xChurros doce de leite ","10",0,0,0,"10","2","Tarjeta Crédito","","Lucas",""
"16524-2","Sale","06/07/2026 2:56 PM",1,1,"1xCasquinha ","7",0,0,0,"7","6","Efectivo","","Lucas",""
"16525-2","Sale","06/07/2026 3:17 PM",1,1,"1xMilkshake 400ml","14",0,0,0,"14","1","Pix","","Lucas",""
"16526-2","Sale","06/07/2026 3:18 PM",1,1,"1xCrepe suíço salgado ","10",0,0,0,"10","2","Efectivo","","Lucas",""
"16527-2","Sale","06/07/2026 3:21 PM",1,2,"2xCasquinha ","14",0,0,0,"14","12","Efectivo","","Lucas",""
"16528-2","Sale","06/07/2026 3:23 PM",1,2,"2xCascão ","18",0,0,0,"18","15.6","Tarjeta Débito","","Lucas",""
"16529-2","Sale","06/07/2026 3:27 PM",2,3,"2xMilkshake 500ml, 1xCasquinha ","39",0,0,0,"39","6","Pix, Efectivo","","Lucas",""
"16530-2","Sale","06/07/2026 3:36 PM",3,3,"1xCrepe suíço salgado , 1xChurros de chocolate , 1xCascão ","29",0,0,0,"29","11.8","Pix","","Lucas",""
"16531-2","Sale","06/07/2026 3:41 PM",2,2,"1xCopo 150ml, 1xCasquinha ","14",0,0,0,"14","7","Pix","","Lucas",""
"16532-2","Sale","06/07/2026 3:45 PM",2,2,"1xMilkshake 500ml, 1xCascão ","25",0,0,0,"25","7.8","Tarjeta Débito","","Lucas",""
"16533-2","Sale","06/07/2026 3:53 PM",3,4,"1xMilkshake 300ml, 1xCascão , 2xCasquinha ","34",0,0,0,"34","20.8","Tarjeta Débito","","Lucas",""
"16534-2","Sale","06/07/2026 3:55 PM",1,1,"1xMilkshake 300ml","11",0,0,0,"11","1","Tarjeta Débito","","Lucas",""
"16535-2","Sale","06/07/2026 3:57 PM",1,2,"2xCascão ","18",0,0,0,"18","15.6","Tarjeta Débito","","Lucas",""
"16536-2","Sale","06/07/2026 4:07 PM",1,1,"1xCascão ","9",0,0,0,"9","7.8","Pix","","Lucas",""
"16537-2","Sale","06/07/2026 4:09 PM",1,1,"1xCascão ","9",0,0,0,"9","7.8","Efectivo","","Lucas",""
"16538-2","Sale","06/07/2026 4:16 PM",2,2,"1xCopo 150ml, 1xCascão ","16",0,0,0,"16","8.8","Efectivo","","Lucas",""
"16539-2","Sale","06/07/2026 4:16 PM",1,1,"1xÁgua sem gás ","4",0,0,0,"4",0,"Pix","","Lucas",""
"16540-2","Sale","06/07/2026 4:18 PM",2,2,"1xMilkshake 500ml, 1xÁgua sem gás ","20",0,0,0,"20",0,"Pix","","Lucas",""
"16541-2","Sale","06/07/2026 4:20 PM",2,2,"1xChurros de chocolate , 1xMilkshake 500ml","26",0,0,0,"26","2","Pix","","Lucas",""
"16542-2","Sale","06/07/2026 4:21 PM",1,1,"1xCascão ","9",0,0,0,"9","7.8","Tarjeta Crédito","","Lucas",""
"16543-2","Sale","06/07/2026 4:22 PM",2,2,"1xChurros doce de leite , 1xChurros de chocolate ","20",0,0,0,"20","4","Efectivo","","Lucas",""
"16544-2","Sale","06/07/2026 4:24 PM",2,2,"1xMilkshake 500ml, 1xCrepe suíço doce","27",0,0,0,"27","3","Efectivo","","Lucas",""
"16545-2","Sale","06/07/2026 4:28 PM",2,3,"1xCrepe suíço salgado , 2xMilkshake 300ml","32",0,0,0,"32","4","Efectivo","","Lucas",""
"16546-2","Sale","06/07/2026 4:36 PM",1,1,"1xCopo 150ml","7",0,0,0,"7","1","Efectivo","","Lucas",""
"16547-2","Sale","06/07/2026 4:38 PM",1,1,"1xCopo 150ml","7",0,0,0,"7","1","Efectivo","","Lucas",""
"16548-2","Sale","06/07/2026 4:39 PM",1,1,"1xChurros doce de leite ","10",0,0,0,"10","2","Pix","","Lucas",""
"16549-2","Sale","06/07/2026 4:44 PM",2,2,"1xCrepe suíço salgado , 1xMilkshake 400ml","24",0,0,0,"24","3","Otros","","Lucas",""
"16550-2","Sale","06/07/2026 4:50 PM",3,3,"1xCasquinha , 1xChurros de chocolate , 1xMilkshake 300ml","28",0,0,0,"28","9","Tarjeta Débito","","Lucas",""
"16551-2","Sale","06/07/2026 4:55 PM",2,3,"2xCasquinha , 1xCrepe suíço salgado ","24",0,0,0,"24","14","Tarjeta Débito","","Lucas",""
"16552-2","Sale","06/07/2026 5:09 PM",2,2,"1xMilkshake 300ml, 1xRefri 310ml","18",0,0,0,"18","2","Tarjeta Débito","","Lucas",""
"16553-2","Sale","06/07/2026 5:12 PM",2,3,"2xCopo 150ml, 1xMilkshake 300ml","25",0,0,0,"25","3","Pix","","Lucas",""
"16554-2","Sale","06/07/2026 5:13 PM",2,3,"1xMilkshake 300ml, 2xCasquinha ","25",0,0,0,"25","13","Tarjeta Débito","","Lucas",""
"16555-2","Sale","06/07/2026 5:17 PM",1,1,"1xCrepe suíço doce","11",0,0,0,"11","3","Pix","","Lucas",""
"16556-2","Sale","06/07/2026 5:17 PM",1,1,"1xCrepe suíço salgado ","10",0,0,0,"10","2","Pix","","Lucas",""
"16557-2","Sale","06/07/2026 5:19 PM",1,1,"1xChurros de chocolate ","10",0,0,0,"10","2","Efectivo","","Lucas",""
"16558-2","Sale","06/07/2026 5:36 PM",1,1,"1xChurros de chocolate ","10",0,0,0,"10","2","Tarjeta Débito","","Lucas",""
"16559-2","Sale","06/07/2026 5:43 PM",2,2,"1xÁgua sem gás , 1xCasquinha ","11",0,0,0,"11","6","Tarjeta Débito","","Lucas",""
"16560-2","Sale","06/07/2026 5:44 PM",1,1,"1xCrepe suíço salgado ","10",0,0,0,"10","2","Efectivo","","Lucas",""
"16561-2","Sale","06/07/2026 5:46 PM",2,5,"2xChurros de chocolate , 3xChurros doce de leite ","50",0,0,0,"50","10","Tarjeta Débito","","Lucas",""
"16562-2","Sale","06/07/2026 5:53 PM",3,4,"2xCasquinha , 1xCopo 250ml, 1xCascão ","34",0,0,0,"34","20.8","Tarjeta Débito","","Lucas",""
"16563-2","Sale","06/07/2026 5:54 PM",2,3,"1xCrepe suíço salgado , 2xChurros doce de leite ","30",0,0,0,"30","6","Efectivo","","Lucas",""
"16564-2","Sale","06/07/2026 5:56 PM",1,1,"1xMilkshake 300ml","11",0,0,0,"11","1","Efectivo","","Lucas",""
"16565-2","Sale","06/07/2026 5:56 PM",1,2,"2xCrepe suíço salgado ","20",0,0,0,"20","4","Efectivo","","Lucas",""
"16566-2","Sale","06/07/2026 6:10 PM",2,4,"3xCrepe suíço salgado , 1xCrepe suíço doce","41",0,0,0,"41","9","Efectivo","","Lucas",""
"16567-2","Sale","06/07/2026 6:20 PM",3,5,"1xMilkshake 500ml, 3xCasquinha , 1xMilkshake 300ml","48",0,0,0,"48","19","Tarjeta Débito","","Lucas",""
"16568-2","Sale","06/07/2026 6:21 PM",1,1,"1xChurros doce de leite ","10",0,0,0,"10","2","Pix","","Lucas",""
"16569-2","Sale","06/07/2026 6:34 PM",3,3,"1xCasquinha , 1xCascão , 1xMilkshake 300ml","27",0,0,0,"27","14.8","Tarjeta Débito","","Lucas",""
"16570-2","Sale","06/07/2026 6:35 PM",1,1,"1xCascão ","9",0,0,0,"9","7.8","Tarjeta Crédito","","Lucas",""
"16571-2","Sale","06/07/2026 6:40 PM",2,2,"1xCasquinha , 1xMilkshake 300ml","18",0,0,0,"18","7","Efectivo","","Lucas",""
"16572-2","Sale","06/08/2026 2:12 PM",1,2,"2xMilkshake 500ml","32",0,0,0,"32",0,"Efectivo","","Lucas",""
"16573-2","Sale","06/08/2026 2:19 PM",1,1,"1xCombo 3","15",0,0,0,"15","1","Pix","","Lucas",""
"16574-2","Sale","06/08/2026 2:25 PM",2,2,"1xMilkshake 300ml, 1xCasquinha ","18",0,0,0,"18","7","Tarjeta Crédito","","Lucas",""
"16575-2","Sale","06/08/2026 2:30 PM",1,3,"3xCascão ","27",0,0,0,"27","23.4","Tarjeta Crédito","","Lucas",""
"16576-2","Sale","06/08/2026 2:39 PM",2,2,"1xMilkshake 400ml, 1xMilkshake 300ml","25",0,0,0,"25","2","Tarjeta Débito","","Lucas",""
"16577-2","Sale","06/08/2026 2:39 PM",1,1,"1xÁgua com gás ","4.5",0,0,0,"4.5","3.3","Tarjeta Débito","","Lucas",""
"16578-2","Sale","06/08/2026 3:01 PM",1,1,"1xCascão ","9",0,0,0,"9","7.8","Efectivo","","Lucas",""
"16579-2","Sale","06/08/2026 3:17 PM",1,1,"1xCasquinha ","7",0,0,0,"7","6","Pix","","Lucas",""
"16580-2","Sale","06/08/2026 3:17 PM",1,1,"1xÁgua com gás ","4.5",0,0,0,"4.5","3.3","Efectivo","","Lucas",""
"16581-2","Sale","06/08/2026 3:27 PM",2,3,"2xCombo 1, 1xCrepe suíço salgado ","40",0,0,0,"40","4","Pix","","Lucas",""
"16582-2","Sale","06/08/2026 3:35 PM",1,1,"1xCrepe suíço doce","11",0,0,0,"11","3","Efectivo","","Lucas",""
"16583-2","Sale","06/08/2026 3:37 PM",1,1,"1xCascão ","9",0,0,0,"9","7.8","Tarjeta Débito","","Lucas",""
"16584-2","Sale","06/08/2026 3:41 PM",2,2,"1xChurros de chocolate , 1xCrepe suíço salgado ","20",0,0,0,"20","4","Pix","","Lucas",""
"16585-2","Sale","06/08/2026 4:06 PM",2,2,"1xCasquinha , 1xMilkshake 500ml","23",0,0,0,"23","6","Efectivo","","Lucas",""
"16586-2","Sale","06/08/2026 4:07 PM",1,1,"1xCasquinha ","7",0,0,0,"7","6","Tarjeta Crédito","","Lucas",""
"16587-2","Sale","06/08/2026 4:07 PM",2,2,"1xChurros de chocolate , 1xÁgua sem gás ","14",0,0,0,"14","2","Efectivo","","Lucas",""
"16588-2","Sale","06/08/2026 4:09 PM",1,2,"2xCrepe suíço salgado ","20",0,0,0,"20","4","Pix","","Lucas",""
"16589-2","Sale","06/08/2026 4:14 PM",1,1,"1xCopo 150ml","7",0,0,0,"7","1","Tarjeta Débito","","Lucas",""
"16590-2","Sale","06/08/2026 4:20 PM",1,1,"1xÁgua sem gás ","4",0,0,0,"4",0,"Efectivo","","Lucas",""
"16591-2","Sale","06/08/2026 4:21 PM",1,2,"2xCasquinha ","14",0,0,0,"14","12","Efectivo","","Lucas",""
"16592-2","Sale","06/08/2026 4:23 PM",1,1,"1xÁgua sem gás ","4",0,0,0,"4",0,"Efectivo","","Lucas",""
"16593-2","Sale","06/08/2026 4:24 PM",1,2,"2xCasquinha ","14",0,0,0,"14","12","Tarjeta Débito","","Lucas",""
"16594-2","Sale","06/08/2026 4:39 PM",1,1,"1xCascão ","9",0,0,0,"9","7.8","Tarjeta Débito","","Lucas",""
"16595-2","Sale","06/08/2026 4:53 PM",1,1,"1xCopo 150ml","7",0,0,0,"7","1","Pix","","Lucas",""
"16596-2","Sale","06/08/2026 4:54 PM",1,1,"1xCasquinha ","7",0,0,0,"7","6","Tarjeta Débito","","Lucas",""
"16597-2","Sale","06/08/2026 4:57 PM",1,1,"1xRefri 310ml","7",0,0,0,"7","1","Efectivo","","Lucas",""
"16598-2","Sale","06/08/2026 5:00 PM",1,1,"1xCasquinha ","7",0,0,0,"7","6","Tarjeta Débito","","Lucas",""
"16599-2","Sale","06/08/2026 5:01 PM",1,2,"2xCasquinha ","14",0,0,0,"14","12","Tarjeta Débito","","Lucas",""
"16600-2","Sale","06/08/2026 5:05 PM",1,2,"2xMilkshake 300ml","22",0,0,0,"22","2","Efectivo","","Lucas",""
"16601-2","Sale","06/08/2026 5:07 PM",1,1,"1xCascão ","9",0,0,0,"9","7.8","Tarjeta Débito","","Lucas",""
"16602-2","Sale","06/08/2026 5:28 PM",1,2,"2xChurros doce de leite ","20",0,0,0,"20","4","Pix","","Lucas",""
"16603-2","Sale","06/08/2026 5:31 PM",1,1,"1xCascão ","9",0,0,0,"9","7.8","Tarjeta Débito","","Lucas",""
"16604-2","Sale","06/08/2026 5:32 PM",1,1,"1xCopo 200ml","9",0,0,0,"9","1","Pix","","Lucas",""
"16605-2","Sale","06/08/2026 6:04 PM",1,1,"1xMilkshake 500ml","16",0,0,0,"16",0,"Pix","","Lucas",""
"16606-2","Sale","06/08/2026 6:13 PM",2,2,"1xCrepe suíço salgado , 1xCrepe suíço doce","21",0,0,0,"21","5","Efectivo","","Lucas",""
"16607-2","Sale","06/08/2026 6:14 PM",1,1,"1xCrepe suíço doce","11",0,0,0,"11","3","Tarjeta Débito","","Lucas",""
"16608-2","Sale","06/08/2026 6:16 PM",2,3,"1xCrepe suíço salgado , 2xCasquinha ","24",0,0,0,"24","14","Pix","","Lucas",""
"16609-2","Sale","06/08/2026 6:24 PM",1,1,"1xCrepe suíço doce","11",0,0,0,"11","3","Efectivo","","Lucas",""
"16610-2","Sale","06/09/2026 2:02 PM",1,1,"1xMilkshake 300ml","11",0,0,0,"11","1","Tarjeta Débito","","Lucas",""
"16611-2","Sale","06/09/2026 2:03 PM",1,1,"1xMilkshake 500ml","16",0,0,0,"16",0,"Pix","","Lucas",""
"16612-2","Sale","06/09/2026 2:17 PM",1,1,"1xCasquinha ","7",0,0,0,"7","6","Tarjeta Débito","","Lucas",""
"16613-2","Sale","06/09/2026 2:18 PM",1,1,"1xCascão ","9",0,0,0,"9","7.8","Tarjeta Débito","","Lucas",""
"16614-2","Sale","06/09/2026 2:27 PM",1,2,"2xCrepe suíço salgado ","20",0,0,0,"20","4","Tarjeta Débito","","Lucas",""
"16615-2","Sale","06/09/2026 2:45 PM",1,1,"1xCasquinha ","7",0,0,0,"7","6","Efectivo","","Lucas",""
"16616-2","Sale","06/09/2026 2:58 PM",1,2,"2xCopo 150ml","14",0,0,0,"14","2","Tarjeta Débito","","Lucas",""
"16617-2","Sale","06/09/2026 3:04 PM",1,1,"1xCascão ","9",0,0,0,"9","7.8","Efectivo","","Lucas",""
"16618-2","Sale","06/09/2026 3:05 PM",1,1,"1xCascão ","9",0,0,0,"9","7.8","Tarjeta Débito","","Lucas",""
"16619-2","Sale","06/09/2026 3:19 PM",1,2,"2xCrepe suíço salgado ","20",0,0,0,"20","4","Efectivo","","Lucas",""
"16620-2","Sale","06/09/2026 3:26 PM",1,1,"1xMilkshake 300ml","11",0,0,0,"11","1","Efectivo","","Lucas",""
"16621-2","Sale","06/09/2026 3:38 PM",1,1,"1xCasquinha ","7",0,0,0,"7","6","Efectivo","","Lucas",""
"16622-2","Sale","06/09/2026 3:39 PM",1,1,"1xChurros de chocolate ","10",0,0,0,"10","2","Pix","","Lucas",""
"16623-2","Sale","06/09/2026 3:44 PM",1,1,"1xCasquinha ","7",0,0,0,"7","6","Efectivo","","Lucas",""
"16624-2","Sale","06/09/2026 3:45 PM",1,1,"1xCombo 2","16",0,0,0,"16","1","Otros","","Lucas",""
"16625-2","Sale","06/09/2026 3:47 PM",1,1,"1xCascão ","9",0,0,0,"9","7.8","Tarjeta Débito","","Lucas",""
"16626-2","Sale","06/09/2026 3:59 PM",2,3,"2xCopo 150ml, 1xMilkshake 400ml","28",0,0,0,"28","3","Pix","","Lucas",""
"16627-2","Sale","06/09/2026 4:02 PM",2,2,"1xCasquinha , 1xCopo 200ml","16",0,0,0,"16","7","Tarjeta Débito","","Lucas",""
"16628-2","Sale","06/09/2026 4:13 PM",1,1,"1xCrepe suíço salgado ","10",0,0,0,"10","2","Otros","","Lucas",""
"16629-2","Sale","06/09/2026 4:20 PM",1,1,"1xCascão ","9",0,0,0,"9","7.8","Efectivo","","Lucas",""
"16630-2","Sale","06/09/2026 4:25 PM",1,1,"1xÁgua sem gás ","4",0,0,0,"4",0,"Pix","","Lucas",""
"16631-2","Sale","06/09/2026 4:37 PM",1,2,"2xCopo 200ml","18",0,0,0,"18","2","Tarjeta Débito","","Lucas",""
"16632-2","Sale","06/09/2026 4:54 PM",1,2,"2xCasquinha ","14",0,0,0,"14","12","Efectivo","","Lucas",""
"16633-2","Sale","06/09/2026 4:57 PM",2,2,"1xCasquinha , 1xCascão ","16",0,0,0,"16","13.8","Pix","","Lucas",""
"16634-2","Sale","06/09/2026 4:57 PM",1,1,"1xMilkshake 400ml","14",0,0,0,"14","1","Efectivo","","Lucas",""
"16635-2","Sale","06/09/2026 5:05 PM",1,1,"1xMilkshake 400ml","14",0,0,0,"14","1","Efectivo","","Lucas",""
"16636-2","Sale","06/09/2026 5:06 PM",1,1,"1xCascão ","9",0,0,0,"9","7.8","Tarjeta Débito","","Lucas",""
"16637-2","Sale","06/09/2026 5:07 PM",2,2,"1xÁgua sem gás , 1xRefri 310ml","11",0,0,0,"11","1","Efectivo","","Lucas",""
"16638-2","Sale","06/09/2026 5:44 PM",2,2,"1xCombo 1, 1xCrepe suíço salgado ","25",0,0,0,"25","3","Pix","","Lucas",""
"16639-2","Sale","06/09/2026 5:49 PM",1,1,"1xCrepe suíço salgado ","10",0,0,0,"10","2","Tarjeta Débito","","Lucas",""
"16640-2","Sale","06/09/2026 6:02 PM",2,3,"1xChurros doce de leite , 2xChurros de chocolate ","30",0,0,0,"30","6","Efectivo","","Lucas",""
"16641-2","Sale","06/09/2026 6:03 PM",1,1,"1xCrepe suíço salgado ","10",0,0,0,"10","2","Efectivo","","Lucas",""
"16642-2","Sale","06/09/2026 6:16 PM",1,6,"6xCrepe suíço salgado ","60",0,0,0,"60","12","Efectivo","","Lucas",""
"16643-2","Sale","06/09/2026 6:22 PM",1,1,"1xMilkshake 300ml","11",0,0,0,"11","1","Efectivo","","Lucas",""
"16644-2","Sale","06/09/2026 6:29 PM",1,1,"1xCrepe suíço salgado ","10",0,0,0,"10","2","Efectivo","","Lucas",""
"16645-2","Sale","06/11/2026 2:56 PM",1,2,"2xChurros doce de leite ","20",0,0,0,"20","4","Pix","","Lucas",""
"16648-2","Sale","06/11/2026 3:58 PM",1,1,"1xCombo 2","16",0,0,0,"16","1","Otros","","Lucas",""
"16649-2","Sale","06/12/2026 2:29 PM",1,2,"2xCascão ","18",0,0,0,"18","15.6","Tarjeta Débito","","Lucas",""
"16650-2","Sale","06/12/2026 2:41 PM",1,2,"2xCasquinha ","14",0,0,0,"14","12","Pix","","Lucas",""
"16651-2","Sale","06/12/2026 2:54 PM",1,1,"1xCasquinha ","7",0,0,0,"7","6","Efectivo","","Lucas",""
"16652-2","Sale","06/12/2026 2:54 PM",2,3,"1xChurros de chocolate , 2xChurros doce de leite ","30",0,0,0,"30","6","Pix","","Lucas",""
"16653-2","Sale","06/12/2026 3:01 PM",1,1,"1xMilkshake 300ml","11",0,0,0,"11","1","Tarjeta Débito","","Lucas",""
"16654-2","Sale","06/12/2026 3:03 PM",2,2,"1xCrepe suíço salgado , 1xChurros doce de leite ","20",0,0,0,"20","4","Tarjeta Débito","","Lucas",""
"16655-2","Sale","06/12/2026 3:08 PM",1,1,"1xMilkshake 400ml","14",0,0,0,"14","1","Tarjeta Débito","","Lucas",""
"16656-2","Sale","06/12/2026 3:11 PM",1,1,"1xRefri 310ml","7",0,0,0,"7","1","Tarjeta Débito","","Lucas",""
"16657-2","Sale","06/12/2026 3:12 PM",1,1,"1xCrepe suíço salgado ","10",0,0,0,"10","2","Tarjeta Débito","","Lucas",""
"16658-2","Sale","06/12/2026 3:15 PM",1,2,"2xCasquinha ","14",0,0,0,"14","12","Tarjeta Crédito","","Lucas",""
"16659-2","Sale","06/12/2026 3:42 PM",1,1,"1xRefri 310ml","7",0,0,0,"7","1","Tarjeta Crédito","","Lucas",""
"16660-2","Sale","06/12/2026 3:43 PM",1,1,"1xRefri 310ml","7",0,0,0,"7","1","Tarjeta Crédito","","Lucas",""
"16661-2","Sale","06/12/2026 3:56 PM",1,1,"1xCombo 2","16",0,0,0,"16","1","Tarjeta Débito","","Lucas",""
"16662-2","Sale","06/12/2026 4:03 PM",1,1,"1xMilkshake 300ml","11",0,0,0,"11","1","Efectivo","","Lucas",""
"16663-2","Sale","06/12/2026 4:07 PM",2,2,"1xMilkshake 400ml, 1xCascão ","23",0,0,0,"23","8.8","Tarjeta Débito","","Lucas",""
"16664-2","Sale","06/12/2026 4:07 PM",1,2,"2xCrepe suíço doce","22",0,0,0,"22","6","Tarjeta Débito","","Lucas",""
"16665-2","Sale","06/12/2026 4:10 PM",1,1,"1xCrepe suíço salgado ","10",0,0,0,"10","2","Efectivo","","Lucas",""
"16666-2","Sale","06/12/2026 4:14 PM",1,1,"1xChurros de chocolate ","10",0,0,0,"10","2","Pix","","Lucas",""
"16667-2","Sale","06/12/2026 4:18 PM",1,2,"2xCrepe suíço salgado ","20",0,0,0,"20","4","Efectivo","","Lucas",""
"16668-2","Sale","06/12/2026 4:26 PM",1,1,"1xCopo 150ml","7",0,0,0,"7","1","Tarjeta Crédito","","Lucas",""
"16669-2","Sale","06/12/2026 4:58 PM",1,1,"1xCopo 150ml","7",0,0,0,"7","1","Tarjeta Débito","","Lucas",""
"16670-2","Sale","06/12/2026 4:58 PM",1,1,"1xChurros doce de leite ","10",0,0,0,"10","2","Tarjeta Débito","","Lucas",""
"16671-2","Sale","06/12/2026 5:03 PM",2,2,"1xMilkshake 400ml, 1xMilkshake 300ml","25",0,0,0,"25","2","Pix","","Lucas",""
"16672-2","Sale","06/12/2026 5:26 PM",1,1,"1xMilkshake 300ml","11",0,0,0,"11","1","Efectivo","","Lucas",""
"16673-2","Sale","06/12/2026 6:05 PM",1,1,"1xMilkshake 400ml","14",0,0,0,"14","1","Otros","","Lucas",""
"16674-2","Sale","06/12/2026 6:13 PM",2,2,"1xChurros de chocolate , 1xChurros doce de leite ","20",0,0,0,"20","4","Pix","","Lucas",""
"16675-2","Sale","06/13/2026 10:42 AM",2,2,"1xChurros de chocolate , 1xCrepe suíço doce","21",0,0,0,"21","5","Pix","","Lucas",""
"16676-2","Sale","06/13/2026 10:48 AM",1,1,"1xÁgua sem gás ","4",0,0,0,"4",0,"Efectivo","","Lucas",""
"16677-2","Sale","06/13/2026 11:11 AM",1,2,"2xÁgua sem gás ","8",0,0,0,"8",0,"Tarjeta Crédito","","Lucas",""
"16678-2","Sale","06/13/2026 11:28 AM",1,1,"1xMisto + chocolate quente ","16",0,0,0,"16",0,"Efectivo","","Lucas",""
"16679-2","Sale","06/13/2026 11:59 AM",1,1,"1xÁgua sem gás ","4",0,0,0,"4",0,"Tarjeta Crédito","","Lucas",""
"16680-2","Sale","06/13/2026 12:02 PM",2,2,"1xÁgua sem gás , 1xÁgua com gás ","8.5",0,0,0,"8.5","3.3","Pix","","Lucas",""
"16681-2","Sale","06/13/2026 12:29 PM",1,3,"3xChurros doce de leite ","30",0,0,0,"30","6","Efectivo","","Lucas",""
"16682-2","Sale","06/13/2026 12:35 PM",1,2,"2xCrepe suíço doce","22",0,0,0,"22","6","Tarjeta Crédito","","Lucas",""
"16683-2","Sale","06/13/2026 1:00 PM",1,1,"1xCopo 150ml","7",0,0,0,"7","1","Tarjeta Crédito","","Lucas",""
"16684-2","Sale","06/13/2026 1:00 PM",1,1,"1xCrepe suíço salgado ","10",0,0,0,"10","2","Tarjeta Débito","","Lucas",""
"16685-2","Sale","06/13/2026 1:09 PM",1,1,"1xCopo 250ml","11",0,0,0,"11","1","Efectivo","","Lucas",""
"16686-2","Sale","06/13/2026 1:28 PM",1,2,"2xMilkshake 300ml","22",0,0,0,"22","2","Tarjeta Crédito","","Lucas",""
"16687-2","Sale","06/13/2026 1:31 PM",1,5,"5xMilkshake 300ml","55",0,0,0,"55","5","Pix, Tarjeta Crédito","","Lucas",""
"16688-2","Sale","06/13/2026 1:54 PM",1,1,"1xCascão ","9",0,0,0,"9","7.8","Tarjeta Crédito","","Lucas",""
"16689-2","Sale","06/13/2026 2:17 PM",1,1,"1xCrepe suíço doce","11",0,0,0,"11","3","Tarjeta Crédito","","Lucas",""
"16690-2","Sale","06/13/2026 2:18 PM",1,1,"1xRefri 310ml","7",0,0,0,"7","1","Tarjeta Débito","","Lucas",""
"16691-2","Sale","06/13/2026 2:23 PM",1,2,"2xMilkshake 300ml","22",0,0,0,"22","2","Efectivo","","Lucas",""
"16692-2","Sale","06/13/2026 2:27 PM",1,1,"1xChurros doce de leite ","10",0,0,0,"10","2","Tarjeta Crédito","","Lucas",""
"16693-2","Sale","06/13/2026 2:32 PM",1,2,"2xCascão ","18",0,0,0,"18","15.6","Tarjeta Crédito","","Lucas",""
"16694-2","Sale","06/13/2026 2:43 PM",2,2,"1xMilkshake 300ml, 1xÁgua com gás ","15.5",0,0,0,"15.5","4.3","Tarjeta Crédito","","Lucas",""
"16695-2","Sale","06/13/2026 2:52 PM",1,2,"2xChurros doce de leite ","20",0,0,0,"20","4","Pix","","Lucas",""
"16696-2","Sale","06/13/2026 2:55 PM",1,1,"1xÁgua com gás ","4.5",0,0,0,"4.5","3.3","Efectivo","","Lucas",""
"16697-2","Sale","06/13/2026 3:07 PM",1,2,"2xCascão ","18",0,0,0,"18","15.6","Tarjeta Débito","","Lucas",""
"16698-2","Sale","06/13/2026 3:08 PM",1,1,"1xMilkshake 300ml","11",0,0,0,"11","1","Tarjeta Débito","","Lucas",""
"16699-2","Sale","06/13/2026 3:20 PM",1,3,"3xCascão ","27",0,0,0,"27","23.4","Tarjeta Débito","","Lucas",""
"16700-2","Sale","06/13/2026 3:24 PM",1,3,"3xCascão ","27",0,0,0,"27","23.4","Tarjeta Débito","","Lucas",""
"16701-2","Sale","06/13/2026 3:25 PM",2,2,"1xCascão , 1xCasquinha ","16",0,0,0,"16","13.8","Tarjeta Crédito","","Lucas",""
"16702-2","Sale","06/13/2026 3:29 PM",1,1,"1xCasquinha ","7",0,0,0,"7","6","Efectivo","","Lucas",""
"16703-2","Sale","06/13/2026 3:30 PM",1,1,"1xCascão ","9",0,0,0,"9","7.8","Tarjeta Crédito","","Lucas",""
"16704-2","Sale","06/13/2026 3:32 PM",1,2,"2xMilkshake 300ml","22",0,0,0,"22","2","Tarjeta Débito","","Lucas",""
"16705-2","Sale","06/13/2026 3:33 PM",2,3,"2xChurros de chocolate , 1xMilkshake 300ml","31",0,0,0,"31","5","Efectivo","","Lucas",""
"16706-2","Sale","06/13/2026 3:37 PM",1,1,"1xCascão ","9",0,0,0,"9","7.8","Efectivo","","Lucas",""
"16707-2","Sale","06/13/2026 3:43 PM",1,1,"1xÁgua sem gás ","4",0,0,0,"4",0,"Efectivo","","Lucas",""
"16708-2","Sale","06/13/2026 3:51 PM",1,1,"1xCasquinha ","7",0,0,0,"7","6","Tarjeta Crédito","","Lucas",""
"16709-2","Sale","06/13/2026 3:52 PM",1,1,"1xCascão ","9",0,0,0,"9","7.8","Otros","","Lucas",""
"16710-2","Sale","06/13/2026 4:00 PM",2,3,"2xCasquinha , 1xMilkshake 300ml","25",0,0,0,"25","13","Efectivo","","Lucas",""
"16711-2","Sale","06/13/2026 4:00 PM",2,3,"2xChurros doce de leite , 1xÁgua sem gás ","24",0,0,0,"24","4","Tarjeta Débito","","Lucas",""
"16712-2","Sale","06/13/2026 4:03 PM",1,1,"1xÁgua sem gás ","4",0,0,0,"4",0,"Efectivo","","Lucas",""
"16713-2","Sale","06/13/2026 4:08 PM",2,2,"1xChurros doce de leite , 1xÁgua com gás ","14.5",0,0,0,"14.5","5.3","Pix","","Lucas",""
"16714-2","Sale","06/13/2026 4:10 PM",1,1,"1xCasquinha ","7",0,0,0,"7","6","Pix","","Lucas",""
"16715-2","Sale","06/13/2026 4:17 PM",1,1,"1xChurros doce de leite ","10",0,0,0,"10","2","Efectivo","","Lucas",""
"16716-2","Sale","06/13/2026 4:22 PM",2,2,"1xCasquinha , 1xMilkshake 300ml","18",0,0,0,"18","7","Tarjeta Crédito","","Lucas",""
"16717-2","Sale","06/13/2026 4:24 PM",1,1,"1xCopo 250ml","11",0,0,0,"11","1","Efectivo","","Lucas",""
"16718-2","Sale","06/13/2026 4:26 PM",1,1,"1xCasquinha ","7",0,0,0,"7","6","Tarjeta Débito","","Lucas",""
"16719-2","Sale","06/13/2026 4:27 PM",2,3,"1xCopo 200ml, 2xChurros doce de leite ","29",0,0,0,"29","5","Efectivo","","Lucas",""
"16720-2","Sale","06/13/2026 4:27 PM",1,1,"1xChurros de chocolate ","10",0,0,0,"10","2","Efectivo","","Lucas",""
"16721-2","Sale","06/13/2026 4:48 PM",1,2,"2xCasquinha ","14",0,0,0,"14","12","Tarjeta Crédito","","Lucas",""
"16722-2","Sale","06/13/2026 4:55 PM",3,5,"2xCasquinha , 1xCrepe suíço salgado , 2xChurros doce de leite ","44",0,0,0,"44","18","Otros","","Lucas",""
"16723-2","Sale","06/13/2026 4:56 PM",1,1,"1xRefri 310ml","7",0,0,0,"7","1","Tarjeta Débito","","Lucas",""
"16724-2","Sale","06/13/2026 5:06 PM",1,1,"1xMilkshake 300ml","11",0,0,0,"11","1","Tarjeta Crédito","","Lucas",""
"16725-2","Sale","06/13/2026 5:12 PM",1,2,"2xCasquinha ","14",0,0,0,"14","12","Pix","","Lucas",""
"16726-2","Sale","06/13/2026 5:16 PM",3,3,"1xCascão , 1xCasquinha , 1xMilkshake 400ml","30",0,0,0,"30","14.8","Pix","","Lucas",""
"16727-2","Sale","06/13/2026 5:35 PM",1,1,"1xCrepe suíço salgado ","10",0,0,0,"10","2","Efectivo","","Lucas",""
"16729-2","Sale","06/13/2026 5:38 PM",2,2,"1xCrepe suíço doce, 1xChurros de chocolate ","21",0,0,0,"21","5","Pix","","Lucas",""
"16730-2","Sale","06/13/2026 5:39 PM",1,2,"2xÁgua sem gás ","8",0,0,0,"8",0,"Pix","","Lucas",""
"16731-2","Sale","06/13/2026 5:43 PM",1,1,"1xCascão ","9",0,0,0,"9","7.8","Efectivo","","Lucas",""
"16732-2","Sale","06/13/2026 5:44 PM",1,1,"1xCrepe suíço salgado ","10",0,0,0,"10","2","Efectivo","","Lucas",""
"16733-2","Sale","06/13/2026 5:49 PM",1,1,"1xMilkshake 400ml","14",0,0,0,"14","1","Efectivo","","Lucas",""
"16734-2","Sale","06/14/2026 2:50 PM",2,2,"1xCasquinha , 1xCascão ","16",0,0,0,"16","13.8","Tarjeta Crédito","","Lucas",""
"16735-2","Sale","06/14/2026 3:16 PM",1,1,"1xCrepe suíço salgado ","10",0,0,0,"10","2","Efectivo","","Lucas",""
"16736-2","Sale","06/14/2026 3:21 PM",1,1,"1xRefri 310ml","7",0,0,0,"7","1","Pix","","Lucas",""
"16737-2","Sale","06/14/2026 3:51 PM",1,1,"1xÁgua sem gás ","4",0,0,0,"4",0,"Tarjeta Débito","","Lucas",""
"16738-2","Sale","06/14/2026 3:51 PM",1,2,"2xÁgua sem gás ","8",0,0,0,"8",0,"Efectivo","","Lucas",""
"16739-2","Sale","06/14/2026 3:52 PM",1,2,"2xChurros doce de leite ","20",0,0,0,"20","4","Pix","","Lucas",""
"16740-2","Sale","06/14/2026 4:01 PM",1,2,"2xCasquinha ","14",0,0,0,"14","12","Pix","","Lucas",""
"16741-2","Sale","06/14/2026 4:03 PM",1,1,"1xCascão ","9",0,0,0,"9","7.8","Tarjeta Débito","","Lucas",""
"16742-2","Sale","06/14/2026 4:04 PM",1,1,"1xCasquinha ","7",0,0,0,"7","6","Efectivo","","Lucas",""
"16743-2","Sale","06/14/2026 4:04 PM",1,1,"1xMilkshake 300ml","11",0,0,0,"11","1","Efectivo","","Lucas",""
"16744-2","Sale","06/14/2026 4:16 PM",1,3,"3xMilkshake 400ml","42",0,0,0,"42","3","Tarjeta Débito","","Lucas",""
"16745-2","Sale","06/14/2026 4:23 PM",1,2,"2xChurros doce de leite ","20",0,0,0,"20","4","Tarjeta Débito","","Lucas",""
"16746-2","Sale","06/14/2026 4:25 PM",2,2,"1xCasquinha , 1xCascão ","16",0,0,0,"16","13.8","Pix","","Lucas",""
"16747-2","Sale","06/14/2026 4:26 PM",1,1,"1xCrepe suíço salgado ","10",0,0,0,"10","2","Pix","","Lucas",""
"16748-2","Sale","06/14/2026 4:28 PM",1,2,"2xCrepe suíço salgado ","20",0,0,0,"20","4","Pix","","Lucas",""
"16749-2","Sale","06/14/2026 4:31 PM",1,1,"1xCascão ","9",0,0,0,"9","7.8","Pix","","Lucas",""
"16750-2","Sale","06/14/2026 4:46 PM",1,1,"1xChurros doce de leite ","10",0,0,0,"10","2","Tarjeta Crédito","","Lucas",""
"16751-2","Sale","06/14/2026 4:55 PM",1,1,"1xCascão ","9",0,0,0,"9","7.8","Efectivo","","Lucas",""
"16752-2","Sale","06/14/2026 4:57 PM",1,2,"2xCascão ","18",0,0,0,"18","15.6","Pix","","Lucas",""
"16753-2","Sale","06/14/2026 5:34 PM",2,3,"2xChurros doce de leite , 1xCasquinha ","27",0,0,0,"27","10","Tarjeta Crédito","","Lucas",""
"16754-2","Sale","06/14/2026 5:45 PM",1,1,"1xMisto + café leite","14",0,0,0,"14","1","Efectivo","","Lucas",""
"16755-2","Sale","06/14/2026 5:46 PM",1,2,"2xCasquinha ","14",0,0,0,"14","12","Tarjeta Débito","","Lucas",""
"16756-2","Sale","06/14/2026 5:58 PM",1,2,"2xCasquinha ","14",0,0,0,"14","12","Tarjeta Crédito","","Lucas",""
"16757-2","Sale","06/14/2026 6:03 PM",1,3,"3xCasquinha ","21",0,0,0,"21","18","Efectivo","","Lucas",""
"16758-2","Sale","06/15/2026 2:28 PM",1,1,"1xMilkshake 300ml","11",0,0,0,"11","1","Otros","","Lucas",""
"16759-2","Sale","06/15/2026 2:30 PM",1,1,"1xMilkshake 300ml","11",0,0,0,"11","1","Efectivo","","Lucas",""
"16760-2","Sale","06/15/2026 2:33 PM",1,1,"1xCopo 150ml","7",0,0,0,"7","1","Pix","","Lucas",""
"16761-2","Sale","06/15/2026 2:42 PM",2,2,"1xMilkshake 400ml, 1xChurros doce de leite ","24",0,0,0,"24","3","Tarjeta Débito","","Lucas",""
"16762-2","Sale","06/15/2026 3:04 PM",1,1,"1xÁgua sem gás ","4",0,0,0,"4",0,"Efectivo","","Lucas",""
"16763-2","Sale","06/15/2026 3:11 PM",1,1,"1xMilkshake 500ml","16",0,0,0,"16",0,"Tarjeta Crédito","","Lucas",""
"16764-2","Sale","06/15/2026 3:30 PM",2,2,"1xCrepe suíço salgado , 1xCrepe suíço doce","21",0,0,0,"21","5","Pix","","Lucas",""
"16765-2","Sale","06/15/2026 3:31 PM",1,1,"1xCasquinha ","7",0,0,0,"7","6","Tarjeta Débito","","Lucas",""
"16766-2","Sale","06/15/2026 3:38 PM",1,2,"2xMilkshake 500ml","32",0,0,0,"32",0,"Pix","","Lucas",""
"16767-2","Sale","06/15/2026 3:41 PM",1,1,"1xMilkshake 300ml","11",0,0,0,"11","1","Tarjeta Crédito","","Lucas",""
"16768-2","Sale","06/15/2026 3:44 PM",2,3,"1xCrepe suíço salgado , 2xCrepe suíço doce","32",0,0,0,"32","8","Pix","","Lucas",""
"16769-2","Sale","06/15/2026 4:22 PM",1,1,"1xChurros doce de leite ","10",0,0,0,"10","2","Tarjeta Débito","","Lucas",""
"16770-2","Sale","06/15/2026 4:28 PM",2,2,"1xCrepe suíço salgado , 1xMilkshake 400ml","24",0,0,0,"24","3","Tarjeta Débito","","Lucas",""
"16771-2","Sale","06/15/2026 4:33 PM",1,1,"1xCascão ","9",0,0,0,"9","7.8","Efectivo","","Lucas",""
"16772-2","Sale","06/15/2026 4:41 PM",1,1,"1xCrepe suíço salgado ","10",0,0,0,"10","2","Efectivo","","Lucas",""
"16773-2","Sale","06/15/2026 5:11 PM",2,3,"2xChurros doce de leite , 1xChurros de chocolate ","30",0,0,0,"30","6","Pix","","Lucas",""
"16774-2","Sale","06/15/2026 5:25 PM",1,2,"2xCascão ","18",0,0,0,"18","15.6","Pix","","Lucas",""
"16775-2","Sale","06/15/2026 5:27 PM",1,1,"1xChurros  + chocolate quente ","18",0,0,0,"18","1","Pix","","Lucas",""
"16776-2","Sale","06/15/2026 5:46 PM",1,1,"1xChocolate quente 180ml","10",0,0,0,"10","5","Pix","","Lucas",""
"16777-2","Sale","06/15/2026 5:53 PM",1,1,"1xChocolate quente 180ml","10",0,0,0,"10","5","Tarjeta Débito","","Lucas",""
"16778-2","Sale","06/15/2026 6:01 PM",1,2,"2xChurros doce de leite ","20",0,0,0,"20","4","Pix","","Lucas",""
"16779-2","Sale","06/15/2026 6:10 PM",1,1,"1xRefri 310ml","7",0,0,0,"7","1","Tarjeta Débito","","Lucas",""
"16780-2","Sale","06/15/2026 6:19 PM",1,1,"1xChurros doce de leite ","10",0,0,0,"10","2","Pix","","Lucas",""
"16781-2","Sale","06/15/2026 6:28 PM",2,3,"1xMilkshake 300ml, 2xCrepe suíço salgado ","31",0,0,0,"31","5","Pix","","Lucas",""
"16782-2","Sale","06/16/2026 2:17 PM",1,1,"1xÁgua sem gás ","4",0,0,0,"4",0,"Efectivo","","Lucas",""
"16783-2","Sale","06/16/2026 3:23 PM",1,1,"1xMilkshake 400ml","14",0,0,0,"14","1","Efectivo","","Lucas",""
"16784-2","Sale","06/16/2026 3:38 PM",2,2,"1xCrepe suíço salgado , 1xCrepe suíço doce","21",0,0,0,"21","5","Otros","","Lucas",""
"16785-2","Sale","06/16/2026 4:23 PM",1,1,"1xCascão ","9",0,0,0,"9","7.8","Pix","","Lucas",""
"16786-2","Sale","06/16/2026 4:29 PM",1,1,"1xCopo 150ml","7",0,0,0,"7","1","Efectivo","","Lucas",""
"16787-2","Sale","06/16/2026 5:07 PM",1,1,"1xMilkshake 500ml","16",0,0,0,"16",0,"Efectivo","","Lucas",""
"16788-2","Sale","06/16/2026 5:17 PM",2,2,"1xChurros doce de leite , 1xÁgua com gás ","14.5",0,0,0,"14.5","5.3","Tarjeta Débito","","Lucas",""
"16789-2","Sale","06/16/2026 5:32 PM",1,1,"1xMilkshake 300ml","11",0,0,0,"11","1","Pix","","Lucas",""
"16790-2","Sale","06/16/2026 5:35 PM",1,1,"1xChurros doce de leite ","10",0,0,0,"10","2","Efectivo","","Lucas",""
"16791-2","Sale","06/16/2026 5:36 PM",1,1,"1xCrepe suíço doce","11",0,0,0,"11","3","Tarjeta Débito","","Lucas",""
"16792-2","Sale","06/16/2026 5:45 PM",1,1,"1xCombo 2","16",0,0,0,"16","1","Otros","","Lucas",""
"16793-2","Sale","06/16/2026 6:00 PM",1,2,"2xCasquinha ","14",0,0,0,"14","12","Tarjeta Crédito","","Lucas",""
"16794-2","Sale","06/16/2026 6:02 PM",1,1,"1xCrepe suíço doce","11",0,0,0,"11","3","Tarjeta Débito","","Lucas",""
"16795-2","Sale","06/16/2026 6:18 PM",3,3,"1xCrepe suíço doce, 1xCrepe suíço salgado , 1xCasquinha ","28",0,0,0,"28","11","Efectivo","","Lucas",""
"16796-2","Sale","06/16/2026 6:22 PM",1,2,"2xChurros doce de leite ","20",0,0,0,"20","4","Tarjeta Débito, Pix","","Lucas",""
"16797-2","Sale","06/16/2026 6:33 PM",1,2,"2xChurros doce de leite ","20",0,0,0,"20","4","Efectivo","","Lucas",""
"16798-2","Sale","06/16/2026 6:35 PM",1,1,"1xCascão ","9",0,0,0,"9","7.8","Efectivo","","Lucas",""
"16799-2","Sale","06/17/2026 1:23 PM",1,1,"1xCasquinha ","7",0,0,0,"7","6","Efectivo","","Lucas",""
"16800-2","Sale","06/17/2026 1:45 PM",1,2,"2xCascão ","18",0,0,0,"18","15.6","Tarjeta Débito","","Lucas",""
"16801-2","Sale","06/17/2026 1:55 PM",1,1,"1xÁgua sem gás ","4",0,0,0,"4",0,"Tarjeta Débito","","Lucas",""
"16802-2","Sale","06/17/2026 2:01 PM",1,1,"1xÁgua com gás ","4.5",0,0,0,"4.5","3.3","Pix","","Lucas",""
"16803-2","Sale","06/17/2026 2:03 PM",1,1,"1xCasquinha ","7",1,0,0,"6","5","Efectivo","","Lucas",""
"16804-2","Sale","06/17/2026 2:12 PM",1,1,"1xCombo 2","16",0,0,0,"16","1","Pix","","Lucas",""
"16805-2","Sale","06/17/2026 2:37 PM",2,2,"1xCascão , 1xRefri 310ml","16",0,0,0,"16","8.8","Efectivo","","Lucas",""
"16806-2","Sale","06/17/2026 2:38 PM",1,1,"1xChurros doce de leite ","10",0,0,0,"10","2","Efectivo","","Lucas",""
"16807-2","Sale","06/17/2026 3:39 PM",1,1,"1xCopo 250ml","11",0,0,0,"11","1","Tarjeta Crédito","","Lucas",""
"16808-2","Sale","06/17/2026 3:45 PM",1,1,"1xCascão ","9",0,0,0,"9","7.8","Tarjeta Débito","","Lucas",""
"16809-2","Sale","06/17/2026 3:48 PM",1,1,"1xChurros doce de leite ","10",0,0,0,"10","2","Efectivo","","Lucas",""
"16810-2","Sale","06/17/2026 4:14 PM",1,1,"1xChurros de chocolate ","10",0,0,0,"10","2","Otros","","Lucas",""
"16811-2","Sale","06/17/2026 4:16 PM",1,1,"1xCasquinha ","7",0,0,0,"7","6","Pix","","Lucas",""
"16812-2","Sale","06/17/2026 4:39 PM",1,1,"1xCascão ","9",0,0,0,"9","7.8","Efectivo","","Lucas",""
"16813-2","Sale","06/17/2026 4:43 PM",1,1,"1xCasquinha ","7",0,0,0,"7","6","Efectivo","","Lucas",""
"16814-2","Sale","06/17/2026 5:07 PM",1,1,"1xCasquinha ","7",0,0,0,"7","6","Efectivo","","Lucas",""
"16815-2","Sale","06/17/2026 5:13 PM",2,2,"1xMilkshake 300ml, 1xCascão ","20",0,0,0,"20","8.8","Efectivo","","Lucas",""
"16816-2","Sale","06/17/2026 5:13 PM",1,1,"1xÁgua sem gás ","4",0,0,0,"4",0,"Efectivo","","Lucas",""
"16818-2","Sale","06/17/2026 5:19 PM",1,1,"1xCasquinha ","7",0,0,0,"7","6","Efectivo","","Lucas",""
"16819-2","Sale","06/17/2026 5:20 PM",1,1,"1xCasquinha ","7",0,0,0,"7","6","Efectivo","","Lucas",""
"16820-2","Sale","06/17/2026 6:19 PM",1,2,"2xChurros doce de leite ","20",0,0,0,"20","4","Pix","","Lucas",""
"16821-2","Sale","06/17/2026 6:25 PM",1,1,"1xMilkshake 300ml","11",0,0,0,"11","1","Tarjeta Crédito","","Lucas",""
"16822-2","Sale","06/17/2026 6:28 PM",1,2,"2xCrepe suíço salgado ","20",0,0,0,"20","4","Pix","","Lucas",""
"16823-2","Sale","06/17/2026 6:32 PM",1,1,"1xChurros doce de leite ","10",0,0,0,"10","2","Tarjeta Crédito","","Lucas",""
"16824-2","Sale","06/17/2026 6:39 PM",1,1,"1xRefri 310ml","7",0,0,0,"7","1","Pix","","Lucas",""
"16825-2","Sale","06/17/2026 6:52 PM",1,1,"1xChurros de chocolate ","10",0,0,0,"10","2","Tarjeta Crédito","","Lucas",""
"16817-2","Sale","06/17/2026 5:15 PM",1,1,"1xMilkshake 500ml","16",0,0,0,"16",0,"Efectivo","","Lucas",""
"16826-2","Sale","06/18/2026 2:15 PM",1,1,"1xChurros doce de leite ","10",0,0,0,"10","2","Efectivo","","Lucas",""
"16827-2","Sale","06/18/2026 2:17 PM",1,1,"1xMilkshake 300ml","11",0,0,0,"11","1","Efectivo","","Lucas",""
"16828-2","Sale","06/18/2026 2:58 PM",1,1,"1xCrepe suíço doce","11",0,0,0,"11","3","Efectivo","","Lucas",""
"16829-2","Sale","06/18/2026 3:25 PM",1,1,"1xRefri 310ml","7",0,0,0,"7","1","Efectivo","","Lucas",""
"16830-2","Sale","06/18/2026 3:30 PM",1,1,"1xChurros doce de leite ","10",0,0,0,"10","2","Tarjeta Débito","","Lucas",""
"16831-2","Sale","06/18/2026 3:35 PM",1,2,"2xCascão ","18",0,0,0,"18","15.6","Tarjeta Débito","","Lucas",""
"16832-2","Sale","06/18/2026 3:41 PM",1,2,"2xMilkshake 400ml","28",0,0,0,"28","2","Tarjeta Débito","","Lucas",""
"16833-2","Sale","06/18/2026 4:18 PM",2,2,"1xChurros de chocolate , 1xMilkshake 300ml","21",0,0,0,"21","3","Efectivo","","Lucas",""
"16834-2","Sale","06/18/2026 4:38 PM",1,1,"1xChurros de chocolate ","10",0,0,0,"10","2","Efectivo","","Lucas",""
"16837-2","Sale","06/18/2026 5:24 PM",3,4,"1xCafe com Leite 180ml, 2xChocolate quente 180ml, 1xCrepe suíço salgado ","37",0,0,0,"37","12","Efectivo","","Lucas",""
"16838-2","Sale","06/18/2026 5:55 PM",1,1,"1xÁgua sem gás ","4",0,0,0,"4",0,"Efectivo","","Lucas",""
"16839-2","Sale","06/18/2026 6:28 PM",2,2,"1xChurros doce de leite , 1xCrepe suíço salgado ","20",0,0,0,"20","4","Tarjeta Crédito","","Lucas",""
"16840-2","Sale","06/18/2026 6:39 PM",1,1,"1xChurros de chocolate ","10",0,0,0,"10","2","Tarjeta Crédito","","Lucas",""
"16841-2","Sale","06/20/2026 11:14 AM",1,2,"2xChurros de chocolate ","20",0,0,0,"20","4","Tarjeta Crédito","","Lucas",""
"16842-2","Sale","06/20/2026 11:21 AM",5,7,"1xChurros doce de leite , 2xChurros de chocolate , 1xCascão , 2xChocolate quente 180ml, 1xÁgua sem gás ","63",1,0,0,"62","22.86","Efectivo","","Lucas",""
"16843-2","Sale","06/20/2026 11:37 AM",1,1,"1xChurros de chocolate ","10",0,0,0,"10","2","Tarjeta Débito","","Lucas",""
"16844-2","Sale","06/20/2026 11:38 AM",1,1,"1xÁgua sem gás ","4",0,0,0,"4",0,"Tarjeta Crédito","","Lucas",""
"16845-2","Sale","06/20/2026 11:41 AM",1,1,"1xRefri 310ml","7",0,0,0,"7","1","Tarjeta Crédito","","Lucas",""
"16846-2","Sale","06/20/2026 11:56 AM",1,2,"2xChocolate quente 180ml","20",10,0,0,"10",0,"Efectivo","","Lucas",""
"16847-2","Sale","06/20/2026 12:13 PM",2,2,"1xCasquinha , 1xMilkshake 300ml","18",0,0,0,"18","7","Efectivo","","Lucas",""
"16848-2","Sale","06/20/2026 12:14 PM",1,1,"1xÁgua com gás ","4.5",0,0,0,"4.5","3.3","Efectivo","","Lucas",""
"16849-2","Sale","06/20/2026 12:22 PM",1,1,"1xMilkshake 300ml","11",0,0,0,"11","1","Tarjeta Débito","","Lucas",""
"16850-2","Sale","06/20/2026 12:41 PM",1,1,"1xCascão ","9",0,0,0,"9","7.8","Tarjeta Débito","","Lucas",""
"16852-2","Sale","06/20/2026 1:25 PM",1,1,"1xCascão ","9",0,0,0,"9","7.8","Pix","","Lucas",""
"16853-2","Sale","06/20/2026 1:54 PM",1,1,"1xMilkshake 500ml","16",0,0,0,"16",0,"Tarjeta Débito","","Lucas",""
"16854-2","Sale","06/20/2026 2:13 PM",1,1,"1xChurros de chocolate ","10",0,0,0,"10","2","Pix","","Lucas",""
"16855-2","Sale","06/20/2026 2:34 PM",1,2,"2xCrepe suíço doce","22",0,0,0,"22","6","Pix","","Lucas",""
"16856-2","Sale","06/20/2026 2:43 PM",1,1,"1xMilkshake 300ml","11",0,0,0,"11","1","Tarjeta Débito","","Lucas",""
"16857-2","Sale","06/20/2026 2:51 PM",1,1,"1xChurros de chocolate ","10",0,0,0,"10","2","Efectivo","","Lucas",""
"16858-2","Sale","06/20/2026 2:56 PM",1,1,"1xChurros de chocolate ","10",0,0,0,"10","2","Efectivo","","Lucas",""
"16859-2","Sale","06/20/2026 3:04 PM",3,3,"1xCopo 150ml, 1xChurros de chocolate , 1xChurros doce de leite ","27",0,0,0,"27","5","Tarjeta Débito","","Lucas",""
"16860-2","Sale","06/20/2026 3:10 PM",1,1,"1xÁgua sem gás ","4",0,0,0,"4",0,"Tarjeta Débito","","Lucas",""
"16861-2","Sale","06/20/2026 3:13 PM",1,1,"1xChurros doce de leite ","10",0,0,0,"10","2","Tarjeta Débito","","Lucas",""
"16863-2","Sale","06/20/2026 3:28 PM",1,1,"1xChurros de chocolate ","10",0,0,0,"10","2","Pix","","Lucas",""
"16864-2","Sale","06/20/2026 3:33 PM",1,1,"1xMilkshake 400ml","14",0,0,0,"14","1","Tarjeta Débito","","Lucas",""
"16866-2","Sale","06/20/2026 3:45 PM",1,1,"1xÁgua sem gás ","4",0,0,0,"4",0,"Tarjeta Débito","","Lucas",""
"16865-2","Sale","06/20/2026 3:44 PM",1,1,"1xRefri 310ml","7",0,0,0,"7","1","Tarjeta Débito","","Lucas",""
"16867-2","Sale","06/20/2026 4:05 PM",3,4,"2xChurros doce de leite , 1xCrepe suíço salgado , 1xCrepe suíço doce","41",0,0,0,"41","9","Efectivo","","Lucas",""
"16868-2","Sale","06/20/2026 4:12 PM",3,3,"1xChurros doce de leite , 1xCasquinha , 1xMilkshake 300ml","28",0,0,0,"28","9","Pix","","Lucas",""
"16870-2","Sale","06/20/2026 4:17 PM",1,1,"1xCrepe suíço salgado ","10",0,0,0,"10","2","Otros","","Lucas",""
"16871-2","Sale","06/20/2026 4:22 PM",1,1,"1xCasquinha ","7",0,0,0,"7","6","Tarjeta Débito","","Lucas",""
"16869-2","Sale","06/20/2026 4:15 PM",2,2,"1xChurros doce de leite , 1xChurros de chocolate ","20",0,0,0,"20","4","Tarjeta Débito","","Lucas",""
"16873-2","Sale","06/20/2026 4:36 PM",1,1,"1xMilkshake 300ml","11",0,0,0,"11","1","Pix","","Lucas",""
"16874-2","Sale","06/20/2026 4:42 PM",1,1,"1xCascão ","9",0,0,0,"9","7.8","Efectivo","","Lucas",""
"16875-2","Sale","06/20/2026 4:57 PM",1,1,"1xRefri 310ml","7",0,0,0,"7","1","Tarjeta Débito","","Lucas",""
"16876-2","Sale","06/20/2026 4:58 PM",1,1,"1xCasquinha ","7",0,0,0,"7","6","Efectivo","","Lucas",""
"16877-2","Sale","06/20/2026 5:05 PM",3,3,"1xChurros doce de leite , 1xÁgua sem gás , 1xChurros de chocolate ","24",0,0,0,"24","4","Tarjeta Débito","","Lucas",""
"16878-2","Sale","06/20/2026 5:08 PM",1,1,"1xChurros de chocolate ","10",0,0,0,"10","2","Pix","","Lucas",""
"16879-2","Sale","06/20/2026 5:10 PM",1,1,"1xCopo 150ml","7",0,0,0,"7","1","Tarjeta Débito","","Lucas",""
"16880-2","Sale","06/20/2026 5:11 PM",1,1,"1xCasquinha ","7",0,0,0,"7","6","Efectivo","","Lucas",""
"16881-2","Sale","06/20/2026 5:18 PM",1,1,"1xCasquinha ","7",0,0,0,"7","6","Efectivo","","Lucas",""
"16882-2","Sale","06/20/2026 5:18 PM",1,1,"1xÁgua com gás ","4.5",0,0,0,"4.5","3.3","Otros","","Lucas",""
"16883-2","Sale","06/20/2026 5:22 PM",1,1,"1xMilkshake 300ml","11",0,0,0,"11","1","Tarjeta Crédito","","Lucas",""
"16885-2","Sale","06/20/2026 5:37 PM",1,2,"2xMilkshake 300ml","22",0,0,0,"22","2","Pix","","Lucas",""
"16886-2","Sale","06/20/2026 5:37 PM",2,3,"2xChocolate quente 180ml, 1xCrepe suíço salgado ","30",0,0,0,"30","12","Pix","","Lucas",""
"16887-2","Sale","06/20/2026 5:48 PM",1,2,"2xCascão ","18",0,0,0,"18","15.6","Efectivo","","Lucas",""
"16888-2","Sale","06/20/2026 5:49 PM",1,1,"1xCascão ","9",0,0,0,"9","7.8","Tarjeta Débito","","Lucas",""
"16889-2","Sale","06/20/2026 5:50 PM",1,1,"1xCrepe suíço doce","11",0,0,0,"11","3","Efectivo","","Lucas",""
"16893-2","Sale","06/20/2026 6:11 PM",2,3,"1xChurros de chocolate , 2xChurros doce de leite ","30",0,0,0,"30","6","Tarjeta Débito","","Lucas",""
"16892-2","Sale","06/20/2026 6:10 PM",2,3,"2xChurros doce de leite , 1xChurros de chocolate ","30",0,0,0,"30","6","Efectivo","","Lucas",""
"16894-2","Sale","06/20/2026 6:26 PM",1,1,"1xRefri 310ml","7",0,0,0,"7","1","Tarjeta Débito","","Lucas",""
"16895-2","Sale","06/20/2026 6:28 PM",1,1,"1xCascão ","9",0,0,0,"9","7.8","Tarjeta Crédito","","Lucas",""
"16896-2","Sale","06/20/2026 6:49 PM",3,5,"2xCopo 150ml, 2xMilkshake 300ml, 1xMilkshake 400ml","50",0,0,0,"50","5","Efectivo","","Lucas",""
"16891-2","Sale","06/20/2026 6:08 PM",1,1,"1xÁgua sem gás ","4",0,0,0,"4",0,"Pix","","Lucas",""
"16872-2","Sale","06/20/2026 4:32 PM",1,2,"2xCascão ","18",0,0,0,"18","15.6","Efectivo","","Lucas",""
"16890-2","Sale","06/20/2026 6:07 PM",2,3,"2xCasquinha , 1xMilkshake 300ml","25",0,0,0,"25","13","Efectivo","","Lucas",""
"16897-2","Sale","06/21/2026 3:10 PM",1,1,"1xCascão ","9",0,0,0,"9","7.8","Pix","","Lucas",""
"16898-2","Sale","06/21/2026 3:21 PM",2,3,"2xCrepe suíço salgado , 1xChurros doce de leite ","30",0,0,0,"30","6","Otros","","Lucas",""
"16899-2","Sale","06/21/2026 3:26 PM",2,3,"2xChurros doce de leite , 1xÁgua com gás ","24.5",0,0,0,"24.5","7.3","Efectivo","","Lucas",""
"16900-2","Sale","06/21/2026 3:58 PM",2,2,"1xMilkshake 400ml, 1xMilkshake 300ml","25",0,0,0,"25","2","Efectivo","","Lucas",""
"16901-2","Sale","06/21/2026 4:02 PM",1,2,"2xCascão ","18",0,0,0,"18","15.6","Tarjeta Débito","","Lucas",""
"16902-2","Sale","06/21/2026 4:05 PM",2,3,"1xMilkshake 400ml, 2xCasquinha ","28",0,0,0,"28","13","Efectivo","","Lucas",""
"16903-2","Sale","06/21/2026 4:11 PM",1,2,"2xCascão ","18",0,0,0,"18","15.6","Pix","","Lucas",""
"16904-2","Sale","06/21/2026 4:14 PM",2,3,"1xCascão , 2xCafe com Leite 180ml","23",0,0,0,"23","7.8","Pix","","Lucas",""
"16905-2","Sale","06/21/2026 4:24 PM",1,1,"1xMilkshake 400ml","14",0,0,0,"14","1","Tarjeta Débito","","Lucas",""
"16906-2","Sale","06/21/2026 4:35 PM",1,2,"2xMilkshake 400ml","28",0,0,0,"28","2","Pix","","Lucas",""
"16907-2","Sale","06/21/2026 5:17 PM",2,2,"1xChurros de chocolate , 1xChurros doce de leite ","20",0,0,0,"20","4","Efectivo","","Lucas",""
"16908-2","Sale","06/21/2026 5:18 PM",1,2,"2xCrepe suíço doce","22",0,0,0,"22","6","Tarjeta Crédito","","Lucas",""
"16909-2","Sale","06/21/2026 5:22 PM",1,1,"1xCasquinha ","7",0,0,0,"7","6","Efectivo","","Lucas",""
"16910-2","Sale","06/21/2026 5:29 PM",1,2,"2xCasquinha ","14",0,0,0,"14","12","Efectivo","","Lucas",""
"16911-2","Sale","06/21/2026 5:31 PM",1,1,"1xMilkshake 300ml","11",0,0,0,"11","1","Tarjeta Débito","","Lucas",""
"16912-2","Sale","06/21/2026 5:49 PM",1,1,"1xChurros doce de leite ","10",0,0,0,"10","2","Efectivo","","Lucas",""
"16913-2","Sale","06/21/2026 5:58 PM",1,4,"4xCasquinha ","28",0,0,0,"28","24","Efectivo","","Lucas",""
"16914-2","Sale","06/21/2026 5:59 PM",3,4,"1xChurros doce de leite , 1xChocolate quente 180ml, 2xCrepe suíço salgado ","40",0,0,0,"40","11","Tarjeta Débito","","Lucas",""
"16915-2","Sale","06/23/2026 1:56 PM",1,1,"1xCascão ","9",0,0,0,"9","7.8","Tarjeta Débito","","Lucas",""
"16916-2","Sale","06/23/2026 2:31 PM",1,1,"1xCafe com Leite 180ml","7",0,0,0,"7",0,"Tarjeta Débito","","Lucas",""
"16917-2","Sale","06/23/2026 2:35 PM",1,1,"1xRefri 310ml","7",0,0,0,"7","1","Tarjeta Débito","","Lucas",""
"16918-2","Sale","06/23/2026 2:35 PM",2,2,"1xChurros de chocolate , 1xChurros doce de leite ","20",0,0,0,"20","4","Efectivo","","Lucas",""
"16919-2","Sale","06/23/2026 2:39 PM",1,1,"1xRefri 310ml","7",0,0,0,"7","1","Otros","","Lucas",""
"16920-2","Sale","06/23/2026 2:43 PM",1,1,"1xChocolate quente 180ml","10",0,0,0,"10","5","Efectivo","","Lucas",""
"16921-2","Sale","06/23/2026 3:05 PM",2,2,"1xCrepe suíço salgado , 1xCafe com Leite 180ml","17",0,0,0,"17","2","Pix","","Lucas",""
"16922-2","Sale","06/23/2026 3:24 PM",1,1,"1xCafe com Leite 180ml","7",0,0,0,"7",0,"Pix","","Lucas",""
"16923-2","Sale","06/23/2026 3:29 PM",1,1,"1xCopo 150ml","7",0,0,0,"7","1","Pix","","Lucas",""
"16924-2","Sale","06/23/2026 3:45 PM",1,1,"1xÁgua sem gás ","4",0,0,0,"4",0,"Tarjeta Crédito","","Lucas",""
"16925-2","Sale","06/23/2026 3:48 PM",1,1,"1xCasquinha ","7",0,0,0,"7","6","Pix","","Lucas",""
"16926-2","Sale","06/23/2026 3:49 PM",2,2,"1xCasquinha , 1xCascão ","16",0,0,0,"16","13.8","Tarjeta Débito","","Lucas",""
"16927-2","Sale","06/23/2026 3:50 PM",1,1,"1xMilkshake 300ml","11",0,0,0,"11","1","Efectivo","","Lucas",""
"16928-2","Sale","06/23/2026 4:45 PM",2,2,"1xCasquinha , 1xCascão ","16",0,0,0,"16","13.8","Tarjeta Débito","","Lucas",""
"16929-2","Sale","06/23/2026 4:48 PM",3,5,"1xChocolate quente 180ml, 3xÁgua sem gás , 1xÁgua com gás ","26.5",0,0,0,"26.5","8.3","Tarjeta Débito","","Lucas",""
"16931-2","Sale","06/23/2026 5:04 PM",1,1,"1xChurros doce de leite ","10",0,0,0,"10","2","Pix","","Lucas",""
"16932-2","Sale","06/23/2026 5:12 PM",1,1,"1xMilkshake 400ml","14",0,0,0,"14","1","Pix","","Lucas",""
"16933-2","Sale","06/23/2026 5:49 PM",2,2,"1xChurros de chocolate , 1xChurros doce de leite ","20",0,0,0,"20","4","Pix","","Lucas",""
"16934-2","Sale","06/23/2026 6:10 PM",1,1,"1xCrepe doce + chocolate quente ","18",0,0,0,"18","-1","Efectivo","","Lucas",""
"16935-2","Sale","06/23/2026 6:29 PM",1,1,"1xRefri 310ml","7",0,0,0,"7","1","Tarjeta Débito","","Lucas",""
"16936-2","Sale","06/24/2026 2:25 PM",1,1,"1xÁgua sem gás ","4",0,0,0,"4",0,"Tarjeta Débito","","Lucas",""
"16938-2","Sale","06/24/2026 2:40 PM",1,1,"1xRefri 310ml","7",0,0,0,"7","1","Efectivo","","Lucas",""
"16939-2","Sale","06/24/2026 2:41 PM",1,1,"1xCrepe suíço salgado ","10",0,0,0,"10","2","Otros","","Lucas",""
"16940-2","Sale","06/24/2026 3:04 PM",1,1,"1xÁgua com gás ","4.5",0,0,0,"4.5","3.3","Pix","","Lucas",""
"16941-2","Sale","06/24/2026 3:08 PM",1,1,"1xMilkshake 400ml","14",0,0,0,"14","1","Tarjeta Débito","","Lucas",""
"16942-2","Sale","06/24/2026 3:14 PM",1,1,"1xÁgua com gás ","4.5",0,0,0,"4.5","3.3","Pix","","Lucas",""
"16943-2","Sale","06/24/2026 3:20 PM",1,1,"1xCasquinha ","7",0,0,0,"7","6","Pix","","Lucas",""
"16944-2","Sale","06/24/2026 3:30 PM",1,1,"1xCopo 250ml","11",0,0,0,"11","1","Efectivo","","Lucas",""
"16945-2","Sale","06/24/2026 3:41 PM",1,1,"1xCopo 250ml","11",0,0,0,"11","1","Tarjeta Crédito","","Lucas",""
"16946-2","Sale","06/24/2026 4:22 PM",1,1,"1xCafe com Leite 180ml","7",0,0,0,"7",0,"Efectivo","","Lucas",""
"16947-2","Sale","06/24/2026 4:51 PM",1,1,"1xMilkshake 300ml","11",0,0,0,"11","1","Pix","","Lucas",""
"16948-2","Sale","06/24/2026 5:11 PM",2,2,"1xCascão , 1xMilkshake 300ml","20",0,0,0,"20","8.8","Tarjeta Débito","","Lucas",""
"16949-2","Sale","06/24/2026 5:16 PM",1,1,"1xChurros doce de leite ","10",0,0,0,"10","2","Tarjeta Crédito","","Lucas",""
"16950-2","Sale","06/24/2026 5:41 PM",1,1,"1xChurros de chocolate ","10",0,0,0,"10","2","Efectivo","","Lucas",""
"16951-2","Sale","06/24/2026 5:48 PM",1,1,"1xChurros de chocolate ","10",0,0,0,"10","2","Efectivo","","Lucas",""
"16952-2","Sale","06/24/2026 6:01 PM",1,1,"1xCasquinha ","7",0,0,0,"7","6","Tarjeta Débito","","Lucas",""
"16953-2","Sale","06/24/2026 6:14 PM",1,2,"2xChurros doce de leite ","20",0,0,0,"20","4","Efectivo","","Lucas",""
"16954-2","Sale","06/25/2026 2:10 PM",1,1,"1xMilkshake 500ml","16",0,0,0,"16",0,"Pix","","Lucas",""
"16955-2","Sale","06/25/2026 2:54 PM",2,2,"1xChurros doce de leite , 1xCombo 1","25",0,0,0,"25","3","Pix","","Lucas",""
"16956-2","Sale","06/25/2026 3:02 PM",1,1,"1xÁgua sem gás ","4",0,0,0,"4",0,"Efectivo","","Lucas",""
"16957-2","Sale","06/25/2026 3:06 PM",1,1,"1xÁgua sem gás ","4",0,0,0,"4",0,"Tarjeta Débito","","Lucas",""
"16958-2","Sale","06/25/2026 3:07 PM",1,1,"1xÁgua com gás ","4.5",0,0,0,"4.5","3.3","Tarjeta Débito","","Lucas",""
"16959-2","Sale","06/25/2026 3:51 PM",2,2,"1xCascão , 1xCasquinha ","16",0,0,0,"16","13.8","Tarjeta Crédito","","Lucas",""
"16960-2","Sale","06/25/2026 3:56 PM",1,4,"4xMilkshake 300ml","44",0,0,0,"44","4","Tarjeta Débito","","Lucas",""
"16961-2","Sale","06/25/2026 4:42 PM",1,1,"1xCombo 1","15",0,0,0,"15","1","Otros","","Lucas",""
"16962-2","Sale","06/25/2026 4:51 PM",1,2,"2xMilkshake 300ml","22",0,0,0,"22","2","Efectivo","","Lucas",""
"16963-2","Sale","06/25/2026 5:04 PM",2,2,"1xCasquinha , 1xÁgua com gás ","11.5",0,0,0,"11.5","9.3","Efectivo","","Lucas",""
"16964-2","Sale","06/25/2026 5:38 PM",1,1,"1xChurros de chocolate ","10",0,0,0,"10","2","Tarjeta Débito","","Lucas",""
"16965-2","Sale","06/25/2026 5:41 PM",1,2,"2xCascão ","18",0,0,0,"18","15.6","Efectivo","","Lucas",""
"16966-2","Sale","06/25/2026 5:41 PM",1,1,"1xCafe com Leite 180ml","7",0,0,0,"7",0,"Pix","","Lucas",""
"16967-2","Sale","06/25/2026 5:45 PM",1,1,"1xChurros doce de leite ","10",0,0,0,"10","2","Efectivo","","Lucas",""
"16968-2","Sale","06/25/2026 5:48 PM",1,3,"3xChurros doce de leite ","30",0,0,0,"30","6","Otros","","Lucas",""
"16969-2","Sale","06/25/2026 6:07 PM",1,1,"1xCrepe suíço doce","11",0,0,0,"11","3","Pix","","Lucas",""
"16970-2","Sale","06/25/2026 6:07 PM",1,1,"1xCrepe suíço doce","11",0,0,0,"11","3","Efectivo","","Lucas",""
"16971-2","Sale","06/25/2026 6:19 PM",1,1,"1xÁgua sem gás ","4",0,0,0,"4",0,"Efectivo","","Lucas",""
"16972-2","Sale","06/25/2026 6:26 PM",2,3,"2xCrepe suíço salgado , 1xCasquinha ","27",0,0,0,"27","10","Tarjeta Débito","","Lucas",""
"16973-2","Sale","06/25/2026 6:30 PM",2,2,"1xChurros doce de leite , 1xChurros de chocolate ","20",0,0,0,"20","4","Efectivo","","Lucas",""
"16974-2","Sale","06/26/2026 2:05 PM",1,1,"1xChurros doce de leite ","10",0,0,0,"10","2","Efectivo","","Lucas",""
"16975-2","Sale","06/26/2026 2:16 PM",1,2,"2xMilkshake 300ml","22",0,0,0,"22","2","Efectivo","","Lucas",""
"16976-2","Sale","06/26/2026 2:28 PM",1,1,"1xChocolate quente 180ml","10",5,0,0,"5",0,"Efectivo","","Lucas",""
"16977-2","Sale","06/26/2026 2:34 PM",1,2,"2xChurros doce de leite ","20",0,0,0,"20","4","Efectivo","","Lucas",""
"16978-2","Sale","06/26/2026 2:40 PM",1,3,"3xMilkshake 300ml","33",0,0,0,"33","3","Efectivo","","Lucas",""
"16979-2","Sale","06/26/2026 2:49 PM",1,2,"2xCascão ","18",0,0,0,"18","15.6","Tarjeta Débito","","Lucas",""
"16980-2","Sale","06/26/2026 3:03 PM",1,4,"4xMilkshake 300ml","44",0,0,0,"44","4","Pix","","Lucas",""
"16981-2","Sale","06/26/2026 3:04 PM",1,1,"1xMilkshake 300ml","11",0,0,0,"11","1","Tarjeta Débito","","Lucas",""
"16982-2","Sale","06/26/2026 3:18 PM",1,1,"1xMilkshake 400ml","14",0,0,0,"14","1","Efectivo","","Lucas",""
"16984-2","Sale","06/26/2026 3:51 PM",1,1,"1xCrepe suíço salgado ","10",0,0,0,"10","2","Tarjeta Crédito","","Lucas",""
"16985-2","Sale","06/26/2026 3:53 PM",1,1,"1xMilkshake 400ml","14",0,0,0,"14","1","Efectivo","","Lucas",""
"16986-2","Sale","06/26/2026 3:56 PM",1,1,"1xCascão ","9",0,0,0,"9","7.8","Efectivo","","Lucas",""
"16987-2","Sale","06/26/2026 4:08 PM",1,1,"1xMilkshake 300ml","11",0,0,0,"11","1","Efectivo","","Lucas",""
"16988-2","Sale","06/26/2026 4:28 PM",1,2,"2xCascão ","18",0,0,0,"18","15.6","Efectivo","","Lucas",""
"16989-2","Sale","06/26/2026 4:28 PM",1,1,"1xRefri 310ml","7",0,0,0,"7","1","Tarjeta Débito","","Lucas",""
"16990-2","Sale","06/26/2026 4:40 PM",1,3,"3xChurros de chocolate ","30",0,0,0,"30","6","Tarjeta Débito","","Lucas",""
"16991-2","Sale","06/26/2026 4:41 PM",1,1,"1xÁgua sem gás ","4",0,0,0,"4",0,"Efectivo","","Lucas",""
"16992-2","Sale","06/26/2026 4:50 PM",1,3,"3xCasquinha ","21",0,0,0,"21","18","Efectivo","","Lucas",""
"16993-2","Sale","06/26/2026 4:54 PM",2,2,"1xCopo 200ml, 1xMilkshake 400ml","23",0,0,0,"23","2","Pix","","Lucas",""
"16994-2","Sale","06/26/2026 5:02 PM",1,4,"4xChurros doce de leite ","40",0,0,0,"40","8","Efectivo","","Lucas",""
"16995-2","Sale","06/26/2026 5:15 PM",1,1,"1xÁgua com gás ","4.5",0,0,0,"4.5","3.3","Efectivo","","Lucas",""
"16996-2","Sale","06/26/2026 5:57 PM",1,1,"1xCasquinha ","7",0,0,0,"7","6","Tarjeta Débito","","Lucas",""
"16997-2","Sale","06/26/2026 5:58 PM",1,1,"1xCrepe suíço salgado ","10",0,0,0,"10","2","Efectivo","","Lucas",""
"16999-2","Sale","06/26/2026 8:06 PM",1,1,"1xMilkshake 400ml","14",0,0,0,"14","1","Efectivo","","Lucas",""
"17000-2","Sale","06/26/2026 8:08 PM",1,1,"1xCopo 250ml","11",0,0,0,"11","1","Efectivo","","Lucas",""
"17001-2","Sale","06/26/2026 8:09 PM",1,1,"1xMilkshake 400ml","14",0,0,0,"14","1","Efectivo","","Lucas",""
"17002-2","Sale","06/26/2026 8:10 PM",1,2,"2xChurros de chocolate ","20",0,0,0,"20","4","Efectivo","","Lucas",""
"17003-2","Sale","06/26/2026 8:11 PM",2,2,"1xÁgua sem gás , 1xMilkshake 300ml","15",0,0,0,"15","1","Efectivo","","Lucas",""
"17004-2","Sale","06/26/2026 8:13 PM",2,3,"2xMilkshake 400ml, 1xÁgua com gás ","32.5",0,0,0,"32.5","5.3","Efectivo","","Lucas",""
"17005-2","Sale","06/26/2026 8:14 PM",1,1,"1xMilkshake 500ml","16",0,0,0,"16",0,"Efectivo","","Lucas",""
"17006-2","Sale","06/26/2026 8:15 PM",1,1,"1xMilkshake 300ml","11",0,0,0,"11","1","Efectivo","","Lucas",""
"17007-2","Sale","06/26/2026 8:16 PM",2,2,"1xChurros de chocolate , 1xÁgua sem gás ","14",0,0,0,"14","2","Efectivo","","Lucas",""
"17008-2","Sale","06/26/2026 8:19 PM",2,2,"1xMilkshake 300ml, 1xCasquinha ","18",0,0,0,"18","7","Efectivo","","Lucas",""
"17013-2","Sale","06/26/2026 8:26 PM",1,1,"1xMilkshake 300ml","11",0,0,0,"11","1","Efectivo","","Lucas",""
"17010-2","Sale","06/26/2026 8:23 PM",1,1,"1xCascão ","9",0,0,0,"9","7.8","Efectivo","","Lucas",""
"17009-2","Sale","06/26/2026 8:22 PM",1,1,"1xCascão ","9",0,0,0,"9","7.8","Efectivo","","Lucas",""
"17012-2","Sale","06/26/2026 8:25 PM",1,2,"2xCasquinha ","14",0,0,0,"14","12","Efectivo","","Lucas",""
"17016-2","Sale","06/26/2026 8:29 PM",1,1,"1xMilkshake 400ml","14",0,0,0,"14","1","Efectivo","","Lucas",""
"17017-2","Sale","06/26/2026 8:30 PM",1,1,"1xCasquinha ","7",0,0,0,"7","6","Efectivo","","Lucas",""
"17014-2","Sale","06/26/2026 8:27 PM",1,2,"2xMilkshake 300ml","22",0,0,0,"22","2","Efectivo","","Lucas",""
"17018-2","Sale","06/26/2026 8:43 PM",1,2,"2xMilkshake 300ml","22",0,0,0,"22","2","Efectivo","","Lucas",""
"17015-2","Sale","06/26/2026 8:28 PM",1,1,"1xMilkshake 500ml","16",0,0,0,"16",0,"Efectivo","","Lucas",""
"17011-2","Sale","06/26/2026 8:24 PM",1,2,"2xChurros doce de leite ","20",0,0,0,"20","4","Efectivo","","Lucas",""
"17019-2","Sale","06/26/2026 8:51 PM",1,1,"1xMilkshake 300ml","11",0,0,0,"11","1","Efectivo","","Lucas",""
"17020-2","Sale","06/26/2026 8:54 PM",1,1,"1xMilkshake 300ml","11",0,0,0,"11","1","Efectivo","","Lucas",""
"17021-2","Sale","06/26/2026 8:58 PM",1,1,"1xMilkshake 300ml","11",0,0,0,"11","1","Efectivo","","Lucas",""
"17022-2","Sale","06/26/2026 8:59 PM",1,1,"1xMilkshake 500ml","16",0,0,0,"16",0,"Efectivo","","Lucas",""
"17023-2","Sale","06/26/2026 9:42 PM",1,1,"1xMilkshake 500ml","16",0,0,0,"16",0,"Efectivo","","Lucas",""
"17024-2","Sale","06/26/2026 9:49 PM",1,1,"1xMilkshake 300ml","11",0,0,0,"11","1","Efectivo","","Lucas",""
"17025-2","Sale","06/26/2026 9:49 PM",1,1,"1xMilkshake 300ml","11",0,0,0,"11","1","Efectivo","","Lucas",""
"17026-2","Sale","06/26/2026 10:06 PM",2,2,"1xCasquinha , 1xMilkshake 400ml","21",0,0,0,"21","7","Efectivo","","Lucas",""
"17027-2","Sale","06/26/2026 10:08 PM",1,1,"1xCascão ","9",0,0,0,"9","7.8","Efectivo","","Lucas",""
"17028-2","Sale","06/26/2026 10:10 PM",2,2,"1xChurros doce de leite , 1xÁgua sem gás ","14",0,0,0,"14","2","Efectivo","","Lucas",""
"17029-2","Sale","06/26/2026 10:10 PM",1,1,"1xChurros doce de leite ","10",0,0,0,"10","2","Efectivo","","Lucas",""
"17030-2","Sale","06/26/2026 10:11 PM",1,1,"1xMilkshake 300ml","11",0,0,0,"11","1","Efectivo","","Lucas",""
"17031-2","Sale","06/26/2026 10:12 PM",2,2,"1xChurros de chocolate , 1xCascão ","19",0,0,0,"19","9.8","Efectivo","","Lucas",""
"17032-2","Sale","06/26/2026 10:50 PM",1,1,"1xChurros de chocolate ","10",0,0,0,"10","2","Efectivo","","Lucas",""
"17033-2","Sale","06/26/2026 11:15 PM",1,1,"1xMilkshake 300ml","11",0,0,0,"11","1","Efectivo","","Lucas",""
"17034-2","Sale","06/26/2026 11:26 PM",1,2,"2xCopo 200ml","18",0,0,0,"18","2","Efectivo","","Lucas",""
"16983-2","Sale","06/26/2026 3:40 PM",1,2,"2xCascão ","18",0,0,0,"18","15.6","Efectivo","","Lucas",""
"17035-2","Sale","06/27/2026 12:05 AM",1,2,"2xCascão ","18",0,0,0,"18","15.6","Efectivo","","Lucas",""
"17036-2","Sale","06/27/2026 12:06 AM",1,1,"1xCasquinha ","7",0,0,0,"7","6","Efectivo","","Lucas",""
"17037-2","Sale","06/27/2026 12:07 AM",1,1,"1xCasquinha ","7",0,0,0,"7","6","Efectivo","","Lucas",""
"17038-2","Sale","06/27/2026 12:08 AM",1,1,"1xMilkshake 500ml","16",0,0,0,"16",0,"Efectivo","","Lucas",""
"17039-2","Sale","06/27/2026 12:09 AM",1,1,"1xCasquinha ","7",0,0,0,"7","6","Efectivo","","Lucas",""
"17040-2","Sale","06/27/2026 12:10 AM",1,1,"1xMilkshake 400ml","14",0,0,0,"14","1","Efectivo","","Lucas",""
"17041-2","Sale","06/27/2026 12:10 AM",1,1,"1xMilkshake 400ml","14",0,0,0,"14","1","Efectivo","","Lucas",""
"17042-2","Sale","06/27/2026 12:11 AM",1,1,"1xMilkshake 500ml","16",0,0,0,"16",0,"Efectivo","","Lucas",""
"17043-2","Sale","06/27/2026 12:12 AM",1,1,"1xMilkshake 500ml","16",0,0,0,"16",0,"Efectivo","","Lucas",""
"17044-2","Sale","06/27/2026 12:12 AM",1,1,"1xMilkshake 500ml","16",0,0,0,"16",0,"Efectivo","","Lucas",""
"17045-2","Sale","06/27/2026 12:13 AM",1,2,"2xMilkshake 400ml","28",0,0,0,"28","2","Efectivo","","Lucas",""
"17046-2","Sale","06/27/2026 12:14 AM",1,1,"1xMilkshake 500ml","16",0,0,0,"16",0,"Efectivo","","Lucas",""
"17047-2","Sale","06/27/2026 12:15 AM",1,1,"1xMilkshake 400ml","14",0,0,0,"14","1","Efectivo","","Lucas",""
"17048-2","Sale","06/27/2026 12:16 AM",1,1,"1xCasquinha ","7",0,0,0,"7","6","Efectivo","","Lucas",""
"17049-2","Sale","06/27/2026 12:18 AM",3,3,"1xMilkshake 300ml, 1xRefri 310ml, 1xCascão ","27",0,0,0,"27","9.8","Efectivo","","Lucas",""
"17050-2","Sale","06/27/2026 12:18 AM",1,1,"1xCasquinha ","7",0,0,0,"7","6","Efectivo","","Lucas",""
"17051-2","Sale","06/27/2026 12:19 AM",1,1,"1xMilkshake 300ml","11",0,0,0,"11","1","Efectivo","","Lucas",""
"17052-2","Sale","06/27/2026 12:20 AM",1,1,"1xMilkshake 300ml","11",0,0,0,"11","1","Efectivo","","Lucas",""
"17053-2","Sale","06/27/2026 12:20 AM",1,1,"1xMilkshake 500ml","16",0,0,0,"16",0,"Efectivo","","Lucas",""
"17054-2","Sale","06/27/2026 12:21 AM",1,1,"1xCasquinha ","7",0,0,0,"7","6","Efectivo","","Lucas",""
"17055-2","Sale","06/27/2026 12:22 AM",1,1,"1xMilkshake 300ml","11",0,0,0,"11","1","Efectivo","","Lucas",""
"17056-2","Sale","06/27/2026 12:23 AM",2,2,"1xCasquinha , 1xCopo 150ml","14",0,0,0,"14","7","Efectivo","","Lucas",""
"17057-2","Sale","06/27/2026 12:23 AM",2,2,"1xMilkshake 300ml, 1xMilkshake 500ml","27",0,0,0,"27","1","Efectivo","","Lucas",""
"17058-2","Sale","06/27/2026 12:25 AM",1,1,"1xMilkshake 300ml","11",0,0,0,"11","1","Efectivo","","Lucas",""
"17059-2","Sale","06/27/2026 12:26 AM",1,1,"1xMilkshake 500ml","16",0,0,0,"16",0,"Efectivo","","Lucas",""
"17060-2","Sale","06/27/2026 12:28 AM",1,1,"1xMilkshake 500ml","16",0,0,0,"16",0,"Efectivo","","Lucas",""
"17061-2","Sale","06/27/2026 12:30 AM",2,2,"1xMilkshake 300ml, 1xCasquinha ","18",0,0,0,"18","7","Efectivo","","Lucas",""
"17062-2","Sale","06/27/2026 12:30 AM",1,1,"1xMilkshake 300ml","11",0,0,0,"11","1","Efectivo","","Lucas",""
"17063-2","Sale","06/27/2026 12:31 AM",1,1,"1xMilkshake 500ml","16",0,0,0,"16",0,"Efectivo","","Lucas",""
"17064-2","Sale","06/27/2026 12:31 AM",1,1,"1xCopo 150ml","7",0,0,0,"7","1","Efectivo","","Lucas",""
"17065-2","Sale","06/27/2026 12:33 AM",1,1,"1xMilkshake 300ml","11",0,0,0,"11","1","Efectivo","","Lucas",""
"17066-2","Sale","06/27/2026 12:36 AM",1,1,"1xMilkshake 300ml","11",0,0,0,"11","1","Efectivo","","Lucas",""
"17067-2","Sale","06/27/2026 12:37 AM",1,1,"1xMilkshake 300ml","11",0,0,0,"11","1","Efectivo","","Lucas",""
"17068-2","Sale","06/27/2026 12:43 AM",1,2,"2xChurros de chocolate ","20",0,0,0,"20","4","Efectivo","","Lucas",""
"17069-2","Sale","06/27/2026 12:44 AM",1,1,"1xMilkshake 500ml","16",0,0,0,"16",0,"Efectivo","","Lucas",""
"17070-2","Sale","06/27/2026 12:46 AM",1,1,"1xMilkshake 500ml","16",0,0,0,"16",0,"Efectivo","","Lucas",""
"17071-2","Sale","06/27/2026 12:48 AM",1,1,"1xMilkshake 300ml","11",0,0,0,"11","1","Efectivo","","Lucas",""
"17072-2","Sale","06/27/2026 12:51 AM",1,1,"1xCascão ","9",0,0,0,"9","7.8","Efectivo","","Lucas",""
"17073-2","Sale","06/27/2026 12:52 AM",1,1,"1xCascão ","9",0,0,0,"9","7.8","Efectivo","","Lucas",""
"17074-2","Sale","06/27/2026 12:53 AM",1,1,"1xMilkshake 500ml","16",0,0,0,"16",0,"Efectivo","","Lucas",""
"17075-2","Sale","06/27/2026 12:53 AM",2,2,"1xCascão , 1xMilkshake 400ml","23",0,0,0,"23","8.8","Efectivo","","Lucas",""
"17076-2","Sale","06/27/2026 12:54 AM",1,1,"1xChurros de chocolate ","10",0,0,0,"10","2","Efectivo","","Lucas",""
"17077-2","Sale","06/27/2026 12:54 AM",1,1,"1xMilkshake 500ml","16",0,0,0,"16",0,"Efectivo","","Lucas",""
"17078-2","Sale","06/27/2026 12:56 AM",1,1,"1xChurros de chocolate ","10",0,0,0,"10","2","Efectivo","","Lucas",""
"17079-2","Sale","06/27/2026 12:58 AM",1,1,"1xMilkshake 300ml","11",0,0,0,"11","1","Efectivo","","Lucas",""
"17080-2","Sale","06/27/2026 1:00 AM",1,1,"1xMilkshake 400ml","14",0,0,0,"14","1","Efectivo","","Lucas",""
"17081-2","Sale","06/27/2026 1:04 AM",1,1,"1xChurros de chocolate ","10",0,0,0,"10","2","Efectivo","","Lucas",""
"17082-2","Sale","06/27/2026 1:06 AM",2,2,"1xMilkshake 400ml, 1xChurros de chocolate ","24",0,0,0,"24","3","Efectivo","","Lucas",""
"17083-2","Sale","06/27/2026 1:07 AM",1,1,"1xCopo 200ml","9",0,0,0,"9","1","Efectivo","","Lucas",""
"17084-1","Sale","06/27/2026 1:08 AM",1,1,"1xCombo 3","15",0,0,0,"15","1","Cash","","Lucas",""
"17085-1","Sale","06/27/2026 1:10 AM",1,1,"1xMilkshake 300ml","11",0,0,0,"11","1","Cash","","Lucas",""
"17086-1","Sale","06/27/2026 1:15 AM",1,1,"1xMilkshake 300ml","11",0,0,0,"11","1","Cash","","Lucas",""
"17087-1","Sale","06/27/2026 1:16 AM",1,1,"1xMilkshake 500ml","16",0,0,0,"16",0,"Cash","","Lucas",""
"17088-1","Sale","06/27/2026 1:18 AM",1,1,"1xÁgua com gás ","4.5",0,0,0,"4.5","3.3","Cash","","Lucas",""
"17089-1","Sale","06/27/2026 1:19 AM",1,2,"2xMilkshake 500ml","32",0,0,0,"32",0,"Cash","","Lucas",""
"17090-1","Sale","06/27/2026 1:20 AM",1,1,"1xChurros de chocolate ","10",0,0,0,"10","2","Cash","","Lucas",""
"17091-1","Sale","06/27/2026 1:21 AM",1,1,"1xMilkshake 400ml","14",0,0,0,"14","1","Cash","","Lucas",""
"17092-1","Sale","06/27/2026 1:21 AM",1,2,"2xCasquinha ","14",0,0,0,"14","12","Cash","","Lucas",""
"17093-1","Sale","06/27/2026 1:22 AM",1,1,"1xMilkshake 500ml","16",0,0,0,"16",0,"Cash","","Lucas",""
"17094-1","Sale","06/27/2026 1:22 AM",1,1,"1xMilkshake 300ml","11",0,0,0,"11","1","Cash","","Lucas",""
"17095-1","Sale","06/27/2026 1:26 AM",1,1,"1xMilkshake 500ml","16",0,0,0,"16",0,"Cash","","Lucas",""
"17096-1","Sale","06/27/2026 1:26 AM",1,1,"1xMilkshake 300ml","11",0,0,0,"11","1","Cash","","Lucas",""
"17097-1","Sale","06/27/2026 1:27 AM",1,1,"1xCopo 150ml","7",0,0,0,"7","1","Cash","","Lucas",""
"17098-1","Sale","06/27/2026 1:27 AM",1,1,"1xCascão ","9",0,0,0,"9","7.8","Cash","","Lucas",""
"17099-1","Sale","06/27/2026 1:29 AM",1,1,"1xChurros doce de leite ","10",0,0,0,"10","2","Cash","","Lucas",""
"17100-1","Sale","06/27/2026 1:29 AM",1,1,"1xMilkshake 300ml","11",0,0,0,"11","1","Cash","","Lucas",""
"17101-1","Sale","06/27/2026 1:31 AM",1,1,"1xMilkshake 500ml","16",0,0,0,"16",0,"Cash","","Lucas",""
"17102-1","Sale","06/27/2026 1:33 AM",1,1,"1xMilkshake 300ml","11",0,0,0,"11","1","Cash","","Lucas",""
"17103-1","Sale","06/27/2026 1:35 AM",1,1,"1xMilkshake 300ml","11",0,0,0,"11","1","Cash","","Lucas",""
"17104-1","Sale","06/27/2026 1:35 AM",1,1,"1xChurros de chocolate ","10",0,0,0,"10","2","Cash","","Lucas",""
"17105-1","Sale","06/27/2026 1:41 AM",1,1,"1xÁgua sem gás ","4",0,0,0,"4",0,"Cash","","Lucas",""
"17106-1","Sale","06/27/2026 1:48 AM",1,1,"1xCopo 200ml","9",0,0,0,"9","1","Cash","","Lucas",""
"17107-1","Sale","06/27/2026 1:54 AM",1,1,"1xCasquinha ","7",0,0,0,"7","6","Cash","","Lucas",""
"17108-1","Sale","06/27/2026 2:01 AM",1,1,"1xMilkshake 400ml","14",0,0,0,"14","1","Cash","","Lucas",""
"17109-2","Sale","06/28/2026 4:19 PM",2,2,"1xCrepe suíço salgado , 1xChurros doce de leite ","20",0,0,0,"20","4","Pix","","Lucas",""
"17110-2","Sale","06/28/2026 4:27 PM",1,1,"1xCopo 200ml","9",0,0,0,"9","1","Pix","","Lucas",""
"17111-2","Sale","06/28/2026 4:33 PM",1,1,"1xRefri 310ml","7",0,0,0,"7","1","Tarjeta Crédito","","Lucas",""
"17112-2","Sale","06/28/2026 4:43 PM",2,4,"2xMilkshake 500ml, 2xCrepe suíço doce","54",0,0,0,"54","6","Efectivo","","Lucas",""
"17113-2","Sale","06/28/2026 4:43 PM",2,2,"1xCrepe suíço salgado , 1xMilkshake 500ml","26",0,0,0,"26","2","Tarjeta Crédito","","Lucas",""
"17114-2","Sale","06/28/2026 5:07 PM",1,1,"1xÁgua sem gás ","4",0,0,0,"4",0,"Tarjeta Débito","","Lucas",""
"17115-2","Sale","06/28/2026 5:42 PM",2,2,"1xCrepe suíço salgado , 1xChurros de chocolate ","20",0,0,0,"20","4","Tarjeta Débito","","Lucas",""
"17116-2","Sale","06/29/2026 3:00 PM",1,1,"1xMilkshake 500ml","16",0,0,0,"16",0,"Efectivo","","Lucas",""
"17117-2","Sale","06/29/2026 4:18 PM",1,1,"1xChurros de chocolate ","10",0,0,0,"10","2","Efectivo","","Lucas",""
"17118-2","Sale","06/29/2026 4:20 PM",1,1,"1xCrepe suíço salgado ","10",0,0,0,"10","2","Efectivo","","Lucas",""
"17119-2","Sale","06/29/2026 4:28 PM",1,2,"2xCascão ","18",0,0,0,"18","15.6","Tarjeta Débito","","Lucas",""
"17120-2","Sale","06/29/2026 4:33 PM",1,1,"1xCopo 200ml","9",0,0,0,"9","1","Efectivo","","Lucas",""
"17121-2","Sale","06/29/2026 4:59 PM",1,1,"1xChurros de chocolate ","10",0,0,0,"10","2","Efectivo","","Lucas",""
"17122-2","Sale","06/29/2026 5:22 PM",1,2,"2xMilkshake 400ml","28",0,0,0,"28","2","Efectivo","","Lucas",""
"17123-2","Sale","06/29/2026 5:26 PM",2,2,"1xMilkshake 300ml, 1xCombo 2","27",0,0,0,"27","2","Efectivo","","Lucas",""
"17124-2","Sale","06/29/2026 5:40 PM",1,1,"1xCascão ","9",0,0,0,"9","7.8","Efectivo","","Lucas",""
"17125-2","Sale","06/29/2026 5:47 PM",2,2,"1xCrepe suíço doce, 1xChurros doce de leite ","21",0,0,0,"21","5","Efectivo","","Lucas",""
"17126-2","Sale","06/29/2026 5:56 PM",1,1,"1xCrepe suíço doce","11",0,0,0,"11","3","Tarjeta Débito","","Lucas",""
"17127-2","Sale","06/29/2026 5:57 PM",1,2,"2xCrepe suíço doce","22",0,0,0,"22","6","Tarjeta Débito","","Lucas",""
"17128-2","Sale","06/30/2026 2:21 PM",1,1,"1xMilkshake 300ml","11",0,0,0,"11","1","Efectivo","","Lucas",""
"17129-2","Sale","06/30/2026 2:28 PM",1,2,"2xCascão ","18",0,0,0,"18","15.6","Efectivo","","Lucas",""
"17130-2","Sale","06/30/2026 3:01 PM",1,1,"1xCasquinha ","7",0,0,0,"7","6","Efectivo","","Lucas",""
"17131-2","Sale","06/30/2026 3:04 PM",2,3,"2xMilkshake 300ml, 1xCascão ","31",0,0,0,"31","9.8","Efectivo","","Lucas",""
"17132-2","Sale","06/30/2026 3:15 PM",1,2,"2xCopo 250ml","22",0,0,0,"22","2","Efectivo","","Lucas",""
"17133-2","Sale","06/30/2026 3:16 PM",1,1,"1xÁgua com gás ","4.5",0,0,0,"4.5","3.3","Efectivo","","Lucas",""
"17134-2","Sale","06/30/2026 3:17 PM",1,1,"1xÁgua com gás ","4.5",0,0,0,"4.5","3.3","Tarjeta Débito","","Lucas",""
"17136-2","Sale","06/30/2026 3:26 PM",1,1,"1xChurros de chocolate ","10",1,0,0,"9","1","Efectivo","","Lucas",""
"17137-2","Sale","06/30/2026 3:30 PM",1,1,"1xÁgua sem gás ","4",0,0,0,"4",0,"Efectivo","","Lucas",""
"17138-2","Sale","06/30/2026 3:33 PM",1,1,"1xCascão ","9",0,0,0,"9","7.8","Efectivo","","Lucas",""
"17139-2","Sale","06/30/2026 4:23 PM",2,2,"1xCrepe suíço salgado , 1xÁgua sem gás ","14",0,0,0,"14","2","Tarjeta Crédito","","Lucas",""
"17140-2","Sale","06/30/2026 4:59 PM",1,2,"2xCascão ","18",0,0,0,"18","15.6","Tarjeta Débito","","Lucas",""
"17141-2","Sale","06/30/2026 5:02 PM",1,1,"1xChurros doce de leite ","10",0,0,0,"10","2","Efectivo","","Lucas",""
"17142-2","Sale","06/30/2026 5:43 PM",1,1,"1xCafe com Leite 180ml","7",0,0,0,"7",0,"Efectivo","","Lucas",""
"17143-2","Sale","06/30/2026 5:52 PM",1,1,"1xCasquinha ","7",0,0,0,"7","6","Tarjeta Débito","","Lucas",""
"17144-2","Sale","06/30/2026 6:10 PM",1,1,"1xCasquinha ","7",0,0,0,"7","6","Tarjeta Débito","","Lucas",""
"17145-2","Sale","06/30/2026 6:18 PM",1,1,"1xChurros de chocolate ","10",0,0,0,"10","2","Pix","","Lucas",""
"17146-2","Sale","07/01/2026 1:55 PM",2,2,"1xCopo 150ml, 1xCasquinha ","14",0,0,0,"14","7","Pix","","Lucas",""
"17147-2","Sale","07/01/2026 1:55 PM",1,1,"1xCrepe suíço salgado ","10",0,0,0,"10","2","Efectivo","","Lucas",""
"17148-2","Sale","07/01/2026 2:00 PM",1,1,"1xCascão ","9",0,0,0,"9","7.8","Efectivo","","Lucas",""
"17149-2","Sale","07/01/2026 2:13 PM",1,1,"1xMilkshake 400ml","14",0,0,0,"14","1","Pix","","Lucas",""
"17150-2","Sale","07/01/2026 2:22 PM",1,1,"1xRefri 310ml","7",0,0,0,"7","1","Efectivo","","Lucas",""
"17151-2","Sale","07/01/2026 2:31 PM",1,1,"1xCasquinha ","7",0,0,0,"7","6","Efectivo","","Lucas",""
"17152-2","Sale","07/01/2026 2:44 PM",1,1,"1xMilkshake 400ml","14",0,0,0,"14","1","Tarjeta Débito","","Lucas",""
"17153-2","Sale","07/01/2026 2:46 PM",2,2,"1xCopo 250ml, 1xCopo 150ml","18",0,0,0,"18","2","Tarjeta Crédito","","Lucas",""
"17154-2","Sale","07/01/2026 2:48 PM",1,1,"1xMilkshake 500ml","16",0,0,0,"16",0,"Otros","","Lucas",""
"17155-2","Sale","07/01/2026 2:56 PM",3,4,"2xCasquinha , 1xCascão , 1xMilkshake 500ml","39",0,0,0,"39","19.8","Tarjeta Débito","","Lucas",""
"17156-2","Sale","07/01/2026 2:59 PM",2,4,"2xMilkshake 300ml, 2xÁgua sem gás ","30",0,0,0,"30","2","Tarjeta Crédito","","Lucas",""
"17157-2","Sale","07/01/2026 3:04 PM",1,2,"2xCascão ","18",0,0,0,"18","15.6","Pix","","Lucas",""
"17158-2","Sale","07/01/2026 3:11 PM",1,1,"1xCasquinha ","7",0,0,0,"7","6","Efectivo","","Lucas",""
"17159-2","Sale","07/01/2026 3:16 PM",2,2,"1xÁgua sem gás , 1xÁgua com gás ","8.5",0,0,0,"8.5","3.3","Pix","","Lucas",""
"17160-2","Sale","07/01/2026 3:22 PM",1,1,"1xCopo 250ml","11",0,0,0,"11","1","Tarjeta Crédito","","Lucas",""
"17161-2","Sale","07/01/2026 3:30 PM",2,2,"1xCasquinha , 1xÁgua com gás ","11.5",0,0,0,"11.5","9.3","Efectivo","","Lucas",""
"17162-2","Sale","07/01/2026 3:34 PM",1,2,"2xCascão ","18",0,0,0,"18","15.6","Tarjeta Crédito","","Lucas",""
"17163-2","Sale","07/01/2026 3:36 PM",1,1,"1xMilkshake 300ml","11",0,0,0,"11","1","Efectivo","","Lucas",""
"17164-2","Sale","07/01/2026 3:46 PM",1,1,"1xCascão ","9",0,0,0,"9","7.8","Pix","","Lucas",""
"17165-2","Sale","07/01/2026 3:49 PM",2,3,"2xMilkshake 500ml, 1xÁgua sem gás ","36",0,0,0,"36",0,"Tarjeta Débito","","Lucas",""
"17166-2","Sale","07/01/2026 3:49 PM",1,1,"1xCasquinha ","7",0,0,0,"7","6","Tarjeta Débito","","Lucas",""
"17167-2","Sale","07/01/2026 3:51 PM",1,1,"1xCopo 150ml","7",0,0,0,"7","1","Tarjeta Débito","","Lucas",""
"17168-2","Sale","07/01/2026 3:52 PM",1,1,"1xCopo 150ml","7",0,0,0,"7","1","Efectivo","","Lucas",""
"17169-2","Sale","07/01/2026 3:54 PM",1,2,"2xCrepe suíço salgado ","20",0,0,0,"20","4","Efectivo","","Lucas",""
"17170-2","Sale","07/01/2026 3:58 PM",1,1,"1xCascão ","9",0,0,0,"9","7.8","Tarjeta Débito","","Lucas",""
"17171-2","Sale","07/01/2026 4:01 PM",1,1,"1xÁgua sem gás ","4",0,0,0,"4",0,"Pix","","Lucas",""
"17172-2","Sale","07/01/2026 4:04 PM",1,1,"1xCasquinha ","7",0,0,0,"7","6","Pix","","Lucas",""
"17173-2","Sale","07/01/2026 4:05 PM",1,1,"1xÁgua sem gás ","4",0,0,0,"4",0,"Efectivo","","Lucas",""
"17174-2","Sale","07/01/2026 4:22 PM",1,2,"2xMilkshake 400ml","28",0,0,0,"28","2","Pix","","Lucas",""
"17175-2","Sale","07/01/2026 4:22 PM",1,1,"1xChurros doce de leite ","10",0,0,0,"10","2","Tarjeta Débito","","Lucas",""
"17176-2","Sale","07/01/2026 4:41 PM",2,2,"1xMilkshake 300ml, 1xCopo 200ml","20",0,0,0,"20","2","Tarjeta Débito","","Lucas",""
"17177-2","Sale","07/01/2026 4:45 PM",2,2,"1xMilkshake 300ml, 1xCasquinha ","18",0,0,0,"18","7","Efectivo, Pix","","Lucas",""
"17178-2","Sale","07/01/2026 4:46 PM",1,1,"1xÁgua sem gás ","4",0,0,0,"4",0,"Efectivo","","Lucas",""
"17179-2","Sale","07/01/2026 4:49 PM",1,1,"1xCascão ","9",0,0,0,"9","7.8","Tarjeta Débito","","Lucas",""
"17180-2","Sale","07/01/2026 4:52 PM",1,2,"2xCrepe suíço salgado ","20",0,0,0,"20","4","Pix","","Lucas",""
"17181-2","Sale","07/01/2026 4:57 PM",1,1,"1xCascão ","9",0,0,0,"9","7.8","Tarjeta Débito","","Lucas",""
"17182-2","Sale","07/01/2026 5:16 PM",1,1,"1xCasquinha ","7",0,0,0,"7","6","Efectivo","","Lucas",""
"17183-2","Sale","07/01/2026 5:17 PM",1,2,"2xCasquinha ","14",0,0,0,"14","12","Tarjeta Débito","","Lucas",""
"17184-2","Sale","07/01/2026 5:39 PM",1,1,"1xMilkshake 300ml","11",0,0,0,"11","1","Tarjeta Crédito","","Lucas",""
"17185-2","Sale","07/01/2026 5:40 PM",1,1,"1xCascão ","9",0,0,0,"9","7.8","Tarjeta Crédito","","Lucas",""
"17186-2","Sale","07/01/2026 5:41 PM",2,3,"2xCasquinha , 1xCrepe suíço salgado ","24",0,0,0,"24","14","Otros","","Lucas",""
"17187-2","Sale","07/01/2026 5:44 PM",1,1,"1xCasquinha ","7",0,0,0,"7","6","Pix","","Lucas",""
"17188-2","Sale","07/01/2026 5:47 PM",1,2,"2xCascão ","18",0,0,0,"18","15.6","Efectivo","","Lucas",""
"17189-2","Sale","07/01/2026 5:49 PM",1,1,"1xCrepe suíço salgado ","10",0,0,0,"10","2","Tarjeta Débito","","Lucas",""
"17190-2","Sale","07/01/2026 5:53 PM",1,2,"2xChurros doce de leite ","20",0,0,0,"20","4","Pix","","Lucas",""
"17191-2","Sale","07/01/2026 5:55 PM",1,1,"1xChurros de chocolate ","10",0,0,0,"10","2","Pix","","Lucas",""
"17192-2","Sale","07/01/2026 5:58 PM",1,1,"1xCrepe suíço salgado ","10",0,0,0,"10","2","Otros","","Lucas",""
"17193-2","Sale","07/01/2026 6:07 PM",1,1,"1xCrepe suíço salgado ","10",0,0,0,"10","2","Pix","","Lucas",""
"17194-2","Sale","07/01/2026 6:12 PM",1,1,"1xCasquinha ","7",0,0,0,"7","6","Tarjeta Débito","","Lucas",""
"17195-2","Sale","07/01/2026 6:18 PM",1,2,"2xCascão ","18",0,0,0,"18","15.6","Tarjeta Crédito","","Lucas",""
"17196-2","Sale","07/01/2026 6:38 PM",2,2,"1xCrepe suíço salgado , 1xÁgua com gás ","14.5",0,0,0,"14.5","5.3","Pix","","Lucas",""
"17197-2","Sale","07/01/2026 6:42 PM",1,1,"1xCrepe suíço salgado ","10",0,0,0,"10","2","Efectivo","","Lucas",""
"17198-2","Sale","07/01/2026 6:50 PM",1,3,"3xCasquinha ","21",0,0,0,"21","18","Tarjeta Débito","","Lucas",""
"17199-2","Sale","07/02/2026 2:10 PM",1,2,"2xCascão ","18",0,0,0,"18","15.6","Tarjeta Crédito","","Lucas",""
"17200-2","Sale","07/02/2026 2:28 PM",1,1,"1xChurros doce de leite ","10",0,0,0,"10","2","Efectivo","","Lucas",""
"17201-2","Sale","07/02/2026 2:39 PM",2,3,"2xCasquinha , 1xMilkshake 300ml","25",0,0,0,"25","13","Pix","","Lucas",""
"17202-2","Sale","07/02/2026 3:33 PM",1,1,"1xCopo 200ml","9",0,0,0,"9","1","Efectivo","","Lucas",""
"17203-2","Sale","07/02/2026 3:49 PM",1,2,"2xCasquinha ","14",0,0,0,"14","12","Pix","","Lucas",""
"17204-2","Sale","07/02/2026 3:57 PM",1,1,"1xCascão ","9",0,0,0,"9","7.8","Tarjeta Débito","","Lucas",""
"17205-2","Sale","07/02/2026 4:41 PM",1,1,"1xÁgua sem gás ","4",0,0,0,"4",0,"Pix","","Lucas",""
"17206-2","Sale","07/02/2026 5:03 PM",1,1,"1xMilkshake 400ml","14",0,0,0,"14","1","Tarjeta Débito","","Lucas",""
"17207-2","Sale","07/02/2026 5:04 PM",1,1,"1xCopo 150ml","7",0,0,0,"7","1","Efectivo","","Lucas",""
"17208-2","Sale","07/02/2026 5:12 PM",1,1,"1xCasquinha ","7",0,0,0,"7","6","Efectivo","","Lucas",""
"17209-2","Sale","07/02/2026 5:52 PM",1,2,"2xCascão ","18",0,0,0,"18","15.6","Efectivo","","Lucas",""
"17210-2","Sale","07/02/2026 5:55 PM",1,1,"1xCrepe suíço salgado ","10",0,0,0,"10","2","Otros","","Lucas",""
"17211-2","Sale","07/02/2026 5:57 PM",1,1,"1xChurros doce de leite ","10",0,0,0,"10","2","Efectivo","","Lucas",""
"17212-2","Sale","07/02/2026 6:11 PM",1,1,"1xChurros doce de leite ","10",0,0,0,"10","2","Pix","","Lucas",""
"17213-2","Sale","07/02/2026 6:20 PM",1,1,"1xMilkshake 400ml","14",0,0,0,"14","1","Tarjeta Débito","","Lucas",""
"17214-2","Sale","07/02/2026 6:31 PM",1,1,"1xCrepe suíço salgado ","10",0,0,0,"10","2","Pix","","Lucas",""
"17215-2","Sale","07/03/2026 2:02 PM",1,1,"1xMilkshake 500ml","16",0,0,0,"16",0,"Efectivo","","Lucas",""
"17216-2","Sale","07/03/2026 2:37 PM",1,1,"1xÁgua sem gás ","4",0,0,0,"4",0,"Efectivo","","Lucas",""
"17217-2","Sale","07/03/2026 2:42 PM",1,1,"1xÁgua sem gás ","4",0,0,0,"4",0,"Efectivo","","Lucas",""
"17218-2","Sale","07/03/2026 2:48 PM",1,1,"1xCopo 200ml","9",0,0,0,"9","1","Pix","","Lucas",""
"17219-2","Sale","07/03/2026 3:00 PM",1,1,"1xCasquinha ","7",2,0,0,"5","4","Efectivo","","Lucas",""
"17220-2","Sale","07/03/2026 3:07 PM",2,2,"1xChurros doce de leite , 1xChurros de chocolate ","20",0,0,0,"20","4","Tarjeta Débito","","Lucas",""
"17221-2","Sale","07/03/2026 3:16 PM",1,1,"1xCopo 250ml","11",0,0,0,"11","1","Tarjeta Crédito","","Lucas",""
"17222-2","Sale","07/03/2026 3:20 PM",1,1,"1xCascão ","9",0,0,0,"9","7.8","Pix","","Lucas",""
"17223-2","Sale","07/03/2026 3:28 PM",1,1,"1xCrepe suíço doce","11",0,0,0,"11","3","Tarjeta Débito","","Lucas",""
"17224-2","Sale","07/03/2026 3:38 PM",1,1,"1xÁgua sem gás ","4",0,0,0,"4",0,"Efectivo","","Lucas",""
"17225-2","Sale","07/03/2026 3:43 PM",2,2,"1xCrepe suíço doce, 1xChurros de chocolate ","21",0,0,0,"21","5","Tarjeta Débito","","Lucas",""
"17226-2","Sale","07/03/2026 4:04 PM",1,1,"1xRefri 310ml","7",0,0,0,"7","1","Pix","","Lucas",""
"17227-2","Sale","07/03/2026 4:22 PM",1,1,"1xChurros doce de leite ","10",0,0,0,"10","2","Tarjeta Débito","","Lucas",""
"17228-2","Sale","07/03/2026 4:36 PM",1,1,"1xChurros doce de leite ","10",0,0,0,"10","2","Pix","","Lucas",""
"17229-2","Sale","07/03/2026 4:48 PM",1,1,"1xCascão ","9",0,0,0,"9","7.8","Tarjeta Crédito","","Lucas",""
"17230-2","Sale","07/03/2026 4:49 PM",1,1,"1xCasquinha ","7",0,0,0,"7","6","Tarjeta Débito","","Lucas",""
"17231-2","Sale","07/04/2026 10:49 AM",1,1,"1xCafé preto 180ml","5",0,0,0,"5",0,"Pix","","Lucas",""
"17232-2","Sale","07/04/2026 11:24 AM",1,2,"2xMilkshake 300ml","22",0,0,0,"22","2","Tarjeta Débito","","Lucas",""
"17233-2","Sale","07/04/2026 11:25 AM",3,3,"1xMilkshake 300ml, 1xCombo 1, 1xCrepe suíço salgado ","36",0,0,0,"36","4","Tarjeta Débito","","Lucas",""
"17234-2","Sale","07/04/2026 11:34 AM",1,2,"2xÁgua sem gás ","8",0,0,0,"8",0,"Tarjeta Débito","","Lucas",""
"17235-2","Sale","07/04/2026 11:39 AM",1,1,"1xCasquinha ","7",0,0,0,"7","6","Efectivo","","Lucas",""
"17236-2","Sale","07/04/2026 11:41 AM",1,1,"1xCasquinha ","7",0,0,0,"7","6","Efectivo","","Lucas",""
"17237-2","Sale","07/04/2026 11:42 AM",1,2,"2xCasquinha ","14",0,0,0,"14","12","Tarjeta Débito","","Lucas",""
"17238-2","Sale","07/04/2026 11:46 AM",1,1,"1xCasquinha ","7",0,0,0,"7","6","Efectivo","","Lucas",""
"17239-2","Sale","07/04/2026 12:02 PM",2,2,"1xÁgua sem gás , 1xÁgua com gás ","8.5",0,0,0,"8.5","3.3","Pix","","Lucas",""
"17240-2","Sale","07/04/2026 12:23 PM",1,1,"1xMilkshake 300ml","11",0,0,0,"11","1","Tarjeta Débito","","Lucas",""
"17241-2","Sale","07/04/2026 12:46 PM",1,2,"2xCascão ","18",0,0,0,"18","15.6","Efectivo","","Lucas",""
"17242-2","Sale","07/04/2026 12:47 PM",1,1,"1xChurros de chocolate ","10",0,0,0,"10","2","Tarjeta Débito","","Lucas",""
"17243-2","Sale","07/04/2026 1:28 PM",1,1,"1xCopo 200ml","9",0,0,0,"9","1","Efectivo","","Lucas",""
"17244-2","Sale","07/04/2026 1:30 PM",1,1,"1xCasquinha ","7",0,0,0,"7","6","Pix","","Lucas",""
"17245-2","Sale","07/04/2026 1:33 PM",2,2,"1xChurros doce de leite , 1xMilkshake 300ml","21",0,0,0,"21","3","Pix","","Lucas",""
"17246-2","Sale","07/04/2026 1:38 PM",1,1,"1xMilkshake 300ml","11",0,0,0,"11","1","Tarjeta Débito","","Lucas",""
"17247-2","Sale","07/04/2026 1:39 PM",2,2,"1xCasquinha , 1xMilkshake 300ml","18",0,0,0,"18","7","Tarjeta Crédito","","Lucas",""
"17248-2","Sale","07/04/2026 1:42 PM",1,1,"1xCascão ","9",0,0,0,"9","7.8","Tarjeta Débito","","Lucas",""
"17249-2","Sale","07/04/2026 1:43 PM",1,1,"1xMilkshake 300ml","11",0,0,0,"11","1","Tarjeta Débito","","Lucas",""
"17250-2","Sale","07/04/2026 1:46 PM",1,2,"2xCascão ","18",0,0,0,"18","15.6","Pix","","Lucas",""
"17251-2","Sale","07/04/2026 1:47 PM",1,1,"1xMilkshake 400ml","14",0,0,0,"14","1","Efectivo","","Lucas",""
"17252-2","Sale","07/04/2026 1:52 PM",1,1,"1xCasquinha ","7",0,0,0,"7","6","Efectivo","","Lucas",""
"17253-2","Sale","07/04/2026 1:53 PM",1,3,"3xCascão ","27",0,0,0,"27","23.4","Tarjeta Débito","","Lucas",""
"17254-2","Sale","07/04/2026 1:58 PM",1,2,"2xCasquinha ","14",0,0,0,"14","12","Tarjeta Débito","","Lucas",""
"17255-2","Sale","07/04/2026 2:17 PM",2,2,"1xMilkshake 300ml, 1xCrepe suíço salgado ","21",0,0,0,"21","3","Tarjeta Débito","","Lucas",""
"17256-2","Sale","07/04/2026 2:23 PM",1,2,"2xMilkshake 500ml","32",0,0,0,"32",0,"Efectivo","","Lucas",""
"17257-2","Sale","07/04/2026 2:27 PM",1,1,"1xMilkshake 500ml","16",0,0,0,"16",0,"Pix","","Lucas",""
"17258-2","Sale","07/04/2026 2:35 PM",2,3,"1xMilkshake 400ml, 2xMilkshake 300ml","36",0,0,0,"36","3","Efectivo","","Lucas",""
"17259-2","Sale","07/04/2026 2:36 PM",1,1,"1xCascão ","9",0,0,0,"9","7.8","Efectivo","","Lucas",""
"17260-2","Sale","07/04/2026 2:37 PM",2,2,"1xCasquinha , 1xMilkshake 300ml","18",0,0,0,"18","7","Efectivo","","Lucas",""
"17261-2","Sale","07/04/2026 2:40 PM",2,3,"2xCasquinha , 1xCascão ","23",0,0,0,"23","19.8","Tarjeta Débito","","Lucas",""
"17262-2","Sale","07/04/2026 2:49 PM",1,1,"1xMilkshake 300ml","11",0,0,0,"11","1","Pix","","Lucas",""
"17263-2","Sale","07/04/2026 2:55 PM",1,1,"1xMilkshake 400ml","14",0,0,0,"14","1","Tarjeta Débito","","Lucas",""
"17264-2","Sale","07/04/2026 2:55 PM",2,4,"3xCrepe suíço salgado , 1xCrepe suíço doce","41",0,0,0,"41","9","Tarjeta Crédito","","Lucas",""
"17265-2","Sale","07/04/2026 3:15 PM",1,1,"1xÁgua sem gás ","4",0,0,0,"4",0,"Efectivo","","Lucas",""
"17266-2","Sale","07/04/2026 3:20 PM",1,1,"1xMilkshake 300ml","11",0,0,0,"11","1","Pix","","Lucas",""
"17267-2","Sale","07/04/2026 3:31 PM",1,1,"1xÁgua com gás ","4.5",0,0,0,"4.5","3.3","Pix","","Lucas",""
"17268-2","Sale","07/04/2026 3:36 PM",1,3,"3xCasquinha ","21",0,0,0,"21","18","Pix","","Lucas",""
"17269-2","Sale","07/04/2026 3:40 PM",1,1,"1xÁgua sem gás ","4",0,0,0,"4",0,"Tarjeta Débito","","Lucas",""
"17270-2","Sale","07/04/2026 3:40 PM",1,2,"2xChurros de chocolate ","20",0,0,0,"20","4","Tarjeta Débito","","Lucas",""
"17271-2","Sale","07/04/2026 3:41 PM",1,1,"1xRefri 310ml","7",0,0,0,"7","1","Tarjeta Débito","","Lucas",""
"17272-2","Sale","07/04/2026 3:46 PM",1,1,"1xCopo 150ml","7",0,0,0,"7","1","Efectivo","","Lucas",""
"17273-2","Sale","07/04/2026 3:54 PM",1,1,"1xRefri 310ml","7",2,0,0,"5","-1","Tarjeta Débito","","Lucas",""
"17274-2","Sale","07/04/2026 3:57 PM",1,1,"1xCrepe suíço doce","11",0,0,0,"11","3","Tarjeta Débito","","Lucas",""
"17275-2","Sale","07/04/2026 3:59 PM",2,2,"1xChurros de chocolate , 1xChurros doce de leite ","20",0,0,0,"20","4","Tarjeta Débito","","Lucas",""
"17276-2","Sale","07/04/2026 4:01 PM",1,2,"2xÁgua sem gás ","8",0,0,0,"8",0,"Efectivo","","Lucas",""
"17277-2","Sale","07/04/2026 4:04 PM",2,2,"1xMilkshake 300ml, 1xMilkshake 400ml","25",0,0,0,"25","2","Efectivo","","Lucas",""
"17278-2","Sale","07/04/2026 4:07 PM",2,2,"1xChurros doce de leite , 1xChurros de chocolate ","20",0,0,0,"20","4","Tarjeta Crédito","","Lucas",""
"17279-2","Sale","07/04/2026 4:10 PM",1,1,"1xMilkshake 500ml","16",0,0,0,"16",0,"Tarjeta Débito","","Lucas",""
"17280-2","Sale","07/04/2026 4:16 PM",1,1,"1xÁgua com gás ","4.5",0,0,0,"4.5","3.3","Tarjeta Crédito","","Lucas",""
"17281-2","Sale","07/04/2026 4:16 PM",1,1,"1xCrepe suíço salgado ","10",0,0,0,"10","2","Otros","","Lucas",""
"17282-2","Sale","07/04/2026 4:19 PM",1,1,"1xMilkshake 400ml","14",0,0,0,"14","1","Pix","","Lucas",""
"17283-2","Sale","07/04/2026 4:21 PM",1,1,"1xCascão ","9",0,0,0,"9","7.8","Pix","","Lucas",""
"17284-2","Sale","07/04/2026 4:21 PM",1,1,"1xCascão ","9",0,0,0,"9","7.8","Pix","","Lucas",""
"17285-2","Sale","07/04/2026 4:25 PM",3,3,"1xCopo 150ml, 1xMilkshake 300ml, 1xCasquinha ","25",0,0,0,"25","8","Efectivo","","Lucas",""
"17286-2","Sale","07/04/2026 4:26 PM",1,1,"1xCasquinha ","7",0,0,0,"7","6","Tarjeta Débito","","Lucas",""
"17287-2","Sale","07/04/2026 4:34 PM",1,2,"2xMilkshake 300ml","22",0,0,0,"22","2","Efectivo","","Lucas",""
"17288-2","Sale","07/04/2026 4:34 PM",2,2,"1xCombo 1, 1xCrepe suíço salgado ","25",0,0,0,"25","3","Efectivo","","Lucas",""
"17289-2","Sale","07/04/2026 4:35 PM",1,1,"1xCopo 150ml","7",0,0,0,"7","1","Pix","","Lucas",""
"17290-2","Sale","07/04/2026 4:38 PM",1,2,"2xÁgua sem gás ","8",0,0,0,"8",0,"Pix","","Lucas",""
"17291-2","Sale","07/04/2026 4:39 PM",1,1,"1xCopo 250ml","11",0,0,0,"11","1","Efectivo","","Lucas",""
"17292-2","Sale","07/04/2026 4:46 PM",1,1,"1xÁgua sem gás ","4",0,0,0,"4",0,"Tarjeta Débito","","Lucas",""
"17293-2","Sale","07/04/2026 4:57 PM",1,2,"2xCasquinha ","14",0,0,0,"14","12","Tarjeta Débito","","Lucas",""
"17294-2","Sale","07/04/2026 4:58 PM",1,1,"1xCascão ","9",0,0,0,"9","7.8","Pix","","Lucas",""
"17295-2","Sale","07/04/2026 5:08 PM",1,1,"1xMilkshake 500ml","16",0,0,0,"16",0,"Efectivo","","Lucas",""
"17296-2","Sale","07/04/2026 5:13 PM",2,2,"1xCasquinha , 1xMilkshake 300ml","18",0,0,0,"18","7","Pix","","Lucas",""
"17297-2","Sale","07/04/2026 5:15 PM",1,2,"2xMilkshake 300ml","22",0,0,0,"22","2","Pix","","Lucas",""
"17298-2","Sale","07/04/2026 5:17 PM",1,1,"1xMilkshake 300ml","11",0,0,0,"11","1","Efectivo","","Lucas",""
"17299-2","Sale","07/04/2026 5:21 PM",2,3,"1xCopo 150ml, 2xCasquinha ","21",0,0,0,"21","13","Tarjeta Débito","","Lucas",""
"17300-2","Sale","07/04/2026 5:23 PM",2,3,"2xCopo 150ml, 1xCasquinha ","21",0,0,0,"21","8","Tarjeta Débito","","Lucas",""
"17301-2","Sale","07/04/2026 5:24 PM",1,1,"1xCopo 150ml","7",0,0,0,"7","1","Pix","","Lucas",""
"17302-2","Sale","07/04/2026 5:27 PM",1,1,"1xChurros doce de leite ","10",0,0,0,"10","2","Efectivo","","Lucas",""
"17303-2","Sale","07/04/2026 5:31 PM",1,1,"1xÁgua sem gás ","4",0,0,0,"4",0,"Efectivo","","Lucas",""
"17304-2","Sale","07/04/2026 5:35 PM",2,4,"3xCrepe suíço doce, 1xChurros de chocolate ","43",0,0,0,"43","11","Tarjeta Débito","","Lucas",""
"17305-2","Sale","07/04/2026 5:41 PM",1,1,"1xRefri 310ml","7",0,0,0,"7","1","Tarjeta Débito","","Lucas",""
"17306-2","Sale","07/04/2026 5:41 PM",1,1,"1xChurros doce de leite ","10",0,0,0,"10","2","Pix","","Lucas",""
"17307-2","Sale","07/04/2026 5:44 PM",1,1,"1xCasquinha ","7",0,0,0,"7","6","Pix","","Lucas",""
"17308-2","Sale","07/04/2026 5:48 PM",1,2,"2xCasquinha ","14",0,0,0,"14","12","Pix","","Lucas",""
"17309-2","Sale","07/04/2026 5:51 PM",1,2,"2xCasquinha ","14",0,0,0,"14","12","Pix","","Lucas",""
"17310-2","Sale","07/04/2026 5:53 PM",1,2,"2xChurros doce de leite ","20",0,0,0,"20","4","Pix","","Lucas",""
"17311-2","Sale","07/04/2026 6:00 PM",1,1,"1xMilkshake 300ml","11",0,0,0,"11","1","Efectivo","","Lucas",""
"17312-2","Sale","07/04/2026 6:02 PM",2,2,"1xChurros de chocolate , 1xChurros doce de leite ","20",0,0,0,"20","4","Pix","","Lucas",""
"17313-2","Sale","07/04/2026 6:11 PM",1,1,"1xCrepe suíço doce","11",0,0,0,"11","3","Pix","","Lucas",""
"17314-2","Sale","07/04/2026 6:16 PM",2,3,"1xMilkshake 300ml, 2xCascão ","29",0,0,0,"29","16.6","Tarjeta Débito","","Lucas",""
"17315-2","Sale","07/04/2026 6:25 PM",1,1,"1xChurros de chocolate ","10",0,0,0,"10","2","Efectivo","","Lucas",""
"17316-2","Sale","07/06/2026 2:23 PM",1,1,"1xChurros doce de leite ","10",0,0,0,"10","2","Pix","","Lucas",""
"17317-2","Sale","07/06/2026 3:05 PM",1,3,"3xChurros doce de leite ","30",0,0,0,"30","6","Tarjeta Débito","","Lucas",""
"17318-2","Sale","07/06/2026 3:15 PM",1,1,"1xCascão ","9",0,0,0,"9","7.8","Efectivo","","Lucas",""
"17319-2","Sale","07/07/2026 2:04 PM",1,2,"2xChurros de chocolate ","20",0,0,0,"20","4","Pix","","Lucas",""
"17320-2","Sale","07/07/2026 2:09 PM",1,1,"1xMilkshake 300ml","11",0,0,0,"11","1","Pix","","Lucas",""
"17321-2","Sale","07/07/2026 2:21 PM",1,1,"1xMilkshake 500ml","16",0,0,0,"16",0,"Efectivo","","Lucas",""
"17322-2","Sale","07/07/2026 2:42 PM",1,1,"1xChurros de chocolate ","10",0,0,0,"10","2","Tarjeta Débito","","Lucas",""
"17323-2","Sale","07/07/2026 2:55 PM",1,2,"2xCasquinha ","14",0,0,0,"14","12","Pix","","Lucas",""
"17324-2","Sale","07/07/2026 3:11 PM",1,1,"1xChurros doce de leite ","10",0,0,0,"10","2","Otros","","Lucas",""
"17325-2","Sale","07/07/2026 3:32 PM",1,1,"1xChurros de chocolate ","10",0,0,0,"10","2","Pix","","Lucas",""
"17326-2","Sale","07/07/2026 3:46 PM",1,2,"2xCasquinha ","14",0,0,0,"14","12","Efectivo","","Lucas",""
"17327-2","Sale","07/07/2026 3:46 PM",1,3,"3xCrepe suíço salgado ","30",0,0,0,"30","6","Tarjeta Débito","","Lucas",""
"17328-2","Sale","07/07/2026 4:10 PM",1,2,"2xCasquinha ","14",0,0,0,"14","12","Tarjeta Débito","","Lucas",""
"17329-2","Sale","07/07/2026 4:18 PM",1,1,"1xChurros de chocolate ","10",0,0,0,"10","2","Efectivo","","Lucas",""
"17330-2","Sale","07/07/2026 4:22 PM",2,4,"2xMilkshake 500ml, 2xCrepe suíço salgado ","52",0,0,0,"52","4","Efectivo","","Lucas",""
"17331-2","Sale","07/07/2026 4:25 PM",1,1,"1xChurros doce de leite ","10",0,0,0,"10","2","Pix","","Lucas",""
"17332-2","Sale","07/07/2026 5:06 PM",1,1,"1xChurros de chocolate ","10",0,0,0,"10","2","Pix","","Lucas",""
"17333-2","Sale","07/07/2026 5:22 PM",1,1,"1xCrepe suíço salgado ","10",0,0,0,"10","2","Otros","","Lucas",""
"17334-2","Sale","07/07/2026 5:29 PM",1,2,"2xCafé preto 180ml","10",0,0,0,"10",0,"Efectivo","","Lucas",""
"17335-2","Sale","07/07/2026 5:30 PM",1,3,"3xCrepe suíço salgado ","30",0,0,0,"30","6","Tarjeta Débito","","Lucas",""
"17336-2","Sale","07/07/2026 5:36 PM",1,1,"1xCrepe suíço doce","11",0,0,0,"11","3","Pix","","Lucas",""
"17337-2","Sale","07/07/2026 5:58 PM",1,1,"1xÁgua com gás ","4.5",0,0,0,"4.5","3.3","Efectivo","","Lucas",""
"17338-2","Sale","07/07/2026 6:01 PM",1,1,"1xMilkshake 400ml","14",0,0,0,"14","1","Tarjeta Débito","","Lucas",""
"17339-2","Sale","07/07/2026 6:05 PM",1,1,"1xCrepe suíço salgado ","10",0,0,0,"10","2","Efectivo","","Lucas",""
"17340-2","Sale","07/08/2026 2:20 PM",1,1,"1xCasquinha ","7",0,0,0,"7","6","Tarjeta Crédito","","Lucas",""
"17341-2","Sale","07/08/2026 2:21 PM",1,1,"1xCopo 150ml","7",0,0,0,"7","1","Efectivo","","Lucas",""
"17342-2","Sale","07/08/2026 2:22 PM",1,1,"1xCascão ","9",0,0,0,"9","7.8","Efectivo","","Lucas",""
"17343-2","Sale","07/08/2026 2:27 PM",1,2,"2xCasquinha ","14",0,0,0,"14","12","Efectivo","","Lucas",""
"17344-2","Sale","07/08/2026 2:29 PM",2,3,"2xCascão , 1xCasquinha ","25",1,0,0,"24","20.6","Efectivo","","Lucas",""
"17345-2","Sale","07/08/2026 2:31 PM",1,1,"1xCasquinha ","7",0,0,0,"7","6","Pix","","Lucas",""
"17346-2","Sale","07/08/2026 2:32 PM",3,3,"1xCasquinha , 1xCascão , 1xÁgua com gás ","20.5",0,0,0,"20.5","17.1","Tarjeta Crédito","","Lucas",""
"17347-2","Sale","07/08/2026 2:33 PM",3,3,"1xCopo 200ml, 1xCrepe suíço doce, 1xCombo 1","35",15,0,0,"20","-10","Efectivo","","Lucas",""
"17348-2","Sale","07/08/2026 2:39 PM",2,2,"1xÁgua sem gás , 1xCascão ","13",0,0,0,"13","7.8","Efectivo","","Lucas",""
"17349-2","Sale","07/08/2026 2:41 PM",1,1,"1xCasquinha ","7",0,0,0,"7","6","Pix","","Lucas",""
"17350-2","Sale","07/08/2026 2:42 PM",1,1,"1xCasquinha ","7",0,0,0,"7","6","Efectivo","","Lucas",""
"17351-2","Sale","07/08/2026 2:49 PM",1,1,"1xCascão ","9",0,0,0,"9","7.8","Efectivo","","Lucas",""
"17352-2","Sale","07/08/2026 2:51 PM",1,1,"1xMilkshake 400ml","14",0,0,0,"14","1","Tarjeta Débito","","Lucas",""
"17353-2","Sale","07/08/2026 2:53 PM",1,1,"1xChurros doce de leite ","10",0,0,0,"10","2","Efectivo","","Lucas",""
"17354-2","Sale","07/08/2026 2:55 PM",1,1,"1xCasquinha ","7",0,0,0,"7","6","Pix","","Lucas",""
"17355-2","Sale","07/08/2026 3:01 PM",1,1,"1xCascão ","9",0,0,0,"9","7.8","Tarjeta Débito","","Lucas",""
"17356-2","Sale","07/08/2026 3:09 PM",1,1,"1xÁgua com gás ","4.5",0,0,0,"4.5","3.3","Efectivo","","Lucas",""
"17357-2","Sale","07/08/2026 3:25 PM",1,1,"1xCrepe suíço salgado ","10",0,0,0,"10","2","Efectivo","","Lucas",""
"17358-2","Sale","07/08/2026 3:27 PM",1,1,"1xMilkshake 400ml","14",0,0,0,"14","1","Efectivo","","Lucas",""
"17359-2","Sale","07/08/2026 3:28 PM",1,2,"2xCopo 150ml","14",0,0,0,"14","2","Efectivo","","Lucas",""
"17360-2","Sale","07/08/2026 3:29 PM",2,2,"1xChurros doce de leite , 1xCopo 150ml","17",0,0,0,"17","3","Efectivo","","Lucas",""
"17361-2","Sale","07/08/2026 3:33 PM",1,1,"1xCascão ","9",0,0,0,"9","7.8","Pix","","Lucas",""
"17362-2","Sale","07/08/2026 3:39 PM",1,2,"2xMilkshake 300ml","22",0,0,0,"22","2","Tarjeta Débito","","Lucas",""
"17363-2","Sale","07/08/2026 3:39 PM",1,1,"1xÁgua sem gás ","4",0,0,0,"4",0,"Efectivo","","Lucas",""
"17364-2","Sale","07/08/2026 3:42 PM",1,1,"1xCascão ","9",0,0,0,"9","7.8","Tarjeta Crédito","","Lucas",""
"17365-2","Sale","07/08/2026 3:54 PM",2,2,"1xCrepe suíço salgado , 1xCafé preto 180ml","15",0,0,0,"15","2","Tarjeta Crédito","","Lucas",""
"17366-2","Sale","07/08/2026 4:00 PM",2,3,"2xÁgua sem gás , 1xCrepe suíço salgado ","18",0,0,0,"18","2","Efectivo","","Lucas",""
"17367-2","Sale","07/08/2026 4:02 PM",1,1,"1xChurros de chocolate ","10",0,0,0,"10","2","Pix","","Lucas",""
"17368-2","Sale","07/08/2026 4:21 PM",2,2,"1xCrepe suíço salgado , 1xCrepe suíço doce","21",0,0,0,"21","5","Pix","","Lucas",""
"17369-2","Sale","07/08/2026 4:22 PM",2,2,"1xMilkshake 300ml, 1xMilkshake 400ml","25",0,0,0,"25","2","Tarjeta Crédito","","Lucas",""
"17370-2","Sale","07/08/2026 4:28 PM",1,3,"3xCascão ","27",0,0,0,"27","23.4","Efectivo, Tarjeta Crédito","","Lucas",""
"17371-2","Sale","07/08/2026 4:33 PM",1,1,"1xCasquinha ","7",0,0,0,"7","6","Efectivo","","Lucas",""
"17372-2","Sale","07/08/2026 4:44 PM",2,2,"1xCasquinha , 1xCopo 150ml","14",0,0,0,"14","7","Efectivo","","Lucas",""
"17373-2","Sale","07/08/2026 4:46 PM",1,2,"2xCopo 150ml","14",0,0,0,"14","2","Efectivo","","Lucas",""
"17374-2","Sale","07/08/2026 4:51 PM",2,2,"1xCombo 3, 1xCasquinha ","22",0,0,0,"22","7","Efectivo","","Lucas",""
"17375-2","Sale","07/08/2026 5:00 PM",1,1,"1xCascão ","9",0,0,0,"9","7.8","Tarjeta Débito","","Lucas",""
"17376-2","Sale","07/08/2026 5:01 PM",1,1,"1xChurros de chocolate ","10",0,0,0,"10","2","Efectivo","","Lucas",""
"17377-2","Sale","07/08/2026 5:24 PM",1,1,"1xCrepe suíço salgado ","10",0,0,0,"10","2","Pix","","Lucas",""
"17378-2","Sale","07/08/2026 5:26 PM",1,2,"2xCascão ","18",0,0,0,"18","15.6","Efectivo","","Lucas",""
"17379-2","Sale","07/08/2026 5:28 PM",1,1,"1xCopo 150ml","7",0,0,0,"7","1","Tarjeta Crédito","","Lucas",""
"17380-2","Sale","07/08/2026 5:29 PM",1,1,"1xChurros doce de leite ","10",0,0,0,"10","2","Efectivo","","Lucas",""
"17381-2","Sale","07/08/2026 5:37 PM",1,1,"1xCascão ","9",0,0,0,"9","7.8","Pix","","Lucas",""
"17382-2","Sale","07/08/2026 5:38 PM",1,1,"1xCopo 150ml","7",0,0,0,"7","1","Efectivo","","Lucas",""
"17383-2","Sale","07/08/2026 5:39 PM",2,2,"1xChurros de chocolate , 1xCopo 150ml","17",0,0,0,"17","3","Tarjeta Crédito","","Lucas",""
"17384-2","Sale","07/08/2026 5:43 PM",2,2,"1xCasquinha , 1xMilkshake 300ml","18",0,0,0,"18","7","Tarjeta Débito","","Lucas",""
"17385-2","Sale","07/08/2026 5:50 PM",1,2,"2xMilkshake 300ml","22",0,0,0,"22","2","Tarjeta Débito","","Lucas",""
"17386-2","Sale","07/08/2026 5:50 PM",1,2,"2xChurros de chocolate ","20",0,0,0,"20","4","Efectivo","","Lucas",""
"17387-2","Sale","07/08/2026 5:52 PM",2,3,"2xChurros de chocolate , 1xChurros doce de leite ","30",0,0,0,"30","6","Tarjeta Débito","","Lucas",""
"17388-2","Sale","07/08/2026 5:57 PM",1,1,"1xMilkshake 500ml","16",0,0,0,"16",0,"Otros","","Lucas",""
"17389-2","Sale","07/08/2026 6:00 PM",1,1,"1xCrepe suíço salgado ","10",0,0,0,"10","2","Pix","","Lucas",""
"17390-2","Sale","07/08/2026 6:09 PM",1,1,"1xCrepe suíço salgado ","10",0,0,0,"10","2","Tarjeta Débito","","Lucas",""
"17391-2","Sale","07/08/2026 6:14 PM",2,2,"1xCasquinha , 1xCascão ","16",0,0,0,"16","13.8","Tarjeta Crédito","","Lucas",""
"17392-2","Sale","07/08/2026 6:17 PM",1,1,"1xRefri 310ml","7",0,0,0,"7","1","Tarjeta Crédito","","Lucas",""
"17393-2","Sale","07/08/2026 6:19 PM",1,1,"1xMilkshake 300ml","11",0,0,0,"11","1","Tarjeta Débito","","Lucas",""
"17394-2","Sale","07/08/2026 6:29 PM",1,1,"1xChurros de chocolate ","10",0,0,0,"10","2","Tarjeta Crédito","","Lucas",""
"17395-2","Sale","07/08/2026 6:33 PM",1,1,"1xChurros de chocolate ","10",0,0,0,"10","2","Pix","","Lucas",""
"17396-2","Sale","07/08/2026 6:43 PM",1,1,"1xCasquinha ","7",0,0,0,"7","6","Tarjeta Débito","","Lucas",""
"17397-2","Sale","07/08/2026 6:49 PM",1,1,"1xMilkshake 400ml","14",0,0,0,"14","1","Tarjeta Crédito","","Lucas",""
"17398-2","Sale","07/08/2026 6:58 PM",1,2,"2xCascão ","18",0,0,0,"18","15.6","Tarjeta Débito","","Lucas",""
"17399-2","Sale","07/09/2026 1:59 PM",1,2,"2xCascão ","18",0,0,0,"18","15.6","Tarjeta Débito","","Lucas",""
"17400-2","Sale","07/09/2026 2:13 PM",2,2,"1xChurros de chocolate , 1xChurros doce de leite ","20",0,0,0,"20","4","Pix","","Lucas",""
"17401-2","Sale","07/09/2026 2:48 PM",2,2,"1xMilkshake 300ml, 1xÁgua com gás ","15.5",0,0,0,"15.5","4.3","Efectivo","","Lucas",""
"17402-2","Sale","07/09/2026 2:49 PM",1,1,"1xCrepe suíço salgado ","10",0,0,0,"10","2","Tarjeta Débito","","Lucas",""
"17403-2","Sale","07/09/2026 2:52 PM",1,1,"1xCasquinha ","7",0,0,0,"7","6","Tarjeta Débito","","Lucas",""
"17404-2","Sale","07/09/2026 3:00 PM",1,1,"1xMilkshake 500ml","16",0,0,0,"16",0,"Tarjeta Crédito","","Lucas",""
"17405-2","Sale","07/09/2026 3:00 PM",1,1,"1xCascão ","9",0,0,0,"9","7.8","Efectivo","","Lucas",""
"17406-2","Sale","07/09/2026 3:07 PM",1,1,"1xÁgua sem gás ","4",0,0,0,"4",0,"Efectivo","","Lucas",""
"17407-2","Sale","07/09/2026 3:12 PM",1,2,"2xMilkshake 300ml","22",0,0,0,"22","2","Pix","","Lucas",""
"17408-2","Sale","07/09/2026 3:12 PM",1,1,"1xCasquinha ","7",0,0,0,"7","6","Tarjeta Débito","","Lucas",""
"17409-2","Sale","07/09/2026 3:14 PM",1,1,"1xCopo 200ml","9",0,0,0,"9","1","Tarjeta Débito","","Lucas",""
"17410-2","Sale","07/09/2026 3:14 PM",1,1,"1xCascão ","9",0,0,0,"9","7.8","Tarjeta Crédito","","Lucas",""
"17411-2","Sale","07/09/2026 3:21 PM",1,1,"1xMilkshake 300ml","11",0,0,0,"11","1","Efectivo","","Lucas",""
"17412-2","Sale","07/09/2026 3:25 PM",1,2,"2xCasquinha ","14",0,0,0,"14","12","Tarjeta Débito","","Lucas",""
"17413-2","Sale","07/09/2026 3:32 PM",1,1,"1xCasquinha ","7",0,0,0,"7","6","Efectivo","","Lucas",""
"17414-2","Sale","07/09/2026 3:34 PM",1,1,"1xMilkshake 500ml","16",0,0,0,"16",0,"Efectivo","","Lucas",""
"17415-2","Sale","07/09/2026 3:47 PM",1,1,"1xMilkshake 300ml","11",0,0,0,"11","1","Efectivo","","Lucas",""
"17416-2","Sale","07/09/2026 3:47 PM",1,1,"1xCascão ","9",0,0,0,"9","7.8","Tarjeta Débito","","Lucas",""
"17417-2","Sale","07/09/2026 3:50 PM",1,1,"1xMilkshake 400ml","14",0,0,0,"14","1","Tarjeta Débito","","Lucas",""
"17418-2","Sale","07/09/2026 3:53 PM",1,1,"1xRefri 310ml","7",0,0,0,"7","1","Tarjeta Débito","","Lucas",""
"17419-2","Sale","07/09/2026 3:59 PM",1,1,"1xCascão ","9",0,0,0,"9","7.8","Efectivo","","Lucas",""
"17420-2","Sale","07/09/2026 4:01 PM",1,1,"1xMilkshake 300ml","11",0,0,0,"11","1","Efectivo","","Lucas",""
"17421-2","Sale","07/09/2026 4:08 PM",1,2,"2xCrepe suíço salgado ","20",0,0,0,"20","4","Tarjeta Débito","","Lucas",""
"17422-2","Sale","07/09/2026 4:28 PM",1,3,"3xMilkshake 300ml","33",0,0,0,"33","3","Efectivo","","Lucas",""
"17423-2","Sale","07/09/2026 4:32 PM",2,2,"1xMilkshake 300ml, 1xCrepe suíço doce","22",0,0,0,"22","4","Efectivo","","Lucas",""
"17424-2","Sale","07/09/2026 4:34 PM",2,2,"1xCasquinha , 1xMilkshake 500ml","23",0,0,0,"23","6","Efectivo","","Lucas",""
"17425-2","Sale","07/09/2026 4:37 PM",1,2,"2xCasquinha ","14",0,0,0,"14","12","Tarjeta Crédito","","Lucas",""
"17426-2","Sale","07/09/2026 4:39 PM",1,1,"1xRefri 310ml","7",0,0,0,"7","1","Efectivo","","Lucas",""
"17427-2","Sale","07/09/2026 4:41 PM",1,1,"1xCasquinha ","7",0,0,0,"7","6","Efectivo","","Lucas",""
"17428-2","Sale","07/09/2026 4:45 PM",1,1,"1xMilkshake 400ml","14",0,0,0,"14","1","Efectivo","","Lucas",""
"17429-2","Sale","07/09/2026 4:51 PM",2,2,"1xCasquinha , 1xCrepe suíço doce","18",0,0,0,"18","9","Tarjeta Crédito","","Lucas",""
"17430-2","Sale","07/09/2026 4:57 PM",1,2,"2xMilkshake 500ml","32",0,0,0,"32",0,"Tarjeta Débito","","Lucas",""
"17431-2","Sale","07/09/2026 5:20 PM",1,1,"1xCascão ","9",0,0,0,"9","7.8","Efectivo","","Lucas",""
"17432-2","Sale","07/09/2026 5:21 PM",1,1,"1xÁgua sem gás ","4",0,0,0,"4",0,"Tarjeta Crédito","","Lucas",""
"17433-2","Sale","07/09/2026 5:24 PM",1,1,"1xRefri 310ml","7",0,0,0,"7","1","Tarjeta Débito","","Lucas",""
"17434-2","Sale","07/09/2026 5:26 PM",2,2,"1xCasquinha , 1xMilkshake 300ml","18",0,0,0,"18","7","Pix","","Lucas",""
"17435-2","Sale","07/09/2026 5:26 PM",2,2,"1xChurros doce de leite , 1xMilkshake 300ml","21",0,0,0,"21","3","Tarjeta Débito","","Lucas",""
"17436-2","Sale","07/09/2026 5:31 PM",1,1,"1xMilkshake 500ml","16",0,0,0,"16",0,"Efectivo","","Lucas",""
"17437-2","Sale","07/09/2026 5:32 PM",1,2,"2xCasquinha ","14",0,0,0,"14","12","Efectivo","","Lucas",""
"17438-2","Sale","07/09/2026 5:34 PM",2,4,"2xMilkshake 500ml, 2xCrepe suíço salgado ","52",0,0,0,"52","4","Pix","","Lucas",""
"17439-2","Sale","07/09/2026 5:41 PM",1,1,"1xÁgua sem gás ","4",0,0,0,"4",0,"Efectivo","","Lucas",""
"17440-2","Sale","07/09/2026 5:44 PM",2,4,"3xCascão , 1xMilkshake 400ml","41",0,0,0,"41","24.4","Tarjeta Débito","","Lucas",""
"17441-2","Sale","07/09/2026 5:45 PM",2,4,"2xCrepe suíço salgado , 2xCrepe suíço doce","42",0,0,0,"42","10","Tarjeta Crédito","","Lucas",""
"17442-2","Sale","07/09/2026 5:53 PM",1,1,"1xÁgua sem gás ","4",0,0,0,"4",0,"Efectivo","","Lucas",""
"17443-2","Sale","07/09/2026 6:01 PM",1,2,"2xMilkshake 300ml","22",0,0,0,"22","2","Pix","","Lucas",""
"17444-2","Sale","07/09/2026 6:06 PM",2,2,"1xCopo 150ml, 1xCasquinha ","14",0,0,0,"14","7","Pix","","Lucas",""
"17445-2","Sale","07/09/2026 6:10 PM",1,2,"2xCasquinha ","14",0,0,0,"14","12","Efectivo","","Lucas",""
"17446-2","Sale","07/09/2026 6:47 PM",1,1,"1xCascão ","9",0,0,0,"9","7.8","Tarjeta Débito","","Lucas",""
"17447-2","Sale","07/09/2026 6:49 PM",1,4,"4xCrepe suíço salgado ","40",0,0,0,"40","8","Pix","","Lucas",""
"17448-2","Sale","07/10/2026 1:50 PM",2,3,"2xCrepe suíço doce, 1xCrepe suíço salgado ","32",0,0,0,"32","8","Pix","","Lucas",""
"17449-2","Sale","07/10/2026 2:03 PM",1,2,"2xCasquinha ","14",0,0,0,"14","12","Efectivo","","Lucas",""
"17450-2","Sale","07/10/2026 2:14 PM",1,1,"1xMilkshake 400ml","14",0,0,0,"14","1","Tarjeta Crédito","","Lucas",""
"17451-2","Sale","07/10/2026 2:23 PM",1,1,"1xCascão ","9",0,0,0,"9","7.8","Tarjeta Débito","","Lucas",""
"17452-2","Sale","07/10/2026 2:33 PM",1,1,"1xCasquinha ","7",0,0,0,"7","6","Efectivo","","Lucas",""
"17453-2","Sale","07/10/2026 2:33 PM",1,1,"1xCrepe suíço salgado ","10",0,0,0,"10","2","Efectivo","","Lucas",""
"17454-2","Sale","07/10/2026 2:35 PM",1,1,"1xCasquinha ","7",0,0,0,"7","6","Efectivo","","Lucas",""
"17455-2","Sale","07/10/2026 2:39 PM",1,1,"1xMilkshake 500ml","16",0,0,0,"16",0,"Efectivo","","Lucas",""
"17456-2","Sale","07/10/2026 2:42 PM",1,1,"1xÁgua sem gás ","4",0,0,0,"4",0,"Tarjeta Débito","","Lucas",""
"17457-2","Sale","07/10/2026 2:52 PM",1,1,"1xMilkshake 400ml","14",0,0,0,"14","1","Tarjeta Débito","","Lucas",""
"17458-2","Sale","07/10/2026 2:54 PM",3,4,"1xChurros de chocolate , 1xChurros doce de leite , 2xMilkshake 300ml","42",0,0,0,"42","6","Efectivo","","Lucas",""
"17459-2","Sale","07/10/2026 3:07 PM",1,2,"2xCopo 150ml","14",0,0,0,"14","2","Tarjeta Crédito","","Lucas",""
"17460-2","Sale","07/10/2026 3:10 PM",1,1,"1xCascão ","9",0,0,0,"9","7.8","Efectivo","","Lucas",""
"17461-2","Sale","07/10/2026 3:14 PM",1,1,"1xCopo 200ml","9",0,0,0,"9","1","Efectivo","","Lucas",""
"17462-2","Sale","07/10/2026 3:17 PM",1,1,"1xCopo 250ml","11",0,0,0,"11","1","Tarjeta Débito","","Lucas",""
"17463-2","Sale","07/10/2026 3:27 PM",1,2,"2xCasquinha ","14",0,0,0,"14","12","Efectivo","","Lucas",""
"17464-2","Sale","07/10/2026 3:30 PM",1,1,"1xMilkshake 300ml","11",0,0,0,"11","1","Efectivo","","Lucas",""
"17465-2","Sale","07/10/2026 3:35 PM",1,1,"1xÁgua sem gás ","4",0,0,0,"4",0,"Efectivo","","Lucas",""
"17466-2","Sale","07/10/2026 3:35 PM",1,2,"2xCasquinha ","14",0,0,0,"14","12","Efectivo","","Lucas",""
"17467-2","Sale","07/10/2026 3:37 PM",1,3,"3xChurros doce de leite ","30",0,0,0,"30","6","Efectivo","","Lucas",""
"17468-2","Sale","07/10/2026 3:48 PM",1,1,"1xCombo 3","15",0,0,0,"15","1","Efectivo","","Lucas",""
"17469-2","Sale","07/10/2026 3:56 PM",1,1,"1xMilkshake 300ml","11",0,0,0,"11","1","Pix","","Lucas",""
"17470-2","Sale","07/10/2026 3:59 PM",1,1,"1xMilkshake 300ml","11",3,0,0,"8","-2","Efectivo","","Lucas",""
"17471-2","Sale","07/10/2026 4:02 PM",1,1,"1xMilkshake 500ml","16",0,0,0,"16",0,"Efectivo","","Lucas",""
"17472-2","Sale","07/10/2026 4:05 PM",1,1,"1xCopo 150ml","7",0,0,0,"7","1","Efectivo","","Lucas",""
"17473-2","Sale","07/10/2026 4:11 PM",1,1,"1xCopo 250ml","11",0,0,0,"11","1","Tarjeta Débito","","Lucas",""
"17474-2","Sale","07/10/2026 4:13 PM",1,1,"1xMilkshake 500ml","16",0,0,0,"16",0,"Tarjeta Débito","","Lucas",""
"17475-2","Sale","07/10/2026 4:16 PM",1,1,"1xMilkshake 500ml","16",0,0,0,"16",0,"Tarjeta Débito","","Lucas",""
"17476-2","Sale","07/10/2026 4:18 PM",2,2,"1xMilkshake 500ml, 1xÁgua sem gás ","20",0,0,0,"20",0,"Pix","","Lucas",""
"17477-2","Sale","07/10/2026 4:25 PM",2,2,"1xMilkshake 400ml, 1xÁgua sem gás ","18",0,0,0,"18","1","Efectivo","","Lucas",""
"17478-2","Sale","07/10/2026 4:41 PM",2,2,"1xChurros doce de leite , 1xCafé preto 180ml","15",0,0,0,"15","2","Pix","","Lucas",""
"17479-2","Sale","07/10/2026 4:44 PM",2,3,"1xMilkshake 300ml, 2xCascão ","29",0,0,0,"29","16.6","Pix","","Lucas",""
"17480-2","Sale","07/10/2026 4:55 PM",2,2,"1xCascão , 1xMilkshake 300ml","20",0,0,0,"20","8.8","Tarjeta Débito","","Lucas",""
"17481-2","Sale","07/10/2026 4:59 PM",1,1,"1xRefri 310ml","7",0,0,0,"7","1","Efectivo","","Lucas",""
"17482-2","Sale","07/12/2026 2:53 PM",2,2,"1xChurros de chocolate , 1xChurros doce de leite ","20",0,0,0,"20","4","Tarjeta Débito","","Lucas",""
"17483-2","Sale","07/12/2026 2:56 PM",1,1,"1xCasquinha ","7",0,0,0,"7","6","Efectivo","","Lucas",""
"17484-2","Sale","07/12/2026 2:59 PM",1,2,"2xCascão ","18",0,0,0,"18","15.6","Tarjeta Débito","","Lucas",""
"17485-2","Sale","07/12/2026 3:02 PM",1,1,"1xChurros doce de leite ","10",0,0,0,"10","2","Pix","","Lucas",""
"17486-2","Sale","07/12/2026 3:02 PM",1,1,"1xÁgua com gás ","4.5",0,0,0,"4.5","3.3","Tarjeta Débito","","Lucas",""
"17487-2","Sale","07/12/2026 3:08 PM",1,2,"2xCascão ","18",0,0,0,"18","15.6","Venta a crédito","Fanes","Lucas",""
"17488-2","Sale","07/12/2026 3:11 PM",1,2,"2xCascão ","18",0,0,0,"18","15.6","Tarjeta Débito","","Lucas",""
"17489-2","Sale","07/12/2026 3:13 PM",1,1,"1xCascão ","9",0,0,0,"9","7.8","Efectivo","","Lucas",""
"17490-2","Sale","07/12/2026 3:20 PM",1,1,"1xChurros doce de leite ","10",0,0,0,"10","2","Tarjeta Débito","","Lucas",""
"17491-2","Sale","07/12/2026 3:26 PM",1,1,"1xChurros doce de leite ","10",0,0,0,"10","2","Tarjeta Débito","","Lucas",""
"17492-2","Sale","07/12/2026 3:28 PM",1,1,"1xCopo 200ml","9",0,0,0,"9","1","Tarjeta Débito","","Lucas",""
"17493-2","Sale","07/12/2026 3:38 PM",1,1,"1xCasquinha ","7",0,0,0,"7","6","Pix","","Lucas",""
"17494-2","Sale","07/12/2026 3:38 PM",2,4,"3xMilkshake 300ml, 1xCasquinha ","40",0,0,0,"40","9","Pix","","Lucas",""
"17495-2","Sale","07/12/2026 3:42 PM",2,2,"1xCombo 3, 1xChurros doce de leite ","25",0,0,0,"25","3","Efectivo","","Lucas",""
"17496-2","Sale","07/12/2026 3:46 PM",1,1,"1xCrepe suíço salgado ","10",0,0,0,"10","2","Efectivo","","Lucas",""
"17497-2","Sale","07/12/2026 3:46 PM",1,2,"2xCrepe suíço salgado ","20",0,0,0,"20","4","Efectivo","","Lucas",""
"17498-2","Sale","07/12/2026 3:53 PM",2,2,"1xMilkshake 300ml, 1xCascão ","20",0,0,0,"20","8.8","Pix","","Lucas",""
"17499-2","Sale","07/12/2026 3:56 PM",2,3,"1xChurros de chocolate , 2xCasquinha ","24",0,0,0,"24","14","Tarjeta Crédito","","Lucas",""
"17500-2","Sale","07/12/2026 4:11 PM",1,1,"1xMilkshake 300ml","11",0,0,0,"11","1","Efectivo","","Lucas",""
"17501-2","Sale","07/12/2026 4:11 PM",1,1,"1xChurros de chocolate ","10",0,0,0,"10","2","Pix","","Lucas",""
"17502-2","Sale","07/12/2026 4:24 PM",3,3,"1xChurros doce de leite , 1xCombo 1, 1xCrepe suíço salgado ","35",0,0,0,"35","5","Efectivo","","Lucas",""
"17503-2","Sale","07/12/2026 4:30 PM",2,2,"1xChurros doce de leite , 1xCrepe suíço doce","21",0,0,0,"21","5","Tarjeta Débito","","Lucas",""
"17504-2","Sale","07/12/2026 4:31 PM",1,2,"2xCrepe suíço salgado ","20",0,0,0,"20","4","Pix","","Lucas",""
"17505-2","Sale","07/12/2026 4:43 PM",1,2,"2xChurros doce de leite ","20",0,0,0,"20","4","Pix","","Lucas",""
"17506-2","Sale","07/12/2026 4:46 PM",2,5,"3xChurros de chocolate , 2xChurros doce de leite ","50",0,0,0,"50","10","Pix","","Lucas",""
"17507-2","Sale","07/12/2026 5:00 PM",1,2,"2xChurros doce de leite ","20",0,0,0,"20","4","Pix","","Lucas",""
"17508-2","Sale","07/12/2026 5:11 PM",3,3,"1xChurros de chocolate , 1xMilkshake 300ml, 1xMilkshake 500ml","37",0,0,0,"37","3","Tarjeta Crédito","","Lucas",""
"17509-2","Sale","07/12/2026 5:13 PM",1,1,"1xChurros doce de leite ","10",0,0,0,"10","2","Efectivo","","Lucas",""
"17510-2","Sale","07/12/2026 5:19 PM",2,3,"2xMilkshake 300ml, 1xÁgua com gás ","26.5",0,0,0,"26.5","5.3","Tarjeta Débito","","Lucas",""
"17511-2","Sale","07/12/2026 5:22 PM",2,2,"1xÁgua sem gás , 1xÁgua com gás ","8.5",0,0,0,"8.5","3.3","Tarjeta Débito","","Lucas",""
"17512-2","Sale","07/12/2026 5:25 PM",1,2,"2xCascão ","18",0,0,0,"18","15.6","Tarjeta Débito","","Lucas",""
"17513-2","Sale","07/12/2026 5:29 PM",1,2,"2xMilkshake 300ml","22",0,0,0,"22","2","Efectivo","","Lucas",""
"17514-2","Sale","07/12/2026 5:29 PM",1,2,"2xChurros de chocolate ","20",0,0,0,"20","4","Pix","","Lucas",""
"17515-2","Sale","07/12/2026 5:33 PM",3,3,"1xCrepe suíço salgado , 1xCrepe suíço doce, 1xChurros de chocolate ","31",0,0,0,"31","7","Efectivo","","Lucas",""
"17516-2","Sale","07/12/2026 5:37 PM",2,4,"3xChurros doce de leite , 1xÁgua sem gás ","34",0,0,0,"34","6","Tarjeta Débito","","Lucas",""
"17517-2","Sale","07/12/2026 5:44 PM",4,4,"1xChurros de chocolate , 1xChurros doce de leite , 1xCasquinha , 1xCascão ","36",0,0,0,"36","17.8","Tarjeta Crédito","","Lucas",""
"17518-2","Sale","07/12/2026 5:55 PM",3,3,"1xCrepe suíço doce, 1xMilkshake 400ml, 1xÁgua sem gás ","29",0,0,0,"29","4","Tarjeta Crédito","","Lucas",""
"17519-2","Sale","07/12/2026 5:57 PM",1,1,"1xCascão ","9",0,0,0,"9","7.8","Tarjeta Crédito","","Lucas",""
"17520-2","Sale","07/12/2026 6:06 PM",1,1,"1xÁgua com gás ","4.5",0,0,0,"4.5","3.3","Efectivo","","Lucas",""
"17521-2","Sale","07/12/2026 6:10 PM",1,1,"1xCopo 150ml","7",0,0,0,"7","1","Pix","","Lucas",""
"17522-2","Sale","07/12/2026 6:14 PM",2,2,"1xChurros doce de leite , 1xCasquinha ","17",0,0,0,"17","8","Tarjeta Crédito","","Lucas",""
"17523-2","Sale","07/12/2026 6:14 PM",1,1,"1xÁgua sem gás ","4",0,0,0,"4",0,"Efectivo","","Lucas",""
"17524-2","Sale","07/13/2026 2:19 PM",1,2,"2xMilkshake 500ml","32",0,0,0,"32",0,"Pix","","Lucas",""
"17525-2","Sale","07/13/2026 2:20 PM",1,2,"2xChurros de chocolate ","20",0,0,0,"20","4","Tarjeta Crédito","","Lucas",""
"17526-2","Sale","07/13/2026 2:34 PM",1,1,"1xÁgua sem gás ","4",0,0,0,"4",0,"Tarjeta Débito","","Lucas",""
"17527-2","Sale","07/13/2026 2:49 PM",1,1,"1xCombo 3","15",0,0,0,"15","1","Tarjeta Débito","","Lucas",""
"17528-2","Sale","07/13/2026 2:56 PM",1,1,"1xRefri 310ml","7",0,0,0,"7","1","Efectivo","","Lucas",""
"17529-2","Sale","07/13/2026 3:09 PM",1,2,"2xCrepe suíço salgado ","20",0,0,0,"20","4","Efectivo","","Lucas",""
"17530-2","Sale","07/13/2026 3:17 PM",1,1,"1xCopo 150ml","7",0,0,0,"7","1","Efectivo","","Lucas",""
"17531-2","Sale","07/13/2026 3:30 PM",1,1,"1xÁgua sem gás ","4",0,0,0,"4",0,"Efectivo","","Lucas",""
"17532-2","Sale","07/13/2026 3:36 PM",1,1,"1xRefri 310ml","7",0,0,0,"7","1","Pix","","Lucas",""
"17533-2","Sale","07/13/2026 3:43 PM",1,1,"1xCrepe suíço salgado ","10",0,0,0,"10","2","Otros","","Lucas",""
"17534-2","Sale","07/13/2026 3:49 PM",1,1,"1xCombo 3","15",0,0,0,"15","1","Otros","","Lucas",""
"17535-2","Sale","07/13/2026 3:52 PM",1,1,"1xCombo 1","15",0,0,0,"15","1","Tarjeta Débito","","Lucas",""
"17536-2","Sale","07/13/2026 4:09 PM",2,2,"1xCrepe suíço salgado , 1xCombo 1","25",0,0,0,"25","3","Tarjeta Débito","","Lucas",""
"17537-2","Sale","07/13/2026 4:13 PM",1,1,"1xChurros de chocolate ","10",0,0,0,"10","2","Tarjeta Débito","","Lucas",""
"17538-2","Sale","07/13/2026 4:21 PM",1,2,"2xÁgua sem gás ","8",0,0,0,"8",0,"Efectivo","","Lucas",""
"17539-2","Sale","07/13/2026 4:35 PM",1,1,"1xCombo 1","15",0,0,0,"15","1","Tarjeta Débito","","Lucas",""
"17540-2","Sale","07/13/2026 4:36 PM",1,1,"1xCascão ","9",0,0,0,"9","7.8","Pix","","Lucas",""
"17541-2","Sale","07/13/2026 4:48 PM",1,1,"1xCasquinha ","7",0,0,0,"7","6","Efectivo","","Lucas",""
"17542-2","Sale","07/13/2026 4:52 PM",1,1,"1xCascão ","9",0,0,0,"9","7.8","Pix","","Lucas",""
"17543-2","Sale","07/13/2026 5:16 PM",1,1,"1xCascão ","9",0,0,0,"9","7.8","Tarjeta Débito","","Lucas",""
"17544-2","Sale","07/13/2026 5:23 PM",1,4,"4xChurros de chocolate ","40",0,0,0,"40","8","Tarjeta Crédito, Tarjeta Débito","","Lucas",""
"17546-2","Sale","07/13/2026 5:33 PM",1,1,"1xCombo 1","15",0,0,0,"15","1","Otros","","Lucas",""
"17547-2","Sale","07/13/2026 6:43 PM",1,1,"1xChurros doce de leite ","10",0,0,0,"10","2","Tarjeta Débito","","Lucas",""
"17548-2","Sale","07/14/2026 1:58 PM",2,5,"1xÁgua sem gás , 4xCasquinha ","32",0,0,0,"32","24","Pix","","Lucas",""
"17549-2","Sale","07/14/2026 1:58 PM",2,2,"1xChurros doce de leite , 1xChurros de chocolate ","20",0,0,0,"20","4","Tarjeta Crédito","","Lucas",""
"17550-2","Sale","07/14/2026 2:00 PM",1,1,"1xCopo 150ml","7",0,0,0,"7","1","Efectivo","","Lucas",""
"17551-2","Sale","07/14/2026 2:11 PM",2,2,"1xCrepe suíço doce, 1xCombo 1","26",11,0,0,"15","-7","Efectivo","","Lucas",""
"17552-2","Sale","07/14/2026 2:52 PM",1,1,"1xCascão ","9",0,0,0,"9","7.8","Efectivo","","Lucas",""
"17553-2","Sale","07/14/2026 2:59 PM",1,1,"1xMilkshake 300ml","11",0,0,0,"11","1","Tarjeta Débito","","Lucas",""
"17554-2","Sale","07/14/2026 3:11 PM",1,2,"2xChurros doce de leite ","20",0,0,0,"20","4","Efectivo","","Lucas",""
"17555-2","Sale","07/14/2026 3:19 PM",1,1,"1xChurros doce de leite ","10",0,0,0,"10","2","Efectivo","","Lucas",""
"17556-2","Sale","07/14/2026 3:22 PM",1,1,"1xMilkshake 400ml","14",0,0,0,"14","1","Tarjeta Débito","","Lucas",""
"17557-2","Sale","07/14/2026 3:23 PM",1,1,"1xMilkshake 300ml","11",0,0,0,"11","1","Pix","","Lucas",""
"17558-2","Sale","07/14/2026 3:31 PM",2,2,"1xCopo 200ml, 1xRefri 310ml","16",0,0,0,"16","2","Pix","","Lucas",""
"17559-2","Sale","07/14/2026 3:33 PM",1,1,"1xMilkshake 400ml","14",0,0,0,"14","1","Tarjeta Débito","","Lucas",""
"17560-2","Sale","07/14/2026 3:37 PM",1,2,"2xCasquinha ","14",0,0,0,"14","12","Efectivo","","Lucas",""
"17561-2","Sale","07/14/2026 3:39 PM",1,1,"1xCopo 150ml","7",0,0,0,"7","1","Efectivo","","Lucas",""
"17562-2","Sale","07/14/2026 3:40 PM",1,1,"1xCascão ","9",0,0,0,"9","7.8","Efectivo","","Lucas",""
"17563-2","Sale","07/14/2026 3:40 PM",1,1,"1xChurros doce de leite ","10",0,0,0,"10","2","Efectivo","","Lucas",""
"17564-2","Sale","07/14/2026 3:42 PM",1,1,"1xÁgua sem gás ","4",0,0,0,"4",0,"Pix","","Lucas",""
"17565-2","Sale","07/14/2026 3:42 PM",1,1,"1xCascão ","9",0,0,0,"9","7.8","Efectivo","","Lucas",""
"17566-2","Sale","07/14/2026 4:02 PM",1,2,"2xCasquinha ","14",0,0,0,"14","12","Pix","","Lucas",""
"17567-2","Sale","07/14/2026 4:05 PM",1,1,"1xMilkshake 300ml","11",0,0,0,"11","1","Efectivo","","Lucas",""
"17568-2","Sale","07/14/2026 4:13 PM",3,4,"1xCasquinha , 1xMilkshake 300ml, 2xCrepe suíço salgado ","38",0,0,0,"38","11","Tarjeta Débito","","Lucas",""
"17569-2","Sale","07/14/2026 4:21 PM",1,1,"1xCrepe suíço salgado ","10",0,0,0,"10","2","Tarjeta Débito","","Lucas",""
"17570-2","Sale","07/14/2026 4:35 PM",2,2,"1xCrepe suíço salgado , 1xÁgua sem gás ","14",0,0,0,"14","2","Efectivo","","Lucas",""
"17571-2","Sale","07/14/2026 4:36 PM",1,1,"1xCrepe suíço salgado ","10",0,0,0,"10","2","Tarjeta Débito","","Lucas",""
"17572-2","Sale","07/14/2026 4:54 PM",1,1,"1xCasquinha ","7",0,0,0,"7","6","Efectivo","","Lucas",""
"17573-2","Sale","07/14/2026 4:57 PM",1,2,"2xChurros doce de leite ","20",0,0,0,"20","4","Tarjeta Débito","","Lucas",""
"17574-2","Sale","07/14/2026 5:04 PM",1,1,"1xCasquinha ","7",0,0,0,"7","6","Tarjeta Débito","","Lucas",""
"17575-2","Sale","07/14/2026 6:35 PM",1,1,"1xRefri 310ml","7",0,0,0,"7","1","Tarjeta Débito","","Lucas",""
"17576-2","Sale","07/15/2026 1:56 PM",2,2,"1xMilkshake 300ml, 1xCascão ","20",0,0,0,"20","8.8","Tarjeta Débito","","Lucas",""
"17577-2","Sale","07/15/2026 1:56 PM",1,2,"2xÁgua sem gás ","8",0,0,0,"8",0,"Efectivo","","Lucas",""
"17578-2","Sale","07/15/2026 1:58 PM",3,3,"1xCasquinha , 1xCopo 150ml, 1xÁgua sem gás ","18",0,0,0,"18","7","Pix","","Lucas",""
"17579-2","Sale","07/15/2026 2:09 PM",1,2,"2xMilkshake 300ml","22",0,0,0,"22","2","Efectivo","","Lucas",""
"17580-2","Sale","07/15/2026 2:09 PM",1,1,"1xMilkshake 300ml","11",0,0,0,"11","1","Pix","","Lucas",""
"17581-2","Sale","07/15/2026 2:14 PM",1,1,"1xÁgua sem gás ","4",0,0,0,"4",0,"Tarjeta Débito","","Lucas",""
"17582-2","Sale","07/15/2026 2:29 PM",1,2,"2xCasquinha ","14",0,0,0,"14","12","Pix","","Lucas",""
"17583-2","Sale","07/15/2026 2:33 PM",1,2,"2xCasquinha ","14",0,0,0,"14","12","Tarjeta Débito","","Lucas",""
"17584-2","Sale","07/15/2026 2:40 PM",1,1,"1xCasquinha ","7",0,0,0,"7","6","Pix","","Lucas",""
"17585-2","Sale","07/15/2026 2:47 PM",1,2,"2xÁgua sem gás ","8",0,0,0,"8",0,"Pix","","Lucas",""
"17586-2","Sale","07/15/2026 3:01 PM",1,1,"1xMilkshake 400ml","14",0,0,0,"14","1","Efectivo","","Lucas",""
"17587-2","Sale","07/15/2026 3:02 PM",1,1,"1xÁgua com gás ","4.5",0,0,0,"4.5","3.3","Efectivo","","Lucas",""
"17588-2","Sale","07/15/2026 3:05 PM",1,1,"1xCascão ","9",0,0,0,"9","7.8","Efectivo","","Lucas",""
"17589-2","Sale","07/15/2026 3:18 PM",1,1,"1xÁgua sem gás ","4",0,0,0,"4",0,"Efectivo","","Lucas",""
"17590-2","Sale","07/15/2026 3:21 PM",1,1,"1xMilkshake 500ml","16",0,0,0,"16",0,"Tarjeta Débito","","Lucas",""
"17591-2","Sale","07/15/2026 3:24 PM",1,1,"1xCasquinha ","7",0,0,0,"7","6","Pix","","Lucas",""
"17592-2","Sale","07/15/2026 3:25 PM",1,3,"3xCasquinha ","21",0,0,0,"21","18","Pix","","Lucas",""
"17593-2","Sale","07/15/2026 3:28 PM",1,1,"1xMilkshake 300ml","11",0,0,0,"11","1","Pix","","Lucas",""
"17594-2","Sale","07/15/2026 3:30 PM",1,1,"1xMilkshake 300ml","11",0,0,0,"11","1","Pix","","Lucas",""
"17595-2","Sale","07/15/2026 3:33 PM",1,2,"2xMilkshake 300ml","22",0,0,0,"22","2","Tarjeta Débito","","Lucas",""
"17596-2","Sale","07/15/2026 3:44 PM",1,1,"1xMilkshake 400ml","14",0,0,0,"14","1","Pix","","Lucas",""
"17597-2","Sale","07/15/2026 3:55 PM",1,1,"1xCasquinha ","7",0,0,0,"7","6","Tarjeta Débito","","Lucas",""
"17598-2","Sale","07/15/2026 4:13 PM",1,1,"1xCascão ","9",0,0,0,"9","7.8","Tarjeta Débito","","Lucas",""
"17599-2","Sale","07/15/2026 4:31 PM",1,1,"1xRefri 310ml","7",0,0,0,"7","1","Tarjeta Débito","","Lucas",""
"17600-2","Sale","07/15/2026 4:35 PM",1,2,"2xCasquinha ","14",0,0,0,"14","12","Pix","","Lucas",""
"17601-2","Sale","07/15/2026 4:36 PM",1,1,"1xÁgua sem gás ","4",0,0,0,"4",0,"Pix","","Lucas",""
"17602-2","Sale","07/15/2026 4:39 PM",1,1,"1xChurros de chocolate ","10",0,0,0,"10","2","Efectivo","","Lucas",""
"17603-2","Sale","07/15/2026 4:43 PM",1,1,"1xCrepe suíço doce","11",0,0,0,"11","3","Efectivo","","Lucas",""
"17604-2","Sale","07/15/2026 4:46 PM",2,2,"1xChurros de chocolate , 1xChurros doce de leite ","20",0,0,0,"20","4","Otros","","Lucas",""
"17605-2","Sale","07/15/2026 4:48 PM",1,1,"1xChurros de chocolate ","10",0,0,0,"10","2","Efectivo","","Lucas",""
"17606-2","Sale","07/15/2026 4:49 PM",1,1,"1xCopo 150ml","7",0,0,0,"7","1","Efectivo","","Lucas",""
"17607-2","Sale","07/15/2026 4:54 PM",1,1,"1xCasquinha ","7",0,0,0,"7","6","Tarjeta Débito","","Lucas",""
"17608-2","Sale","07/15/2026 4:55 PM",1,1,"1xMilkshake 300ml","11",0,0,0,"11","1","Efectivo","","Lucas",""
"17609-2","Sale","07/15/2026 5:02 PM",2,2,"1xCasquinha , 1xMilkshake 300ml","18",0,0,0,"18","7","Tarjeta Débito","","Lucas",""
"17610-2","Sale","07/15/2026 5:05 PM",1,1,"1xMilkshake 300ml","11",0,0,0,"11","1","Efectivo","","Lucas",""
"17611-2","Sale","07/15/2026 5:07 PM",1,3,"3xCascão ","27",0,0,0,"27","23.4","Efectivo","","Lucas",""
"17612-2","Sale","07/15/2026 5:08 PM",1,1,"1xChurros doce de leite ","10",0,0,0,"10","2","Efectivo","","Lucas",""
"17613-2","Sale","07/15/2026 5:23 PM",1,1,"1xCasquinha ","7",0,0,0,"7","6","Efectivo","","Lucas",""
"17614-2","Sale","07/15/2026 5:24 PM",1,1,"1xCascão ","9",0,0,0,"9","7.8","Otros","","Lucas",""
"17615-2","Sale","07/15/2026 5:25 PM",1,1,"1xRefri 310ml","7",0,0,0,"7","1","Efectivo","","Lucas",""
"17616-2","Sale","07/15/2026 6:09 PM",1,1,"1xCrepe suíço salgado ","10",0,0,0,"10","2","Otros","","Lucas",""
"17617-2","Sale","07/15/2026 6:10 PM",1,1,"1xChurros de chocolate ","10",0,0,0,"10","2","Tarjeta Débito","","Lucas",""
"17618-2","Sale","07/15/2026 6:13 PM",1,1,"1xCascão ","9",0,0,0,"9","7.8","Otros","","Lucas",""
"17619-2","Sale","07/15/2026 6:20 PM",1,2,"2xCasquinha ","14",0,0,0,"14","12","Pix","","Lucas",""
"17620-2","Sale","07/15/2026 6:22 PM",1,1,"1xCasquinha ","7",0,0,0,"7","6","Tarjeta Crédito","","Lucas",""
"17621-2","Sale","07/15/2026 6:27 PM",2,2,"1xChurros doce de leite , 1xCascão ","19",0,0,0,"19","9.8","Efectivo","","Lucas",""
"17622-2","Sale","07/15/2026 6:34 PM",1,1,"1xCascão ","9",0,0,0,"9","7.8","Efectivo","","Lucas",""
"17623-2","Sale","07/15/2026 6:35 PM",1,1,"1xCasquinha ","7",0,0,0,"7","6","Efectivo","","Lucas",""
"17624-2","Sale","07/15/2026 6:36 PM",1,1,"1xCasquinha ","7",0,0,0,"7","6","Efectivo","","Lucas",""
"17625-2","Sale","07/16/2026 1:40 PM",1,2,"2xCascão ","18",0,0,0,"18","15.6","Tarjeta Crédito","","Lucas",""
"17626-2","Sale","07/16/2026 1:49 PM",1,1,"1xCascão ","9",0,0,0,"9","7.8","Efectivo","","Lucas",""
"17627-2","Sale","07/16/2026 2:10 PM",1,1,"1xCascão ","9",0,0,0,"9","7.8","Tarjeta Débito","","Lucas",""
"17628-2","Sale","07/16/2026 2:10 PM",1,1,"1xChurros doce de leite ","10",0,0,0,"10","2","Efectivo","","Lucas",""
"17629-2","Sale","07/16/2026 2:14 PM",1,3,"3xCascão ","27",0,0,0,"27","23.4","Efectivo","","Lucas",""
"17630-2","Sale","07/16/2026 2:16 PM",1,2,"2xCascão ","18",0,0,0,"18","15.6","Tarjeta Débito","","Lucas",""
"17631-2","Sale","07/16/2026 2:19 PM",2,3,"1xCasquinha , 2xMilkshake 300ml","29",0,0,0,"29","8","Tarjeta Crédito","","Lucas",""
"17632-2","Sale","07/16/2026 2:23 PM",1,1,"1xMilkshake 400ml","14",0,0,0,"14","1","Tarjeta Débito","","Lucas",""
"17633-2","Sale","07/16/2026 2:43 PM",1,1,"1xCopo 150ml","7",0,0,0,"7","1","Tarjeta Débito","","Lucas",""
"17634-2","Sale","07/16/2026 2:49 PM",1,1,"1xCasquinha ","7",0,0,0,"7","6","Tarjeta Crédito","","Lucas",""
"17635-2","Sale","07/16/2026 2:51 PM",1,2,"2xCasquinha ","14",0,0,0,"14","12","Tarjeta Débito","","Lucas",""
"17636-2","Sale","07/16/2026 3:05 PM",2,2,"1xMilkshake 400ml, 1xMilkshake 300ml","25",0,0,0,"25","2","Pix","","Lucas",""
"17637-2","Sale","07/16/2026 3:21 PM",1,1,"1xÁgua sem gás ","4",0,0,0,"4",0,"Tarjeta Débito","","Lucas",""
"17638-2","Sale","07/16/2026 3:24 PM",1,2,"2xMilkshake 500ml","32",0,0,0,"32",0,"Tarjeta Crédito","","Lucas",""
"17639-2","Sale","07/16/2026 3:27 PM",2,2,"1xMilkshake 400ml, 1xCasquinha ","21",0,0,0,"21","7","Efectivo","","Lucas",""
"17640-2","Sale","07/16/2026 3:27 PM",1,1,"1xCopo 150ml","7",0,0,0,"7","1","Efectivo","","Lucas",""
"17641-2","Sale","07/16/2026 3:36 PM",1,1,"1xChurros de chocolate ","10",0,0,0,"10","2","Efectivo","","Lucas",""
"17642-2","Sale","07/16/2026 3:43 PM",2,2,"1xCasquinha , 1xMilkshake 300ml","18",0,0,0,"18","7","Efectivo","","Lucas",""
"17643-2","Sale","07/16/2026 3:47 PM",1,1,"1xMilkshake 300ml","11",0,0,0,"11","1","Tarjeta Débito","","Lucas",""
"17644-2","Sale","07/16/2026 4:03 PM",1,1,"1xCrepe suíço doce","11",0,0,0,"11","3","Efectivo","","Lucas",""
"17645-2","Sale","07/16/2026 4:05 PM",1,1,"1xChurros doce de leite ","10",0,0,0,"10","2","Pix","","Lucas",""
"17646-2","Sale","07/16/2026 4:08 PM",1,1,"1xMilkshake 500ml","16",0,0,0,"16",0,"Pix","","Lucas",""
"17647-2","Sale","07/16/2026 4:10 PM",2,2,"1xMilkshake 400ml, 1xCrepe suíço doce","25",0,0,0,"25","4","Efectivo","","Lucas",""
"17648-2","Sale","07/16/2026 4:16 PM",1,2,"2xMilkshake 400ml","28",0,0,0,"28","2","Pix","","Lucas",""
"17649-2","Sale","07/16/2026 4:20 PM",3,4,"2xChurros doce de leite , 1xMilkshake 300ml, 1xÁgua com gás ","35.5",0,0,0,"35.5","8.3","Tarjeta Débito","","Lucas",""
"17650-2","Sale","07/16/2026 4:21 PM",1,1,"1xCrepe suíço salgado ","10",0,0,0,"10","2","Tarjeta Débito","","Lucas",""
"17651-2","Sale","07/16/2026 4:24 PM",1,1,"1xÁgua com gás ","4.5",0,0,0,"4.5","3.3","Efectivo","","Lucas",""
"17652-2","Sale","07/16/2026 4:31 PM",1,1,"1xÁgua sem gás ","4",0,0,0,"4",0,"Efectivo","","Lucas",""
"17653-2","Sale","07/16/2026 4:41 PM",1,2,"2xCascão ","18",0,0,0,"18","15.6","Tarjeta Débito","","Lucas",""
"17654-2","Sale","07/16/2026 4:42 PM",1,2,"2xCasquinha ","14",0,0,0,"14","12","Tarjeta Débito","","Lucas",""
"17655-2","Sale","07/16/2026 4:46 PM",2,2,"1xÁgua sem gás , 1xÁgua com gás ","8.5",0,0,0,"8.5","3.3","Tarjeta Débito","","Lucas",""
"17656-2","Sale","07/16/2026 4:49 PM",1,2,"2xCrepe suíço doce","22",0,0,0,"22","6","Pix","","Lucas",""
"17657-2","Sale","07/16/2026 4:52 PM",2,3,"2xCascão , 1xÁgua com gás ","22.5",0,0,0,"22.5","18.9","Tarjeta Débito","","Lucas",""
"17658-2","Sale","07/16/2026 5:08 PM",1,2,"2xMilkshake 300ml","22",0,0,0,"22","2","Efectivo","","Lucas",""
"17659-2","Sale","07/16/2026 5:16 PM",1,1,"1xMilkshake 300ml","11",0,0,0,"11","1","Pix","","Lucas",""
"17660-2","Sale","07/16/2026 5:24 PM",1,1,"1xCasquinha ","7",0,0,0,"7","6","Pix","","Lucas",""
"17661-2","Sale","07/16/2026 5:28 PM",1,2,"2xCascão ","18",0,0,0,"18","15.6","Pix","","Lucas",""
"17662-2","Sale","07/16/2026 5:35 PM",2,2,"1xMilkshake 400ml, 1xCrepe suíço salgado ","24",0,0,0,"24","3","Efectivo","","Lucas",""
"17663-2","Sale","07/16/2026 5:54 PM",1,2,"2xCasquinha ","14",0,0,0,"14","12","Pix","","Lucas",""
"17664-2","Sale","07/16/2026 5:56 PM",1,1,"1xCasquinha ","7",0,0,0,"7","6","Efectivo","","Lucas",""
"17665-2","Sale","07/16/2026 6:04 PM",1,1,"1xÁgua sem gás ","4",0,0,0,"4",0,"Tarjeta Débito","","Lucas",""
"17666-2","Sale","07/16/2026 6:07 PM",1,2,"2xCasquinha ","14",0,0,0,"14","12","Efectivo","","Lucas",""
"17667-2","Sale","07/16/2026 6:10 PM",1,1,"1xMilkshake 400ml","14",0,0,0,"14","1","Pix","","Lucas",""
"17668-2","Sale","07/16/2026 6:28 PM",1,2,"2xCopo 150ml","14",0,0,0,"14","2","Pix","","Lucas",""
"17669-2","Sale","07/16/2026 6:31 PM",1,2,"2xChurros de chocolate ","20",0,0,0,"20","4","Pix","","Lucas",""
"17670-2","Sale","07/16/2026 6:38 PM",1,1,"1xChurros doce de leite ","10",0,0,0,"10","2","Pix","","Lucas",""
"17671-2","Sale","07/16/2026 6:42 PM",1,1,"1xÁgua com gás ","4.5",0,0,0,"4.5","3.3","Tarjeta Débito","","Lucas",""
"17672-2","Sale","07/17/2026 1:47 PM",1,1,"1xCascão ","9",0,0,0,"9","7.8","Efectivo","","Lucas",""
"17673-2","Sale","07/17/2026 1:48 PM",1,1,"1xCasquinha ","7",0,0,0,"7","6","Efectivo","","Lucas",""
"17674-2","Sale","07/17/2026 1:52 PM",1,1,"1xRefri 310ml","7",0,0,0,"7","1","Tarjeta Débito","","Lucas",""
"17675-2","Sale","07/17/2026 2:00 PM",2,2,"1xMilkshake 300ml, 1xCasquinha ","18",0,0,0,"18","7","Efectivo","","Lucas",""
"17676-2","Sale","07/17/2026 2:22 PM",2,2,"1xCopo 150ml, 1xÁgua com gás ","11.5",0,0,0,"11.5","4.3","Efectivo","","Lucas",""
"17677-2","Sale","07/17/2026 2:40 PM",1,3,"3xCasquinha ","21",0,0,0,"21","18","Tarjeta Crédito","","Lucas",""
"17678-2","Sale","07/17/2026 2:43 PM",1,2,"2xÁgua sem gás ","8",0,0,0,"8",0,"Tarjeta Crédito","","Lucas",""
"17679-2","Sale","07/17/2026 2:59 PM",3,4,"1xCasquinha , 2xCascão , 1xCrepe suíço salgado ","35",0,0,0,"35","23.6","Tarjeta Débito","","Lucas",""
"17680-2","Sale","07/17/2026 3:02 PM",1,3,"3xCascão ","27",0,0,0,"27","23.4","Tarjeta Crédito","","Lucas",""
"17681-2","Sale","07/17/2026 3:08 PM",1,1,"1xChurros doce de leite ","10",0,0,0,"10","2","Efectivo","","Lucas",""
"17682-2","Sale","07/17/2026 3:34 PM",2,2,"1xMilkshake 500ml, 1xMilkshake 400ml","30",0,0,0,"30","1","Tarjeta Crédito","","Lucas",""
"17683-2","Sale","07/17/2026 3:43 PM",1,1,"1xCascão ","9",0,0,0,"9","7.8","Efectivo","","Lucas",""
"17684-2","Sale","07/17/2026 3:48 PM",1,1,"1xMilkshake 300ml","11",0,0,0,"11","1","Tarjeta Débito","","Lucas",""
"17685-2","Sale","07/17/2026 3:52 PM",2,2,"1xCascão , 1xCasquinha ","16",0,0,0,"16","13.8","Tarjeta Débito","","Lucas",""
"17686-2","Sale","07/17/2026 3:58 PM",1,1,"1xCascão ","9",0,0,0,"9","7.8","Efectivo","","Lucas",""
"17687-2","Sale","07/17/2026 3:59 PM",1,2,"2xCasquinha ","14",0,0,0,"14","12","Efectivo","","Lucas",""
"17688-2","Sale","07/17/2026 4:10 PM",1,1,"1xMilkshake 300ml","11",0,0,0,"11","1","Efectivo","","Lucas",""
"17689-2","Sale","07/17/2026 4:11 PM",1,1,"1xMilkshake 400ml","14",0,0,0,"14","1","Pix","","Lucas",""
"17690-2","Sale","07/17/2026 4:14 PM",1,1,"1xMilkshake 400ml","14",0,0,0,"14","1","Efectivo","","Lucas",""
"17691-2","Sale","07/17/2026 4:25 PM",2,2,"1xMilkshake 400ml, 1xMilkshake 300ml","25",0,0,0,"25","2","Tarjeta Débito","","Lucas",""
"17692-2","Sale","07/17/2026 4:33 PM",1,1,"1xCopo 150ml","7",0,0,0,"7","1","Efectivo","","Lucas",""
"17693-2","Sale","07/17/2026 4:38 PM",2,4,"2xMilkshake 300ml, 2xCascão ","40",0,0,0,"40","17.6","Pix","","Lucas",""
"17694-2","Sale","07/17/2026 4:39 PM",3,3,"1xCrepe suíço salgado , 1xCombo 1, 1xCombo 3","40",0,0,0,"40","4","Pix","","Lucas",""
"17695-2","Sale","07/17/2026 4:42 PM",2,2,"1xÁgua sem gás , 1xRefri 310ml","11",0,0,0,"11","1","Tarjeta Crédito","","Lucas",""
"17696-2","Sale","07/17/2026 4:43 PM",1,2,"2xCasquinha ","14",0,0,0,"14","12","Pix","","Lucas",""
"17697-2","Sale","07/17/2026 4:44 PM",1,1,"1xMilkshake 400ml","14",0,0,0,"14","1","Efectivo","","Lucas",""
"17698-2","Sale","07/17/2026 4:44 PM",1,2,"2xÁgua sem gás ","8",0,0,0,"8",0,"Efectivo","","Lucas",""
"17699-2","Sale","07/17/2026 4:50 PM",1,1,"1xCasquinha ","7",0,0,0,"7","6","Tarjeta Crédito","","Lucas",""
"17700-2","Sale","07/17/2026 4:55 PM",2,2,"1xCrepe suíço salgado , 1xChurros de chocolate ","20",0,0,0,"20","4","Pix","","Lucas",""
"17701-2","Sale","07/17/2026 5:05 PM",1,1,"1xMilkshake 400ml","14",0,0,0,"14","1","Tarjeta Débito","","Lucas",""
"17702-2","Sale","07/17/2026 5:31 PM",1,5,"5xCasquinha ","35",0,0,0,"35","30","Tarjeta Crédito","","Lucas",""
"17703-2","Sale","07/17/2026 5:36 PM",1,2,"2xCasquinha ","14",0,0,0,"14","12","Efectivo","","Lucas",""
"17704-2","Sale","07/17/2026 5:45 PM",1,2,"2xMilkshake 500ml","32",0,0,0,"32",0,"Efectivo","","Lucas",""
"17705-2","Sale","07/17/2026 5:47 PM",1,2,"2xCopo 150ml","14",0,0,0,"14","2","Tarjeta Crédito","","Lucas",""
"17706-2","Sale","07/17/2026 5:49 PM",2,2,"1xMilkshake 300ml, 1xCopo 150ml","18",0,0,0,"18","2","Tarjeta Débito","","Lucas",""
"17707-2","Sale","07/17/2026 5:57 PM",1,1,"1xCascão ","9",0,0,0,"9","7.8","Efectivo","","Lucas",""
"17708-2","Sale","07/17/2026 6:17 PM",2,2,"1xChurros doce de leite , 1xCrepe suíço salgado ","20",0,0,0,"20","4","Efectivo","","Lucas",""
"17709-2","Sale","07/17/2026 6:31 PM",1,1,"1xCascão ","9",0,0,0,"9","7.8","Tarjeta Débito","","Lucas",""
"17710-2","Sale","07/18/2026 10:52 AM",1,1,"1xÁgua com gás ","4.5",0,0,0,"4.5","3.3","Efectivo","","Lucas",""
"17711-2","Sale","07/18/2026 11:07 AM",1,1,"1xÁgua sem gás ","4",0,0,0,"4",0,"Tarjeta Débito","","Lucas",""
"17712-2","Sale","07/18/2026 11:22 AM",1,1,"1xCopo 150ml","7",0,0,0,"7","1","Efectivo","","Lucas",""
"17713-2","Sale","07/18/2026 11:43 AM",1,2,"2xChurros doce de leite ","20",0,0,0,"20","4","Efectivo","","Lucas",""
"17714-2","Sale","07/18/2026 12:13 PM",1,1,"1xMilkshake 500ml","16",0,0,0,"16",0,"Tarjeta Crédito","","Lucas",""
"17715-2","Sale","07/18/2026 12:23 PM",2,2,"1xÁgua sem gás , 1xCasquinha ","11",0,0,0,"11","6","Tarjeta Débito","","Lucas",""
"17716-2","Sale","07/18/2026 12:32 PM",1,2,"2xCopo 250ml","22",0,0,0,"22","2","Tarjeta Débito","","Lucas",""
"17717-2","Sale","07/18/2026 12:33 PM",1,1,"1xÁgua com gás ","4.5",0,0,0,"4.5","3.3","Tarjeta Débito","","Lucas",""
"17718-2","Sale","07/18/2026 12:36 PM",2,2,"1xCascão , 1xCasquinha ","16",0,0,0,"16","13.8","Tarjeta Crédito","","Lucas",""
"17719-2","Sale","07/18/2026 12:37 PM",1,1,"1xCasquinha ","7",0,0,0,"7","6","Tarjeta Débito","","Lucas",""
"17720-2","Sale","07/18/2026 12:44 PM",2,2,"1xÁgua sem gás , 1xÁgua com gás ","8.5",0,0,0,"8.5","3.3","Pix","","Lucas",""
"17721-2","Sale","07/18/2026 12:46 PM",1,2,"2xÁgua sem gás ","8",0,0,0,"8",0,"Pix","","Lucas",""
"17722-2","Sale","07/18/2026 12:53 PM",1,1,"1xÁgua sem gás ","4",0,0,0,"4",0,"Tarjeta Crédito","","Lucas",""
"17723-2","Sale","07/18/2026 1:34 PM",1,1,"1xCasquinha ","7",0,0,0,"7","6","Tarjeta Débito","","Lucas",""
"17724-2","Sale","07/18/2026 1:34 PM",1,2,"2xÁgua sem gás ","8",0,0,0,"8",0,"Tarjeta Crédito","","Lucas",""
"17725-2","Sale","07/18/2026 1:37 PM",1,1,"1xCascão ","9",0,0,0,"9","7.8","Tarjeta Débito","","Lucas",""
"17726-2","Sale","07/18/2026 1:45 PM",1,2,"2xCasquinha ","14",0,0,0,"14","12","Tarjeta Débito","","Lucas",""
"17727-2","Sale","07/18/2026 1:47 PM",1,1,"1xMilkshake 500ml","16",0,0,0,"16",0,"Efectivo","","Lucas",""
"17728-2","Sale","07/18/2026 1:49 PM",1,1,"1xCopo 150ml","7",0,0,0,"7","1","Tarjeta Crédito","","Lucas",""
"17729-2","Sale","07/18/2026 1:55 PM",1,1,"1xCasquinha ","7",0,0,0,"7","6","Pix","","Lucas",""
"17730-2","Sale","07/18/2026 1:56 PM",1,1,"1xCasquinha ","7",0,0,0,"7","6","Tarjeta Débito","","Lucas",""
"17731-2","Sale","07/18/2026 2:02 PM",1,1,"1xÁgua sem gás ","4",0,0,0,"4",0,"Tarjeta Débito","","Lucas",""
"17732-2","Sale","07/18/2026 2:04 PM",2,2,"1xCasquinha , 1xCascão ","16",0,0,0,"16","13.8","Efectivo","","Lucas",""
"17733-2","Sale","07/18/2026 2:07 PM",1,2,"2xCasquinha ","14",0,0,0,"14","12","Pix","","Lucas",""
"17734-2","Sale","07/18/2026 2:20 PM",1,4,"4xMilkshake 400ml","56",0,0,0,"56","4","Efectivo","","Lucas",""
"17735-2","Sale","07/18/2026 2:21 PM",1,1,"1xCasquinha ","7",0,0,0,"7","6","Tarjeta Débito","","Lucas",""
"17736-2","Sale","07/18/2026 2:29 PM",1,1,"1xÁgua sem gás ","4",0,0,0,"4",0,"Efectivo","","Lucas",""
"17737-2","Sale","07/18/2026 2:53 PM",1,1,"1xCasquinha ","7",0,0,0,"7","6","Efectivo","","Lucas",""
"17738-2","Sale","07/18/2026 2:55 PM",1,3,"3xCasquinha ","21",0,0,0,"21","18","Tarjeta Débito","","Lucas",""
"17739-2","Sale","07/18/2026 2:57 PM",1,2,"2xCasquinha ","14",0,0,0,"14","12","Tarjeta Débito","","Lucas",""
"17740-2","Sale","07/18/2026 2:58 PM",1,5,"5xMilkshake 300ml","55",0,0,0,"55","5","Tarjeta Crédito","","Lucas",""
"17741-2","Sale","07/18/2026 3:00 PM",1,3,"3xCopo 150ml","21",0,0,0,"21","3","Tarjeta Crédito","","Lucas",""
"17742-2","Sale","07/18/2026 3:07 PM",2,3,"1xMilkshake 500ml, 2xCopo 200ml","34",0,0,0,"34","2","Tarjeta Débito","","Lucas",""
"17743-2","Sale","07/18/2026 3:10 PM",1,2,"2xÁgua sem gás ","8",0,0,0,"8",0,"Efectivo","","Lucas",""
"17744-2","Sale","07/18/2026 3:12 PM",1,1,"1xMilkshake 300ml","11",0,0,0,"11","1","Tarjeta Débito","","Lucas",""
"17745-2","Sale","07/18/2026 3:12 PM",1,1,"1xCascão ","9",0,0,0,"9","7.8","Efectivo","","Lucas",""
"17746-2","Sale","07/18/2026 3:19 PM",3,4,"2xMilkshake 400ml, 1xCasquinha , 1xCascão ","44",0,0,0,"44","15.8","Otros","","Lucas",""
"17747-2","Sale","07/18/2026 3:21 PM",1,1,"1xCascão ","9",0,0,0,"9","7.8","Efectivo","","Lucas",""
"17748-2","Sale","07/18/2026 3:21 PM",2,2,"1xMilkshake 400ml, 1xChurros de chocolate ","24",0,0,0,"24","3","Tarjeta Débito","","Lucas",""
"17749-2","Sale","07/18/2026 3:23 PM",1,2,"2xÁgua com gás ","9",0,0,0,"9","6.6","Efectivo","","Lucas",""
"17750-2","Sale","07/18/2026 3:24 PM",1,1,"1xRefri 310ml","7",0,0,0,"7","1","Efectivo","","Lucas",""
"17751-2","Sale","07/18/2026 3:25 PM",1,3,"3xCascão ","27",0,0,0,"27","23.4","Tarjeta Débito","","Lucas",""
"17752-2","Sale","07/18/2026 3:28 PM",2,2,"1xMilkshake 300ml, 1xCascão ","20",0,0,0,"20","8.8","Tarjeta Crédito","","Lucas",""
"17753-2","Sale","07/18/2026 3:30 PM",1,1,"1xRefri 310ml","7",0,0,0,"7","1","Efectivo","","Lucas",""
"17754-2","Sale","07/18/2026 3:33 PM",1,2,"2xCascão ","18",0,0,0,"18","15.6","Tarjeta Débito","","Lucas",""
"17755-2","Sale","07/18/2026 3:54 PM",1,1,"1xCasquinha ","7",0,0,0,"7","6","Tarjeta Débito","","Lucas",""
"17756-2","Sale","07/18/2026 3:58 PM",2,2,"1xCascão , 1xRefri 310ml","16",0,0,0,"16","8.8","Pix","","Lucas",""
"17757-2","Sale","07/18/2026 4:01 PM",2,2,"1xMilkshake 300ml, 1xMilkshake 500ml","27",0,0,0,"27","1","Tarjeta Débito","","Lucas",""
"17758-2","Sale","07/18/2026 4:03 PM",1,1,"1xCrepe suíço doce","11",0,0,0,"11","3","Pix","","Lucas",""
"17759-2","Sale","07/18/2026 4:07 PM",1,3,"3xMilkshake 300ml","33",0,0,0,"33","3","Tarjeta Débito","","Lucas",""
"17760-2","Sale","07/18/2026 4:10 PM",1,2,"2xCascão ","18",0,0,0,"18","15.6","Efectivo","","Lucas",""
"17761-2","Sale","07/18/2026 4:11 PM",2,3,"1xMilkshake 500ml, 2xCrepe suíço salgado ","36",0,0,0,"36","4","Efectivo","","Lucas",""
"17762-2","Sale","07/18/2026 4:17 PM",1,1,"1xCopo 250ml","11",0,0,0,"11","1","Efectivo","","Lucas",""
"17764-2","Sale","07/18/2026 4:21 PM",1,2,"2xCasquinha ","14",0,0,0,"14","12","Efectivo","","Lucas",""
"17765-2","Sale","07/18/2026 4:26 PM",2,4,"2xMilkshake 500ml, 2xCascão ","50",0,0,0,"50","15.6","Tarjeta Débito","","Lucas",""
"17766-2","Sale","07/18/2026 4:27 PM",1,1,"1xCopo 150ml","7",0,0,0,"7","1","Tarjeta Débito","","Lucas",""
"17767-2","Sale","07/18/2026 4:29 PM",1,1,"1xCascão ","9",0,0,0,"9","7.8","Efectivo","","Lucas",""
"17768-2","Sale","07/18/2026 4:33 PM",2,3,"2xCopo 150ml, 1xRefri 310ml","21",0,0,0,"21","3","Pix","","Lucas",""
"17769-2","Sale","07/18/2026 4:35 PM",1,1,"1xRefri 310ml","7",0,0,0,"7","1","Tarjeta Débito","","Lucas",""
"17770-2","Sale","07/18/2026 4:43 PM",1,1,"1xCopo 200ml","9",0,0,0,"9","1","Tarjeta Débito","","Lucas",""
"17771-2","Sale","07/18/2026 4:46 PM",2,2,"1xCopo 150ml, 1xCasquinha ","14",0,0,0,"14","7","Pix","","Lucas",""
"17772-2","Sale","07/18/2026 4:47 PM",1,1,"1xCascão ","9",0,0,0,"9","7.8","Pix","","Lucas",""
"17773-2","Sale","07/18/2026 4:48 PM",1,2,"2xCascão ","18",0,0,0,"18","15.6","Efectivo","","Lucas",""
"17774-2","Sale","07/18/2026 4:53 PM",2,2,"1xCasquinha , 1xCopo 250ml","18",0,0,0,"18","7","Pix","","Lucas",""
"17775-2","Sale","07/18/2026 4:57 PM",1,2,"2xCascão ","18",0,0,0,"18","15.6","Tarjeta Débito","","Lucas",""
"17776-2","Sale","07/18/2026 5:00 PM",1,1,"1xCasquinha ","7",0,0,0,"7","6","Tarjeta Débito","","Lucas",""
"17777-2","Sale","07/18/2026 5:02 PM",1,1,"1xCopo 150ml","7",0,0,0,"7","1","Pix","","Lucas",""
"17778-2","Sale","07/18/2026 5:05 PM",1,1,"1xMilkshake 500ml","16",0,0,0,"16",0,"Tarjeta Crédito","","Lucas",""
"17779-2","Sale","07/18/2026 5:08 PM",1,1,"1xÁgua sem gás ","4",0,0,0,"4",0,"Efectivo","","Lucas",""
"17780-2","Sale","07/18/2026 5:10 PM",1,1,"1xCombo 2","16",0,0,0,"16","1","Efectivo","","Lucas",""
"17781-2","Sale","07/19/2026 2:16 PM",1,2,"2xMilkshake 300ml","22",0,0,0,"22","2","Pix","","Lucas",""
"17782-2","Sale","07/19/2026 2:43 PM",1,1,"1xMilkshake 400ml","14",0,0,0,"14","1","Tarjeta Débito","","Lucas",""
"17783-2","Sale","07/19/2026 2:54 PM",2,2,"1xCasquinha , 1xMilkshake 300ml","18",0,0,0,"18","7","Tarjeta Débito","","Lucas",""
"17784-2","Sale","07/19/2026 2:54 PM",1,1,"1xCopo 200ml","9",0,0,0,"9","1","Efectivo","","Lucas",""
"17785-2","Sale","07/19/2026 2:56 PM",1,2,"2xCasquinha ","14",0,0,0,"14","12","Tarjeta Crédito","","Lucas",""
"17786-2","Sale","07/19/2026 3:00 PM",1,3,"3xMilkshake 300ml","33",0,0,0,"33","3","Efectivo","","Lucas",""
"17787-2","Sale","07/19/2026 3:23 PM",2,2,"1xCascão , 1xMilkshake 300ml","20",0,0,0,"20","8.8","Tarjeta Débito","","Lucas",""
"17788-2","Sale","07/19/2026 3:23 PM",1,2,"2xCasquinha ","14",0,0,0,"14","12","Tarjeta Crédito","","Lucas",""
"17789-2","Sale","07/19/2026 3:26 PM",1,1,"1xCasquinha ","7",0,0,0,"7","6","Tarjeta Débito","","Lucas",""
"17790-2","Sale","07/19/2026 3:29 PM",1,2,"2xCasquinha ","14",0,0,0,"14","12","Tarjeta Crédito","","Lucas",""
"17791-2","Sale","07/19/2026 3:32 PM",2,3,"1xCasquinha , 2xCascão ","25",0,0,0,"25","21.6","Efectivo","","Lucas",""
"17792-2","Sale","07/19/2026 3:34 PM",2,2,"1xMilkshake 500ml, 1xCasquinha ","23",0,0,0,"23","6","Efectivo","","Lucas",""
"17793-2","Sale","07/19/2026 3:37 PM",1,1,"1xCasquinha ","7",0,0,0,"7","6","Tarjeta Crédito","","Lucas",""
"17794-2","Sale","07/19/2026 3:41 PM",1,1,"1xMilkshake 300ml","11",0,0,0,"11","1","Tarjeta Crédito","","Lucas",""
"17795-2","Sale","07/19/2026 3:43 PM",1,1,"1xMilkshake 500ml","16",0,0,0,"16",0,"Pix","","Lucas",""
"17796-2","Sale","07/19/2026 3:48 PM",3,3,"1xMilkshake 400ml, 1xMilkshake 500ml, 1xCasquinha ","37",0,0,0,"37","7","Tarjeta Crédito","","Lucas",""
"17797-2","Sale","07/19/2026 3:49 PM",1,1,"1xRefri 310ml","7",0,0,0,"7","1","Pix","","Lucas",""
"17798-2","Sale","07/19/2026 3:51 PM",1,2,"2xMilkshake 300ml","22",0,0,0,"22","2","Tarjeta Débito","","Lucas",""
"17799-2","Sale","07/19/2026 3:53 PM",1,3,"3xCasquinha ","21",0,0,0,"21","18","Pix","","Lucas",""
"17800-2","Sale","07/19/2026 3:54 PM",1,1,"1xÁgua sem gás ","4",0,0,0,"4",0,"Efectivo","","Lucas",""
"17801-2","Sale","07/19/2026 3:57 PM",1,2,"2xCasquinha ","14",0,0,0,"14","12","Tarjeta Débito","","Lucas",""
"17802-2","Sale","07/19/2026 3:58 PM",1,1,"1xCascão ","9",0,0,0,"9","7.8","Tarjeta Débito","","Lucas",""
"17803-2","Sale","07/19/2026 4:01 PM",1,3,"3xCasquinha ","21",0,0,0,"21","18","Tarjeta Débito","","Lucas",""
"17804-2","Sale","07/19/2026 4:01 PM",1,1,"1xCrepe suíço salgado ","10",0,0,0,"10","2","Tarjeta Débito","","Lucas",""
"17805-2","Sale","07/19/2026 4:04 PM",1,1,"1xChurros doce de leite ","10",0,0,0,"10","2","Efectivo","","Lucas",""
"17806-2","Sale","07/19/2026 4:08 PM",2,2,"1xMilkshake 300ml, 1xCasquinha ","18",0,0,0,"18","7","Efectivo","","Lucas",""
"17807-2","Sale","07/19/2026 4:12 PM",1,1,"1xCasquinha ","7",0,0,0,"7","6","Pix","","Lucas",""
"17808-2","Sale","07/19/2026 4:17 PM",2,2,"1xCascão , 1xRefri 310ml","16",0,0,0,"16","8.8","Pix","","Lucas",""
"17809-2","Sale","07/19/2026 4:21 PM",1,3,"3xMilkshake 300ml","33",0,0,0,"33","3","Efectivo","","Lucas",""
"17810-2","Sale","07/19/2026 4:32 PM",1,1,"1xCasquinha ","7",0,0,0,"7","6","Pix","","Lucas",""
"17811-2","Sale","07/19/2026 4:37 PM",1,1,"1xMilkshake 400ml","14",0,0,0,"14","1","Tarjeta Débito","","Lucas",""
"17812-2","Sale","07/19/2026 4:41 PM",2,3,"2xMilkshake 300ml, 1xCascão ","31",0,0,0,"31","9.8","Tarjeta Crédito","","Lucas",""
"17813-2","Sale","07/19/2026 4:46 PM",4,4,"1xChurros de chocolate , 1xChurros doce de leite , 1xÁgua sem gás , 1xÁgua com gás ","28.5",0,0,0,"28.5","7.3","Pix","","Lucas",""
"17814-2","Sale","07/19/2026 5:15 PM",1,2,"2xÁgua sem gás ","8",0,0,0,"8",0,"Efectivo","","Lucas",""
"17815-2","Sale","07/19/2026 5:16 PM",2,2,"1xCascão , 1xMilkshake 300ml","20",0,0,0,"20","8.8","Tarjeta Débito","","Lucas",""
"17816-2","Sale","07/20/2026 1:54 PM",1,4,"4xCopo 150ml","28",0,0,0,"28","4","Efectivo","","Lucas",""
"17817-2","Sale","07/20/2026 2:00 PM",1,1,"1xMilkshake 300ml","11",0,0,0,"11","1","Pix","","Lucas",""
"17818-2","Sale","07/20/2026 2:23 PM",1,1,"1xCasquinha ","7",0,0,0,"7","6","Pix","","Lucas",""
"17819-2","Sale","07/20/2026 2:37 PM",2,2,"1xCascão , 1xCasquinha ","16",0,0,0,"16","13.8","Tarjeta Crédito","","Lucas",""
"17820-2","Sale","07/20/2026 2:39 PM",1,1,"1xCasquinha ","7",0,0,0,"7","6","Efectivo","","Lucas",""
"17821-2","Sale","07/20/2026 2:43 PM",3,4,"2xCopo 150ml, 1xÁgua sem gás , 1xÁgua com gás ","22.5",0,0,0,"22.5","5.3","Pix","","Lucas",""
"17822-2","Sale","07/20/2026 2:49 PM",1,1,"1xÁgua sem gás ","4",0,0,0,"4",0,"Pix","","Lucas",""
"17823-2","Sale","07/20/2026 2:53 PM",1,2,"2xCopo 150ml","14",0,0,0,"14","2","Tarjeta Débito","","Lucas",""
"17824-2","Sale","07/20/2026 3:00 PM",3,3,"1xMilkshake 400ml, 1xMilkshake 500ml, 1xCascão ","39",0,0,0,"39","8.8","Pix","","Lucas",""
"17825-2","Sale","07/20/2026 3:03 PM",2,3,"2xCopo 150ml, 1xChurros doce de leite ","24",0,0,0,"24","4","Pix","","Lucas",""
"17826-2","Sale","07/20/2026 3:03 PM",1,1,"1xCrepe suíço salgado ","10",0,0,0,"10","2","Tarjeta Débito","","Lucas",""
"17827-2","Sale","07/20/2026 3:08 PM",1,2,"2xCasquinha ","14",0,0,0,"14","12","Tarjeta Crédito","","Lucas",""
"17828-2","Sale","07/20/2026 3:10 PM",1,1,"1xChurros de chocolate ","10",0,0,0,"10","2","Tarjeta Débito","","Lucas",""
"17829-2","Sale","07/20/2026 3:12 PM",1,1,"1xMilkshake 300ml","11",0,0,0,"11","1","Tarjeta Crédito","","Lucas",""
"17830-2","Sale","07/20/2026 3:14 PM",1,1,"1xMilkshake 400ml","14",0,0,0,"14","1","Tarjeta Débito","","Lucas",""
"17831-2","Sale","07/20/2026 3:18 PM",1,1,"1xMilkshake 500ml","16",0,0,0,"16",0,"Tarjeta Débito","","Lucas",""
"17832-2","Sale","07/20/2026 3:25 PM",1,3,"3xMilkshake 500ml","48",0,0,0,"48",0,"Tarjeta Crédito","","Lucas",""
"17833-2","Sale","07/20/2026 3:27 PM",1,1,"1xCafe com Leite 180ml","7",0,0,0,"7",0,"Efectivo","","Lucas",""
"17834-2","Sale","07/20/2026 3:36 PM",2,3,"2xMilkshake 500ml, 1xMilkshake 400ml","46",0,0,0,"46","1","Pix","","Lucas",""
"17835-2","Sale","07/20/2026 3:38 PM",1,3,"3xCasquinha ","21",0,0,0,"21","18","Tarjeta Débito","","Lucas",""
"17836-2","Sale","07/20/2026 3:39 PM",1,1,"1xCascão ","9",0,0,0,"9","7.8","Efectivo","","Lucas",""
"17837-2","Sale","07/20/2026 3:40 PM",1,1,"1xCasquinha ","7",0,0,0,"7","6","Efectivo","","Lucas",""
"17838-2","Sale","07/20/2026 3:41 PM",1,1,"1xCombo 1","15",0,0,0,"15","1","Tarjeta Débito","","Lucas",""
"17839-2","Sale","07/20/2026 3:44 PM",1,2,"2xCasquinha ","14",0,0,0,"14","12","Tarjeta Débito","","Lucas",""
"17840-2","Sale","07/20/2026 3:44 PM",1,1,"1xChurros de chocolate ","10",0,0,0,"10","2","Efectivo","","Lucas",""
"17841-2","Sale","07/20/2026 3:48 PM",2,2,"1xCrepe suíço salgado , 1xCopo 150ml","17",0,0,0,"17","3","Tarjeta Débito","","Lucas",""
"17842-2","Sale","07/20/2026 3:55 PM",1,2,"2xCascão ","18",0,0,0,"18","15.6","Efectivo","","Lucas",""
"17843-2","Sale","07/20/2026 3:55 PM",1,1,"1xCrepe suíço salgado ","10",0,0,0,"10","2","Efectivo","","Lucas",""
"17844-2","Sale","07/20/2026 4:06 PM",3,5,"3xMilkshake 300ml, 1xÁgua sem gás , 1xRefri 310ml","44",0,0,0,"44","4","Efectivo","","Lucas",""
"17845-2","Sale","07/20/2026 4:14 PM",2,4,"2xMilkshake 500ml, 2xMilkshake 300ml","54",0,0,0,"54","2","Tarjeta Crédito","","Lucas",""
"17846-2","Sale","07/20/2026 4:15 PM",1,1,"1xCasquinha ","7",0,0,0,"7","6","Tarjeta Débito","","Lucas",""
"17847-2","Sale","07/20/2026 4:19 PM",1,1,"1xCascão ","9",0,0,0,"9","7.8","Pix","","Lucas",""
"17848-2","Sale","07/20/2026 4:20 PM",1,1,"1xÁgua sem gás ","4",0,0,0,"4",0,"Tarjeta Débito","","Lucas",""
"17849-2","Sale","07/20/2026 4:22 PM",1,1,"1xÁgua sem gás ","4",0,0,0,"4",0,"Tarjeta Crédito","","Lucas",""
"17850-2","Sale","07/20/2026 4:43 PM",1,1,"1xChurros doce de leite ","10",0,0,0,"10","2","Tarjeta Débito","","Lucas",""
"17851-2","Sale","07/20/2026 4:52 PM",2,2,"1xÁgua sem gás , 1xÁgua com gás ","8.5",0,0,0,"8.5","3.3","Efectivo","","Lucas",""
"17852-2","Sale","07/20/2026 4:58 PM",1,1,"1xCasquinha ","7",0,0,0,"7","6","Efectivo","","Lucas",""
"17853-2","Sale","07/20/2026 5:04 PM",1,2,"2xCascão ","18",0,0,0,"18","15.6","Tarjeta Crédito","","Lucas",""
"17854-2","Sale","07/20/2026 5:19 PM",1,1,"1xCasquinha ","7",0,0,0,"7","6","Tarjeta Débito","","Lucas",""
"17855-2","Sale","07/20/2026 6:05 PM",2,2,"1xMilkshake 500ml, 1xMilkshake 400ml","30",0,0,0,"30","1","Efectivo","","Lucas",""
"17856-2","Sale","07/20/2026 6:06 PM",1,1,"1xCopo 150ml","7",0,0,0,"7","1","Tarjeta Crédito","","Lucas",""
"17857-2","Sale","07/20/2026 6:15 PM",2,2,"1xMilkshake 400ml, 1xMilkshake 300ml","25",0,0,0,"25","2","Tarjeta Débito","","Lucas",""
"17858-2","Sale","07/20/2026 6:30 PM",2,5,"4xCopo 150ml, 1xCascão ","37",0,0,0,"37","11.8","Pix","","Lucas",""
"17859-2","Sale","07/20/2026 6:43 PM",1,1,"1xMilkshake 400ml","14",0,0,0,"14","1","Efectivo","","Lucas",""
"17860-2","Sale","07/20/2026 6:44 PM",1,1,"1xCasquinha ","7",0,0,0,"7","6","Efectivo","","Lucas",""
"17861-2","Sale","07/20/2026 6:47 PM",1,1,"1xÁgua sem gás ","4",0,0,0,"4",0,"Efectivo","","Lucas",""
"17862-2","Sale","07/21/2026 2:28 PM",1,2,"2xCascão ","18",0,0,0,"18","15.6","Pix","","Lucas",""
"17863-2","Sale","07/21/2026 2:34 PM",1,1,"1xCopo 200ml","9",0,0,0,"9","1","Tarjeta Débito","","Lucas",""
"17864-2","Sale","07/21/2026 2:35 PM",1,1,"1xCasquinha ","7",0,0,0,"7","6","Efectivo","","Lucas",""
"17865-2","Sale","07/21/2026 2:52 PM",1,2,"2xCascão ","18",0,0,0,"18","15.6","Tarjeta Débito","","Lucas",""
"17866-2","Sale","07/21/2026 2:53 PM",1,2,"2xCasquinha ","14",0,0,0,"14","12","Tarjeta Débito","","Lucas",""
"17867-2","Sale","07/21/2026 2:54 PM",1,1,"1xMilkshake 400ml","14",0,0,0,"14","1","Pix","","Lucas",""
"17868-2","Sale","07/21/2026 3:10 PM",2,2,"1xCasquinha , 1xCascão ","16",0,0,0,"16","13.8","Tarjeta Débito","","Lucas",""
"17869-2","Sale","07/21/2026 3:14 PM",1,1,"1xCascão ","9",0,0,0,"9","7.8","Pix","","Lucas",""
"17870-2","Sale","07/21/2026 3:19 PM",1,1,"1xCasquinha ","7",0,0,0,"7","6","Pix","","Lucas",""
"17871-2","Sale","07/21/2026 3:20 PM",1,2,"2xCasquinha ","14",0,0,0,"14","12","Pix","","Lucas",""
"17872-2","Sale","07/21/2026 3:23 PM",1,1,"1xMilkshake 400ml","14",0,0,0,"14","1","Pix","","Lucas",""
"17873-2","Sale","07/21/2026 3:28 PM",1,1,"1xCascão ","9",0,0,0,"9","7.8","Efectivo","","Lucas",""
"17874-2","Sale","07/21/2026 3:29 PM",1,1,"1xCasquinha ","7",0,0,0,"7","6","Efectivo","","Lucas",""
"17875-2","Sale","07/21/2026 3:32 PM",1,1,"1xCasquinha ","7",0,0,0,"7","6","Tarjeta Débito","","Lucas",""
"17876-2","Sale","07/21/2026 3:32 PM",1,1,"1xCombo 1","15",0,0,0,"15","1","Efectivo","","Lucas",""
"17877-2","Sale","07/21/2026 3:33 PM",2,2,"1xCrepe suíço salgado , 1xCascão ","19",0,0,0,"19","9.8","Tarjeta Débito","","Lucas",""
"17878-2","Sale","07/21/2026 3:39 PM",1,1,"1xCasquinha ","7",0,0,0,"7","6","Efectivo","","Lucas",""
"17879-2","Sale","07/21/2026 3:40 PM",2,2,"1xCrepe suíço doce, 1xCasquinha ","18",0,0,0,"18","9","Tarjeta Débito","","Lucas",""
"17880-2","Sale","07/21/2026 3:43 PM",1,1,"1xMilkshake 300ml","11",0,0,0,"11","1","Tarjeta Débito","","Lucas",""
"17881-2","Sale","07/21/2026 3:44 PM",2,2,"1xCrepe suíço salgado , 1xCrepe suíço doce","21",0,0,0,"21","5","Tarjeta Crédito","","Lucas",""
"17882-2","Sale","07/21/2026 3:46 PM",1,2,"2xCasquinha ","14",0,0,0,"14","12","Tarjeta Crédito","","Lucas",""
"17883-2","Sale","07/21/2026 3:53 PM",1,1,"1xMilkshake 300ml","11",0,0,0,"11","1","Tarjeta Crédito","","Lucas",""
"17884-2","Sale","07/21/2026 3:56 PM",1,1,"1xCasquinha ","7",0,0,0,"7","6","Tarjeta Débito","","Lucas",""
"17885-2","Sale","07/21/2026 3:59 PM",2,2,"1xCrepe suíço salgado , 1xCrepe suíço doce","21",0,0,0,"21","5","Pix","","Lucas",""
"17886-2","Sale","07/21/2026 4:04 PM",1,1,"1xCasquinha ","7",0,0,0,"7","6","Otros","","Lucas",""
"17887-2","Sale","07/21/2026 4:05 PM",1,1,"1xCombo 1","15",0,0,0,"15","1","Efectivo","","Lucas",""
"17888-2","Sale","07/21/2026 4:05 PM",1,1,"1xCopo 200ml","9",0,0,0,"9","1","Pix","","Lucas",""
"17889-2","Sale","07/21/2026 4:18 PM",2,2,"1xCrepe suíço salgado , 1xMilkshake 300ml","21",0,0,0,"21","3","Tarjeta Débito","","Lucas",""
"17890-2","Sale","07/21/2026 4:22 PM",1,3,"3xÁgua sem gás ","12",0,0,0,"12",0,"Pix","","Lucas",""
"17891-2","Sale","07/21/2026 4:24 PM",1,1,"1xÁgua sem gás ","4",0,0,0,"4",0,"Efectivo","","Lucas",""
"17892-2","Sale","07/21/2026 4:30 PM",2,2,"1xMilkshake 500ml, 1xMilkshake 300ml","27",0,0,0,"27","1","Tarjeta Débito","","Lucas",""
"17893-2","Sale","07/21/2026 4:31 PM",2,4,"2xÁgua sem gás , 2xÁgua com gás ","17",0,0,0,"17","6.6","Efectivo","","Lucas",""
"17894-2","Sale","07/21/2026 4:32 PM",1,2,"2xCopo 150ml","14",0,0,0,"14","2","Tarjeta Débito","","Lucas",""
"17895-2","Sale","07/21/2026 4:34 PM",1,2,"2xCascão ","18",0,0,0,"18","15.6","Efectivo","","Lucas",""
"17896-2","Sale","07/21/2026 4:34 PM",1,1,"1xCascão ","9",0,0,0,"9","7.8","Efectivo","","Lucas",""
"17897-2","Sale","07/21/2026 4:37 PM",1,4,"4xCascão ","36",0,0,0,"36","31.2","Pix","","Lucas",""
"17898-2","Sale","07/21/2026 4:38 PM",3,3,"1xCrepe suíço salgado , 1xCrepe suíço doce, 1xÁgua com gás ","25.5",0,0,0,"25.5","8.3","Tarjeta Débito","","Lucas",""
"17899-2","Sale","07/21/2026 4:42 PM",1,1,"1xCascão ","9",0,0,0,"9","7.8","Tarjeta Crédito","","Lucas",""
"17900-2","Sale","07/21/2026 4:48 PM",1,1,"1xCascão ","9",0,0,0,"9","7.8","Tarjeta Débito","","Lucas",""
"17901-2","Sale","07/21/2026 4:51 PM",1,2,"2xCrepe suíço doce","22",0,0,0,"22","6","Tarjeta Débito","","Lucas",""
"17902-2","Sale","07/21/2026 5:13 PM",1,1,"1xChurros doce de leite ","10",0,0,0,"10","2","Efectivo","","Lucas",""
"17903-2","Sale","07/21/2026 5:16 PM",1,2,"2xCasquinha ","14",0,0,0,"14","12","Tarjeta Crédito","","Lucas",""
"17904-2","Sale","07/21/2026 5:24 PM",1,1,"1xMilkshake 300ml","11",0,0,0,"11","1","Pix","","Lucas",""
"17905-2","Sale","07/21/2026 5:57 PM",1,2,"2xCascão ","18",0,0,0,"18","15.6","Tarjeta Débito","","Lucas",""
"17906-2","Sale","07/21/2026 5:59 PM",1,1,"1xCasquinha ","7",0,0,0,"7","6","Tarjeta Débito","","Lucas",""
"17907-2","Sale","07/21/2026 6:44 PM",1,1,"1xCasquinha ","7",0,0,0,"7","6","Tarjeta Débito","","Lucas",""
"17908-2","Sale","07/21/2026 6:51 PM",1,1,"1xCasquinha ","7",0,0,0,"7","6","Tarjeta Débito","","Lucas",""
"17909-2","Sale","07/21/2026 6:55 PM",2,2,"1xCascão , 1xCasquinha ","16",0,0,0,"16","13.8","Tarjeta Débito","","Lucas",""
"17910-2","Sale","07/23/2026 1:48 PM",1,1,"1xÁgua sem gás ","4",0,0,0,"4",0,"Efectivo","","Lucas",""
"17911-2","Sale","07/23/2026 2:20 PM",2,2,"1xCascão , 1xMilkshake 300ml","20",0,0,0,"20","8.8","Tarjeta Débito","","Lucas",""
"17912-2","Sale","07/23/2026 2:35 PM",1,1,"1xChurros doce de leite ","10",0,0,0,"10","2","Efectivo","","Lucas",""
"17913-2","Sale","07/23/2026 2:55 PM",2,2,"1xCascão , 1xCasquinha ","16",0,0,0,"16","13.8","Efectivo","","Lucas",""
"17914-2","Sale","07/23/2026 2:57 PM",1,1,"1xCasquinha ","7",0,0,0,"7","6","Efectivo","","Lucas",""
"17915-2","Sale","07/23/2026 2:59 PM",2,2,"1xCasquinha , 1xMilkshake 300ml","18",0,0,0,"18","7","Pix","","Lucas",""
"17916-2","Sale","07/23/2026 3:03 PM",3,5,"1xCascão , 2xChurros doce de leite , 2xChurros de chocolate ","49",0,0,0,"49","15.8","Efectivo","","Lucas",""
"17917-2","Sale","07/23/2026 3:15 PM",1,1,"1xCasquinha ","7",0,0,0,"7","6","Efectivo","","Lucas",""
"17918-2","Sale","07/23/2026 3:20 PM",1,1,"1xCascão ","9",0,0,0,"9","7.8","Pix","","Lucas",""
"17919-2","Sale","07/23/2026 3:29 PM",1,1,"1xÁgua sem gás ","4",0,0,0,"4",0,"Efectivo","","Lucas",""
"17920-2","Sale","07/23/2026 3:41 PM",1,2,"2xCasquinha ","14",0,0,0,"14","12","Efectivo","","Lucas",""
"17921-2","Sale","07/23/2026 3:44 PM",1,2,"2xMilkshake 400ml","28",0,0,0,"28","2","Pix","","Lucas",""
"17922-2","Sale","07/23/2026 3:49 PM",2,2,"1xChurros doce de leite , 1xCasquinha ","17",0,0,0,"17","8","Efectivo","","Lucas",""
"17923-2","Sale","07/23/2026 3:52 PM",1,1,"1xMilkshake 300ml","11",0,0,0,"11","1","Efectivo","","Lucas",""
"17924-2","Sale","07/23/2026 3:55 PM",2,2,"1xCasquinha , 1xCascão ","16",0,0,0,"16","13.8","Efectivo","","Lucas",""
"17925-2","Sale","07/23/2026 3:57 PM",1,1,"1xCasquinha ","7",0,0,0,"7","6","Tarjeta Débito","","Lucas",""
"17926-2","Sale","07/23/2026 3:58 PM",1,2,"2xChurros de chocolate ","20",0,0,0,"20","4","Efectivo","","Lucas",""
"17927-2","Sale","07/23/2026 3:59 PM",1,1,"1xCombo 1","15",0,0,0,"15","1","Tarjeta Débito","","Lucas",""
"17928-2","Sale","07/23/2026 4:02 PM",1,1,"1xCrepe suíço salgado ","10",0,0,0,"10","2","Tarjeta Débito","","Lucas",""
"17929-2","Sale","07/23/2026 4:14 PM",1,1,"1xCasquinha ","7",0,0,0,"7","6","Tarjeta Débito","","Lucas",""
"17930-2","Sale","07/23/2026 4:25 PM",1,1,"1xMilkshake 400ml","14",0,0,0,"14","1","Tarjeta Crédito","","Lucas",""
"17931-2","Sale","07/23/2026 4:28 PM",3,3,"1xMilkshake 300ml, 1xCascão , 1xCasquinha ","27",0,0,0,"27","14.8","Efectivo","","Lucas",""
"17932-2","Sale","07/23/2026 4:29 PM",1,1,"1xCasquinha ","7",0,0,0,"7","6","Pix","","Lucas",""
"17933-2","Sale","07/23/2026 4:33 PM",1,1,"1xCasquinha ","7",0,0,0,"7","6","Tarjeta Crédito","","Lucas",""
"17934-2","Sale","07/23/2026 4:33 PM",1,2,"2xMilkshake 300ml","22",0,0,0,"22","2","Tarjeta Crédito","","Lucas",""
"17935-2","Sale","07/23/2026 4:38 PM",2,2,"1xCasquinha , 1xCascão ","16",0,0,0,"16","13.8","Efectivo","","Lucas",""
"17936-2","Sale","07/23/2026 4:42 PM",1,1,"1xMilkshake 500ml","16",0,0,0,"16",0,"Efectivo","","Lucas",""
"17937-2","Sale","07/23/2026 4:42 PM",1,2,"2xChurros doce de leite ","20",0,0,0,"20","4","Efectivo","","Lucas",""
"17938-2","Sale","07/23/2026 4:44 PM",1,1,"1xMilkshake 500ml","16",0,0,0,"16",0,"Efectivo","","Lucas",""
"17939-2","Sale","07/23/2026 4:47 PM",1,2,"2xCasquinha ","14",0,0,0,"14","12","Efectivo","","Lucas",""
"17940-2","Sale","07/23/2026 4:51 PM",1,3,"3xCasquinha ","21",0,0,0,"21","18","Tarjeta Débito","","Lucas",""
"17941-2","Sale","07/23/2026 5:32 PM",1,2,"2xMilkshake 300ml","22",0,0,0,"22","2","Efectivo","","Lucas",""
"17942-2","Sale","07/23/2026 6:11 PM",1,2,"2xMilkshake 300ml","22",0,0,0,"22","2","Efectivo","","Lucas",""
"17943-2","Sale","07/23/2026 6:11 PM",1,1,"1xÁgua com gás ","4.5",0,0,0,"4.5","3.3","Tarjeta Débito","","Lucas",""
"17944-2","Sale","07/24/2026 2:10 PM",1,1,"1xCopo 150ml","7",0,0,0,"7","1","Efectivo","","Lucas",""
"17945-2","Sale","07/24/2026 2:42 PM",1,1,"1xChurros de chocolate ","10",0,0,0,"10","2","Pix","","Lucas",""
"17946-2","Sale","07/24/2026 2:46 PM",1,1,"1xChurros doce de leite ","10",0,0,0,"10","2","Efectivo","","Lucas",""
"17947-2","Sale","07/24/2026 2:51 PM",1,1,"1xCombo 2","16",0,0,0,"16","1","Efectivo","","Lucas",""
"17948-2","Sale","07/24/2026 3:37 PM",1,1,"1xCascão ","9",0,0,0,"9","7.8","Efectivo","","Lucas",""
"17949-2","Sale","07/24/2026 3:37 PM",1,1,"1xCopo 250ml","11",0,0,0,"11","1","Pix","","Lucas",""
"17950-2","Sale","07/24/2026 3:49 PM",1,1,"1xMilkshake 500ml","16",0,0,0,"16",0,"Tarjeta Débito","","Lucas",""
"17951-2","Sale","07/24/2026 4:16 PM",1,2,"2xCasquinha ","14",0,0,0,"14","12","Tarjeta Crédito","","Lucas",""
"17952-2","Sale","07/24/2026 4:19 PM",2,2,"1xCascão , 1xCasquinha ","16",0,0,0,"16","13.8","Pix","","Lucas",""
"17953-2","Sale","07/24/2026 4:29 PM",2,2,"1xChurros de chocolate , 1xCascão ","19",0,0,0,"19","9.8","Efectivo","","Lucas",""
"17954-2","Sale","07/24/2026 4:34 PM",2,4,"3xChurros doce de leite , 1xCasquinha ","37",0,0,0,"37","12","Efectivo","","Lucas",""
"17955-2","Sale","07/24/2026 4:49 PM",1,1,"1xCafe com Leite 180ml","7",0,0,0,"7",0,"Pix","","Lucas",""
"17956-2","Sale","07/24/2026 4:59 PM",1,1,"1xCasquinha ","7",0,0,0,"7","6","Tarjeta Débito","","Lucas",""
"17957-2","Sale","07/24/2026 5:29 PM",2,2,"1xCrepe suíço salgado , 1xChurros de chocolate ","20",0,0,0,"20","4","Tarjeta Crédito","","Lucas",""
"17958-2","Sale","07/24/2026 5:34 PM",2,2,"1xCrepe suíço salgado , 1xCombo 2","26",0,0,0,"26","3","Tarjeta Crédito","","Lucas",""
"17959-2","Sale","07/25/2026 11:15 AM",1,2,"2xCasquinha ","14",0,0,0,"14","12","Tarjeta Débito","","Lucas",""
"17960-2","Sale","07/25/2026 11:17 AM",2,2,"1xCascão , 1xÁgua sem gás ","13",0,0,0,"13","7.8","Tarjeta Débito","","Lucas",""
"17961-2","Sale","07/25/2026 11:19 AM",1,1,"1xCascão ","9",0,0,0,"9","7.8","Tarjeta Débito","","Lucas",""
"17962-2","Sale","07/25/2026 11:21 AM",1,1,"1xRefri 310ml","7",0,0,0,"7","1","Tarjeta Débito","","Lucas",""
"17963-2","Sale","07/25/2026 11:28 AM",1,2,"2xCasquinha ","14",0,0,0,"14","12","Tarjeta Débito","","Lucas",""
"17964-2","Sale","07/25/2026 11:56 AM",1,1,"1xChurros de chocolate ","10",0,0,0,"10","2","Pix","","Lucas",""
"17965-2","Sale","07/25/2026 12:24 PM",1,2,"2xCasquinha ","14",0,0,0,"14","12","Efectivo","","Lucas",""
"17966-2","Sale","07/25/2026 12:27 PM",1,1,"1xCopo 150ml","7",0,0,0,"7","1","Efectivo","","Lucas",""
"17967-2","Sale","07/25/2026 12:47 PM",1,1,"1xMilkshake 300ml","11",0,0,0,"11","1","Tarjeta Débito","","Lucas",""
"17968-2","Sale","07/25/2026 12:53 PM",1,2,"2xChurros de chocolate ","20",0,0,0,"20","4","Pix","","Lucas",""
"17969-2","Sale","07/25/2026 1:04 PM",1,1,"1xMilkshake 300ml","11",0,0,0,"11","1","Tarjeta Crédito","","Lucas",""
"17970-2","Sale","07/25/2026 1:09 PM",1,2,"2xCascão ","18",0,0,0,"18","15.6","Tarjeta Crédito","","Lucas",""
"17971-2","Sale","07/25/2026 1:10 PM",1,2,"2xCascão ","18",0,0,0,"18","15.6","Tarjeta Débito","","Lucas",""
"17972-2","Sale","07/25/2026 1:14 PM",1,1,"1xÁgua sem gás ","4",0,0,0,"4",0,"Tarjeta Débito","","Lucas",""
"17973-2","Sale","07/25/2026 1:32 PM",2,2,"1xChurros doce de leite , 1xMilkshake 400ml","24",0,0,0,"24","3","Pix","","Lucas",""
"17974-2","Sale","07/25/2026 1:47 PM",1,1,"1xCopo 150ml","7",0,0,0,"7","1","Tarjeta Débito","","Lucas",""
"17975-2","Sale","07/25/2026 1:47 PM",1,2,"2xÁgua sem gás ","8",0,0,0,"8",0,"Efectivo","","Lucas",""
"17976-2","Sale","07/25/2026 2:03 PM",1,1,"1xRefri 310ml","7",0,0,0,"7","1","Efectivo","","Lucas",""
"17977-2","Sale","07/25/2026 2:08 PM",1,1,"1xMilkshake 500ml","16",0,0,0,"16",0,"Tarjeta Débito","","Lucas",""
"17978-2","Sale","07/25/2026 2:12 PM",1,1,"1xMilkshake 300ml","11",0,0,0,"11","1","Tarjeta Débito","","Lucas",""
"17979-2","Sale","07/25/2026 2:18 PM",1,2,"2xCasquinha ","14",0,0,0,"14","12","Pix","","Lucas",""
"17980-2","Sale","07/25/2026 2:24 PM",3,4,"1xChurros de chocolate , 1xChurros doce de leite , 2xMilkshake 300ml","42",0,0,0,"42","6","Efectivo","","Lucas",""
"17981-2","Sale","07/25/2026 2:54 PM",3,4,"2xCascão , 1xMilkshake 300ml, 1xChurros doce de leite ","39",0,0,0,"39","18.6","Tarjeta Crédito","","Lucas",""
"17982-2","Sale","07/25/2026 2:56 PM",1,1,"1xMilkshake 500ml","16",0,0,0,"16",0,"Tarjeta Débito","","Lucas",""
"17983-2","Sale","07/25/2026 2:57 PM",1,1,"1xCascão ","9",0,0,0,"9","7.8","Tarjeta Débito","","Lucas",""
"17984-2","Sale","07/25/2026 3:01 PM",3,3,"1xChurros doce de leite , 1xCopo 250ml, 1xCasquinha ","28",0,0,0,"28","9","Tarjeta Débito","","Lucas",""
"17985-2","Sale","07/25/2026 3:03 PM",3,3,"1xCrepe suíço doce, 1xCrepe suíço salgado , 1xCasquinha ","28",0,0,0,"28","11","Tarjeta Débito","","Lucas",""
"17986-2","Sale","07/25/2026 3:07 PM",1,1,"1xÁgua sem gás ","4",0,0,0,"4",0,"Tarjeta Débito","","Lucas",""
"17987-2","Sale","07/25/2026 3:24 PM",1,2,"2xCrepe suíço salgado ","20",0,0,0,"20","4","Efectivo","","Lucas",""
"17988-2","Sale","07/25/2026 3:34 PM",2,2,"1xCopo 200ml, 1xMilkshake 300ml","20",0,0,0,"20","2","Tarjeta Crédito","","Lucas",""
"17989-2","Sale","07/25/2026 3:36 PM",1,1,"1xCopo 150ml","7",0,0,0,"7","1","Efectivo","","Lucas",""
"17990-2","Sale","07/25/2026 3:40 PM",1,3,"3xCasquinha ","21",0,0,0,"21","18","Tarjeta Débito","","Lucas",""
"17991-2","Sale","07/25/2026 3:44 PM",1,3,"3xCasquinha ","21",0,0,0,"21","18","Pix","","Lucas",""
"17992-2","Sale","07/25/2026 3:53 PM",1,1,"1xCrepe suíço doce","11",0,0,0,"11","3","Efectivo","","Lucas",""
"17993-2","Sale","07/25/2026 3:57 PM",1,1,"1xCrepe suíço salgado ","10",0,0,0,"10","2","Efectivo","","Lucas",""
"17994-2","Sale","07/25/2026 4:02 PM",1,3,"3xCrepe suíço salgado ","30",0,0,0,"30","6","Efectivo","","Lucas",""
"17995-2","Sale","07/25/2026 4:11 PM",1,2,"2xCasquinha ","14",0,0,0,"14","12","Efectivo","","Lucas",""
"17996-2","Sale","07/25/2026 4:15 PM",1,1,"1xCrepe suíço salgado ","10",0,0,0,"10","2","Tarjeta Débito","","Lucas",""
"17997-2","Sale","07/25/2026 4:17 PM",1,2,"2xChurros de chocolate ","20",0,0,0,"20","4","Efectivo","","Lucas",""
"17998-2","Sale","07/25/2026 4:27 PM",1,1,"1xCasquinha ","7",0,0,0,"7","6","Pix","","Lucas",""
"17999-2","Sale","07/25/2026 4:34 PM",2,2,"1xCombo 1, 1xCrepe suíço salgado ","25",0,0,0,"25","3","Tarjeta Crédito","","Lucas",""
"18000-2","Sale","07/25/2026 4:34 PM",1,1,"1xChurros doce de leite ","10",0,0,0,"10","2","Tarjeta Crédito","","Lucas",""
"18001-2","Sale","07/25/2026 4:38 PM",1,1,"1xCafe com Leite 180ml","7",0,0,0,"7",0,"Efectivo","","Lucas",""
"18002-2","Sale","07/25/2026 4:39 PM",1,1,"1xCasquinha ","7",0,0,0,"7","6","Efectivo","","Lucas",""
"18003-2","Sale","07/25/2026 4:47 PM",2,3,"1xChurros doce de leite , 2xCascão ","28",0,0,0,"28","17.6","Tarjeta Débito, Tarjeta Débito","","Lucas",""
"18004-2","Sale","07/25/2026 4:52 PM",2,2,"1xChurros doce de leite , 1xCrepe suíço doce","21",0,0,0,"21","5","Pix","","Lucas",""
"18005-2","Sale","07/25/2026 4:56 PM",1,2,"2xCasquinha ","14",0,0,0,"14","12","Tarjeta Débito","","Lucas",""
"18006-2","Sale","07/25/2026 4:56 PM",1,1,"1xMilkshake 500ml","16",0,0,0,"16",0,"Tarjeta Débito","","Lucas",""
"18007-2","Sale","07/25/2026 5:00 PM",1,1,"1xMilkshake 300ml","11",0,0,0,"11","1","Tarjeta Débito","","Lucas",""
"18008-2","Sale","07/25/2026 5:05 PM",2,2,"1xCombo 1, 1xMilkshake 300ml","26",0,0,0,"26","2","Pix","","Lucas",""
"18009-2","Sale","07/25/2026 5:07 PM",1,1,"1xMilkshake 300ml","11",0,0,0,"11","1","Tarjeta Débito","","Lucas",""
"18010-2","Sale","07/25/2026 5:11 PM",2,2,"1xCascão , 1xCasquinha ","16",0,0,0,"16","13.8","Tarjeta Débito","","Lucas",""
"18011-2","Sale","07/25/2026 5:12 PM",2,4,"2xCrepe suíço salgado , 2xCrepe suíço doce","42",0,0,0,"42","10","Efectivo","","Lucas",""
"18012-2","Sale","07/25/2026 5:14 PM",1,1,"1xCascão ","9",0,0,0,"9","7.8","Pix","","Lucas",""
"18013-2","Sale","07/25/2026 5:21 PM",1,1,"1xCasquinha ","7",0,0,0,"7","6","Efectivo","","Lucas",""
"18014-2","Sale","07/25/2026 5:23 PM",3,4,"1xCasquinha , 1xChurros doce de leite , 2xMilkshake 300ml","39",0,0,0,"39","10","Efectivo","","Lucas",""
"18015-2","Sale","07/25/2026 5:23 PM",1,1,"1xMilkshake 300ml","11",0,0,0,"11","1","Tarjeta Débito","","Lucas",""
"18016-2","Sale","07/25/2026 5:31 PM",2,2,"1xChurros de chocolate , 1xChurros doce de leite ","20",0,0,0,"20","4","Efectivo","","Lucas",""
"18017-2","Sale","07/25/2026 5:32 PM",1,1,"1xChurros de chocolate ","10",0,0,0,"10","2","Efectivo","","Lucas",""
"18018-2","Sale","07/25/2026 5:40 PM",1,2,"2xMilkshake 400ml","28",0,0,0,"28","2","Tarjeta Débito","","Lucas",""
"18019-2","Sale","07/25/2026 5:45 PM",2,3,"2xCasquinha , 1xCrepe suíço salgado ","24",0,0,0,"24","14","Tarjeta Crédito","","Lucas",""
"18020-2","Sale","07/25/2026 5:50 PM",1,1,"1xCasquinha ","7",0,0,0,"7","6","Tarjeta Débito","","Lucas",""
"18021-2","Sale","07/25/2026 5:52 PM",1,1,"1xMilkshake 300ml","11",0,0,0,"11","1","Pix","","Lucas",""
"18022-2","Sale","07/25/2026 5:57 PM",1,2,"2xCrepe suíço doce","22",0,0,0,"22","6","Tarjeta Crédito","","Lucas",""
"18023-2","Sale","07/25/2026 6:12 PM",1,3,"3xCasquinha ","21",0,0,0,"21","18","Tarjeta Débito","","Lucas",""
"18024-2","Sale","07/25/2026 6:19 PM",4,8,"1xChurros de chocolate , 2xChurros doce de leite , 4xCopo 150ml, 1xCrepe suíço salgado ","68",0,0,0,"68","12","Pix","","Lucas",""
"18025-2","Sale","07/25/2026 6:31 PM",1,2,"2xCopo 150ml","14",0,0,0,"14","2","Tarjeta Débito","","Lucas",""
"18026-2","Sale","07/25/2026 6:33 PM",1,1,"1xCascão ","9",0,0,0,"9","7.8","Efectivo","","Lucas",""
"18027-2","Sale","07/25/2026 6:33 PM",1,2,"2xCrepe suíço salgado ","20",0,0,0,"20","4","Efectivo","","Lucas",""
"18028-2","Sale","07/25/2026 6:38 PM",2,2,"1xCascão , 1xCrepe suíço salgado ","19",0,0,0,"19","9.8","Tarjeta Débito","","Lucas",""
"18029-2","Sale","07/26/2026 3:04 PM",1,2,"2xCasquinha ","14",0,0,0,"14","12","Tarjeta Débito","","Lucas",""
"18030-2","Sale","07/26/2026 3:09 PM",1,1,"1xMilkshake 300ml","11",0,0,0,"11","1","Efectivo","","Lucas",""
"18031-2","Sale","07/26/2026 3:19 PM",1,2,"2xMilkshake 400ml","28",0,0,0,"28","2","Tarjeta Débito","","Lucas",""
"18032-2","Sale","07/26/2026 3:21 PM",1,1,"1xMilkshake 500ml","16",0,0,0,"16",0,"Tarjeta Débito","","Lucas",""
"18033-2","Sale","07/26/2026 3:23 PM",1,5,"5xCasquinha ","35",0,0,0,"35","30","Tarjeta Crédito","","Lucas",""
"18034-2","Sale","07/26/2026 3:30 PM",3,3,"1xCascão , 1xCopo 150ml, 1xCasquinha ","23",0,0,0,"23","14.8","Efectivo","","Lucas",""
"18035-2","Sale","07/26/2026 3:30 PM",1,1,"1xMilkshake 400ml","14",0,0,0,"14","1","Efectivo","","Lucas",""
"18036-2","Sale","07/26/2026 3:31 PM",2,3,"2xÁgua sem gás , 1xÁgua com gás ","12.5",0,0,0,"12.5","3.3","Efectivo","","Lucas",""
"18037-2","Sale","07/26/2026 3:35 PM",2,2,"1xCopo 200ml, 1xCascão ","18",0,0,0,"18","8.8","Efectivo","","Lucas",""
"18038-2","Sale","07/26/2026 3:37 PM",1,2,"2xCasquinha ","14",0,0,0,"14","12","Tarjeta Débito","","Lucas",""
"18039-2","Sale","07/26/2026 3:41 PM",2,3,"1xCasquinha , 2xÁgua sem gás ","15",0,0,0,"15","6","Efectivo","","Lucas",""
"18040-2","Sale","07/26/2026 3:44 PM",2,2,"1xChurros de chocolate , 1xMilkshake 500ml","26",0,0,0,"26","2","Pix","","Lucas",""
"18041-2","Sale","07/26/2026 3:46 PM",1,3,"3xCascão ","27",0,0,0,"27","23.4","Tarjeta Crédito","","Lucas",""
"18042-2","Sale","07/26/2026 3:55 PM",2,4,"2xCrepe suíço salgado , 2xCascão ","38",0,0,0,"38","19.6","Tarjeta Crédito","","Lucas",""
"18043-2","Sale","07/26/2026 3:56 PM",1,1,"1xChurros doce de leite ","10",0,0,0,"10","2","Efectivo","","Lucas",""
"18044-2","Sale","07/26/2026 4:00 PM",2,4,"3xMilkshake 300ml, 1xCasquinha ","40",0,0,0,"40","9","Tarjeta Débito","","Lucas",""
"18045-2","Sale","07/26/2026 4:04 PM",1,1,"1xMilkshake 300ml","11",0,0,0,"11","1","Pix","","Lucas",""
"18046-2","Sale","07/26/2026 4:08 PM",2,4,"3xCascão , 1xMilkshake 400ml","41",0,0,0,"41","24.4","Pix","","Lucas",""
"18047-2","Sale","07/26/2026 4:11 PM",1,1,"1xCopo 150ml","7",0,0,0,"7","1","Efectivo","","Lucas",""
"18048-2","Sale","07/26/2026 4:17 PM",1,2,"2xCasquinha ","14",0,0,0,"14","12","Efectivo","","Lucas",""
"18049-2","Sale","07/26/2026 4:19 PM",1,1,"1xCascão ","9",0,0,0,"9","7.8","Tarjeta Crédito","","Lucas",""
"18050-2","Sale","07/26/2026 4:26 PM",1,3,"3xCasquinha ","21",0,0,0,"21","18","Efectivo","","Lucas",""
"18051-2","Sale","07/26/2026 4:29 PM",1,3,"3xCasquinha ","21",0,0,0,"21","18","Tarjeta Débito","","Lucas",""
"18052-2","Sale","07/26/2026 4:29 PM",1,2,"2xÁgua com gás ","9",0,0,0,"9","6.6","Tarjeta Débito","","Lucas",""
"18053-2","Sale","07/26/2026 4:33 PM",1,4,"4xCascão ","36",0,0,0,"36","31.2","Tarjeta Débito","","Lucas",""
"18054-2","Sale","07/26/2026 4:35 PM",1,1,"1xCasquinha ","7",0,0,0,"7","6","Efectivo","","Lucas",""
"18055-2","Sale","07/26/2026 4:39 PM",1,1,"1xCasquinha ","7",0,0,0,"7","6","Efectivo","","Lucas",""
"18056-2","Sale","07/26/2026 4:48 PM",2,2,"1xChurros doce de leite , 1xCascão ","19",0,0,0,"19","9.8","Efectivo","","Lucas",""
"18057-2","Sale","07/26/2026 4:50 PM",1,1,"1xCasquinha ","7",0,0,0,"7","6","Efectivo","","Lucas",""
"18058-2","Sale","07/26/2026 4:55 PM",2,2,"1xChurros doce de leite , 1xCopo 250ml","21",0,0,0,"21","3","Tarjeta Crédito","","Lucas",""
"18059-2","Sale","07/26/2026 4:56 PM",2,3,"1xChurros doce de leite , 2xCasquinha ","24",0,0,0,"24","14","Tarjeta Crédito","","Lucas",""
"18060-2","Sale","07/26/2026 4:59 PM",2,3,"1xMilkshake 300ml, 2xCasquinha ","25",0,0,0,"25","13","Tarjeta Débito","","Lucas",""
"18061-2","Sale","07/26/2026 5:05 PM",2,5,"3xMilkshake 300ml, 2xÁgua sem gás ","41",0,0,0,"41","3","Efectivo, Otros","","Lucas",""
"18062-2","Sale","07/26/2026 5:07 PM",1,3,"3xCasquinha ","21",0,0,0,"21","18","Pix","","Lucas",""
"18063-2","Sale","07/26/2026 5:13 PM",1,1,"1xMilkshake 300ml","11",0,0,0,"11","1","Efectivo","","Lucas",""
"18064-2","Sale","07/26/2026 5:13 PM",2,2,"1xChurros doce de leite , 1xCombo 1","25",0,0,0,"25","3","Tarjeta Crédito","","Lucas",""
"18065-2","Sale","07/26/2026 5:20 PM",1,1,"1xMilkshake 500ml","16",0,0,0,"16",0,"Tarjeta Débito","","Lucas",""
"18066-2","Sale","07/26/2026 5:20 PM",1,2,"2xCasquinha ","14",0,0,0,"14","12","Efectivo","","Lucas",""
"18067-2","Sale","07/26/2026 5:30 PM",2,3,"1xChurros doce de leite , 2xCrepe suíço doce","32",0,0,0,"32","8","Tarjeta Débito","","Lucas",""
"18068-2","Sale","07/26/2026 5:37 PM",2,2,"1xCascão , 1xCopo 250ml","20",0,0,0,"20","8.8","Efectivo","","Lucas",""
"18069-2","Sale","07/26/2026 5:41 PM",2,3,"2xCrepe suíço salgado , 1xCrepe suíço doce","31",0,0,0,"31","7","Pix","","Lucas",""
"18070-2","Sale","07/26/2026 5:45 PM",1,1,"1xÁgua com gás ","4.5",0,0,0,"4.5","3.3","Efectivo","","Lucas",""
"18071-2","Sale","07/26/2026 5:47 PM",1,3,"3xCrepe suíço doce","33",3,0,0,"30","6","Efectivo","","Lucas",""
"18072-2","Sale","07/26/2026 5:51 PM",1,1,"1xMilkshake 300ml","11",0,0,0,"11","1","Tarjeta Débito","","Lucas",""
"18073-2","Sale","07/26/2026 5:57 PM",1,1,"1xCopo 150ml","7",0,0,0,"7","1","Efectivo","","Lucas",""
"18074-2","Sale","07/26/2026 6:02 PM",2,2,"1xMilkshake 300ml, 1xCascão ","20",0,0,0,"20","8.8","Tarjeta Crédito","","Lucas",""
"18075-2","Sale","07/26/2026 6:17 PM",2,4,"2xCopo 250ml, 2xÁgua sem gás ","30",0,0,0,"30","2","Pix","","Lucas",""
"18076-2","Sale","07/26/2026 6:33 PM",2,2,"1xCasquinha , 1xCascão ","16",0,0,0,"16","13.8","Tarjeta Débito","","Lucas",""
"18077-2","Sale","07/26/2026 6:37 PM",2,3,"2xCascão , 1xCasquinha ","25",0,0,0,"25","21.6","Tarjeta Débito","","Lucas",""
"18078-2","Sale","07/26/2026 6:38 PM",1,2,"2xCascão ","18",0,0,0,"18","15.6","Pix","","Lucas",""
"18079-2","Sale","07/26/2026 6:43 PM",2,3,"2xMilkshake 300ml, 1xCasquinha ","29",0,0,0,"29","8","Efectivo","","Lucas",""
"18080-2","Sale","07/26/2026 6:44 PM",2,3,"1xCrepe suíço salgado , 2xCasquinha ","24",0,0,0,"24","14","Tarjeta Crédito","","Lucas",""
"18081-2","Sale","07/26/2026 6:47 PM",2,2,"1xÁgua com gás , 1xCasquinha ","11.5",0,0,0,"11.5","9.3","Efectivo","","Lucas",""
"18082-2","Sale","07/26/2026 6:56 PM",1,1,"1xCasquinha ","7",0,0,0,"7","6","Tarjeta Débito","","Lucas",""
"18083-2","Sale","07/26/2026 6:59 PM",1,1,"1xCrepe suíço salgado ","10",0,0,0,"10","2","Tarjeta Crédito","","Lucas",""
"18084-2","Sale","07/26/2026 7:05 PM",2,2,"1xCasquinha , 1xCascão ","16",0,0,0,"16","13.8","Tarjeta Débito","","Lucas",""
"18085-2","Sale","07/26/2026 7:06 PM",1,2,"2xCascão ","18",0,0,0,"18","15.6","Tarjeta Débito","","Lucas",""
"18086-2","Sale","07/27/2026 2:00 PM",1,1,"1xRefri 310ml","7",0,0,0,"7","1","Tarjeta Crédito","","Lucas",""
"18087-2","Sale","07/27/2026 2:13 PM",1,1,"1xCasquinha ","7",0,0,0,"7","6","Pix","","Lucas",""
"18088-2","Sale","07/27/2026 2:31 PM",1,3,"3xCascão ","27",0,0,0,"27","23.4","Efectivo","","Lucas",""
"18089-2","Sale","07/27/2026 2:36 PM",1,1,"1xMilkshake 300ml","11",0,0,0,"11","1","Efectivo","","Lucas",""
"18090-2","Sale","07/27/2026 2:39 PM",1,2,"2xCasquinha ","14",0,0,0,"14","12","Efectivo","","Lucas",""
"18091-2","Sale","07/27/2026 2:45 PM",1,1,"1xCasquinha ","7",0,0,0,"7","6","Efectivo","","Lucas",""
"18092-2","Sale","07/27/2026 2:47 PM",1,1,"1xCasquinha ","7",0,0,0,"7","6","Tarjeta Débito","","Lucas",""
"18093-2","Sale","07/27/2026 2:51 PM",1,1,"1xCascão ","9",0,0,0,"9","7.8","Tarjeta Débito","","Lucas",""
"18094-2","Sale","07/27/2026 2:52 PM",2,2,"1xCopo 150ml, 1xCasquinha ","14",0,0,0,"14","7","Efectivo","","Lucas",""
"18095-2","Sale","07/27/2026 2:58 PM",1,3,"3xCasquinha ","21",0,0,0,"21","18","Pix","","Lucas",""
"18096-2","Sale","07/27/2026 3:05 PM",1,1,"1xCasquinha ","7",0,0,0,"7","6","Efectivo","","Lucas",""
"18097-2","Sale","07/27/2026 3:07 PM",2,3,"1xMilkshake 300ml, 2xCascão ","29",0,0,0,"29","16.6","Tarjeta Crédito","","Lucas",""
"18098-2","Sale","07/27/2026 3:09 PM",2,3,"2xChurros de chocolate , 1xMilkshake 500ml","36",0,0,0,"36","4","Otros","","Lucas",""
"18099-2","Sale","07/27/2026 3:12 PM",1,1,"1xÁgua sem gás ","4",0,0,0,"4",0,"Efectivo","","Lucas",""
"18100-2","Sale","07/27/2026 3:22 PM",2,2,"1xCasquinha , 1xCascão ","16",0,0,0,"16","13.8","Efectivo","","Lucas",""
"18101-2","Sale","07/27/2026 3:23 PM",1,1,"1xMilkshake 500ml","16",0,0,0,"16",0,"Pix","","Lucas",""
"18102-2","Sale","07/27/2026 3:40 PM",2,2,"1xCasquinha , 1xCascão ","16",0,0,0,"16","13.8","Efectivo","","Lucas",""
"18103-2","Sale","07/27/2026 3:42 PM",2,2,"1xMilkshake 400ml, 1xCasquinha ","21",0,0,0,"21","7","Tarjeta Débito","","Lucas",""
"18104-2","Sale","07/27/2026 3:47 PM",1,1,"1xCascão ","9",0,0,0,"9","7.8","Tarjeta Débito","","Lucas",""
"18105-2","Sale","07/27/2026 3:51 PM",1,3,"3xMilkshake 300ml","33",0,0,0,"33","3","Pix","","Lucas",""
"18106-2","Sale","07/27/2026 3:51 PM",1,1,"1xMilkshake 300ml","11",0,0,0,"11","1","Efectivo","","Lucas",""
"18107-2","Sale","07/27/2026 4:03 PM",1,1,"1xMilkshake 300ml","11",0,0,0,"11","1","Efectivo","","Lucas",""
"18108-2","Sale","07/27/2026 4:13 PM",1,1,"1xCascão ","9",0,0,0,"9","7.8","Efectivo","","Lucas",""
"18109-2","Sale","07/27/2026 4:13 PM",1,2,"2xCrepe suíço salgado ","20",6,0,0,"14","-2","Efectivo","","Lucas",""
"18110-2","Sale","07/27/2026 4:18 PM",1,2,"2xCascão ","18",0,0,0,"18","15.6","Pix","","Lucas",""
"18111-2","Sale","07/27/2026 4:25 PM",1,1,"1xCascão ","9",0,0,0,"9","7.8","Pix","","Lucas",""
"18112-2","Sale","07/27/2026 4:32 PM",1,2,"2xCascão ","18",0,0,0,"18","15.6","Tarjeta Débito","","Lucas",""
"18113-2","Sale","07/27/2026 4:35 PM",1,1,"1xMilkshake 400ml","14",0,0,0,"14","1","Pix","","Lucas",""
"18114-2","Sale","07/27/2026 4:36 PM",1,1,"1xCascão ","9",0,0,0,"9","7.8","Pix","","Lucas",""
"18115-2","Sale","07/27/2026 4:39 PM",1,1,"1xMilkshake 300ml","11",0,0,0,"11","1","Pix","","Lucas",""
"18116-2","Sale","07/27/2026 4:40 PM",2,2,"1xChurros de chocolate , 1xChurros doce de leite ","20",0,0,0,"20","4","Tarjeta Crédito","","Lucas",""
"18117-2","Sale","07/27/2026 5:05 PM",1,2,"2xMilkshake 300ml","22",0,0,0,"22","2","Pix","","Lucas",""
"18118-2","Sale","07/27/2026 5:21 PM",1,1,"1xCascão ","9",0,0,0,"9","7.8","Efectivo","","Lucas",""
"18119-2","Sale","07/27/2026 5:28 PM",1,1,"1xChurros doce de leite ","10",0,0,0,"10","2","Tarjeta Débito","","Lucas",""
"18120-2","Sale","07/27/2026 5:33 PM",1,1,"1xCasquinha ","7",0,0,0,"7","6","Efectivo","","Lucas",""
"18121-2","Sale","07/27/2026 5:36 PM",1,2,"2xCasquinha ","14",0,0,0,"14","12","Pix","","Lucas",""
"18122-2","Sale","07/27/2026 5:41 PM",1,1,"1xChurros doce de leite ","10",0,0,0,"10","2","Otros","","Lucas",""
"18123-2","Sale","07/27/2026 5:55 PM",1,2,"2xCasquinha ","14",0,0,0,"14","12","Tarjeta Débito","","Lucas",""
"18124-2","Sale","07/27/2026 6:11 PM",1,1,"1xMilkshake 300ml","11",0,0,0,"11","1","Pix","","Lucas",""
"18125-2","Sale","07/27/2026 6:18 PM",1,1,"1xMilkshake 300ml","11",0,0,0,"11","1","Pix","","Lucas",""
"18126-2","Sale","07/27/2026 6:38 PM",2,2,"1xCrepe suíço salgado , 1xChurros doce de leite ","20",0,0,0,"20","4","Tarjeta Crédito","","Lucas",""
"18127-2","Sale","07/27/2026 6:42 PM",1,1,"1xMilkshake 500ml","16",0,0,0,"16",0,"Tarjeta Débito","","Lucas",""
"18128-2","Sale","07/27/2026 6:47 PM",2,2,"1xChurros doce de leite , 1xCrepe suíço doce","21",0,0,0,"21","5","Tarjeta Débito","","Lucas",""
"18129-2","Sale","07/27/2026 7:07 PM",2,2,"1xChurros doce de leite , 1xChurros de chocolate ","20",0,0,0,"20","4","Efectivo","","Lucas",""
"18130-2","Sale","07/28/2026 2:00 PM",1,1,"1xMilkshake 300ml","11",0,0,0,"11","1","Efectivo","","Lucas",""
"18131-2","Sale","07/28/2026 2:01 PM",1,1,"1xRefri 310ml","7",0,0,0,"7","1","Tarjeta Crédito","","Lucas",""
"18132-2","Sale","07/28/2026 2:03 PM",1,1,"1xÁgua sem gás ","4",0,0,0,"4",0,"Efectivo","","Lucas",""
"18133-2","Sale","07/28/2026 2:25 PM",2,4,"2xMilkshake 400ml, 2xCasquinha ","42",0,0,0,"42","14","Efectivo","","Lucas",""
"18134-2","Sale","07/28/2026 2:27 PM",2,2,"1xCasquinha , 1xMilkshake 300ml","18",0,0,0,"18","7","Efectivo","","Lucas",""
"18135-2","Sale","07/28/2026 2:33 PM",2,2,"1xCascão , 1xCasquinha ","16",0,0,0,"16","13.8","Tarjeta Débito","","Lucas",""
"18136-2","Sale","07/28/2026 2:37 PM",1,1,"1xCopo 150ml","7",0,0,0,"7","1","Efectivo","","Lucas",""
"18137-2","Sale","07/28/2026 2:50 PM",1,2,"2xCopo 150ml","14",0,0,0,"14","2","Efectivo","","Lucas",""
"18138-2","Sale","07/28/2026 2:57 PM",1,2,"2xÁgua sem gás ","8",0,0,0,"8",0,"Efectivo","","Lucas",""
"18139-2","Sale","07/28/2026 3:03 PM",2,3,"2xCasquinha , 1xÁgua sem gás ","18",0,0,0,"18","12","Efectivo","","Lucas",""
"18140-2","Sale","07/28/2026 3:11 PM",1,1,"1xChurros doce de leite ","10",0,0,0,"10","2","Tarjeta Débito","","Lucas",""
"18141-2","Sale","07/28/2026 3:17 PM",1,1,"1xMilkshake 300ml","11",0,0,0,"11","1","Tarjeta Crédito","","Lucas",""
"18142-2","Sale","07/28/2026 3:19 PM",2,2,"1xCasquinha , 1xRefri 310ml","14",0,0,0,"14","7","Pix","","Lucas",""
"18143-2","Sale","07/28/2026 3:24 PM",1,1,"1xCascão ","9",0,0,0,"9","7.8","Efectivo","","Lucas",""
"18144-2","Sale","07/28/2026 3:27 PM",1,1,"1xCascão ","9",0,0,0,"9","7.8","Tarjeta Débito","","Lucas",""
"18145-2","Sale","07/28/2026 3:42 PM",1,1,"1xCascão ","9",0,0,0,"9","7.8","Efectivo","","Lucas",""
"18146-2","Sale","07/28/2026 4:08 PM",1,1,"1xMilkshake 500ml","16",0,0,0,"16",0,"Tarjeta Débito","","Lucas",""
"18147-2","Sale","07/28/2026 4:09 PM",2,2,"1xCascão , 1xMilkshake 300ml","20",0,0,0,"20","8.8","Pix","","Lucas",""
"18148-2","Sale","07/28/2026 4:36 PM",1,1,"1xÁgua sem gás ","4",0,0,0,"4",0,"Efectivo","","Lucas",""
"18149-2","Sale","07/28/2026 4:44 PM",2,2,"1xMilkshake 300ml, 1xChurros de chocolate ","21",0,0,0,"21","3","Efectivo","","Lucas",""
"18150-2","Sale","07/28/2026 4:53 PM",3,3,"1xCasquinha , 1xChurros doce de leite , 1xCopo 150ml","24",0,0,0,"24","9","Tarjeta Crédito","","Lucas",""
"18151-2","Sale","07/28/2026 4:53 PM",1,1,"1xMilkshake 500ml","16",0,0,0,"16",0,"Tarjeta Débito","","Lucas",""
"18152-2","Sale","07/28/2026 5:15 PM",1,1,"1xChurros de chocolate ","10",0,0,0,"10","2","Pix","","Lucas",""
"18153-2","Sale","07/28/2026 5:22 PM",3,3,"1xCrepe suíço doce, 1xCombo 1, 1xCasquinha ","33",0,0,0,"33","10","Efectivo","","Lucas",""
"18154-2","Sale","07/28/2026 5:23 PM",1,1,"1xCopo 200ml","9",0,0,0,"9","1","Efectivo","","Lucas",""
"18155-2","Sale","07/28/2026 5:36 PM",1,2,"2xCascão ","18",0,0,0,"18","15.6","Efectivo","","Lucas",""
"18156-2","Sale","07/28/2026 5:39 PM",1,1,"1xCascão ","9",0,0,0,"9","7.8","Tarjeta Débito","","Lucas",""
"18157-2","Sale","07/28/2026 5:55 PM",1,1,"1xCasquinha ","7",0,0,0,"7","6","Efectivo","","Lucas",""
"18158-2","Sale","07/28/2026 5:56 PM",1,1,"1xCrepe suíço salgado ","10",0,0,0,"10","2","Tarjeta Crédito","","Lucas",""
"18159-2","Sale","07/28/2026 5:57 PM",1,1,"1xCasquinha ","7",0,0,0,"7","6","Tarjeta Débito","","Lucas",""
"18160-2","Sale","07/28/2026 6:09 PM",3,3,"1xMilkshake 400ml, 1xCopo 250ml, 1xCasquinha ","32",0,0,0,"32","8","Pix","","Lucas",""
"18161-2","Sale","07/28/2026 6:12 PM",2,2,"1xChurros de chocolate , 1xMilkshake 300ml","21",0,0,0,"21","3","Efectivo","","Lucas",""
"18162-2","Sale","07/28/2026 6:14 PM",1,2,"2xCopo 250ml","22",0,0,0,"22","2","Tarjeta Débito","","Lucas",""
"18163-2","Sale","07/28/2026 6:16 PM",1,2,"2xCopo 200ml","18",0,0,0,"18","2","Efectivo","","Lucas",""
"18164-2","Sale","07/28/2026 6:19 PM",1,1,"1xRefri 310ml","7",0,0,0,"7","1","Tarjeta Crédito","","Lucas",""
"18165-2","Sale","07/28/2026 6:19 PM",1,1,"1xCopo 250ml","11",0,0,0,"11","1","Pix","","Lucas",""
"18166-2","Sale","07/28/2026 6:20 PM",1,1,"1xCascão ","9",0,0,0,"9","7.8","Tarjeta Débito","","Lucas",""
"18167-2","Sale","07/28/2026 6:29 PM",2,2,"1xMilkshake 400ml, 1xCascão ","23",0,0,0,"23","8.8","Efectivo","","Lucas",""
"18168-2","Sale","07/28/2026 6:33 PM",1,2,"2xRefri 310ml","14",0,0,0,"14","2","Tarjeta Crédito","","Lucas",""
"18169-2","Sale","07/28/2026 6:46 PM",1,1,"1xÁgua sem gás ","4",0,0,0,"4",0,"Tarjeta Débito","","Lucas",""
"18170-2","Sale","07/28/2026 7:01 PM",1,1,"1xMilkshake 300ml","11",0,0,0,"11","1","Efectivo","","Lucas",""
"18171-2","Sale","07/28/2026 7:02 PM",1,1,"1xCasquinha ","7",0,0,0,"7","6","Efectivo","","Lucas",""
"18172-2","Sale","07/29/2026 1:44 PM",2,5,"2xÁgua sem gás , 3xCascão ","35",0,0,0,"35","23.4","Efectivo","","Lucas",""
"18173-2","Sale","07/29/2026 1:46 PM",1,3,"3xCasquinha ","21",0,0,0,"21","18","Pix","","Lucas",""
"18174-2","Sale","07/29/2026 2:28 PM",1,1,"1xChurros de chocolate ","10",0,0,0,"10","2","Tarjeta Débito","","Lucas",""
"18175-2","Sale","07/29/2026 2:34 PM",1,1,"1xCasquinha ","7",0,0,0,"7","6","Efectivo","","Lucas",""
"18176-2","Sale","07/29/2026 2:43 PM",1,2,"2xMilkshake 300ml","22",0,0,0,"22","2","Tarjeta Crédito","","Lucas",""
"18177-2","Sale","07/29/2026 3:03 PM",1,1,"1xCasquinha ","7",0,0,0,"7","6","Tarjeta Crédito","","Lucas",""
"18178-2","Sale","07/29/2026 3:04 PM",1,1,"1xCascão ","9",0,0,0,"9","7.8","Efectivo","","Lucas",""
"18179-2","Sale","07/29/2026 3:09 PM",2,4,"2xCascão , 2xMilkshake 400ml","46",0,0,0,"46","17.6","Tarjeta Débito","","Lucas",""
"18180-2","Sale","07/29/2026 3:10 PM",1,1,"1xCasquinha ","7",0,0,0,"7","6","Efectivo","","Lucas",""
"18181-2","Sale","07/29/2026 3:30 PM",1,2,"2xCascão ","18",0,0,0,"18","15.6","Tarjeta Débito","","Lucas",""
"18182-2","Sale","07/29/2026 3:48 PM",1,2,"2xCascão ","18",0,0,0,"18","15.6","Tarjeta Crédito","","Lucas",""
"18183-2","Sale","07/29/2026 3:53 PM",2,3,"2xMilkshake 400ml, 1xMilkshake 300ml","39",0,0,0,"39","3","Efectivo","","Lucas",""
"18184-2","Sale","07/29/2026 3:54 PM",1,1,"1xCasquinha ","7",0,0,0,"7","6","Efectivo","","Lucas",""
"18185-2","Sale","07/29/2026 3:57 PM",1,1,"1xCrepe suíço doce","11",0,0,0,"11","3","Pix","","Lucas",""
"18186-2","Sale","07/29/2026 4:08 PM",1,1,"1xCascão ","9",0,0,0,"9","7.8","Tarjeta Crédito","","Lucas",""
"18187-2","Sale","07/29/2026 4:09 PM",1,2,"2xChurros doce de leite ","20",0,0,0,"20","4","Tarjeta Débito","","Lucas",""
"18188-2","Sale","07/29/2026 4:14 PM",1,1,"1xCascão ","9",0,0,0,"9","7.8","Tarjeta Crédito","","Lucas",""
"18189-2","Sale","07/29/2026 4:18 PM",1,1,"1xCasquinha ","7",0,0,0,"7","6","Efectivo","","Lucas",""
"18190-2","Sale","07/29/2026 4:24 PM",1,1,"1xCopo 200ml","9",0,0,0,"9","1","Efectivo","","Lucas",""
"18191-2","Sale","07/29/2026 4:30 PM",2,2,"1xCasquinha , 1xCopo 150ml","14",0,0,0,"14","7","Tarjeta Crédito","","Lucas",""
"18192-2","Sale","07/29/2026 4:32 PM",1,1,"1xCasquinha ","7",0,0,0,"7","6","Efectivo","","Lucas",""
"18193-2","Sale","07/29/2026 4:38 PM",3,3,"1xCrepe suíço salgado , 1xCascão , 1xÁgua sem gás ","23",0,0,0,"23","9.8","Pix","","Lucas",""
"18194-2","Sale","07/29/2026 4:48 PM",2,2,"1xCascão , 1xCasquinha ","16",0,0,0,"16","13.8","Efectivo","","Lucas",""
"18195-2","Sale","07/29/2026 4:53 PM",2,2,"1xCopo 250ml, 1xCascão ","20",0,0,0,"20","8.8","Tarjeta Débito","","Lucas",""
"18196-2","Sale","07/29/2026 5:19 PM",1,3,"3xCrepe suíço salgado ","30",0,0,0,"30","6","Efectivo","","Lucas",""
"18197-2","Sale","07/29/2026 5:42 PM",1,1,"1xCasquinha ","7",0,0,0,"7","6","Tarjeta Débito","","Lucas",""
"18198-2","Sale","07/29/2026 5:46 PM",1,1,"1xMilkshake 400ml","14",0,0,0,"14","1","Tarjeta Crédito","","Lucas",""
"18199-2","Sale","07/29/2026 5:50 PM",1,1,"1xCafé preto 180ml","5",0,0,0,"5",0,"Pix","","Lucas",""
"18200-2","Sale","07/29/2026 5:56 PM",1,1,"1xRefri 310ml","7",0,0,0,"7","1","Tarjeta Crédito","","Lucas",""
"18201-2","Sale","07/29/2026 6:01 PM",2,2,"1xCrepe suíço doce, 1xCombo 1","26",0,0,0,"26","4","Tarjeta Débito","","Lucas",""
"18202-2","Sale","07/29/2026 6:12 PM",1,1,"1xCombo 1","15",0,0,0,"15","1","Pix","","Lucas",""
"18203-2","Sale","07/29/2026 6:15 PM",1,1,"1xMilkshake 300ml","11",0,0,0,"11","1","Efectivo","","Lucas",""
"18204-2","Sale","07/29/2026 6:26 PM",3,4,"1xMilkshake 500ml, 1xCrepe suíço doce, 2xCrepe suíço salgado ","47",0,0,0,"47","7","Tarjeta Débito","","Lucas",""
"18205-2","Sale","07/30/2026 2:28 PM",1,3,"3xMilkshake 300ml","33",0,0,0,"33","3","Efectivo","","Lucas",""
"18206-2","Sale","07/30/2026 2:32 PM",1,1,"1xCasquinha ","7",0,0,0,"7","6","Pix","","Lucas",""
"18207-2","Sale","07/30/2026 2:35 PM",1,1,"1xRefri 310ml","7",0,0,0,"7","1","Tarjeta Débito","","Lucas",""
"18208-2","Sale","07/30/2026 2:39 PM",1,1,"1xCascão ","9",0,0,0,"9","7.8","Tarjeta Crédito","","Lucas",""
"18209-2","Sale","07/30/2026 2:48 PM",1,1,"1xCasquinha ","7",0,0,0,"7","6","Efectivo","","Lucas",""
"18210-2","Sale","07/30/2026 3:18 PM",1,2,"2xCasquinha ","14",0,0,0,"14","12","Efectivo","","Lucas",""
"18211-2","Sale","07/30/2026 3:18 PM",1,1,"1xÁgua com gás ","4.5",0,0,0,"4.5","3.3","Tarjeta Crédito","","Lucas",""
"18212-2","Sale","07/30/2026 3:19 PM",1,1,"1xÁgua sem gás ","4",0,0,0,"4",0,"Efectivo","","Lucas",""
"18213-2","Sale","07/30/2026 3:21 PM",1,1,"1xMilkshake 300ml","11",0,0,0,"11","1","Efectivo","","Lucas",""
"18214-2","Sale","07/30/2026 3:48 PM",2,2,"1xCascão , 1xMilkshake 400ml","23",0,0,0,"23","8.8","Tarjeta Débito","","Lucas",""
"18215-2","Sale","07/30/2026 3:50 PM",1,2,"2xChurros doce de leite ","20",0,0,0,"20","4","Tarjeta Débito","","Lucas",""
"18216-2","Sale","07/30/2026 3:54 PM",1,1,"1xMilkshake 300ml","11",0,0,0,"11","1","Pix","","Lucas",""
"18217-2","Sale","07/30/2026 3:59 PM",1,1,"1xMilkshake 500ml","16",0,0,0,"16",0,"Pix","","Lucas",""
"18218-2","Sale","07/30/2026 4:23 PM",1,1,"1xMilkshake 300ml","11",0,0,0,"11","1","Efectivo","","Lucas",""
"18219-2","Sale","07/30/2026 4:38 PM",2,8,"7xCascão , 1xCasquinha ","70",0,0,0,"70","60.6","Tarjeta Crédito","","Lucas",""
"18220-2","Sale","07/30/2026 4:40 PM",2,2,"1xCascão , 1xCasquinha ","16",0,0,0,"16","13.8","Efectivo","","Lucas",""
"18221-2","Sale","07/30/2026 4:43 PM",2,2,"1xCascão , 1xMilkshake 300ml","20",0,0,0,"20","8.8","Tarjeta Débito","","Lucas",""
"18222-2","Sale","07/30/2026 4:44 PM",1,1,"1xMilkshake 300ml","11",0,0,0,"11","1","Efectivo","","Lucas",""
"18223-2","Sale","07/30/2026 4:59 PM",1,1,"1xMilkshake 400ml","14",0,0,0,"14","1","Efectivo","","Lucas",""
"18224-2","Sale","07/30/2026 5:32 PM",1,1,"1xCombo 2","16",0,0,0,"16","1","Tarjeta Crédito","","Lucas",""
"18225-2","Sale","07/30/2026 5:49 PM",1,1,"1xCascão ","9",0,0,0,"9","7.8","Tarjeta Crédito","","Lucas",""
"18226-2","Sale","07/30/2026 5:52 PM",2,2,"1xMilkshake 400ml, 1xMilkshake 500ml","30",0,0,0,"30","1","Efectivo","","Lucas",""
"18227-2","Sale","07/30/2026 5:57 PM",1,2,"2xCrepe suíço doce","22",0,0,0,"22","6","Efectivo","","Lucas",""
"18228-2","Sale","07/30/2026 6:03 PM",1,1,"1xMilkshake 300ml","11",0,0,0,"11","1","Tarjeta Crédito","","Lucas",""
"18229-2","Sale","07/30/2026 6:11 PM",1,1,"1xCrepe suíço doce","11",0,0,0,"11","3","Efectivo","","Lucas",""
"18230-2","Sale","07/30/2026 6:11 PM",1,1,"1xCrepe suíço doce","11",0,0,0,"11","3","Efectivo","","Lucas",""
"18231-2","Sale","07/30/2026 6:11 PM",1,1,"1xCrepe suíço doce","11",0,0,0,"11","3","Efectivo","","Lucas",""
"18232-2","Sale","07/30/2026 6:30 PM",1,1,"1xMilkshake 300ml","11",0,0,0,"11","1","Tarjeta Crédito","","Lucas",""
"18233-2","Sale","07/30/2026 6:58 PM",1,1,"1xChurros doce de leite ","10",0,0,0,"10","2","Efectivo","","Lucas",""
"18234-1","Sale","07/30/2026 7:43 PM",2,4,"3xCrepe suíço doce, 1xCrepe suíço salgado ","43",0,0,0,"43","11","Credit Card","","Lucas",""
"18235-2","Sale","07/31/2026 2:19 PM",1,1,"1xCasquinha ","7",0,0,0,"7","6","Efectivo","","Lucas",""
"18236-2","Sale","07/31/2026 2:26 PM",2,4,"1xCopo 150ml, 3xCasquinha ","28",0,0,0,"28","19","Tarjeta Débito","","Lucas",""
"18237-2","Sale","07/31/2026 2:33 PM",1,1,"1xCrepe suíço salgado ","10",0,0,0,"10","2","Efectivo","","Lucas",""
"18238-2","Sale","07/31/2026 2:51 PM",1,2,"2xCopo 200ml","18",0,0,0,"18","2","Tarjeta Débito","","Lucas",""
"18239-2","Sale","07/31/2026 2:53 PM",2,3,"1xCasquinha , 2xRefri 310ml","21",0,0,0,"21","8","Efectivo","","Lucas",""
"18240-2","Sale","07/31/2026 2:56 PM",2,3,"1xCrepe suíço salgado , 2xCrepe suíço doce","32",0,0,0,"32","8","Efectivo","","Lucas",""
"18241-2","Sale","07/31/2026 2:57 PM",1,1,"1xCasquinha ","7",0,0,0,"7","6","Efectivo","","Lucas",""
"18242-2","Sale","07/31/2026 3:11 PM",1,3,"3xCasquinha ","21",0,0,0,"21","18","Efectivo","","Lucas",""
"18243-2","Sale","07/31/2026 3:15 PM",1,1,"1xCasquinha ","7",0,0,0,"7","6","Efectivo","","Lucas",""
"18244-2","Sale","07/31/2026 3:19 PM",1,1,"1xCasquinha ","7",0,0,0,"7","6","Pix","","Lucas",""
"18245-2","Sale","07/31/2026 3:21 PM",1,1,"1xCopo 200ml","9",0,0,0,"9","1","Pix","","Lucas",""
"18246-2","Sale","07/31/2026 3:22 PM",1,2,"2xÁgua sem gás ","8",0,0,0,"8",0,"Tarjeta Débito","","Lucas",""
"18247-2","Sale","07/31/2026 3:28 PM",1,1,"1xCascão ","9",0,0,0,"9","7.8","Pix","","Lucas",""
"18248-2","Sale","07/31/2026 3:51 PM",2,2,"1xCopo 250ml, 1xÁgua sem gás ","15",0,0,0,"15","1","Efectivo","","Lucas",""
"18249-2","Sale","07/31/2026 3:53 PM",1,1,"1xCopo 250ml","11",0,0,0,"11","1","Efectivo","","Lucas",""
"18250-2","Sale","07/31/2026 3:57 PM",1,1,"1xCascão ","9",0,0,0,"9","7.8","Tarjeta Débito","","Lucas",""
"18251-2","Sale","07/31/2026 4:01 PM",2,2,"1xCrepe suíço salgado , 1xMilkshake 500ml","26",0,0,0,"26","2","Pix","","Lucas",""
"18252-2","Sale","07/31/2026 4:04 PM",1,1,"1xCascão ","9",0,0,0,"9","7.8","Efectivo","","Lucas",""
"18253-2","Sale","07/31/2026 4:12 PM",1,1,"1xCasquinha ","7",0,0,0,"7","6","Efectivo","","Lucas",""
"18254-2","Sale","07/31/2026 4:19 PM",1,3,"3xCascão ","27",0,0,0,"27","23.4","Tarjeta Débito","","Lucas",""
"18255-2","Sale","07/31/2026 4:34 PM",2,2,"1xChurros de chocolate , 1xChurros doce de leite ","20",0,0,0,"20","4","Efectivo","","Lucas",""
"18256-2","Sale","07/31/2026 4:37 PM",1,1,"1xCrepe suíço salgado ","10",0,0,0,"10","2","Efectivo","","Lucas",""
"18257-2","Sale","07/31/2026 4:46 PM",2,3,"2xMilkshake 400ml, 1xCasquinha ","35",0,0,0,"35","8","Tarjeta Débito","","Lucas",""
"18258-2","Sale","07/31/2026 4:47 PM",1,1,"1xCascão ","9",0,0,0,"9","7.8","Tarjeta Débito","","Lucas",""
"18259-2","Sale","07/31/2026 4:50 PM",1,1,"1xMilkshake 500ml","16",0,0,0,"16",0,"Tarjeta Débito","","Lucas",""
"18260-2","Sale","07/31/2026 4:51 PM",1,1,"1xMilkshake 500ml","16",0,0,0,"16",0,"Tarjeta Crédito","","Lucas",""
"18261-2","Sale","07/31/2026 4:53 PM",2,2,"1xCascão , 1xCasquinha ","16",0,0,0,"16","13.8","Tarjeta Débito","","Lucas",""
"18262-2","Sale","07/31/2026 4:56 PM",2,2,"1xChurros de chocolate , 1xMilkshake 300ml","21",0,0,0,"21","3","Efectivo","","Lucas",""
"18263-2","Sale","07/31/2026 4:59 PM",1,1,"1xCasquinha ","7",0,0,0,"7","6","Efectivo","","Lucas",""
"18264-2","Sale","07/31/2026 5:02 PM",2,4,"3xCrepe suíço salgado , 1xMilkshake 300ml","41",0,0,0,"41","7","Tarjeta Débito","","Lucas",""
"18265-2","Sale","07/31/2026 5:02 PM",1,1,"1xMilkshake 300ml","11",0,0,0,"11","1","Efectivo","","Lucas",""
"18266-2","Sale","07/31/2026 5:19 PM",1,1,"1xCascão ","9",0,0,0,"9","7.8","Efectivo","","Lucas",""
"18267-2","Sale","07/31/2026 5:27 PM",1,2,"2xCasquinha ","14",0,0,0,"14","12","Efectivo","","Lucas",""
"18268-2","Sale","07/31/2026 5:32 PM",1,1,"1xCascão ","9",0,0,0,"9","7.8","Efectivo","","Lucas",""
"18269-2","Sale","07/31/2026 5:45 PM",1,1,"1xCasquinha ","7",0,0,0,"7","6","Tarjeta Crédito","","Lucas",""
"18270-2","Sale","07/31/2026 5:50 PM",1,1,"1xCascão ","9",0,0,0,"9","7.8","Tarjeta Crédito","","Lucas",""
"18271-2","Sale","07/31/2026 6:04 PM",1,1,"1xRefri 310ml","7",0,0,0,"7","1","Efectivo","","Lucas",""
"18272-2","Sale","07/31/2026 6:28 PM",2,2,"1xMilkshake 300ml, 1xMilkshake 500ml","27",0,0,0,"27","1","Efectivo","","Lucas",""
"18273-2","Sale","07/31/2026 6:31 PM",1,1,"1xCasquinha ","7",0,0,0,"7","6","Efectivo","","Lucas",""
"18274-2","Sale","07/31/2026 6:32 PM",2,2,"1xChurros doce de leite , 1xCombo 3","25",0,0,0,"25","3","Efectivo","","Lucas",""
"18275-2","Sale","07/31/2026 6:35 PM",1,2,"2xCascão ","18",0,0,0,"18","15.6","Tarjeta Débito","","Lucas",""
"18276-2","Sale","08/01/2026 11:01 AM",1,1,"1xMilkshake 400ml","14",0,0,0,"14","1","Efectivo","","Lucas",""
"18277-2","Sale","08/01/2026 11:01 AM",1,2,"2xChocolate quente 180ml","20",10,0,0,"10",0,"Efectivo","","Lucas",""
"18278-2","Sale","08/01/2026 11:10 AM",2,2,"1xChurros doce de leite , 1xChurros de chocolate ","20",0,0,0,"20","4","Efectivo","","Lucas",""
"18279-2","Sale","08/01/2026 11:39 AM",1,1,"1xCasquinha ","7",0,0,0,"7","6","Pix","","Lucas",""
"18280-2","Sale","08/01/2026 11:56 AM",2,2,"1xCopo 150ml, 1xMilkshake 500ml","23",0,0,0,"23","1","Tarjeta Crédito","","Lucas",""
"18281-2","Sale","08/01/2026 12:12 PM",3,4,"1xCopo 200ml, 1xMilkshake 300ml, 2xCasquinha ","34",0,0,0,"34","14","Efectivo","","Lucas",""
"18282-2","Sale","08/01/2026 12:13 PM",1,1,"1xÁgua sem gás ","4",0,0,0,"4",0,"Efectivo","","Lucas",""
"18283-2","Sale","08/01/2026 12:19 PM",1,1,"1xÁgua com gás ","4.5",0,0,0,"4.5","3.3","Efectivo","","Lucas",""
"18284-2","Sale","08/01/2026 12:27 PM",1,1,"1xMilkshake 400ml","14",0,0,0,"14","1","Efectivo","","Lucas",""
"18285-2","Sale","08/01/2026 12:28 PM",1,1,"1xÁgua com gás ","4.5",0,0,0,"4.5","3.3","Tarjeta Crédito","","Lucas",""
"18286-2","Sale","08/01/2026 12:43 PM",1,1,"1xChocolate quente 180ml","10",5,0,0,"5",0,"Efectivo","","Lucas",""
"18287-2","Sale","08/01/2026 12:49 PM",2,2,"1xCrepe suíço salgado , 1xMilkshake 400ml","24",0,0,0,"24","3","Tarjeta Crédito","","Lucas",""
"18288-2","Sale","08/01/2026 12:53 PM",1,1,"1xChurros doce de leite ","10",0,0,0,"10","2","Efectivo","","Lucas",""
"18289-2","Sale","08/01/2026 1:16 PM",1,1,"1xCasquinha ","7",2,0,0,"5","4","Efectivo","","Lucas",""
"18290-2","Sale","08/01/2026 1:23 PM",1,1,"1xCasquinha ","7",0,0,0,"7","6","Tarjeta Crédito","","Lucas",""
"18291-2","Sale","08/01/2026 1:26 PM",2,2,"1xCasquinha , 1xCopo 150ml","14",0,0,0,"14","7","Tarjeta Débito","","Lucas",""
"18292-2","Sale","08/01/2026 1:29 PM",1,1,"1xCasquinha ","7",0,0,0,"7","6","Tarjeta Débito","","Lucas",""
"18293-2","Sale","08/01/2026 1:53 PM",1,1,"1xMilkshake 300ml","11",0,0,0,"11","1","Pix","","Lucas",""
"18294-2","Sale","08/01/2026 1:56 PM",1,2,"2xCascão ","18",0,0,0,"18","15.6","Efectivo","","Lucas",""
"18295-2","Sale","08/01/2026 1:56 PM",1,1,"1xCrepe suíço salgado ","10",0,0,0,"10","2","Otros","","Lucas",""
"18296-2","Sale","08/01/2026 2:06 PM",2,2,"1xMilkshake 400ml, 1xÁgua sem gás ","18",0,0,0,"18","1","Efectivo","","Lucas",""
"18297-2","Sale","08/01/2026 2:11 PM",1,3,"3xCasquinha ","21",0,0,0,"21","18","Efectivo","","Lucas",""
"18298-2","Sale","08/01/2026 2:13 PM",1,2,"2xCasquinha ","14",0,0,0,"14","12","Tarjeta Crédito","","Lucas",""
"18299-2","Sale","08/01/2026 2:28 PM",1,2,"2xMilkshake 300ml","22",0,0,0,"22","2","Tarjeta Débito","","Lucas",""
"18300-2","Sale","08/01/2026 2:30 PM",1,1,"1xCopo 150ml","7",0,0,0,"7","1","Tarjeta Débito","","Lucas",""
"18301-2","Sale","08/01/2026 2:38 PM",1,1,"1xCascão ","9",0,0,0,"9","7.8","Tarjeta Crédito","","Lucas",""
"18302-2","Sale","08/01/2026 2:39 PM",1,1,"1xCasquinha ","7",0,0,0,"7","6","Pix","","Lucas",""
"18303-2","Sale","08/01/2026 2:43 PM",1,2,"2xCascão ","18",0,0,0,"18","15.6","Tarjeta Débito","","Lucas",""
"18304-2","Sale","08/01/2026 2:44 PM",1,1,"1xCasquinha ","7",0,0,0,"7","6","Efectivo","","Lucas",""
"18305-2","Sale","08/01/2026 2:45 PM",1,3,"3xCasquinha ","21",0,0,0,"21","18","Pix","","Lucas",""
"18306-2","Sale","08/01/2026 2:49 PM",2,2,"1xMilkshake 400ml, 1xMilkshake 500ml","30",0,0,0,"30","1","Tarjeta Débito","","Lucas",""
"18307-2","Sale","08/01/2026 2:50 PM",1,2,"2xMilkshake 300ml","22",0,0,0,"22","2","Tarjeta Crédito","","Lucas",""
"18308-2","Sale","08/01/2026 2:52 PM",1,1,"1xMilkshake 400ml","14",0,0,0,"14","1","Efectivo","","Lucas",""
"18309-2","Sale","08/01/2026 2:54 PM",1,1,"1xChurros doce de leite ","10",0,0,0,"10","2","Efectivo","","Lucas",""
"18310-2","Sale","08/01/2026 2:58 PM",2,2,"1xCopo 150ml, 1xCascão ","16",0,0,0,"16","8.8","Efectivo","","Lucas",""
"18311-2","Sale","08/01/2026 3:00 PM",1,1,"1xCasquinha ","7",0,0,0,"7","6","Pix","","Lucas",""
"18312-2","Sale","08/01/2026 3:03 PM",1,1,"1xMilkshake 500ml","16",0,0,0,"16",0,"Efectivo","","Lucas",""
"18313-2","Sale","08/01/2026 3:04 PM",1,2,"2xChurros doce de leite ","20",0,0,0,"20","4","Efectivo","","Lucas",""
"18314-2","Sale","08/01/2026 3:06 PM",1,1,"1xCasquinha ","7",0,0,0,"7","6","Tarjeta Crédito","","Lucas",""
"18315-2","Sale","08/01/2026 3:16 PM",2,3,"1xCascão , 2xMilkshake 300ml","31",0,0,0,"31","9.8","Tarjeta Débito","","Lucas",""
"18316-2","Sale","08/01/2026 3:19 PM",1,1,"1xMilkshake 500ml","16",0,0,0,"16",0,"Efectivo","","Lucas",""
"18317-2","Sale","08/01/2026 3:25 PM",1,1,"1xMilkshake 300ml","11",0,0,0,"11","1","Pix","","Lucas",""
"18318-2","Sale","08/01/2026 3:29 PM",1,1,"1xÁgua sem gás ","4",0,0,0,"4",0,"Tarjeta Crédito","","Lucas",""
"18319-2","Sale","08/01/2026 3:33 PM",1,1,"1xMilkshake 300ml","11",0,0,0,"11","1","Tarjeta Débito","","Lucas",""
"18320-2","Sale","08/01/2026 3:52 PM",2,4,"1xMilkshake 300ml, 3xCopo 150ml","32",0,0,0,"32","4","Tarjeta Débito","","Lucas",""
"18321-2","Sale","08/01/2026 3:55 PM",1,2,"2xMilkshake 300ml","22",0,0,0,"22","2","Tarjeta Débito","","Lucas",""
"18322-2","Sale","08/01/2026 3:57 PM",3,4,"2xÁgua sem gás , 1xCopo 250ml, 1xCopo 150ml","26",0,0,0,"26","2","Pix","","Lucas",""
"18323-2","Sale","08/01/2026 4:08 PM",2,3,"1xCrepe suíço salgado , 2xCascão ","28",0,0,0,"28","17.6","Efectivo","","Lucas",""
"18324-2","Sale","08/01/2026 4:09 PM",2,2,"1xÁgua sem gás , 1xChurros de chocolate ","14",0,0,0,"14","2","Pix","","Lucas",""
"18325-2","Sale","08/01/2026 4:12 PM",1,1,"1xCasquinha ","7",0,0,0,"7","6","Efectivo","","Lucas",""
"18326-2","Sale","08/01/2026 4:16 PM",1,1,"1xCascão ","9",0,0,0,"9","7.8","Tarjeta Crédito","","Lucas",""
"18327-2","Sale","08/01/2026 4:23 PM",1,5,"5xCascão ","45",0,0,0,"45","39","Tarjeta Crédito","","Lucas",""
"18328-2","Sale","08/01/2026 4:25 PM",2,2,"1xCrepe suíço salgado , 1xCascão ","19",0,0,0,"19","9.8","Otros","","Lucas",""
"18329-2","Sale","08/01/2026 4:38 PM",1,2,"2xCasquinha ","14",0,0,0,"14","12","Tarjeta Crédito","","Lucas",""
"18330-2","Sale","08/01/2026 4:38 PM",1,3,"3xCasquinha ","21",0,0,0,"21","18","Pix","","Lucas",""
"18331-2","Sale","08/01/2026 4:41 PM",1,2,"2xChurros de chocolate ","20",0,0,0,"20","4","Tarjeta Débito","","Lucas",""
"18332-2","Sale","08/01/2026 4:53 PM",1,1,"1xMilkshake 300ml","11",0,0,0,"11","1","Efectivo","","Lucas",""
"18333-2","Sale","08/01/2026 4:58 PM",1,1,"1xCopo 250ml","11",0,0,0,"11","1","Pix","","Lucas",""
"18334-2","Sale","08/01/2026 5:02 PM",1,2,"2xCascão ","18",0,0,0,"18","15.6","Efectivo","","Lucas",""
"18335-2","Sale","08/01/2026 5:09 PM",1,1,"1xMilkshake 300ml","11",0,0,0,"11","1","Tarjeta Débito","","Lucas",""
"18336-2","Sale","08/01/2026 5:12 PM",1,3,"3xCasquinha ","21",0,0,0,"21","18","Tarjeta Crédito","","Lucas",""
"18337-2","Sale","08/01/2026 5:12 PM",1,1,"1xCascão ","9",0,0,0,"9","7.8","Efectivo","","Lucas",""
"18338-2","Sale","08/01/2026 5:22 PM",1,2,"2xCascão ","18",0,0,0,"18","15.6","Tarjeta Crédito","","Lucas",""
"18339-2","Sale","08/02/2026 2:53 PM",2,2,"1xMilkshake 400ml, 1xCopo 150ml","21",0,0,0,"21","2","Tarjeta Débito","","Lucas",""
"18340-2","Sale","08/02/2026 3:09 PM",1,1,"1xMilkshake 500ml","16",0,0,0,"16",0,"Pix","","Lucas",""
"18341-2","Sale","08/02/2026 3:22 PM",1,1,"1xMilkshake 300ml","11",0,0,0,"11","1","Tarjeta Débito","","Lucas",""
"18342-2","Sale","08/02/2026 3:26 PM",1,2,"2xMilkshake 500ml","32",0,0,0,"32",0,"Otros","","Lucas",""
"18343-2","Sale","08/02/2026 3:28 PM",1,1,"1xMilkshake 500ml","16",0,0,0,"16",0,"Pix","","Lucas",""
"18345-2","Sale","08/02/2026 3:37 PM",1,3,"3xCascão ","27",0,0,0,"27","23.4","Efectivo","","Lucas",""
"18346-2","Sale","08/02/2026 3:38 PM",1,1,"1xCascão ","9",0,0,0,"9","7.8","Pix","","Lucas",""
"18347-2","Sale","08/02/2026 3:39 PM",1,1,"1xRefri 310ml","7",0,0,0,"7","1","Efectivo","","Lucas",""
"18348-2","Sale","08/02/2026 3:44 PM",1,1,"1xCascão ","9",0,0,0,"9","7.8","Efectivo","","Lucas",""
"18349-2","Sale","08/02/2026 3:53 PM",1,2,"2xCascão ","18",0,0,0,"18","15.6","Tarjeta Débito","","Lucas",""
"18350-2","Sale","08/02/2026 3:54 PM",1,2,"2xCasquinha ","14",0,0,0,"14","12","Tarjeta Crédito","","Lucas",""
"18351-2","Sale","08/02/2026 4:01 PM",3,7,"2xCascão , 1xMilkshake 300ml, 4xCasquinha ","57",0,0,0,"57","40.6","Efectivo, Efectivo, Efectivo","","Lucas",""
"18352-2","Sale","08/02/2026 4:05 PM",2,2,"1xMilkshake 500ml, 1xÁgua sem gás ","20",0,0,0,"20",0,"Efectivo","","Lucas",""
"18353-2","Sale","08/02/2026 4:07 PM",3,4,"1xCrepe suíço salgado , 2xCasquinha , 1xÁgua sem gás ","28",0,0,0,"28","14","Tarjeta Débito","","Lucas",""
"18354-2","Sale","08/02/2026 4:20 PM",1,1,"1xMilkshake 300ml","11",0,0,0,"11","1","Efectivo","","Lucas",""
"18355-2","Sale","08/02/2026 4:31 PM",2,3,"2xChurros doce de leite , 1xCrepe suíço doce","31",0,0,0,"31","7","Tarjeta Débito","","Lucas",""
"18356-2","Sale","08/02/2026 4:38 PM",3,5,"3xCasquinha , 1xChurros de chocolate , 1xCrepe suíço salgado ","41",0,0,0,"41","22","Efectivo, Tarjeta Débito","","Lucas",""
"18357-2","Sale","08/02/2026 4:47 PM",1,1,"1xChurros doce de leite ","10",0,0,0,"10","2","Tarjeta Débito","","Lucas",""
"18358-2","Sale","08/02/2026 4:51 PM",1,1,"1xCascão ","9",0,0,0,"9","7.8","Efectivo","","Lucas",""
"18359-2","Sale","08/02/2026 5:01 PM",1,1,"1xChurros doce de leite ","10",0,0,0,"10","2","Tarjeta Crédito","","Lucas",""
"18360-2","Sale","08/02/2026 5:04 PM",2,2,"1xCasquinha , 1xMilkshake 300ml","18",0,0,0,"18","7","Tarjeta Débito","","Lucas",""
"18361-2","Sale","08/02/2026 5:07 PM",2,3,"2xMilkshake 300ml, 1xMilkshake 400ml","36",0,0,0,"36","3","Tarjeta Débito","","Lucas",""
"18362-2","Sale","08/02/2026 5:09 PM",1,2,"2xCrepe suíço doce","22",0,0,0,"22","6","Tarjeta Débito","","Lucas",""
"18363-2","Sale","08/02/2026 5:13 PM",1,1,"1xÁgua sem gás ","4",0,0,0,"4",0,"Tarjeta Débito","","Lucas",""
"18364-2","Sale","08/02/2026 5:17 PM",1,2,"2xMilkshake 300ml","22",0,0,0,"22","2","Tarjeta Débito","","Lucas",""
"18365-2","Sale","08/02/2026 5:18 PM",1,1,"1xCascão ","9",0,0,0,"9","7.8","Efectivo","","Lucas",""
"18367-2","Sale","08/02/2026 5:22 PM",2,2,"1xCascão , 1xMilkshake 300ml","20",0,0,0,"20","8.8","Tarjeta Crédito","","Lucas",""
"18368-2","Sale","08/02/2026 5:23 PM",2,2,"1xCascão , 1xCasquinha ","16",0,0,0,"16","13.8","Tarjeta Crédito","","Lucas",""
"18369-2","Sale","08/02/2026 5:25 PM",1,1,"1xCascão ","9",0,0,0,"9","7.8","Efectivo","","Lucas",""
"18370-2","Sale","08/02/2026 5:27 PM",1,3,"3xCascão ","27",0,0,0,"27","23.4","Tarjeta Débito","","Lucas",""
"18371-2","Sale","08/02/2026 5:28 PM",1,1,"1xCopo 150ml","7",0,0,0,"7","1","Efectivo","","Lucas",""
"18372-2","Sale","08/02/2026 5:39 PM",1,4,"4xCrepe suíço salgado ","40",0,0,0,"40","8","Pix","","Lucas",""
"18373-2","Sale","08/02/2026 5:44 PM",2,2,"1xCrepe suíço salgado , 1xCrepe suíço doce","21",0,0,0,"21","5","Efectivo","","Lucas",""
"18374-2","Sale","08/02/2026 5:46 PM",2,3,"2xCrepe suíço salgado , 1xMilkshake 300ml","31",0,0,0,"31","5","Otros","","Lucas",""
"18375-2","Sale","08/02/2026 6:00 PM",1,4,"4xCasquinha ","28",0,0,0,"28","24","Tarjeta Débito","","Lucas",""
"18376-2","Sale","08/02/2026 6:04 PM",2,3,"2xCasquinha , 1xÁgua sem gás ","18",0,0,0,"18","12","Efectivo","","Lucas",""
"18377-2","Sale","08/02/2026 6:09 PM",1,1,"1xCasquinha ","7",0,0,0,"7","6","Efectivo","","Lucas",""
"18378-2","Sale","08/02/2026 6:27 PM",1,1,"1xCasquinha ","7",0,0,0,"7","6","Pix","","Lucas",""
"18379-2","Sale","08/02/2026 6:31 PM",2,3,"2xChurros doce de leite , 1xÁgua com gás ","24.5",0,0,0,"24.5","7.3","Tarjeta Débito","","Lucas",""
"18380-2","Sale","08/03/2026 1:59 PM",1,2,"2xMilkshake 400ml","28",0,0,0,"28","2","Efectivo","","Lucas",""
"18381-2","Sale","08/03/2026 2:36 PM",1,1,"1xÁgua com gás ","4.5",0,0,0,"4.5","3.3","Tarjeta Débito","","Lucas",""
"18382-2","Sale","08/03/2026 3:02 PM",1,1,"1xCasquinha ","7",0,0,0,"7","6","Tarjeta Crédito","","Lucas",""
"18383-2","Sale","08/03/2026 3:23 PM",1,1,"1xCasquinha ","7",0,0,0,"7","6","Tarjeta Crédito","","Lucas",""
"18384-2","Sale","08/03/2026 4:22 PM",1,1,"1xCasquinha ","7",0,0,0,"7","6","Efectivo","","Lucas",""
"18385-2","Sale","08/03/2026 4:31 PM",1,1,"1xCascão ","9",0,0,0,"9","7.8","Efectivo","","Lucas",""
"18386-2","Sale","08/03/2026 4:31 PM",1,1,"1xRefri 310ml","7",0,0,0,"7","1","Tarjeta Débito","","Lucas",""
"18387-2","Sale","08/03/2026 4:42 PM",1,1,"1xÁgua com gás ","4.5",0,0,0,"4.5","3.3","Efectivo","","Lucas",""
"18388-2","Sale","08/03/2026 4:44 PM",1,1,"1xCrepe suíço salgado ","10",0,0,0,"10","2","Efectivo","","Lucas",""
"18389-2","Sale","08/03/2026 4:54 PM",1,2,"2xCascão ","18",0,0,0,"18","15.6","Efectivo","","Lucas",""
"18390-2","Sale","08/03/2026 4:54 PM",1,3,"3xCrepe suíço salgado ","30",0,0,0,"30","6","Efectivo","","Lucas",""
"18391-2","Sale","08/03/2026 5:01 PM",1,1,"1xCascão ","9",0,0,0,"9","7.8","Efectivo","","Lucas",""
"18392-2","Sale","08/03/2026 5:02 PM",1,2,"2xCasquinha ","14",0,0,0,"14","12","Pix","","Lucas",""
"18393-2","Sale","08/03/2026 5:06 PM",1,2,"2xCascão ","18",0,0,0,"18","15.6","Pix","","Lucas",""
"18394-2","Sale","08/03/2026 5:10 PM",1,1,"1xCascão ","9",0,0,0,"9","7.8","Pix","","Lucas",""
"18395-2","Sale","08/03/2026 5:29 PM",1,1,"1xÁgua sem gás ","4",0,0,0,"4",0,"Tarjeta Débito","","Lucas",""
"18396-2","Sale","08/03/2026 5:38 PM",1,1,"1xCascão ","9",0,0,0,"9","7.8","Tarjeta Débito","","Lucas",""
"18397-2","Sale","08/03/2026 5:39 PM",1,1,"1xChurros doce de leite ","10",0,0,0,"10","2","Pix","","Lucas",""
"18398-2","Sale","08/03/2026 5:56 PM",1,1,"1xCascão ","9",0,0,0,"9","7.8","Efectivo","","Lucas",""
"18399-2","Sale","08/03/2026 5:58 PM",1,3,"3xCascão ","27",0,0,0,"27","23.4","Efectivo","","Lucas",""
"18400-2","Sale","08/03/2026 5:59 PM",1,1,"1xCasquinha ","7",0,0,0,"7","6","Efectivo","","Lucas",""
"18401-2","Sale","08/03/2026 6:02 PM",1,1,"1xCasquinha ","7",0,0,0,"7","6","Tarjeta Débito","","Lucas",""
"18402-2","Sale","08/03/2026 6:04 PM",1,1,"1xCopo 150ml","7",0,0,0,"7","1","Efectivo","","Lucas",""
"18403-2","Sale","08/03/2026 6:10 PM",1,2,"2xChurros doce de leite ","20",0,0,0,"20","4","Tarjeta Crédito","","Lucas",""
"18404-2","Sale","08/03/2026 6:11 PM",1,1,"1xCopo 250ml","11",0,0,0,"11","1","Efectivo","","Lucas",""
"18405-2","Sale","08/03/2026 6:19 PM",1,2,"2xCasquinha ","14",0,0,0,"14","12","Efectivo","","Lucas",""
"18406-2","Sale","08/03/2026 6:20 PM",1,2,"2xCasquinha ","14",0,0,0,"14","12","Pix","","Lucas",""
"18407-2","Sale","08/03/2026 6:22 PM",1,1,"1xChurros de chocolate ","10",0,0,0,"10","2","Tarjeta Débito","","Lucas",""
"18408-2","Sale","08/03/2026 6:38 PM",1,2,"2xCascão ","18",0,0,0,"18","15.6","Efectivo","","Lucas",""
"18409-2","Sale","08/03/2026 6:44 PM",1,3,"3xCrepe suíço doce","33",0,0,0,"33","9","Tarjeta Débito","","Lucas",""
"18410-2","Sale","08/03/2026 6:49 PM",1,1,"1xChurros de chocolate ","10",0,0,0,"10","2","Pix","","Lucas",""